task_id,L,Vf,rate,seed,burn,measurements_expected,output_dir,classification,exit_code,measurements_completed,S_pi,S_pi_err,average_sign,acceptance,max_sign_imag,max_observable_imag,sign_corrections,sign_recomputes,negative_signs,runtime_seconds,n_bins_used,min_update_denominator,bin_records_path,qc_flags,stderr_tail,parse_error
0,26,3.75,0.5,4226001,500,5000,raw/rigorous/task_0000_L26_V3.75_R0.5_s4226001,success,0,5000,0.03290667112055885,0.002727998592176352,0.3952,0.8705186222222222,8.808970515721047e-08,3.6636389702670034e-13,0,250,1512,2826.618470867,15,0.00012060052626183815,/home/sunxr/PfQMC-main/reproduction/driven_kitaev/results/driven_critical_rate_ratio/raw/rigorous/task_0000_L26_V3.75_R0.5_s4226001/bin_records.csv,,,
1,26,3.75,0.5,4226002,500,5000,raw/rigorous/task_0001_L26_V3.75_R0.5_s4226002,other_failure,3,,,,,,,,,,,,,,,,,
2,26,3.75,0.5,4226003,500,5000,raw/rigorous/task_0002_L26_V3.75_R0.5_s4226003,success,0,5000,0.03810838290274971,0.0031589401251359613,0.382,0.8706072740740741,1.320633197546522e-08,2.804631246918995e-13,0,250,1545,2856.976446259,15,1.5858378244582028e-05,/home/sunxr/PfQMC-main/reproduction/driven_kitaev/results/driven_critical_rate_ratio/raw/rigorous/task_0002_L26_V3.75_R0.5_s4226003/bin_records.csv,,,
3,26,3.75,0.5,4226004,500,5000,raw/rigorous/task_0003_L26_V3.75_R0.5_s4226004,success,0,5000,0.030009252920921468,0.0021292447205692464,0.4244,0.870467437037037,7.211447484302389e-08,7.823322962337574e-13,0,250,1439,2895.255383702,15,1.224938858990221e-05,/home/sunxr/PfQMC-main/reproduction/driven_kitaev/results/driven_critical_rate_ratio/raw/rigorous/task_0003_L26_V3.75_R0.5_s4226004/bin_records.csv,,,
4,26,3.75,0.5,4226005,500,5000,raw/rigorous/task_0004_L26_V3.75_R0.5_s4226005,other_failure,3,,,,,,,,,,,,,,,,,
5,26,3.75,0.5,4226006,500,5000,raw/rigorous/task_0005_L26_V3.75_R0.5_s4226006,success,0,5000,0.036832974530175096,0.0021263050795831545,0.3876,0.8705729185185185,2.3161578425369435e-08,1.1673177069124362e-13,0,250,1531,2922.985785255,15,8.760591820644592e-06,/home/sunxr/PfQMC-main/reproduction/driven_kitaev/results/driven_critical_rate_ratio/raw/rigorous/task_0005_L26_V3.75_R0.5_s4226006/bin_records.csv,,,
6,26,3.75,0.5,4226007,500,5000,raw/rigorous/task_0006_L26_V3.75_R0.5_s4226007,success,0,5000,0.03520300873590173,0.0026059031638347714,0.3884,0.8705597333333334,9.618431031665553e-09,7.779901979348608e-13,0,250,1529,2902.840626025,15,8.051819353704914e-06,/home/sunxr/PfQMC-main/reproduction/driven_kitaev/results/driven_critical_rate_ratio/raw/rigorous/task_0006_L26_V3.75_R0.5_s4226007/bin_records.csv,,,
7,26,3.75,0.5,4226008,500,5000,raw/rigorous/task_0007_L26_V3.75_R0.5_s4226008,other_failure,3,,,,,,,,,,,,,,,,,
8,26,3.75,0.5,4226009,500,5000,raw/rigorous/task_0008_L26_V3.75_R0.5_s4226009,success,0,5000,0.033009517411047594,0.0012498634777980582,0.406,0.8704664740740741,9.049633693315958e-09,1.660249668503552e-13,0,250,1485,2889.13222646,15,9.991032366984953e-06,/home/sunxr/PfQMC-main/reproduction/driven_kitaev/results/driven_critical_rate_ratio/raw/rigorous/task_0008_L26_V3.75_R0.5_s4226009/bin_records.csv,,,
9,26,3.75,0.5,4226010,500,5000,raw/rigorous/task_0009_L26_V3.75_R0.5_s4226010,success,0,5000,0.03308986656858992,0.001317991302753444,0.4008,0.870486562962963,4.5946099740026866e-08,1.0265153489437407e-13,0,250,1498,1742.986334531,15,1.7774455609131934e-05,/home/sunxr/PfQMC-main/reproduction/driven_kitaev/results/driven_critical_rate_ratio/raw/rigorous/task_0009_L26_V3.75_R0.5_s4226010/bin_records.csv,,,
10,26,3.75,0.5,4226011,500,5000,raw/rigorous/task_0010_L26_V3.75_R0.5_s4226011,other_failure,3,,,,,,,,,,,,,,,,,
11,26,3.75,0.5,4226012,500,5000,raw/rigorous/task_0011_L26_V3.75_R0.5_s4226012,success,0,5000,0.03854962674419655,0.002261711051725634,0.3868,0.8704782962962963,8.553653419389109e-09,1.3793436172824619e-13,0,250,1533,1738.990545363,15,8.604143733270675e-06,/home/sunxr/PfQMC-main/reproduction/driven_kitaev/results/driven_critical_rate_ratio/raw/rigorous/task_0011_L26_V3.75_R0.5_s4226012/bin_records.csv,,,
12,26,3.75,1.0,4226001,500,5000,raw/rigorous/task_0012_L26_V3.75_R1.0_s4226001,expected_incompatible_grid,2,,,,,,,,,,,,,,,,(Vf-V0)/(drive_rate*dt) must be an integer,
13,26,3.75,1.0,4226002,500,5000,raw/rigorous/task_0013_L26_V3.75_R1.0_s4226002,expected_incompatible_grid,2,,,,,,,,,,,,,,,,(Vf-V0)/(drive_rate*dt) must be an integer,
14,26,3.75,1.0,4226003,500,5000,raw/rigorous/task_0014_L26_V3.75_R1.0_s4226003,expected_incompatible_grid,2,,,,,,,,,,,,,,,,(Vf-V0)/(drive_rate*dt) must be an integer,
15,26,3.75,1.0,4226004,500,5000,raw/rigorous/task_0015_L26_V3.75_R1.0_s4226004,expected_incompatible_grid,2,,,,,,,,,,,,,,,,(Vf-V0)/(drive_rate*dt) must be an integer,
16,26,3.75,1.0,4226005,500,5000,raw/rigorous/task_0016_L26_V3.75_R1.0_s4226005,expected_incompatible_grid,2,,,,,,,,,,,,,,,,(Vf-V0)/(drive_rate*dt) must be an integer,
17,26,3.75,1.0,4226006,500,5000,raw/rigorous/task_0017_L26_V3.75_R1.0_s4226006,expected_incompatible_grid,2,,,,,,,,,,,,,,,,(Vf-V0)/(drive_rate*dt) must be an integer,
18,26,3.75,1.0,4226007,500,5000,raw/rigorous/task_0018_L26_V3.75_R1.0_s4226007,expected_incompatible_grid,2,,,,,,,,,,,,,,,,(Vf-V0)/(drive_rate*dt) must be an integer,
19,26,3.75,1.0,4226008,500,5000,raw/rigorous/task_0019_L26_V3.75_R1.0_s4226008,expected_incompatible_grid,2,,,,,,,,,,,,,,,,(Vf-V0)/(drive_rate*dt) must be an integer,
20,26,3.75,1.0,4226009,500,5000,raw/rigorous/task_0020_L26_V3.75_R1.0_s4226009,expected_incompatible_grid,2,,,,,,,,,,,,,,,,(Vf-V0)/(drive_rate*dt) must be an integer,
21,26,3.75,1.0,4226010,500,5000,raw/rigorous/task_0021_L26_V3.75_R1.0_s4226010,expected_incompatible_grid,2,,,,,,,,,,,,,,,,(Vf-V0)/(drive_rate*dt) must be an integer,
22,26,3.75,1.0,4226011,500,5000,raw/rigorous/task_0022_L26_V3.75_R1.0_s4226011,expected_incompatible_grid,2,,,,,,,,,,,,,,,,(Vf-V0)/(drive_rate*dt) must be an integer,
23,26,3.75,1.0,4226012,500,5000,raw/rigorous/task_0023_L26_V3.75_R1.0_s4226012,expected_incompatible_grid,2,,,,,,,,,,,,,,,,(Vf-V0)/(drive_rate*dt) must be an integer,
24,26,3.75,2.0,4226001,500,5000,raw/rigorous/task_0024_L26_V3.75_R2.0_s4226001,expected_incompatible_grid,2,,,,,,,,,,,,,,,,(Vf-V0)/(drive_rate*dt) must be an integer,
25,26,3.75,2.0,4226002,500,5000,raw/rigorous/task_0025_L26_V3.75_R2.0_s4226002,expected_incompatible_grid,2,,,,,,,,,,,,,,,,(Vf-V0)/(drive_rate*dt) must be an integer,
26,26,3.75,2.0,4226003,500,5000,raw/rigorous/task_0026_L26_V3.75_R2.0_s4226003,expected_incompatible_grid,2,,,,,,,,,,,,,,,,(Vf-V0)/(drive_rate*dt) must be an integer,
27,26,3.75,2.0,4226004,500,5000,raw/rigorous/task_0027_L26_V3.75_R2.0_s4226004,expected_incompatible_grid,2,,,,,,,,,,,,,,,,(Vf-V0)/(drive_rate*dt) must be an integer,
28,26,3.75,2.0,4226005,500,5000,raw/rigorous/task_0028_L26_V3.75_R2.0_s4226005,expected_incompatible_grid,2,,,,,,,,,,,,,,,,(Vf-V0)/(drive_rate*dt) must be an integer,
29,26,3.75,2.0,4226006,500,5000,raw/rigorous/task_0029_L26_V3.75_R2.0_s4226006,expected_incompatible_grid,2,,,,,,,,,,,,,,,,(Vf-V0)/(drive_rate*dt) must be an integer,
30,26,3.75,2.0,4226007,500,5000,raw/rigorous/task_0030_L26_V3.75_R2.0_s4226007,expected_incompatible_grid,2,,,,,,,,,,,,,,,,(Vf-V0)/(drive_rate*dt) must be an integer,
31,26,3.75,2.0,4226008,500,5000,raw/rigorous/task_0031_L26_V3.75_R2.0_s4226008,expected_incompatible_grid,2,,,,,,,,,,,,,,,,(Vf-V0)/(drive_rate*dt) must be an integer,
32,26,3.75,2.0,4226009,500,5000,raw/rigorous/task_0032_L26_V3.75_R2.0_s4226009,expected_incompatible_grid,2,,,,,,,,,,,,,,,,(Vf-V0)/(drive_rate*dt) must be an integer,
33,26,3.75,2.0,4226010,500,5000,raw/rigorous/task_0033_L26_V3.75_R2.0_s4226010,expected_incompatible_grid,2,,,,,,,,,,,,,,,,(Vf-V0)/(drive_rate*dt) must be an integer,
34,26,3.75,2.0,4226011,500,5000,raw/rigorous/task_0034_L26_V3.75_R2.0_s4226011,expected_incompatible_grid,2,,,,,,,,,,,,,,,,(Vf-V0)/(drive_rate*dt) must be an integer,
35,26,3.75,2.0,4226012,500,5000,raw/rigorous/task_0035_L26_V3.75_R2.0_s4226012,expected_incompatible_grid,2,,,,,,,,,,,,,,,,(Vf-V0)/(drive_rate*dt) must be an integer,
36,26,3.8,0.5,4226001,500,5000,raw/rigorous/task_0036_L26_V3.80_R0.5_s4226001,success,0,5000,0.0333319059911227,0.005048857188856241,0.3768,0.8688113088235294,7.284514752925323e-08,2.7036128737229143e-11,0,250,1558,2556.254502671,15,2.7172555512988694e-05,/home/sunxr/PfQMC-main/reproduction/driven_kitaev/results/driven_critical_rate_ratio/raw/rigorous/task_0036_L26_V3.80_R0.5_s4226001/bin_records.csv,,,
37,26,3.8,0.5,4226002,500,5000,raw/rigorous/task_0037_L26_V3.80_R0.5_s4226002,success,0,5000,0.03412208940364004,0.0020773709412533993,0.3856,0.8689008970588236,2.5093415722907103e-08,1.7284162889208456e-11,0,250,1536,2537.4630241,15,1.9678112622711907e-06,/home/sunxr/PfQMC-main/reproduction/driven_kitaev/results/driven_critical_rate_ratio/raw/rigorous/task_0037_L26_V3.80_R0.5_s4226002/bin_records.csv,,,
38,26,3.8,0.5,4226003,500,5000,raw/rigorous/task_0038_L26_V3.80_R0.5_s4226003,other_failure,3,,,,,,,,,,,,,,,,,
39,26,3.8,0.5,4226004,500,5000,raw/rigorous/task_0039_L26_V3.80_R0.5_s4226004,success,0,5000,0.035169433666550245,0.002102142411353735,0.3556,0.8687872794117647,9.64592307493259e-09,5.067813892822842e-13,0,250,1611,2917.582247938,15,2.928722985573451e-06,/home/sunxr/PfQMC-main/reproduction/driven_kitaev/results/driven_critical_rate_ratio/raw/rigorous/task_0039_L26_V3.80_R0.5_s4226004/bin_records.csv,,,
40,26,3.8,0.5,4226005,500,5000,raw/rigorous/task_0040_L26_V3.80_R0.5_s4226005,success,0,5000,0.036434656571452624,0.002590952553133493,0.376,0.8688810294117647,1.243316825511281e-08,2.6366485161882014e-11,0,250,1560,1758.962980057,15,4.315737936322339e-05,/home/sunxr/PfQMC-main/reproduction/driven_kitaev/results/driven_critical_rate_ratio/raw/rigorous/task_0040_L26_V3.80_R0.5_s4226005/bin_records.csv,,,
41,26,3.8,0.5,4226006,500,5000,raw/rigorous/task_0041_L26_V3.80_R0.5_s4226006,other_failure,3,,,,,,,,,,,,,,,,,
42,26,3.8,0.5,4226007,500,5000,raw/rigorous/task_0042_L26_V3.80_R0.5_s4226007,other_failure,3,,,,,,,,,,,,,,,,,
43,26,3.8,0.5,4226008,500,5000,raw/rigorous/task_0043_L26_V3.80_R0.5_s4226008,other_failure,3,,,,,,,,,,,,,,,,,
44,26,3.8,0.5,4226009,500,5000,raw/rigorous/task_0044_L26_V3.80_R0.5_s4226009,success,0,5000,0.04162519805958744,0.009486173676035872,0.3784,0.86879825,4.0167359138575414e-08,1.149833040609263e-11,0,250,1554,2951.539352991,15,7.300366309470618e-06,/home/sunxr/PfQMC-main/reproduction/driven_kitaev/results/driven_critical_rate_ratio/raw/rigorous/task_0044_L26_V3.80_R0.5_s4226009/bin_records.csv,,,
45,26,3.8,0.5,4226010,500,5000,raw/rigorous/task_0045_L26_V3.80_R0.5_s4226010,other_failure,3,,,,,,,,,,,,,,,,,
46,26,3.8,0.5,4226011,500,5000,raw/rigorous/task_0046_L26_V3.80_R0.5_s4226011,other_failure,3,,,,,,,,,,,,,,,,,
47,26,3.8,0.5,4226012,500,5000,raw/rigorous/task_0047_L26_V3.80_R0.5_s4226012,other_failure,3,,,,,,,,,,,,,,,,,
48,26,3.8,1.0,4226001,500,5000,raw/rigorous/task_0048_L26_V3.80_R1.0_s4226001,success,0,5000,0.02881141999830696,0.0007282135892466362,0.6144,0.9090981428571429,1.6030242627405685e-08,3.005930593328772e-12,0,250,964,2234.935651699,15,7.610100807320386e-05,/home/sunxr/PfQMC-main/reproduction/driven_kitaev/results/driven_critical_rate_ratio/raw/rigorous/task_0048_L26_V3.80_R1.0_s4226001/bin_records.csv,,,
49,26,3.8,1.0,4226002,500,5000,raw/rigorous/task_0049_L26_V3.80_R1.0_s4226002,success,0,5000,0.03098620291987612,0.0018570845844802166,0.6036,0.9089893265306123,1.6303627363332485e-08,2.6231495483248784e-13,0,250,991,1451.13950748,15,0.00018590654620886937,/home/sunxr/PfQMC-main/reproduction/driven_kitaev/results/driven_critical_rate_ratio/raw/rigorous/task_0049_L26_V3.80_R1.0_s4226002/bin_records.csv,,,
50,26,3.8,1.0,4226003,500,5000,raw/rigorous/task_0050_L26_V3.80_R1.0_s4226003,success,0,5000,0.0297019953354678,0.0012074300549934913,0.6068,0.9090524693877551,9.973229521665106e-09,2.689321896498326e-13,0,250,983,1467.987517818,15,3.1488559298464835e-05,/home/sunxr/PfQMC-main/reproduction/driven_kitaev/results/driven_critical_rate_ratio/raw/rigorous/task_0050_L26_V3.80_R1.0_s4226003/bin_records.csv,,,
51,26,3.8,1.0,4226004,500,5000,raw/rigorous/task_0051_L26_V3.80_R1.0_s4226004,success,0,5000,0.029134678978761104,0.0005848804045873214,0.5984,0.9090173265306123,1.3064665999585552e-08,6.501437254205284e-13,0,250,1004,1454.82358988,15,1.9139512786425783e-05,/home/sunxr/PfQMC-main/reproduction/driven_kitaev/results/driven_critical_rate_ratio/raw/rigorous/task_0051_L26_V3.80_R1.0_s4226004/bin_records.csv,,,
52,26,3.8,1.0,4226005,500,5000,raw/rigorous/task_0052_L26_V3.80_R1.0_s4226005,success,0,5000,0.029833175652479827,0.0010943513506492758,0.612,0.9090283673469388,5.4953350617312945e-09,7.284209462773424e-13,0,250,970,1454.149254349,15,8.010033286431906e-06,/home/sunxr/PfQMC-main/reproduction/driven_kitaev/results/driven_critical_rate_ratio/raw/rigorous/task_0052_L26_V3.80_R1.0_s4226005/bin_records.csv,,,
53,26,3.8,1.0,4226006,500,5000,raw/rigorous/task_0053_L26_V3.80_R1.0_s4226006,success,0,5000,0.03085070113689399,0.001027498417082022,0.5724,0.9090090408163265,4.2575097431424875e-09,5.289208698709182e-13,0,250,1069,1510.162720909,15,0.00016948557160900712,/home/sunxr/PfQMC-main/reproduction/driven_kitaev/results/driven_critical_rate_ratio/raw/rigorous/task_0053_L26_V3.80_R1.0_s4226006/bin_records.csv,,,
54,26,3.8,1.0,4226007,500,5000,raw/rigorous/task_0054_L26_V3.80_R1.0_s4226007,success,0,5000,0.029671772919509676,0.0008154439033711076,0.6052,0.9089483265306122,5.913813550415335e-09,5.621834128870571e-13,0,250,987,1515.580781725,15,3.992475954261998e-05,/home/sunxr/PfQMC-main/reproduction/driven_kitaev/results/driven_critical_rate_ratio/raw/rigorous/task_0054_L26_V3.80_R1.0_s4226007/bin_records.csv,,,
55,26,3.8,1.0,4226008,500,5000,raw/rigorous/task_0055_L26_V3.80_R1.0_s4226008,success,0,5000,0.028475152608353222,0.0013296997449696471,0.5896,0.9090453265306122,4.1533787433252505e-09,3.6581983867196246e-13,0,250,1026,1254.861220006,15,8.704226394762316e-06,/home/sunxr/PfQMC-main/reproduction/driven_kitaev/results/driven_critical_rate_ratio/raw/rigorous/task_0055_L26_V3.80_R1.0_s4226008/bin_records.csv,,,
56,26,3.8,1.0,4226009,500,5000,raw/rigorous/task_0056_L26_V3.80_R1.0_s4226009,success,0,5000,0.028941170713115996,0.0007681620252955639,0.5984,0.9089304693877551,3.6909506402160107e-09,3.2140540224324007e-13,0,250,1004,1260.452970305,15,5.749378526598292e-07,/home/sunxr/PfQMC-main/reproduction/driven_kitaev/results/driven_critical_rate_ratio/raw/rigorous/task_0056_L26_V3.80_R1.0_s4226009/bin_records.csv,,,
57,26,3.8,1.0,4226010,500,5000,raw/rigorous/task_0057_L26_V3.80_R1.0_s4226010,success,0,5000,0.03040875672703092,0.0009831816620291935,0.5944,0.9089418163265306,2.0202890586514012e-08,2.6792062183920423e-12,0,250,1014,1533.601138772,15,7.045756053591923e-06,/home/sunxr/PfQMC-main/reproduction/driven_kitaev/results/driven_critical_rate_ratio/raw/rigorous/task_0057_L26_V3.80_R1.0_s4226010/bin_records.csv,,,
58,26,3.8,1.0,4226011,500,5000,raw/rigorous/task_0058_L26_V3.80_R1.0_s4226011,other_failure,3,,,,,,,,,,,,,,,,,
59,26,3.8,1.0,4226012,500,5000,raw/rigorous/task_0059_L26_V3.80_R1.0_s4226012,success,0,5000,0.028441960377059452,0.0005105248945399028,0.6048,0.9089803673469388,6.072937643916404e-09,6.773465761681475e-13,0,250,988,1254.550280935,15,2.7366472008516496e-06,/home/sunxr/PfQMC-main/reproduction/driven_kitaev/results/driven_critical_rate_ratio/raw/rigorous/task_0059_L26_V3.80_R1.0_s4226012/bin_records.csv,,,
60,26,3.8,2.0,4226001,500,5000,raw/rigorous/task_0060_L26_V3.80_R2.0_s4226001,success,0,5000,0.024925367915324407,0.0004022911391913673,0.7676,0.9435518481012658,2.238331336310321e-09,1.1057076101917175e-10,0,250,581,1001.253000515,15,4.5838591158586794e-05,/home/sunxr/PfQMC-main/reproduction/driven_kitaev/results/driven_critical_rate_ratio/raw/rigorous/task_0060_L26_V3.80_R2.0_s4226001/bin_records.csv,,,
61,26,3.8,2.0,4226002,500,5000,raw/rigorous/task_0061_L26_V3.80_R2.0_s4226002,success,0,5000,0.02525198834318805,0.0004611349132812526,0.7704,0.9435966835443038,1.1970027121371723e-09,2.9926490595552112e-12,0,250,574,1001.278701718,15,1.0511679780167427e-05,/home/sunxr/PfQMC-main/reproduction/driven_kitaev/results/driven_critical_rate_ratio/raw/rigorous/task_0061_L26_V3.80_R2.0_s4226002/bin_records.csv,,,
62,26,3.8,2.0,4226003,500,5000,raw/rigorous/task_0062_L26_V3.80_R2.0_s4226003,success,0,5000,0.025237242260404222,0.00048655802284262894,0.7588,0.943617164556962,7.880229361236151e-10,2.634962937178028e-13,0,250,603,1279.709052224,15,0.00010492171879095125,/home/sunxr/PfQMC-main/reproduction/driven_kitaev/results/driven_critical_rate_ratio/raw/rigorous/task_0062_L26_V3.80_R2.0_s4226003/bin_records.csv,,,
63,26,3.8,2.0,4226004,500,5000,raw/rigorous/task_0063_L26_V3.80_R2.0_s4226004,success,0,5000,0.025470090531394582,0.0006287277179529329,0.7456,0.9435916455696203,3.268883888077476e-08,1.7399934033368642e-12,0,250,636,1280.36351747,15,3.0430208566301076e-06,/home/sunxr/PfQMC-main/reproduction/driven_kitaev/results/driven_critical_rate_ratio/raw/rigorous/task_0063_L26_V3.80_R2.0_s4226004/bin_records.csv,,,
64,26,3.8,2.0,4226005,500,5000,raw/rigorous/task_0064_L26_V3.80_R2.0_s4226005,success,0,5000,0.02473492847290586,0.0004165121528195564,0.7592,0.9436017215189874,2.5253238103838974e-09,3.772943421974459e-11,0,250,602,1301.271095468,15,3.606395560695752e-05,/home/sunxr/PfQMC-main/reproduction/driven_kitaev/results/driven_critical_rate_ratio/raw/rigorous/task_0064_L26_V3.80_R2.0_s4226005/bin_records.csv,,,
65,26,3.8,2.0,4226006,500,5000,raw/rigorous/task_0065_L26_V3.80_R2.0_s4226006,success,0,5000,0.024485468344355693,0.0005628127296852686,0.7788,0.9435429113924051,1.2146143960914078e-09,1.2928526328102332e-11,0,250,553,1251.663436663,15,4.100493719805254e-05,/home/sunxr/PfQMC-main/reproduction/driven_kitaev/results/driven_critical_rate_ratio/raw/rigorous/task_0065_L26_V3.80_R2.0_s4226006/bin_records.csv,,,
66,26,3.8,2.0,4226007,500,5000,raw/rigorous/task_0066_L26_V3.80_R2.0_s4226007,success,0,5000,0.02390859296774294,0.0003557146760383217,0.7832,0.9435266075949367,9.863695642653985e-10,2.981958751290927e-13,0,250,542,1660.327710747,15,6.744179609663448e-05,/home/sunxr/PfQMC-main/reproduction/driven_kitaev/results/driven_critical_rate_ratio/raw/rigorous/task_0066_L26_V3.80_R2.0_s4226007/bin_records.csv,,,
67,26,3.8,2.0,4226008,500,5000,raw/rigorous/task_0067_L26_V3.80_R2.0_s4226008,success,0,5000,0.02432640487507102,0.000499458709303752,0.772,0.943608253164557,1.0172454292585346e-09,1.0748761577044527e-12,0,250,570,1427.586272295,15,2.6110292445924443e-06,/home/sunxr/PfQMC-main/reproduction/driven_kitaev/results/driven_critical_rate_ratio/raw/rigorous/task_0067_L26_V3.80_R2.0_s4226008/bin_records.csv,,,
68,26,3.8,2.0,4226009,500,5000,raw/rigorous/task_0068_L26_V3.80_R2.0_s4226009,success,0,5000,0.02444092118749261,0.00034970343767708813,0.7712,0.9436128101265823,1.955721302085007e-09,7.076049909426255e-13,0,250,572,1158.6710212,15,4.216123448930187e-05,/home/sunxr/PfQMC-main/reproduction/driven_kitaev/results/driven_critical_rate_ratio/raw/rigorous/task_0068_L26_V3.80_R2.0_s4226009/bin_records.csv,,,
69,26,3.8,2.0,4226010,500,5000,raw/rigorous/task_0069_L26_V3.80_R2.0_s4226010,success,0,5000,0.024740981180999766,0.0008766015941165616,0.7728,0.9435672405063291,4.280147592565966e-10,4.44866538228508e-12,0,250,568,1160.032580498,15,7.229628496152607e-05,/home/sunxr/PfQMC-main/reproduction/driven_kitaev/results/driven_critical_rate_ratio/raw/rigorous/task_0069_L26_V3.80_R2.0_s4226010/bin_records.csv,,,
70,26,3.8,2.0,4226011,500,5000,raw/rigorous/task_0070_L26_V3.80_R2.0_s4226011,success,0,5000,0.024500126949077865,0.0006053852612460411,0.77,0.9436319493670886,8.069419385672821e-10,3.563980354092852e-11,0,250,575,1162.210520916,15,0.00015242838013063142,/home/sunxr/PfQMC-main/reproduction/driven_kitaev/results/driven_critical_rate_ratio/raw/rigorous/task_0070_L26_V3.80_R2.0_s4226011/bin_records.csv,,,
71,26,3.8,2.0,4226012,500,5000,raw/rigorous/task_0071_L26_V3.80_R2.0_s4226012,success,0,5000,0.02431183131096571,0.0003991393496245334,0.7564,0.943508253164557,1.5425374465050611e-09,1.8404575800869506e-12,0,250,609,1162.15747961,15,0.000376935639111009,/home/sunxr/PfQMC-main/reproduction/driven_kitaev/results/driven_critical_rate_ratio/raw/rigorous/task_0071_L26_V3.80_R2.0_s4226012/bin_records.csv,,,
72,26,3.85,0.5,4226001,500,5000,raw/rigorous/task_0072_L26_V3.85_R0.5_s4226001,other_failure,3,,,,,,,,,,,,,,,,,
73,26,3.85,0.5,4226002,500,5000,raw/rigorous/task_0073_L26_V3.85_R0.5_s4226002,other_failure,3,,,,,,,,,,,,,,,,,
74,26,3.85,0.5,4226003,500,5000,raw/rigorous/task_0074_L26_V3.85_R0.5_s4226003,other_failure,3,,,,,,,,,,,,,,,,,
75,26,3.85,0.5,4226004,500,5000,raw/rigorous/task_0075_L26_V3.85_R0.5_s4226004,other_failure,3,,,,,,,,,,,,,,,,,
76,26,3.85,0.5,4226005,500,5000,raw/rigorous/task_0076_L26_V3.85_R0.5_s4226005,other_failure,3,,,,,,,,,,,,,,,,,
77,26,3.85,0.5,4226006,500,5000,raw/rigorous/task_0077_L26_V3.85_R0.5_s4226006,success,0,5000,0.038226320876983085,0.002040518491446605,0.356,0.8670548905109489,3.3249569935061516e-08,2.636549164679625e-11,0,250,1610,2154.91233043,15,4.809364961100293e-05,/home/sunxr/PfQMC-main/reproduction/driven_kitaev/results/driven_critical_rate_ratio/raw/rigorous/task_0077_L26_V3.85_R0.5_s4226006/bin_records.csv,,,
78,26,3.85,0.5,4226007,500,5000,raw/rigorous/task_0078_L26_V3.85_R0.5_s4226007,success,0,5000,0.03999290679211351,0.007975102432038382,0.3524,0.8670987883211679,7.847633975183065e-08,2.226068313029358e-09,0,250,1619,2132.005946424,15,4.9756727996452817e-05,/home/sunxr/PfQMC-main/reproduction/driven_kitaev/results/driven_critical_rate_ratio/raw/rigorous/task_0078_L26_V3.85_R0.5_s4226007/bin_records.csv,,,
79,26,3.85,0.5,4226008,500,5000,raw/rigorous/task_0079_L26_V3.85_R0.5_s4226008,other_failure,3,,,,,,,,,,,,,,,,,
80,26,3.85,0.5,4226009,500,5000,raw/rigorous/task_0080_L26_V3.85_R0.5_s4226009,other_failure,3,,,,,,,,,,,,,,,,,
81,26,3.85,0.5,4226010,500,5000,raw/rigorous/task_0081_L26_V3.85_R0.5_s4226010,other_failure,3,,,,,,,,,,,,,,,,,
82,26,3.85,0.5,4226011,500,5000,raw/rigorous/task_0082_L26_V3.85_R0.5_s4226011,other_failure,3,,,,,,,,,,,,,,,,,
83,26,3.85,0.5,4226012,500,5000,raw/rigorous/task_0083_L26_V3.85_R0.5_s4226012,other_failure,3,,,,,,,,,,,,,,,,,
84,26,3.85,1.0,4226001,500,5000,raw/rigorous/task_0084_L26_V3.85_R1.0_s4226001,expected_incompatible_grid,2,,,,,,,,,,,,,,,,(Vf-V0)/(drive_rate*dt) must be an integer,
85,26,3.85,1.0,4226002,500,5000,raw/rigorous/task_0085_L26_V3.85_R1.0_s4226002,expected_incompatible_grid,2,,,,,,,,,,,,,,,,(Vf-V0)/(drive_rate*dt) must be an integer,
86,26,3.85,1.0,4226003,500,5000,raw/rigorous/task_0086_L26_V3.85_R1.0_s4226003,expected_incompatible_grid,2,,,,,,,,,,,,,,,,(Vf-V0)/(drive_rate*dt) must be an integer,
87,26,3.85,1.0,4226004,500,5000,raw/rigorous/task_0087_L26_V3.85_R1.0_s4226004,expected_incompatible_grid,2,,,,,,,,,,,,,,,,(Vf-V0)/(drive_rate*dt) must be an integer,
88,26,3.85,1.0,4226005,500,5000,raw/rigorous/task_0088_L26_V3.85_R1.0_s4226005,expected_incompatible_grid,2,,,,,,,,,,,,,,,,(Vf-V0)/(drive_rate*dt) must be an integer,
89,26,3.85,1.0,4226006,500,5000,raw/rigorous/task_0089_L26_V3.85_R1.0_s4226006,expected_incompatible_grid,2,,,,,,,,,,,,,,,,(Vf-V0)/(drive_rate*dt) must be an integer,
90,26,3.85,1.0,4226007,500,5000,raw/rigorous/task_0090_L26_V3.85_R1.0_s4226007,expected_incompatible_grid,2,,,,,,,,,,,,,,,,(Vf-V0)/(drive_rate*dt) must be an integer,
91,26,3.85,1.0,4226008,500,5000,raw/rigorous/task_0091_L26_V3.85_R1.0_s4226008,expected_incompatible_grid,2,,,,,,,,,,,,,,,,(Vf-V0)/(drive_rate*dt) must be an integer,
92,26,3.85,1.0,4226009,500,5000,raw/rigorous/task_0092_L26_V3.85_R1.0_s4226009,expected_incompatible_grid,2,,,,,,,,,,,,,,,,(Vf-V0)/(drive_rate*dt) must be an integer,
93,26,3.85,1.0,4226010,500,5000,raw/rigorous/task_0093_L26_V3.85_R1.0_s4226010,expected_incompatible_grid,2,,,,,,,,,,,,,,,,(Vf-V0)/(drive_rate*dt) must be an integer,
94,26,3.85,1.0,4226011,500,5000,raw/rigorous/task_0094_L26_V3.85_R1.0_s4226011,expected_incompatible_grid,2,,,,,,,,,,,,,,,,(Vf-V0)/(drive_rate*dt) must be an integer,
95,26,3.85,1.0,4226012,500,5000,raw/rigorous/task_0095_L26_V3.85_R1.0_s4226012,expected_incompatible_grid,2,,,,,,,,,,,,,,,,(Vf-V0)/(drive_rate*dt) must be an integer,
96,26,3.85,2.0,4226001,500,5000,raw/rigorous/task_0096_L26_V3.85_R2.0_s4226001,expected_incompatible_grid,2,,,,,,,,,,,,,,,,(Vf-V0)/(drive_rate*dt) must be an integer,
97,26,3.85,2.0,4226002,500,5000,raw/rigorous/task_0097_L26_V3.85_R2.0_s4226002,expected_incompatible_grid,2,,,,,,,,,,,,,,,,(Vf-V0)/(drive_rate*dt) must be an integer,
98,26,3.85,2.0,4226003,500,5000,raw/rigorous/task_0098_L26_V3.85_R2.0_s4226003,expected_incompatible_grid,2,,,,,,,,,,,,,,,,(Vf-V0)/(drive_rate*dt) must be an integer,
99,26,3.85,2.0,4226004,500,5000,raw/rigorous/task_0099_L26_V3.85_R2.0_s4226004,expected_incompatible_grid,2,,,,,,,,,,,,,,,,(Vf-V0)/(drive_rate*dt) must be an integer,
100,26,3.85,2.0,4226005,500,5000,raw/rigorous/task_0100_L26_V3.85_R2.0_s4226005,expected_incompatible_grid,2,,,,,,,,,,,,,,,,(Vf-V0)/(drive_rate*dt) must be an integer,
101,26,3.85,2.0,4226006,500,5000,raw/rigorous/task_0101_L26_V3.85_R2.0_s4226006,expected_incompatible_grid,2,,,,,,,,,,,,,,,,(Vf-V0)/(drive_rate*dt) must be an integer,
102,26,3.85,2.0,4226007,500,5000,raw/rigorous/task_0102_L26_V3.85_R2.0_s4226007,expected_incompatible_grid,2,,,,,,,,,,,,,,,,(Vf-V0)/(drive_rate*dt) must be an integer,
103,26,3.85,2.0,4226008,500,5000,raw/rigorous/task_0103_L26_V3.85_R2.0_s4226008,expected_incompatible_grid,2,,,,,,,,,,,,,,,,(Vf-V0)/(drive_rate*dt) must be an integer,
104,26,3.85,2.0,4226009,500,5000,raw/rigorous/task_0104_L26_V3.85_R2.0_s4226009,expected_incompatible_grid,2,,,,,,,,,,,,,,,,(Vf-V0)/(drive_rate*dt) must be an integer,
105,26,3.85,2.0,4226010,500,5000,raw/rigorous/task_0105_L26_V3.85_R2.0_s4226010,expected_incompatible_grid,2,,,,,,,,,,,,,,,,(Vf-V0)/(drive_rate*dt) must be an integer,
106,26,3.85,2.0,4226011,500,5000,raw/rigorous/task_0106_L26_V3.85_R2.0_s4226011,expected_incompatible_grid,2,,,,,,,,,,,,,,,,(Vf-V0)/(drive_rate*dt) must be an integer,
107,26,3.85,2.0,4226012,500,5000,raw/rigorous/task_0107_L26_V3.85_R2.0_s4226012,expected_incompatible_grid,2,,,,,,,,,,,,,,,,(Vf-V0)/(drive_rate*dt) must be an integer,
108,26,3.9,0.5,4226001,500,5000,raw/rigorous/task_0108_L26_V3.90_R0.5_s4226001,other_failure,3,,,,,,,,,,,,,,,,,
109,26,3.9,0.5,4226002,500,5000,raw/rigorous/task_0109_L26_V3.90_R0.5_s4226002,success,0,5000,0.034736138709575703,0.003333645066848949,0.3172,0.8654342753623189,1.7889187254686104e-08,5.460444299286889e-12,0,250,1707,3018.999726093,15,3.79347375665251e-05,/home/sunxr/PfQMC-main/reproduction/driven_kitaev/results/driven_critical_rate_ratio/raw/rigorous/task_0109_L26_V3.90_R0.5_s4226002/bin_records.csv,,,
110,26,3.9,0.5,4226003,500,5000,raw/rigorous/task_0110_L26_V3.90_R0.5_s4226003,other_failure,3,,,,,,,,,,,,,,,,,
111,26,3.9,0.5,4226004,500,5000,raw/rigorous/task_0111_L26_V3.90_R0.5_s4226004,success,0,5000,0.04121713333617919,0.006041054208479226,0.3256,0.8653679130434783,5.189054745757535e-08,5.797063917119424e-12,0,250,1686,2539.193340439,15,2.091603595977265e-05,/home/sunxr/PfQMC-main/reproduction/driven_kitaev/results/driven_critical_rate_ratio/raw/rigorous/task_0111_L26_V3.90_R0.5_s4226004/bin_records.csv,,,
112,26,3.9,0.5,4226005,500,5000,raw/rigorous/task_0112_L26_V3.90_R0.5_s4226005,success,0,5000,0.03511585779767789,0.0025331734623069975,0.3516,0.8653567971014493,7.431340879953818e-08,1.7340957451320536e-11,0,250,1621,1781.430412994,15,3.3304381976240194e-05,/home/sunxr/PfQMC-main/reproduction/driven_kitaev/results/driven_critical_rate_ratio/raw/rigorous/task_0112_L26_V3.90_R0.5_s4226005/bin_records.csv,,,
113,26,3.9,0.5,4226006,500,5000,raw/rigorous/task_0113_L26_V3.90_R0.5_s4226006,other_failure,3,,,,,,,,,,,,,,,,,
114,26,3.9,0.5,4226007,500,5000,raw/rigorous/task_0114_L26_V3.90_R0.5_s4226007,other_failure,3,,,,,,,,,,,,,,,,,
115,26,3.9,0.5,4226008,500,5000,raw/rigorous/task_0115_L26_V3.90_R0.5_s4226008,other_failure,3,,,,,,,,,,,,,,,,,
116,26,3.9,0.5,4226009,500,5000,raw/rigorous/task_0116_L26_V3.90_R0.5_s4226009,other_failure,3,,,,,,,,,,,,,,,,,
117,26,3.9,0.5,4226010,500,5000,raw/rigorous/task_0117_L26_V3.90_R0.5_s4226010,other_failure,3,,,,,,,,,,,,,,,,,
118,26,3.9,0.5,4226011,500,5000,raw/rigorous/task_0118_L26_V3.90_R0.5_s4226011,success,0,5000,0.03617165996435512,0.003271992409823337,0.3368,0.8654401594202898,8.473580650408615e-08,1.8815285796243277e-12,0,250,1658,2046.009380008,15,4.740280146542375e-05,/home/sunxr/PfQMC-main/reproduction/driven_kitaev/results/driven_critical_rate_ratio/raw/rigorous/task_0118_L26_V3.90_R0.5_s4226011/bin_records.csv,,,
119,26,3.9,0.5,4226012,500,5000,raw/rigorous/task_0119_L26_V3.90_R0.5_s4226012,other_failure,3,,,,,,,,,,,,,,,,,
120,26,3.9,1.0,4226001,500,5000,raw/rigorous/task_0120_L26_V3.90_R1.0_s4226001,other_failure,3,,,,,,,,,,,,,,,,,
121,26,3.9,1.0,4226002,500,5000,raw/rigorous/task_0121_L26_V3.90_R1.0_s4226002,success,0,5000,0.03135753663166686,0.002455517778960004,0.5816,0.9062782424242424,3.0438716048033363e-09,1.5830751392106874e-11,0,250,1046,1460.110597679,15,5.576569339793558e-05,/home/sunxr/PfQMC-main/reproduction/driven_kitaev/results/driven_critical_rate_ratio/raw/rigorous/task_0121_L26_V3.90_R1.0_s4226002/bin_records.csv,,,
122,26,3.9,1.0,4226003,500,5000,raw/rigorous/task_0122_L26_V3.90_R1.0_s4226003,other_failure,3,,,,,,,,,,,,,,,,,
123,26,3.9,1.0,4226004,500,5000,raw/rigorous/task_0123_L26_V3.90_R1.0_s4226004,success,0,5000,0.030228465664880525,0.001488767290156929,0.5704,0.9061754141414141,1.2889817553887926e-08,1.7343371857043666e-12,0,250,1074,1522.810920604,15,4.1917992441797836e-05,/home/sunxr/PfQMC-main/reproduction/driven_kitaev/results/driven_critical_rate_ratio/raw/rigorous/task_0123_L26_V3.90_R1.0_s4226004/bin_records.csv,,,
124,26,3.9,1.0,4226005,500,5000,raw/rigorous/task_0124_L26_V3.90_R1.0_s4226005,success,0,5000,0.0296665701223585,0.0014940238088844097,0.5708,0.9062373131313132,6.111472204067019e-09,1.7534145138124103e-11,0,250,1073,1475.079774499,15,7.77102221549697e-05,/home/sunxr/PfQMC-main/reproduction/driven_kitaev/results/driven_critical_rate_ratio/raw/rigorous/task_0124_L26_V3.90_R1.0_s4226005/bin_records.csv,,,
125,26,3.9,1.0,4226006,500,5000,raw/rigorous/task_0125_L26_V3.90_R1.0_s4226006,success,0,5000,0.029490093722802094,0.0009978500954652635,0.5656,0.9062289292929293,2.1830712729757857e-08,2.8658431322115608e-11,0,250,1086,1467.548482958,15,6.803352148976316e-06,/home/sunxr/PfQMC-main/reproduction/driven_kitaev/results/driven_critical_rate_ratio/raw/rigorous/task_0125_L26_V3.90_R1.0_s4226006/bin_records.csv,,,
126,26,3.9,1.0,4226007,500,5000,raw/rigorous/task_0126_L26_V3.90_R1.0_s4226007,success,0,5000,0.03363138750745516,0.0010525815904536356,0.5592,0.9061951717171717,1.3373655702206192e-08,9.55180020863078e-12,0,250,1102,1539.610955622,15,4.353421271918734e-06,/home/sunxr/PfQMC-main/reproduction/driven_kitaev/results/driven_critical_rate_ratio/raw/rigorous/task_0126_L26_V3.90_R1.0_s4226007/bin_records.csv,,,
127,26,3.9,1.0,4226008,500,5000,raw/rigorous/task_0127_L26_V3.90_R1.0_s4226008,success,0,5000,0.03223835888608085,0.0014734838276220783,0.5284,0.9061994545454546,5.62683578251151e-09,2.0153050591188728e-12,0,250,1179,1552.705267489,15,8.653099757927052e-05,/home/sunxr/PfQMC-main/reproduction/driven_kitaev/results/driven_critical_rate_ratio/raw/rigorous/task_0127_L26_V3.90_R1.0_s4226008/bin_records.csv,,,
128,26,3.9,1.0,4226009,500,5000,raw/rigorous/task_0128_L26_V3.90_R1.0_s4226009,other_failure,3,,,,,,,,,,,,,,,,,
129,26,3.9,1.0,4226010,500,5000,raw/rigorous/task_0129_L26_V3.90_R1.0_s4226010,success,0,5000,0.03312005955269189,0.0011247632249007681,0.5696,0.9062033131313131,3.831892358483582e-08,3.729542921632766e-12,0,250,1076,1555.488761075,15,7.883810843489769e-06,/home/sunxr/PfQMC-main/reproduction/driven_kitaev/results/driven_critical_rate_ratio/raw/rigorous/task_0129_L26_V3.90_R1.0_s4226010/bin_records.csv,,,
130,26,3.9,1.0,4226011,500,5000,raw/rigorous/task_0130_L26_V3.90_R1.0_s4226011,success,0,5000,0.029553452895438558,0.001838345938686186,0.5668,0.9061727070707071,1.273510807576245e-08,4.045492957306235e-09,0,250,1083,1528.757686268,15,2.874175345835006e-05,/home/sunxr/PfQMC-main/reproduction/driven_kitaev/results/driven_critical_rate_ratio/raw/rigorous/task_0130_L26_V3.90_R1.0_s4226011/bin_records.csv,,,
131,26,3.9,1.0,4226012,500,5000,raw/rigorous/task_0131_L26_V3.90_R1.0_s4226012,success,0,5000,0.030321819275452574,0.001024997583550333,0.5684,0.9061683434343434,9.059929744440671e-09,1.702633854650658e-11,0,250,1079,1546.94512668,15,2.1365310794774217e-05,/home/sunxr/PfQMC-main/reproduction/driven_kitaev/results/driven_critical_rate_ratio/raw/rigorous/task_0131_L26_V3.90_R1.0_s4226012/bin_records.csv,,,
132,26,3.9,2.0,4226001,500,5000,raw/rigorous/task_0132_L26_V3.90_R2.0_s4226001,expected_incompatible_grid,2,,,,,,,,,,,,,,,,(Vf-V0)/(drive_rate*dt) must be an integer,
133,26,3.9,2.0,4226002,500,5000,raw/rigorous/task_0133_L26_V3.90_R2.0_s4226002,expected_incompatible_grid,2,,,,,,,,,,,,,,,,(Vf-V0)/(drive_rate*dt) must be an integer,
134,26,3.9,2.0,4226003,500,5000,raw/rigorous/task_0134_L26_V3.90_R2.0_s4226003,expected_incompatible_grid,2,,,,,,,,,,,,,,,,(Vf-V0)/(drive_rate*dt) must be an integer,
135,26,3.9,2.0,4226004,500,5000,raw/rigorous/task_0135_L26_V3.90_R2.0_s4226004,expected_incompatible_grid,2,,,,,,,,,,,,,,,,(Vf-V0)/(drive_rate*dt) must be an integer,
136,26,3.9,2.0,4226005,500,5000,raw/rigorous/task_0136_L26_V3.90_R2.0_s4226005,expected_incompatible_grid,2,,,,,,,,,,,,,,,,(Vf-V0)/(drive_rate*dt) must be an integer,
137,26,3.9,2.0,4226006,500,5000,raw/rigorous/task_0137_L26_V3.90_R2.0_s4226006,expected_incompatible_grid,2,,,,,,,,,,,,,,,,(Vf-V0)/(drive_rate*dt) must be an integer,
138,26,3.9,2.0,4226007,500,5000,raw/rigorous/task_0138_L26_V3.90_R2.0_s4226007,expected_incompatible_grid,2,,,,,,,,,,,,,,,,(Vf-V0)/(drive_rate*dt) must be an integer,
139,26,3.9,2.0,4226008,500,5000,raw/rigorous/task_0139_L26_V3.90_R2.0_s4226008,expected_incompatible_grid,2,,,,,,,,,,,,,,,,(Vf-V0)/(drive_rate*dt) must be an integer,
140,26,3.9,2.0,4226009,500,5000,raw/rigorous/task_0140_L26_V3.90_R2.0_s4226009,expected_incompatible_grid,2,,,,,,,,,,,,,,,,(Vf-V0)/(drive_rate*dt) must be an integer,
141,26,3.9,2.0,4226010,500,5000,raw/rigorous/task_0141_L26_V3.90_R2.0_s4226010,expected_incompatible_grid,2,,,,,,,,,,,,,,,,(Vf-V0)/(drive_rate*dt) must be an integer,
142,26,3.9,2.0,4226011,500,5000,raw/rigorous/task_0142_L26_V3.90_R2.0_s4226011,expected_incompatible_grid,2,,,,,,,,,,,,,,,,(Vf-V0)/(drive_rate*dt) must be an integer,
143,26,3.9,2.0,4226012,500,5000,raw/rigorous/task_0143_L26_V3.90_R2.0_s4226012,expected_incompatible_grid,2,,,,,,,,,,,,,,,,(Vf-V0)/(drive_rate*dt) must be an integer,
144,26,3.95,0.5,4226001,500,5000,raw/rigorous/task_0144_L26_V3.95_R0.5_s4226001,other_failure,3,,,,,,,,,,,,,,,,,
145,26,3.95,0.5,4226002,500,5000,raw/rigorous/task_0145_L26_V3.95_R0.5_s4226002,success,0,5000,0.032858719084002376,0.0031617819914259767,0.2836,0.8638423309352518,3.856447334047798e-08,7.616549148853709e-12,0,250,1791,2953.817259355,15,1.1817884818077218e-05,/home/sunxr/PfQMC-main/reproduction/driven_kitaev/results/driven_critical_rate_ratio/raw/rigorous/task_0145_L26_V3.95_R0.5_s4226002/bin_records.csv,,,
146,26,3.95,0.5,4226003,500,5000,raw/rigorous/task_0146_L26_V3.95_R0.5_s4226003,success,0,5000,0.04352411246537521,0.0060474194613146,0.2956,0.8637386043165468,3.8388561701956634e-08,1.0528853629946725e-11,0,250,1761,2977.459430532,15,1.251416032366226e-05,/home/sunxr/PfQMC-main/reproduction/driven_kitaev/results/driven_critical_rate_ratio/raw/rigorous/task_0146_L26_V3.95_R0.5_s4226003/bin_records.csv,,,
147,26,3.95,0.5,4226004,500,5000,raw/rigorous/task_0147_L26_V3.95_R0.5_s4226004,other_failure,3,,,,,,,,,,,,,,,,,
148,26,3.95,0.5,4226005,500,5000,raw/rigorous/task_0148_L26_V3.95_R0.5_s4226005,success,0,5000,0.039305957539368774,0.0031715252008604586,0.3364,0.863781582733813,5.502408531811819e-08,2.1300123945704398e-10,0,250,1659,2948.113942178,15,2.2098845738227624e-05,/home/sunxr/PfQMC-main/reproduction/driven_kitaev/results/driven_critical_rate_ratio/raw/rigorous/task_0148_L26_V3.95_R0.5_s4226005/bin_records.csv,,,
149,26,3.95,0.5,4226006,500,5000,raw/rigorous/task_0149_L26_V3.95_R0.5_s4226006,other_failure,3,,,,,,,,,,,,,,,,,
150,26,3.95,0.5,4226007,500,5000,raw/rigorous/task_0150_L26_V3.95_R0.5_s4226007,other_failure,3,,,,,,,,,,,,,,,,,
151,26,3.95,0.5,4226008,500,5000,raw/rigorous/task_0151_L26_V3.95_R0.5_s4226008,success,0,5000,0.033373739678155226,0.003973402306972293,0.3036,0.863686964028777,7.265423504882887e-08,2.0140616833027928e-10,0,250,1741,2935.062222138,15,6.746716847638723e-06,/home/sunxr/PfQMC-main/reproduction/driven_kitaev/results/driven_critical_rate_ratio/raw/rigorous/task_0151_L26_V3.95_R0.5_s4226008/bin_records.csv,,,
152,26,3.95,0.5,4226009,500,5000,raw/rigorous/task_0152_L26_V3.95_R0.5_s4226009,other_failure,3,,,,,,,,,,,,,,,,,
153,26,3.95,0.5,4226010,500,5000,raw/rigorous/task_0153_L26_V3.95_R0.5_s4226010,success,0,5000,0.040319627719943504,0.0028794367123192856,0.304,0.8636408776978417,4.8669673802334056e-08,2.942200087090573e-10,0,250,1740,2937.87802239,15,9.765328021771329e-07,/home/sunxr/PfQMC-main/reproduction/driven_kitaev/results/driven_critical_rate_ratio/raw/rigorous/task_0153_L26_V3.95_R0.5_s4226010/bin_records.csv,,,
154,26,3.95,0.5,4226011,500,5000,raw/rigorous/task_0154_L26_V3.95_R0.5_s4226011,success,0,5000,0.0424241233807699,0.0036981431155255094,0.298,0.8637122302158273,6.541106383852576e-08,8.290663552243856e-12,0,250,1755,2923.745992947,15,1.1205311879924906e-05,/home/sunxr/PfQMC-main/reproduction/driven_kitaev/results/driven_critical_rate_ratio/raw/rigorous/task_0154_L26_V3.95_R0.5_s4226011/bin_records.csv,,,
155,26,3.95,0.5,4226012,500,5000,raw/rigorous/task_0155_L26_V3.95_R0.5_s4226012,success,0,5000,0.03845858521233705,0.004609650659602497,0.328,0.8636753237410072,3.335453160387345e-08,4.6407010182221335e-10,0,250,1680,2973.597934634,15,3.520993156591601e-06,/home/sunxr/PfQMC-main/reproduction/driven_kitaev/results/driven_critical_rate_ratio/raw/rigorous/task_0155_L26_V3.95_R0.5_s4226012/bin_records.csv,,,
156,26,3.95,1.0,4226001,500,5000,raw/rigorous/task_0156_L26_V3.95_R1.0_s4226001,expected_incompatible_grid,2,,,,,,,,,,,,,,,,(Vf-V0)/(drive_rate*dt) must be an integer,
157,26,3.95,1.0,4226002,500,5000,raw/rigorous/task_0157_L26_V3.95_R1.0_s4226002,expected_incompatible_grid,2,,,,,,,,,,,,,,,,(Vf-V0)/(drive_rate*dt) must be an integer,
158,26,3.95,1.0,4226003,500,5000,raw/rigorous/task_0158_L26_V3.95_R1.0_s4226003,expected_incompatible_grid,2,,,,,,,,,,,,,,,,(Vf-V0)/(drive_rate*dt) must be an integer,
159,26,3.95,1.0,4226004,500,5000,raw/rigorous/task_0159_L26_V3.95_R1.0_s4226004,expected_incompatible_grid,2,,,,,,,,,,,,,,,,(Vf-V0)/(drive_rate*dt) must be an integer,
160,26,3.95,1.0,4226005,500,5000,raw/rigorous/task_0160_L26_V3.95_R1.0_s4226005,expected_incompatible_grid,2,,,,,,,,,,,,,,,,(Vf-V0)/(drive_rate*dt) must be an integer,
161,26,3.95,1.0,4226006,500,5000,raw/rigorous/task_0161_L26_V3.95_R1.0_s4226006,expected_incompatible_grid,2,,,,,,,,,,,,,,,,(Vf-V0)/(drive_rate*dt) must be an integer,
162,26,3.95,1.0,4226007,500,5000,raw/rigorous/task_0162_L26_V3.95_R1.0_s4226007,expected_incompatible_grid,2,,,,,,,,,,,,,,,,(Vf-V0)/(drive_rate*dt) must be an integer,
163,26,3.95,1.0,4226008,500,5000,raw/rigorous/task_0163_L26_V3.95_R1.0_s4226008,expected_incompatible_grid,2,,,,,,,,,,,,,,,,(Vf-V0)/(drive_rate*dt) must be an integer,
164,26,3.95,1.0,4226009,500,5000,raw/rigorous/task_0164_L26_V3.95_R1.0_s4226009,expected_incompatible_grid,2,,,,,,,,,,,,,,,,(Vf-V0)/(drive_rate*dt) must be an integer,
165,26,3.95,1.0,4226010,500,5000,raw/rigorous/task_0165_L26_V3.95_R1.0_s4226010,expected_incompatible_grid,2,,,,,,,,,,,,,,,,(Vf-V0)/(drive_rate*dt) must be an integer,
166,26,3.95,1.0,4226011,500,5000,raw/rigorous/task_0166_L26_V3.95_R1.0_s4226011,expected_incompatible_grid,2,,,,,,,,,,,,,,,,(Vf-V0)/(drive_rate*dt) must be an integer,
167,26,3.95,1.0,4226012,500,5000,raw/rigorous/task_0167_L26_V3.95_R1.0_s4226012,expected_incompatible_grid,2,,,,,,,,,,,,,,,,(Vf-V0)/(drive_rate*dt) must be an integer,
168,26,3.95,2.0,4226001,500,5000,raw/rigorous/task_0168_L26_V3.95_R2.0_s4226001,expected_incompatible_grid,2,,,,,,,,,,,,,,,,(Vf-V0)/(drive_rate*dt) must be an integer,
169,26,3.95,2.0,4226002,500,5000,raw/rigorous/task_0169_L26_V3.95_R2.0_s4226002,expected_incompatible_grid,2,,,,,,,,,,,,,,,,(Vf-V0)/(drive_rate*dt) must be an integer,
170,26,3.95,2.0,4226003,500,5000,raw/rigorous/task_0170_L26_V3.95_R2.0_s4226003,expected_incompatible_grid,2,,,,,,,,,,,,,,,,(Vf-V0)/(drive_rate*dt) must be an integer,
171,26,3.95,2.0,4226004,500,5000,raw/rigorous/task_0171_L26_V3.95_R2.0_s4226004,expected_incompatible_grid,2,,,,,,,,,,,,,,,,(Vf-V0)/(drive_rate*dt) must be an integer,
172,26,3.95,2.0,4226005,500,5000,raw/rigorous/task_0172_L26_V3.95_R2.0_s4226005,expected_incompatible_grid,2,,,,,,,,,,,,,,,,(Vf-V0)/(drive_rate*dt) must be an integer,
173,26,3.95,2.0,4226006,500,5000,raw/rigorous/task_0173_L26_V3.95_R2.0_s4226006,expected_incompatible_grid,2,,,,,,,,,,,,,,,,(Vf-V0)/(drive_rate*dt) must be an integer,
174,26,3.95,2.0,4226007,500,5000,raw/rigorous/task_0174_L26_V3.95_R2.0_s4226007,expected_incompatible_grid,2,,,,,,,,,,,,,,,,(Vf-V0)/(drive_rate*dt) must be an integer,
175,26,3.95,2.0,4226008,500,5000,raw/rigorous/task_0175_L26_V3.95_R2.0_s4226008,expected_incompatible_grid,2,,,,,,,,,,,,,,,,(Vf-V0)/(drive_rate*dt) must be an integer,
176,26,3.95,2.0,4226009,500,5000,raw/rigorous/task_0176_L26_V3.95_R2.0_s4226009,expected_incompatible_grid,2,,,,,,,,,,,,,,,,(Vf-V0)/(drive_rate*dt) must be an integer,
177,26,3.95,2.0,4226010,500,5000,raw/rigorous/task_0177_L26_V3.95_R2.0_s4226010,expected_incompatible_grid,2,,,,,,,,,,,,,,,,(Vf-V0)/(drive_rate*dt) must be an integer,
178,26,3.95,2.0,4226011,500,5000,raw/rigorous/task_0178_L26_V3.95_R2.0_s4226011,expected_incompatible_grid,2,,,,,,,,,,,,,,,,(Vf-V0)/(drive_rate*dt) must be an integer,
179,26,3.95,2.0,4226012,500,5000,raw/rigorous/task_0179_L26_V3.95_R2.0_s4226012,expected_incompatible_grid,2,,,,,,,,,,,,,,,,(Vf-V0)/(drive_rate*dt) must be an integer,
180,26,4.0,0.5,4226001,500,5000,raw/rigorous/task_0180_L26_V4.00_R0.5_s4226001,success,0,5000,0.04013074300488703,0.0027351989328056655,0.2928,0.8619707428571428,4.296355966737209e-08,9.004499561562887e-13,0,250,1768,2618.787514246,15,4.383857269973923e-05,/home/sunxr/PfQMC-main/reproduction/driven_kitaev/results/driven_critical_rate_ratio/raw/rigorous/task_0180_L26_V4.00_R0.5_s4226001/bin_records.csv,,,
181,26,4.0,0.5,4226002,500,5000,raw/rigorous/task_0181_L26_V4.00_R0.5_s4226002,other_failure,3,,,,,,,,,,,,,,,,,
182,26,4.0,0.5,4226003,500,5000,raw/rigorous/task_0182_L26_V4.00_R0.5_s4226003,other_failure,3,,,,,,,,,,,,,,,,,
183,26,4.0,0.5,4226004,500,5000,raw/rigorous/task_0183_L26_V4.00_R0.5_s4226004,other_failure,3,,,,,,,,,,,,,,,,,
184,26,4.0,0.5,4226005,500,5000,raw/rigorous/task_0184_L26_V4.00_R0.5_s4226005,other_failure,3,,,,,,,,,,,,,,,,,
185,26,4.0,0.5,4226006,500,5000,raw/rigorous/task_0185_L26_V4.00_R0.5_s4226006,other_failure,3,,,,,,,,,,,,,,,,,
186,26,4.0,0.5,4226007,500,5000,raw/rigorous/task_0186_L26_V4.00_R0.5_s4226007,success,0,5000,0.029162496235113564,0.008742542630312928,0.2856,0.8620491428571428,5.19851477339787e-08,2.849117918537408e-12,0,250,1786,3019.30276746,15,7.171899768287915e-06,/home/sunxr/PfQMC-main/reproduction/driven_kitaev/results/driven_critical_rate_ratio/raw/rigorous/task_0186_L26_V4.00_R0.5_s4226007/bin_records.csv,,,
187,26,4.0,0.5,4226008,500,5000,raw/rigorous/task_0187_L26_V4.00_R0.5_s4226008,other_failure,3,,,,,,,,,,,,,,,,,
188,26,4.0,0.5,4226009,500,5000,raw/rigorous/task_0188_L26_V4.00_R0.5_s4226009,other_failure,3,,,,,,,,,,,,,,,,,
189,26,4.0,0.5,4226010,500,5000,raw/rigorous/task_0189_L26_V4.00_R0.5_s4226010,success,0,5000,0.04152145396053958,0.0034729935716419687,0.2868,0.8620279428571429,4.7825380345205216e-08,4.0803405719182303e-13,0,250,1783,3262.627181675,15,1.8212007972362443e-05,/home/sunxr/PfQMC-main/reproduction/driven_kitaev/results/driven_critical_rate_ratio/raw/rigorous/task_0189_L26_V4.00_R0.5_s4226010/bin_records.csv,,,
190,26,4.0,0.5,4226011,500,5000,raw/rigorous/task_0190_L26_V4.00_R0.5_s4226011,success,0,5000,0.046684860848412016,0.004282377238376101,0.2668,0.8620602142857143,5.920132482582405e-08,3.9092280830381335e-13,0,250,1833,3249.925842666,15,2.8041039291659686e-06,/home/sunxr/PfQMC-main/reproduction/driven_kitaev/results/driven_critical_rate_ratio/raw/rigorous/task_0190_L26_V4.00_R0.5_s4226011/bin_records.csv,,,
191,26,4.0,0.5,4226012,500,5000,raw/rigorous/task_0191_L26_V4.00_R0.5_s4226012,other_failure,3,,,,,,,,,,,,,,,,,
192,26,4.0,1.0,4226001,500,5000,raw/rigorous/task_0192_L26_V4.00_R1.0_s4226001,other_failure,3,,,,,,,,,,,,,,,,,
193,26,4.0,1.0,4226002,500,5000,raw/rigorous/task_0193_L26_V4.00_R1.0_s4226002,success,0,5000,0.03344663625055758,0.0017815228245891257,0.524,0.90357544,4.646959214705753e-09,3.2870547112795557e-13,0,250,1190,2130.592722562,15,4.794662467322297e-05,/home/sunxr/PfQMC-main/reproduction/driven_kitaev/results/driven_critical_rate_ratio/raw/rigorous/task_0193_L26_V4.00_R1.0_s4226002/bin_records.csv,,,
194,26,4.0,1.0,4226003,500,5000,raw/rigorous/task_0194_L26_V4.00_R1.0_s4226003,success,0,5000,0.03246669473957989,0.0023024878987660297,0.5164,0.9034915,1.2598305744035699e-08,3.33083380269301e-13,0,250,1209,2139.837554579,15,7.153003731885654e-05,/home/sunxr/PfQMC-main/reproduction/driven_kitaev/results/driven_critical_rate_ratio/raw/rigorous/task_0194_L26_V4.00_R1.0_s4226003/bin_records.csv,,,
195,26,4.0,1.0,4226004,500,5000,raw/rigorous/task_0195_L26_V4.00_R1.0_s4226004,success,0,5000,0.03160895626173094,0.0010077380922702659,0.5252,0.90343462,4.563181170200094e-09,4.122694939150034e-13,0,250,1187,2135.716437593,15,2.1744149378499777e-05,/home/sunxr/PfQMC-main/reproduction/driven_kitaev/results/driven_critical_rate_ratio/raw/rigorous/task_0195_L26_V4.00_R1.0_s4226004/bin_records.csv,,,
196,26,4.0,1.0,4226005,500,5000,raw/rigorous/task_0196_L26_V4.00_R1.0_s4226005,success,0,5000,0.030628020793430123,0.001858037257923345,0.5428,0.90346596,3.442654524901141e-08,6.104534471949321e-13,0,250,1143,2060.374455936,15,9.501407961010067e-05,/home/sunxr/PfQMC-main/reproduction/driven_kitaev/results/driven_critical_rate_ratio/raw/rigorous/task_0196_L26_V4.00_R1.0_s4226005/bin_records.csv,,,
197,26,4.0,1.0,4226006,500,5000,raw/rigorous/task_0197_L26_V4.00_R1.0_s4226006,success,0,5000,0.03314577121851141,0.0010656126299164797,0.5368,0.90347046,6.53992530216711e-09,2.2092382780187248e-12,0,250,1158,2052.789497412,15,5.926854068472043e-05,/home/sunxr/PfQMC-main/reproduction/driven_kitaev/results/driven_critical_rate_ratio/raw/rigorous/task_0197_L26_V4.00_R1.0_s4226006/bin_records.csv,,,
198,26,4.0,1.0,4226007,500,5000,raw/rigorous/task_0198_L26_V4.00_R1.0_s4226007,success,0,5000,0.030290685909064908,0.0013010600345167514,0.5112,0.9034531,2.3862868478565255e-08,7.09948732682146e-14,0,250,1222,2106.36158272,15,1.9868993300753424e-05,/home/sunxr/PfQMC-main/reproduction/driven_kitaev/results/driven_critical_rate_ratio/raw/rigorous/task_0198_L26_V4.00_R1.0_s4226007/bin_records.csv,,,
199,26,4.0,1.0,4226008,500,5000,raw/rigorous/task_0199_L26_V4.00_R1.0_s4226008,success,0,5000,0.030850991693426186,0.0030510827152460725,0.5,0.90341368,6.709632109910381e-08,2.3400036305821733e-13,0,250,1250,2070.990290611,15,2.455777698928685e-05,/home/sunxr/PfQMC-main/reproduction/driven_kitaev/results/driven_critical_rate_ratio/raw/rigorous/task_0199_L26_V4.00_R1.0_s4226008/bin_records.csv,,,
200,26,4.0,1.0,4226009,500,5000,raw/rigorous/task_0200_L26_V4.00_R1.0_s4226009,other_failure,3,,,,,,,,,,,,,,,,,
201,26,4.0,1.0,4226010,500,5000,raw/rigorous/task_0201_L26_V4.00_R1.0_s4226010,success,0,5000,0.03232337784165458,0.001767605882335823,0.5284,0.90345218,1.8794145882819377e-08,5.165785276939349e-13,0,250,1179,2039.898969209,15,1.461329231111641e-05,/home/sunxr/PfQMC-main/reproduction/driven_kitaev/results/driven_critical_rate_ratio/raw/rigorous/task_0201_L26_V4.00_R1.0_s4226010/bin_records.csv,,,
202,26,4.0,1.0,4226011,500,5000,raw/rigorous/task_0202_L26_V4.00_R1.0_s4226011,success,0,5000,0.03390132170475712,0.0017725683165732984,0.5076,0.90348628,1.7197600820523653e-08,2.1365462281137034e-12,0,250,1231,2086.246867471,15,1.546424900444876e-05,/home/sunxr/PfQMC-main/reproduction/driven_kitaev/results/driven_critical_rate_ratio/raw/rigorous/task_0202_L26_V4.00_R1.0_s4226011/bin_records.csv,,,
203,26,4.0,1.0,4226012,500,5000,raw/rigorous/task_0203_L26_V4.00_R1.0_s4226012,success,0,5000,0.03453744036292445,0.0017289703537302955,0.5148,0.9034483,6.392066151981866e-09,1.7324356406893535e-13,0,250,1213,2154.691333922,15,0.00013945111662694298,/home/sunxr/PfQMC-main/reproduction/driven_kitaev/results/driven_critical_rate_ratio/raw/rigorous/task_0203_L26_V4.00_R1.0_s4226012/bin_records.csv,,,
204,26,4.0,2.0,4226001,500,5000,raw/rigorous/task_0204_L26_V4.00_R2.0_s4226001,success,0,5000,0.027338684458292885,0.0009445329408808748,0.716,0.939773375,2.391720742591862e-09,2.541138749416298e-13,0,250,710,1010.828228136,15,4.149149738896796e-06,/home/sunxr/PfQMC-main/reproduction/driven_kitaev/results/driven_critical_rate_ratio/raw/rigorous/task_0204_L26_V4.00_R2.0_s4226001/bin_records.csv,,,
205,26,4.0,2.0,4226002,500,5000,raw/rigorous/task_0205_L26_V4.00_R2.0_s4226002,success,0,5000,0.026536659295452906,0.00044987793037248224,0.7532,0.93968275,2.6416625861088947e-09,3.169538824394484e-14,0,250,617,1015.164473293,15,0.00015332530556921853,/home/sunxr/PfQMC-main/reproduction/driven_kitaev/results/driven_critical_rate_ratio/raw/rigorous/task_0205_L26_V4.00_R2.0_s4226002/bin_records.csv,,,
206,26,4.0,2.0,4226003,500,5000,raw/rigorous/task_0206_L26_V4.00_R2.0_s4226003,success,0,5000,0.026339082904876847,0.000725556971519469,0.716,0.9397259,4.590514489685831e-09,4.8054836746072245e-14,0,250,710,1760.592701564,15,0.00019126537661584564,/home/sunxr/PfQMC-main/reproduction/driven_kitaev/results/driven_critical_rate_ratio/raw/rigorous/task_0206_L26_V4.00_R2.0_s4226003/bin_records.csv,,,
207,26,4.0,2.0,4226004,500,5000,raw/rigorous/task_0207_L26_V4.00_R2.0_s4226004,success,0,5000,0.027110119935182038,0.0005504263029298507,0.7152,0.939717475,8.329061734540309e-10,1.469849997751486e-14,0,250,712,1331.272925292,15,0.00012706535372730698,/home/sunxr/PfQMC-main/reproduction/driven_kitaev/results/driven_critical_rate_ratio/raw/rigorous/task_0207_L26_V4.00_R2.0_s4226004/bin_records.csv,,,
208,26,4.0,2.0,4226005,500,5000,raw/rigorous/task_0208_L26_V4.00_R2.0_s4226005,success,0,5000,0.026760288942125586,0.0004387736251662254,0.7088,0.9396931,3.4671098879262902e-09,6.129105304677667e-14,0,250,728,1174.174227963,15,5.962951745741574e-05,/home/sunxr/PfQMC-main/reproduction/driven_kitaev/results/driven_critical_rate_ratio/raw/rigorous/task_0208_L26_V4.00_R2.0_s4226005/bin_records.csv,,,
209,26,4.0,2.0,4226006,500,5000,raw/rigorous/task_0209_L26_V4.00_R2.0_s4226006,success,0,5000,0.027366424014849716,0.0006893277407144198,0.7056,0.93968245,5.921694601945514e-09,3.8273178319914676e-14,0,250,736,1171.751410743,15,4.131832048170914e-06,/home/sunxr/PfQMC-main/reproduction/driven_kitaev/results/driven_critical_rate_ratio/raw/rigorous/task_0209_L26_V4.00_R2.0_s4226006/bin_records.csv,,,
210,26,4.0,2.0,4226007,500,5000,raw/rigorous/task_0210_L26_V4.00_R2.0_s4226007,success,0,5000,0.027899899270524258,0.0011983717186919984,0.7092,0.93974685,7.849507903612384e-10,4.0186378029801733e-13,0,250,727,1208.510216297,15,2.560834447473681e-05,/home/sunxr/PfQMC-main/reproduction/driven_kitaev/results/driven_critical_rate_ratio/raw/rigorous/task_0210_L26_V4.00_R2.0_s4226007/bin_records.csv,,,
211,26,4.0,2.0,4226008,500,5000,raw/rigorous/task_0211_L26_V4.00_R2.0_s4226008,success,0,5000,0.02654170828759232,0.0006575312509781562,0.7148,0.9397267,1.8923100549104556e-09,7.439870885440436e-13,0,250,713,1226.325940938,15,0.00014824807109714566,/home/sunxr/PfQMC-main/reproduction/driven_kitaev/results/driven_critical_rate_ratio/raw/rigorous/task_0211_L26_V4.00_R2.0_s4226008/bin_records.csv,,,
212,26,4.0,2.0,4226009,500,5000,raw/rigorous/task_0212_L26_V4.00_R2.0_s4226009,success,0,5000,0.02674776547370918,0.00045753543361554285,0.7112,0.939806225,2.3570569575306697e-09,5.5703614586308755e-14,0,250,722,1009.819846093,15,3.952633745485379e-05,/home/sunxr/PfQMC-main/reproduction/driven_kitaev/results/driven_critical_rate_ratio/raw/rigorous/task_0212_L26_V4.00_R2.0_s4226009/bin_records.csv,,,
213,26,4.0,2.0,4226010,500,5000,raw/rigorous/task_0213_L26_V4.00_R2.0_s4226010,success,0,5000,0.027141376155300958,0.0006472659847999095,0.704,0.93962895,7.4029033024239154e-09,9.294504100613353e-14,0,250,740,1015.04350634,15,1.1108505269641356e-05,/home/sunxr/PfQMC-main/reproduction/driven_kitaev/results/driven_critical_rate_ratio/raw/rigorous/task_0213_L26_V4.00_R2.0_s4226010/bin_records.csv,,,
214,26,4.0,2.0,4226011,500,5000,raw/rigorous/task_0214_L26_V4.00_R2.0_s4226011,success,0,5000,0.027041387430275926,0.0006913580717993614,0.7132,0.9397174,7.078593573396871e-09,1.5324005284063457e-13,0,250,717,1009.207678895,15,4.3949662862585726e-05,/home/sunxr/PfQMC-main/reproduction/driven_kitaev/results/driven_critical_rate_ratio/raw/rigorous/task_0214_L26_V4.00_R2.0_s4226011/bin_records.csv,,,
215,26,4.0,2.0,4226012,500,5000,raw/rigorous/task_0215_L26_V4.00_R2.0_s4226012,success,0,5000,0.026702078727206438,0.001067174158694502,0.7136,0.939714225,8.294578891631275e-10,1.1156811494679934e-13,0,250,716,1011.401171363,15,5.154016913688775e-05,/home/sunxr/PfQMC-main/reproduction/driven_kitaev/results/driven_critical_rate_ratio/raw/rigorous/task_0215_L26_V4.00_R2.0_s4226012/bin_records.csv,,,
216,26,4.05,0.5,4226001,500,5000,raw/rigorous/task_0216_L26_V4.05_R0.5_s4226001,other_failure,3,,,,,,,,,,,,,,,,,
217,26,4.05,0.5,4226002,500,5000,raw/rigorous/task_0217_L26_V4.05_R0.5_s4226002,success,0,5000,0.04401159747518804,0.007445830958380898,0.2628,0.8604105248226951,5.911298835983788e-08,4.4932352084068656e-12,0,250,1843,2342.471656276,15,1.2801076370028142e-06,/home/sunxr/PfQMC-main/reproduction/driven_kitaev/results/driven_critical_rate_ratio/raw/rigorous/task_0217_L26_V4.05_R0.5_s4226002/bin_records.csv,,,
218,26,4.05,0.5,4226003,500,5000,raw/rigorous/task_0218_L26_V4.05_R0.5_s4226003,success,0,5000,0.04650549967485977,0.003952185141690429,0.2688,0.8603993333333333,4.532253132786962e-08,7.555247968557493e-12,0,250,1828,2307.655254749,15,4.636136890379117e-05,/home/sunxr/PfQMC-main/reproduction/driven_kitaev/results/driven_critical_rate_ratio/raw/rigorous/task_0218_L26_V4.05_R0.5_s4226003/bin_records.csv,,,
219,26,4.05,0.5,4226004,500,5000,raw/rigorous/task_0219_L26_V4.05_R0.5_s4226004,success,0,5000,0.06057327503669196,0.00977772414662689,0.2664,0.8603256312056737,3.234449234311613e-08,5.4502227116042866e-11,0,250,1834,2297.594822698,15,3.9799750550018054e-05,/home/sunxr/PfQMC-main/reproduction/driven_kitaev/results/driven_critical_rate_ratio/raw/rigorous/task_0219_L26_V4.05_R0.5_s4226004/bin_records.csv,,,
220,26,4.05,0.5,4226005,500,5000,raw/rigorous/task_0220_L26_V4.05_R0.5_s4226005,other_failure,3,,,,,,,,,,,,,,,,,
221,26,4.05,0.5,4226006,500,5000,raw/rigorous/task_0221_L26_V4.05_R0.5_s4226006,other_failure,3,,,,,,,,,,,,,,,,,
222,26,4.05,0.5,4226007,500,5000,raw/rigorous/task_0222_L26_V4.05_R0.5_s4226007,other_failure,3,,,,,,,,,,,,,,,,,
223,26,4.05,0.5,4226008,500,5000,raw/rigorous/task_0223_L26_V4.05_R0.5_s4226008,other_failure,3,,,,,,,,,,,,,,,,,
224,26,4.05,0.5,4226009,500,5000,raw/rigorous/task_0224_L26_V4.05_R0.5_s4226009,success,0,5000,0.03816588290341993,0.0037983313502660365,0.2708,0.8602605815602837,2.216088763665333e-08,1.8372933355718053e-10,0,250,1823,2123.686723335,15,3.3534621914688145e-05,/home/sunxr/PfQMC-main/reproduction/driven_kitaev/results/driven_critical_rate_ratio/raw/rigorous/task_0224_L26_V4.05_R0.5_s4226009/bin_records.csv,,,
225,26,4.05,0.5,4226010,500,5000,raw/rigorous/task_0225_L26_V4.05_R0.5_s4226010,other_failure,3,,,,,,,,,,,,,,,,,
226,26,4.05,0.5,4226011,500,5000,raw/rigorous/task_0226_L26_V4.05_R0.5_s4226011,success,0,5000,0.042063042070420865,0.005905222751751753,0.2724,0.8603482978723405,9.232830479948001e-08,1.3854729383381829e-11,0,250,1819,1819.986457942,15,5.645695712486187e-06,/home/sunxr/PfQMC-main/reproduction/driven_kitaev/results/driven_critical_rate_ratio/raw/rigorous/task_0226_L26_V4.05_R0.5_s4226011/bin_records.csv,,,
227,26,4.05,0.5,4226012,500,5000,raw/rigorous/task_0227_L26_V4.05_R0.5_s4226012,success,0,5000,0.0515583543656533,0.009532451375689296,0.2828,0.8603389503546099,8.070742009882251e-08,3.162743382748769e-11,0,250,1793,2117.187346789,15,3.733768832558937e-06,/home/sunxr/PfQMC-main/reproduction/driven_kitaev/results/driven_critical_rate_ratio/raw/rigorous/task_0227_L26_V4.05_R0.5_s4226012/bin_records.csv,,,
228,26,4.05,1.0,4226001,500,5000,raw/rigorous/task_0228_L26_V4.05_R1.0_s4226001,expected_incompatible_grid,2,,,,,,,,,,,,,,,,(Vf-V0)/(drive_rate*dt) must be an integer,
229,26,4.05,1.0,4226002,500,5000,raw/rigorous/task_0229_L26_V4.05_R1.0_s4226002,expected_incompatible_grid,2,,,,,,,,,,,,,,,,(Vf-V0)/(drive_rate*dt) must be an integer,
230,26,4.05,1.0,4226003,500,5000,raw/rigorous/task_0230_L26_V4.05_R1.0_s4226003,expected_incompatible_grid,2,,,,,,,,,,,,,,,,(Vf-V0)/(drive_rate*dt) must be an integer,
231,26,4.05,1.0,4226004,500,5000,raw/rigorous/task_0231_L26_V4.05_R1.0_s4226004,expected_incompatible_grid,2,,,,,,,,,,,,,,,,(Vf-V0)/(drive_rate*dt) must be an integer,
232,26,4.05,1.0,4226005,500,5000,raw/rigorous/task_0232_L26_V4.05_R1.0_s4226005,expected_incompatible_grid,2,,,,,,,,,,,,,,,,(Vf-V0)/(drive_rate*dt) must be an integer,
233,26,4.05,1.0,4226006,500,5000,raw/rigorous/task_0233_L26_V4.05_R1.0_s4226006,expected_incompatible_grid,2,,,,,,,,,,,,,,,,(Vf-V0)/(drive_rate*dt) must be an integer,
234,26,4.05,1.0,4226007,500,5000,raw/rigorous/task_0234_L26_V4.05_R1.0_s4226007,expected_incompatible_grid,2,,,,,,,,,,,,,,,,(Vf-V0)/(drive_rate*dt) must be an integer,
235,26,4.05,1.0,4226008,500,5000,raw/rigorous/task_0235_L26_V4.05_R1.0_s4226008,expected_incompatible_grid,2,,,,,,,,,,,,,,,,(Vf-V0)/(drive_rate*dt) must be an integer,
236,26,4.05,1.0,4226009,500,5000,raw/rigorous/task_0236_L26_V4.05_R1.0_s4226009,expected_incompatible_grid,2,,,,,,,,,,,,,,,,(Vf-V0)/(drive_rate*dt) must be an integer,
237,26,4.05,1.0,4226010,500,5000,raw/rigorous/task_0237_L26_V4.05_R1.0_s4226010,expected_incompatible_grid,2,,,,,,,,,,,,,,,,(Vf-V0)/(drive_rate*dt) must be an integer,
238,26,4.05,1.0,4226011,500,5000,raw/rigorous/task_0238_L26_V4.05_R1.0_s4226011,expected_incompatible_grid,2,,,,,,,,,,,,,,,,(Vf-V0)/(drive_rate*dt) must be an integer,
239,26,4.05,1.0,4226012,500,5000,raw/rigorous/task_0239_L26_V4.05_R1.0_s4226012,expected_incompatible_grid,2,,,,,,,,,,,,,,,,(Vf-V0)/(drive_rate*dt) must be an integer,
240,26,4.05,2.0,4226001,500,5000,raw/rigorous/task_0240_L26_V4.05_R2.0_s4226001,expected_incompatible_grid,2,,,,,,,,,,,,,,,,(Vf-V0)/(drive_rate*dt) must be an integer,
241,26,4.05,2.0,4226002,500,5000,raw/rigorous/task_0241_L26_V4.05_R2.0_s4226002,expected_incompatible_grid,2,,,,,,,,,,,,,,,,(Vf-V0)/(drive_rate*dt) must be an integer,
242,26,4.05,2.0,4226003,500,5000,raw/rigorous/task_0242_L26_V4.05_R2.0_s4226003,expected_incompatible_grid,2,,,,,,,,,,,,,,,,(Vf-V0)/(drive_rate*dt) must be an integer,
243,26,4.05,2.0,4226004,500,5000,raw/rigorous/task_0243_L26_V4.05_R2.0_s4226004,expected_incompatible_grid,2,,,,,,,,,,,,,,,,(Vf-V0)/(drive_rate*dt) must be an integer,
244,26,4.05,2.0,4226005,500,5000,raw/rigorous/task_0244_L26_V4.05_R2.0_s4226005,expected_incompatible_grid,2,,,,,,,,,,,,,,,,(Vf-V0)/(drive_rate*dt) must be an integer,
245,26,4.05,2.0,4226006,500,5000,raw/rigorous/task_0245_L26_V4.05_R2.0_s4226006,expected_incompatible_grid,2,,,,,,,,,,,,,,,,(Vf-V0)/(drive_rate*dt) must be an integer,
246,26,4.05,2.0,4226007,500,5000,raw/rigorous/task_0246_L26_V4.05_R2.0_s4226007,expected_incompatible_grid,2,,,,,,,,,,,,,,,,(Vf-V0)/(drive_rate*dt) must be an integer,
247,26,4.05,2.0,4226008,500,5000,raw/rigorous/task_0247_L26_V4.05_R2.0_s4226008,expected_incompatible_grid,2,,,,,,,,,,,,,,,,(Vf-V0)/(drive_rate*dt) must be an integer,
248,26,4.05,2.0,4226009,500,5000,raw/rigorous/task_0248_L26_V4.05_R2.0_s4226009,expected_incompatible_grid,2,,,,,,,,,,,,,,,,(Vf-V0)/(drive_rate*dt) must be an integer,
249,26,4.05,2.0,4226010,500,5000,raw/rigorous/task_0249_L26_V4.05_R2.0_s4226010,expected_incompatible_grid,2,,,,,,,,,,,,,,,,(Vf-V0)/(drive_rate*dt) must be an integer,
250,26,4.05,2.0,4226011,500,5000,raw/rigorous/task_0250_L26_V4.05_R2.0_s4226011,expected_incompatible_grid,2,,,,,,,,,,,,,,,,(Vf-V0)/(drive_rate*dt) must be an integer,
251,26,4.05,2.0,4226012,500,5000,raw/rigorous/task_0251_L26_V4.05_R2.0_s4226012,expected_incompatible_grid,2,,,,,,,,,,,,,,,,(Vf-V0)/(drive_rate*dt) must be an integer,
252,26,4.1,0.5,4226001,500,5000,raw/rigorous/task_0252_L26_V4.10_R0.5_s4226001,success,0,5000,0.03934271392643345,0.004175313559677612,0.2796,0.8586741126760563,2.6326513313314342e-08,6.165913288651593e-11,0,250,1801,2245.328072157,15,1.5471758423313275e-05,/home/sunxr/PfQMC-main/reproduction/driven_kitaev/results/driven_critical_rate_ratio/raw/rigorous/task_0252_L26_V4.10_R0.5_s4226001/bin_records.csv,,,
253,26,4.1,0.5,4226002,500,5000,raw/rigorous/task_0253_L26_V4.10_R0.5_s4226002,success,0,5000,0.032015681207727194,0.005400031637565064,0.2376,0.858732971830986,1.3509434651512812e-08,9.739807667728991e-11,0,250,1906,2242.758418057,15,6.175487580195593e-06,/home/sunxr/PfQMC-main/reproduction/driven_kitaev/results/driven_critical_rate_ratio/raw/rigorous/task_0253_L26_V4.10_R0.5_s4226002/bin_records.csv,,,
254,26,4.1,0.5,4226003,500,5000,raw/rigorous/task_0254_L26_V4.10_R0.5_s4226003,success,0,5000,0.03865130701909972,0.004562357195794663,0.2572,0.8587031549295775,5.410732800076139e-08,6.230285519470321e-11,0,250,1857,2263.258559109,15,2.2127048860398624e-05,/home/sunxr/PfQMC-main/reproduction/driven_kitaev/results/driven_critical_rate_ratio/raw/rigorous/task_0254_L26_V4.10_R0.5_s4226003/bin_records.csv,,,
255,26,4.1,0.5,4226004,500,5000,raw/rigorous/task_0255_L26_V4.10_R0.5_s4226004,other_failure,3,,,,,,,,,,,,,,,,,
256,26,4.1,0.5,4226005,500,5000,raw/rigorous/task_0256_L26_V4.10_R0.5_s4226005,other_failure,3,,,,,,,,,,,,,,,,,
257,26,4.1,0.5,4226006,500,5000,raw/rigorous/task_0257_L26_V4.10_R0.5_s4226006,other_failure,3,,,,,,,,,,,,,,,,,
258,26,4.1,0.5,4226007,500,5000,raw/rigorous/task_0258_L26_V4.10_R0.5_s4226007,success,0,5000,0.0420435492069056,0.004311337784621843,0.26,0.8587271549295775,7.764532920149272e-08,6.361794936036908e-10,0,250,1850,2131.222251189,15,1.4536985070368047e-05,/home/sunxr/PfQMC-main/reproduction/driven_kitaev/results/driven_critical_rate_ratio/raw/rigorous/task_0258_L26_V4.10_R0.5_s4226007/bin_records.csv,,,
259,26,4.1,0.5,4226008,500,5000,raw/rigorous/task_0259_L26_V4.10_R0.5_s4226008,other_failure,3,,,,,,,,,,,,,,,,,
260,26,4.1,0.5,4226009,500,5000,raw/rigorous/task_0260_L26_V4.10_R0.5_s4226009,other_failure,3,,,,,,,,,,,,,,,,,
261,26,4.1,0.5,4226010,500,5000,raw/rigorous/task_0261_L26_V4.10_R0.5_s4226010,other_failure,3,,,,,,,,,,,,,,,,,
262,26,4.1,0.5,4226011,500,5000,raw/rigorous/task_0262_L26_V4.10_R0.5_s4226011,other_failure,3,,,,,,,,,,,,,,,,,
263,26,4.1,0.5,4226012,500,5000,raw/rigorous/task_0263_L26_V4.10_R0.5_s4226012,other_failure,3,,,,,,,,,,,,,,,,,
264,26,4.1,1.0,4226001,500,5000,raw/rigorous/task_0264_L26_V4.10_R1.0_s4226001,success,0,5000,0.035002654766502155,0.0015236156170698888,0.4936,0.9007118613861386,5.811875770878186e-08,4.246566292408302e-11,0,250,1266,1574.08399313,15,6.148325900490192e-05,/home/sunxr/PfQMC-main/reproduction/driven_kitaev/results/driven_critical_rate_ratio/raw/rigorous/task_0264_L26_V4.10_R1.0_s4226001/bin_records.csv,,,
265,26,4.1,1.0,4226002,500,5000,raw/rigorous/task_0265_L26_V4.10_R1.0_s4226002,success,0,5000,0.03698143730610374,0.0047088329660847335,0.4876,0.9007143564356436,2.8963431419396854e-08,1.5558073302031376e-11,0,250,1281,1583.731972807,15,1.0566070757667134e-05,/home/sunxr/PfQMC-main/reproduction/driven_kitaev/results/driven_critical_rate_ratio/raw/rigorous/task_0265_L26_V4.10_R1.0_s4226002/bin_records.csv,,,
266,26,4.1,1.0,4226003,500,5000,raw/rigorous/task_0266_L26_V4.10_R1.0_s4226003,success,0,5000,0.034533058251026906,0.002134086327754284,0.4908,0.9006652475247525,3.552449835642023e-08,3.9092947652435883e-11,0,250,1273,1533.4319137,15,5.313463964351506e-05,/home/sunxr/PfQMC-main/reproduction/driven_kitaev/results/driven_critical_rate_ratio/raw/rigorous/task_0266_L26_V4.10_R1.0_s4226003/bin_records.csv,,,
267,26,4.1,1.0,4226004,500,5000,raw/rigorous/task_0267_L26_V4.10_R1.0_s4226004,success,0,5000,0.03916094771355558,0.0024746203812983218,0.4968,0.9007214851485148,3.5878025625239764e-09,6.573674115408412e-13,0,250,1258,1584.415118036,15,1.1290842358624431e-05,/home/sunxr/PfQMC-main/reproduction/driven_kitaev/results/driven_critical_rate_ratio/raw/rigorous/task_0267_L26_V4.10_R1.0_s4226004/bin_records.csv,,,
268,26,4.1,1.0,4226005,500,5000,raw/rigorous/task_0268_L26_V4.10_R1.0_s4226005,success,0,5000,0.035995201085442574,0.0033263987008991572,0.5056,0.9006749108910891,1.4954425155378075e-08,6.894773109879421e-12,0,250,1236,1574.368142947,15,6.7308998014326e-05,/home/sunxr/PfQMC-main/reproduction/driven_kitaev/results/driven_critical_rate_ratio/raw/rigorous/task_0268_L26_V4.10_R1.0_s4226005/bin_records.csv,,,
269,26,4.1,1.0,4226006,500,5000,raw/rigorous/task_0269_L26_V4.10_R1.0_s4226006,success,0,5000,0.03329483764345789,0.001223320207035434,0.5004,0.9007287524752475,8.272141974644068e-08,2.1263871399754747e-12,0,250,1249,1287.773041208,15,6.912731417074713e-05,/home/sunxr/PfQMC-main/reproduction/driven_kitaev/results/driven_critical_rate_ratio/raw/rigorous/task_0269_L26_V4.10_R1.0_s4226006/bin_records.csv,,,
270,26,4.1,1.0,4226007,500,5000,raw/rigorous/task_0270_L26_V4.10_R1.0_s4226007,other_failure,3,,,,,,,,,,,,,,,,,
271,26,4.1,1.0,4226008,500,5000,raw/rigorous/task_0271_L26_V4.10_R1.0_s4226008,success,0,5000,0.03472379968889817,0.0018442872735894103,0.5132,0.9006627326732674,2.866909495167219e-08,1.9574905702844714e-11,0,250,1217,1290.874028552,15,4.391984501173063e-05,/home/sunxr/PfQMC-main/reproduction/driven_kitaev/results/driven_critical_rate_ratio/raw/rigorous/task_0271_L26_V4.10_R1.0_s4226008/bin_records.csv,,,
272,26,4.1,1.0,4226009,500,5000,raw/rigorous/task_0272_L26_V4.10_R1.0_s4226009,other_failure,3,,,,,,,,,,,,,,,,,
273,26,4.1,1.0,4226010,500,5000,raw/rigorous/task_0273_L26_V4.10_R1.0_s4226010,other_failure,3,,,,,,,,,,,,,,,,,
274,26,4.1,1.0,4226011,500,5000,raw/rigorous/task_0274_L26_V4.10_R1.0_s4226011,success,0,5000,0.032948438063321414,0.002031279985110274,0.488,0.9007020792079208,3.564013849637049e-08,4.869207941826439e-12,0,250,1280,1292.13832923,15,8.01925603988174e-06,/home/sunxr/PfQMC-main/reproduction/driven_kitaev/results/driven_critical_rate_ratio/raw/rigorous/task_0274_L26_V4.10_R1.0_s4226011/bin_records.csv,,,
275,26,4.1,1.0,4226012,500,5000,raw/rigorous/task_0275_L26_V4.10_R1.0_s4226012,other_failure,3,,,,,,,,,,,,,,,,,
276,26,4.1,2.0,4226001,500,5000,raw/rigorous/task_0276_L26_V4.10_R2.0_s4226001,expected_incompatible_grid,2,,,,,,,,,,,,,,,,(Vf-V0)/(drive_rate*dt) must be an integer,
277,26,4.1,2.0,4226002,500,5000,raw/rigorous/task_0277_L26_V4.10_R2.0_s4226002,expected_incompatible_grid,2,,,,,,,,,,,,,,,,(Vf-V0)/(drive_rate*dt) must be an integer,
278,26,4.1,2.0,4226003,500,5000,raw/rigorous/task_0278_L26_V4.10_R2.0_s4226003,expected_incompatible_grid,2,,,,,,,,,,,,,,,,(Vf-V0)/(drive_rate*dt) must be an integer,
279,26,4.1,2.0,4226004,500,5000,raw/rigorous/task_0279_L26_V4.10_R2.0_s4226004,expected_incompatible_grid,2,,,,,,,,,,,,,,,,(Vf-V0)/(drive_rate*dt) must be an integer,
280,26,4.1,2.0,4226005,500,5000,raw/rigorous/task_0280_L26_V4.10_R2.0_s4226005,expected_incompatible_grid,2,,,,,,,,,,,,,,,,(Vf-V0)/(drive_rate*dt) must be an integer,
281,26,4.1,2.0,4226006,500,5000,raw/rigorous/task_0281_L26_V4.10_R2.0_s4226006,expected_incompatible_grid,2,,,,,,,,,,,,,,,,(Vf-V0)/(drive_rate*dt) must be an integer,
282,26,4.1,2.0,4226007,500,5000,raw/rigorous/task_0282_L26_V4.10_R2.0_s4226007,expected_incompatible_grid,2,,,,,,,,,,,,,,,,(Vf-V0)/(drive_rate*dt) must be an integer,
283,26,4.1,2.0,4226008,500,5000,raw/rigorous/task_0283_L26_V4.10_R2.0_s4226008,expected_incompatible_grid,2,,,,,,,,,,,,,,,,(Vf-V0)/(drive_rate*dt) must be an integer,
284,26,4.1,2.0,4226009,500,5000,raw/rigorous/task_0284_L26_V4.10_R2.0_s4226009,expected_incompatible_grid,2,,,,,,,,,,,,,,,,(Vf-V0)/(drive_rate*dt) must be an integer,
285,26,4.1,2.0,4226010,500,5000,raw/rigorous/task_0285_L26_V4.10_R2.0_s4226010,expected_incompatible_grid,2,,,,,,,,,,,,,,,,(Vf-V0)/(drive_rate*dt) must be an integer,
286,26,4.1,2.0,4226011,500,5000,raw/rigorous/task_0286_L26_V4.10_R2.0_s4226011,expected_incompatible_grid,2,,,,,,,,,,,,,,,,(Vf-V0)/(drive_rate*dt) must be an integer,
287,26,4.1,2.0,4226012,500,5000,raw/rigorous/task_0287_L26_V4.10_R2.0_s4226012,expected_incompatible_grid,2,,,,,,,,,,,,,,,,(Vf-V0)/(drive_rate*dt) must be an integer,
288,26,4.15,0.5,4226001,500,5000,raw/rigorous/task_0288_L26_V4.15_R0.5_s4226001,other_failure,3,,,,,,,,,,,,,,,,,
289,26,4.15,0.5,4226002,500,5000,raw/rigorous/task_0289_L26_V4.15_R0.5_s4226002,success,0,5000,0.03987596396357295,0.006581188710741549,0.24,0.8570868251748252,5.2808294339944054e-08,3.855493642065497e-12,0,250,1900,2291.079691858,15,8.98008937899597e-06,/home/sunxr/PfQMC-main/reproduction/driven_kitaev/results/driven_critical_rate_ratio/raw/rigorous/task_0289_L26_V4.15_R0.5_s4226002/bin_records.csv,,,
290,26,4.15,0.5,4226003,500,5000,raw/rigorous/task_0290_L26_V4.15_R0.5_s4226003,success,0,5000,0.04774153204897744,0.014423736598218584,0.232,0.8569608811188811,7.936240150783928e-08,9.283018489696344e-12,0,250,1920,2279.99113859,15,9.23147752684983e-06,/home/sunxr/PfQMC-main/reproduction/driven_kitaev/results/driven_critical_rate_ratio/raw/rigorous/task_0290_L26_V4.15_R0.5_s4226003/bin_records.csv,,,
291,26,4.15,0.5,4226004,500,5000,raw/rigorous/task_0291_L26_V4.15_R0.5_s4226004,other_failure,3,,,,,,,,,,,,,,,,,
292,26,4.15,0.5,4226005,500,5000,raw/rigorous/task_0292_L26_V4.15_R0.5_s4226005,success,0,5000,0.04853410881726405,0.009698861138556135,0.2332,0.8569778741258741,6.36951560417577e-08,2.0131084435795703e-11,0,250,1917,2667.813810156,15,7.924536029157991e-06,/home/sunxr/PfQMC-main/reproduction/driven_kitaev/results/driven_critical_rate_ratio/raw/rigorous/task_0292_L26_V4.15_R0.5_s4226005/bin_records.csv,,,
293,26,4.15,0.5,4226006,500,5000,raw/rigorous/task_0293_L26_V4.15_R0.5_s4226006,other_failure,3,,,,,,,,,,,,,,,,,
294,26,4.15,0.5,4226007,500,5000,raw/rigorous/task_0294_L26_V4.15_R0.5_s4226007,other_failure,3,,,,,,,,,,,,,,,,,
295,26,4.15,0.5,4226008,500,5000,raw/rigorous/task_0295_L26_V4.15_R0.5_s4226008,success,0,5000,0.05419194412715704,0.010219872718768147,0.2496,0.8569576783216784,3.23139710061892e-08,2.0111163818219665e-12,0,250,1876,2670.678675963,15,2.0553793979694035e-05,/home/sunxr/PfQMC-main/reproduction/driven_kitaev/results/driven_critical_rate_ratio/raw/rigorous/task_0295_L26_V4.15_R0.5_s4226008/bin_records.csv,,,
296,26,4.15,0.5,4226009,500,5000,raw/rigorous/task_0296_L26_V4.15_R0.5_s4226009,other_failure,3,,,,,,,,,,,,,,,,,
297,26,4.15,0.5,4226010,500,5000,raw/rigorous/task_0297_L26_V4.15_R0.5_s4226010,success,0,5000,0.032993495776654023,0.008253139701631563,0.2356,0.8570178741258742,8.71118157547806e-08,3.877165349167889e-11,0,250,1911,3331.060205813,15,1.0830667749539558e-05,/home/sunxr/PfQMC-main/reproduction/driven_kitaev/results/driven_critical_rate_ratio/raw/rigorous/task_0297_L26_V4.15_R0.5_s4226010/bin_records.csv,,,
298,26,4.15,0.5,4226011,500,5000,raw/rigorous/task_0298_L26_V4.15_R0.5_s4226011,other_failure,3,,,,,,,,,,,,,,,,,
299,26,4.15,0.5,4226012,500,5000,raw/rigorous/task_0299_L26_V4.15_R0.5_s4226012,success,0,5000,0.0550935918651448,0.006418652320765644,0.208,0.856974013986014,4.0315812618738445e-08,3.3477772870091554e-11,0,250,1980,2669.491443776,15,9.315796674624899e-06,/home/sunxr/PfQMC-main/reproduction/driven_kitaev/results/driven_critical_rate_ratio/raw/rigorous/task_0299_L26_V4.15_R0.5_s4226012/bin_records.csv,,,
300,26,4.15,1.0,4226001,500,5000,raw/rigorous/task_0300_L26_V4.15_R1.0_s4226001,expected_incompatible_grid,2,,,,,,,,,,,,,,,,(Vf-V0)/(drive_rate*dt) must be an integer,
301,26,4.15,1.0,4226002,500,5000,raw/rigorous/task_0301_L26_V4.15_R1.0_s4226002,expected_incompatible_grid,2,,,,,,,,,,,,,,,,(Vf-V0)/(drive_rate*dt) must be an integer,
302,26,4.15,1.0,4226003,500,5000,raw/rigorous/task_0302_L26_V4.15_R1.0_s4226003,expected_incompatible_grid,2,,,,,,,,,,,,,,,,(Vf-V0)/(drive_rate*dt) must be an integer,
303,26,4.15,1.0,4226004,500,5000,raw/rigorous/task_0303_L26_V4.15_R1.0_s4226004,expected_incompatible_grid,2,,,,,,,,,,,,,,,,(Vf-V0)/(drive_rate*dt) must be an integer,
304,26,4.15,1.0,4226005,500,5000,raw/rigorous/task_0304_L26_V4.15_R1.0_s4226005,expected_incompatible_grid,2,,,,,,,,,,,,,,,,(Vf-V0)/(drive_rate*dt) must be an integer,
305,26,4.15,1.0,4226006,500,5000,raw/rigorous/task_0305_L26_V4.15_R1.0_s4226006,expected_incompatible_grid,2,,,,,,,,,,,,,,,,(Vf-V0)/(drive_rate*dt) must be an integer,
306,26,4.15,1.0,4226007,500,5000,raw/rigorous/task_0306_L26_V4.15_R1.0_s4226007,expected_incompatible_grid,2,,,,,,,,,,,,,,,,(Vf-V0)/(drive_rate*dt) must be an integer,
307,26,4.15,1.0,4226008,500,5000,raw/rigorous/task_0307_L26_V4.15_R1.0_s4226008,expected_incompatible_grid,2,,,,,,,,,,,,,,,,(Vf-V0)/(drive_rate*dt) must be an integer,
308,26,4.15,1.0,4226009,500,5000,raw/rigorous/task_0308_L26_V4.15_R1.0_s4226009,expected_incompatible_grid,2,,,,,,,,,,,,,,,,(Vf-V0)/(drive_rate*dt) must be an integer,
309,26,4.15,1.0,4226010,500,5000,raw/rigorous/task_0309_L26_V4.15_R1.0_s4226010,expected_incompatible_grid,2,,,,,,,,,,,,,,,,(Vf-V0)/(drive_rate*dt) must be an integer,
310,26,4.15,1.0,4226011,500,5000,raw/rigorous/task_0310_L26_V4.15_R1.0_s4226011,expected_incompatible_grid,2,,,,,,,,,,,,,,,,(Vf-V0)/(drive_rate*dt) must be an integer,
311,26,4.15,1.0,4226012,500,5000,raw/rigorous/task_0311_L26_V4.15_R1.0_s4226012,expected_incompatible_grid,2,,,,,,,,,,,,,,,,(Vf-V0)/(drive_rate*dt) must be an integer,
312,26,4.15,2.0,4226001,500,5000,raw/rigorous/task_0312_L26_V4.15_R2.0_s4226001,expected_incompatible_grid,2,,,,,,,,,,,,,,,,(Vf-V0)/(drive_rate*dt) must be an integer,
313,26,4.15,2.0,4226002,500,5000,raw/rigorous/task_0313_L26_V4.15_R2.0_s4226002,expected_incompatible_grid,2,,,,,,,,,,,,,,,,(Vf-V0)/(drive_rate*dt) must be an integer,
314,26,4.15,2.0,4226003,500,5000,raw/rigorous/task_0314_L26_V4.15_R2.0_s4226003,expected_incompatible_grid,2,,,,,,,,,,,,,,,,(Vf-V0)/(drive_rate*dt) must be an integer,
315,26,4.15,2.0,4226004,500,5000,raw/rigorous/task_0315_L26_V4.15_R2.0_s4226004,expected_incompatible_grid,2,,,,,,,,,,,,,,,,(Vf-V0)/(drive_rate*dt) must be an integer,
316,26,4.15,2.0,4226005,500,5000,raw/rigorous/task_0316_L26_V4.15_R2.0_s4226005,expected_incompatible_grid,2,,,,,,,,,,,,,,,,(Vf-V0)/(drive_rate*dt) must be an integer,
317,26,4.15,2.0,4226006,500,5000,raw/rigorous/task_0317_L26_V4.15_R2.0_s4226006,expected_incompatible_grid,2,,,,,,,,,,,,,,,,(Vf-V0)/(drive_rate*dt) must be an integer,
318,26,4.15,2.0,4226007,500,5000,raw/rigorous/task_0318_L26_V4.15_R2.0_s4226007,expected_incompatible_grid,2,,,,,,,,,,,,,,,,(Vf-V0)/(drive_rate*dt) must be an integer,
319,26,4.15,2.0,4226008,500,5000,raw/rigorous/task_0319_L26_V4.15_R2.0_s4226008,expected_incompatible_grid,2,,,,,,,,,,,,,,,,(Vf-V0)/(drive_rate*dt) must be an integer,
320,26,4.15,2.0,4226009,500,5000,raw/rigorous/task_0320_L26_V4.15_R2.0_s4226009,expected_incompatible_grid,2,,,,,,,,,,,,,,,,(Vf-V0)/(drive_rate*dt) must be an integer,
321,26,4.15,2.0,4226010,500,5000,raw/rigorous/task_0321_L26_V4.15_R2.0_s4226010,expected_incompatible_grid,2,,,,,,,,,,,,,,,,(Vf-V0)/(drive_rate*dt) must be an integer,
322,26,4.15,2.0,4226011,500,5000,raw/rigorous/task_0322_L26_V4.15_R2.0_s4226011,expected_incompatible_grid,2,,,,,,,,,,,,,,,,(Vf-V0)/(drive_rate*dt) must be an integer,
323,26,4.15,2.0,4226012,500,5000,raw/rigorous/task_0323_L26_V4.15_R2.0_s4226012,expected_incompatible_grid,2,,,,,,,,,,,,,,,,(Vf-V0)/(drive_rate*dt) must be an integer,
324,26,4.2,0.5,4226001,500,5000,raw/rigorous/task_0324_L26_V4.20_R0.5_s4226001,other_failure,3,,,,,,,,,,,,,,,,,
325,26,4.2,0.5,4226002,500,5000,raw/rigorous/task_0325_L26_V4.20_R0.5_s4226002,other_failure,3,,,,,,,,,,,,,,,,,
326,26,4.2,0.5,4226003,500,5000,raw/rigorous/task_0326_L26_V4.20_R0.5_s4226003,success,0,5000,0.05115114226491748,0.007906727170790712,0.2232,0.8554084166666667,6.353434962944961e-08,2.0664538085283123e-10,0,250,1942,1855.681908367,15,1.8665778676041398e-06,/home/sunxr/PfQMC-main/reproduction/driven_kitaev/results/driven_critical_rate_ratio/raw/rigorous/task_0326_L26_V4.20_R0.5_s4226003/bin_records.csv,,,
327,26,4.2,0.5,4226004,500,5000,raw/rigorous/task_0327_L26_V4.20_R0.5_s4226004,other_failure,3,,,,,,,,,,,,,,,,,
328,26,4.2,0.5,4226005,500,5000,raw/rigorous/task_0328_L26_V4.20_R0.5_s4226005,other_failure,3,,,,,,,,,,,,,,,,,
329,26,4.2,0.5,4226006,500,5000,raw/rigorous/task_0329_L26_V4.20_R0.5_s4226006,other_failure,3,,,,,,,,,,,,,,,,,
330,26,4.2,0.5,4226007,500,5000,raw/rigorous/task_0330_L26_V4.20_R0.5_s4226007,other_failure,3,,,,,,,,,,,,,,,,,
331,26,4.2,0.5,4226008,500,5000,raw/rigorous/task_0331_L26_V4.20_R0.5_s4226008,other_failure,3,,,,,,,,,,,,,,,,,
332,26,4.2,0.5,4226009,500,5000,raw/rigorous/task_0332_L26_V4.20_R0.5_s4226009,other_failure,3,,,,,,,,,,,,,,,,,
333,26,4.2,0.5,4226010,500,5000,raw/rigorous/task_0333_L26_V4.20_R0.5_s4226010,other_failure,3,,,,,,,,,,,,,,,,,
334,26,4.2,0.5,4226011,500,5000,raw/rigorous/task_0334_L26_V4.20_R0.5_s4226011,other_failure,3,,,,,,,,,,,,,,,,,
335,26,4.2,0.5,4226012,500,5000,raw/rigorous/task_0335_L26_V4.20_R0.5_s4226012,other_failure,3,,,,,,,,,,,,,,,,,
336,26,4.2,1.0,4226001,500,5000,raw/rigorous/task_0336_L26_V4.20_R1.0_s4226001,other_failure,3,,,,,,,,,,,,,,,,,
337,26,4.2,1.0,4226002,500,5000,raw/rigorous/task_0337_L26_V4.20_R1.0_s4226002,success,0,5000,0.03565107138765698,0.00234164584265935,0.4792,0.8979447843137255,2.6144690960247858e-08,6.93034838980991e-11,0,250,1302,2153.023799578,15,1.0082179382475687e-05,/home/sunxr/PfQMC-main/reproduction/driven_kitaev/results/driven_critical_rate_ratio/raw/rigorous/task_0337_L26_V4.20_R1.0_s4226002/bin_records.csv,,,
338,26,4.2,1.0,4226003,500,5000,raw/rigorous/task_0338_L26_V4.20_R1.0_s4226003,other_failure,3,,,,,,,,,,,,,,,,,
339,26,4.2,1.0,4226004,500,5000,raw/rigorous/task_0339_L26_V4.20_R1.0_s4226004,other_failure,3,,,,,,,,,,,,,,,,,
340,26,4.2,1.0,4226005,500,5000,raw/rigorous/task_0340_L26_V4.20_R1.0_s4226005,other_failure,3,,,,,,,,,,,,,,,,,
341,26,4.2,1.0,4226006,500,5000,raw/rigorous/task_0341_L26_V4.20_R1.0_s4226006,success,0,5000,0.039661501750760775,0.0032655295165206284,0.4344,0.8979958235294118,9.375284413400866e-09,2.1680268117208475e-10,0,250,1414,2102.995339204,15,3.322458148191654e-05,/home/sunxr/PfQMC-main/reproduction/driven_kitaev/results/driven_critical_rate_ratio/raw/rigorous/task_0341_L26_V4.20_R1.0_s4226006/bin_records.csv,,,
342,26,4.2,1.0,4226007,500,5000,raw/rigorous/task_0342_L26_V4.20_R1.0_s4226007,success,0,5000,0.03734691065725027,0.0023996415289472568,0.4416,0.8979776862745098,2.1819214496590582e-08,4.913733974206382e-11,0,250,1396,2160.4620233,15,2.5636895567116014e-05,/home/sunxr/PfQMC-main/reproduction/driven_kitaev/results/driven_critical_rate_ratio/raw/rigorous/task_0342_L26_V4.20_R1.0_s4226007/bin_records.csv,,,
343,26,4.2,1.0,4226008,500,5000,raw/rigorous/task_0343_L26_V4.20_R1.0_s4226008,success,0,5000,0.03681971563658611,0.0014242770639714601,0.4524,0.8979718823529412,3.0232173322201885e-08,1.5353028619976477e-11,0,250,1369,2190.687114996,15,5.931212568421884e-06,/home/sunxr/PfQMC-main/reproduction/driven_kitaev/results/driven_critical_rate_ratio/raw/rigorous/task_0343_L26_V4.20_R1.0_s4226008/bin_records.csv,,,
344,26,4.2,1.0,4226009,500,5000,raw/rigorous/task_0344_L26_V4.20_R1.0_s4226009,other_failure,3,,,,,,,,,,,,,,,,,
345,26,4.2,1.0,4226010,500,5000,raw/rigorous/task_0345_L26_V4.20_R1.0_s4226010,success,0,5000,0.04079991652156936,0.0031944209627084584,0.4612,0.8979463333333333,5.0437589895158794e-08,2.876189007267243e-11,0,250,1347,2189.36232183,15,7.720574681058245e-05,/home/sunxr/PfQMC-main/reproduction/driven_kitaev/results/driven_critical_rate_ratio/raw/rigorous/task_0345_L26_V4.20_R1.0_s4226010/bin_records.csv,,,
346,26,4.2,1.0,4226011,500,5000,raw/rigorous/task_0346_L26_V4.20_R1.0_s4226011,success,0,5000,0.03693243686894567,0.002441445800142348,0.4536,0.897968862745098,1.0074216153362817e-08,1.9419957020181742e-10,0,250,1366,2209.872558231,15,8.186776025542741e-06,/home/sunxr/PfQMC-main/reproduction/driven_kitaev/results/driven_critical_rate_ratio/raw/rigorous/task_0346_L26_V4.20_R1.0_s4226011/bin_records.csv,,,
347,26,4.2,1.0,4226012,500,5000,raw/rigorous/task_0347_L26_V4.20_R1.0_s4226012,success,0,5000,0.03477906187647973,0.0018936117788456775,0.4356,0.8979058039215686,3.70346504419826e-08,3.4245470749320913e-10,0,250,1411,2215.744849041,15,5.117846146351912e-05,/home/sunxr/PfQMC-main/reproduction/driven_kitaev/results/driven_critical_rate_ratio/raw/rigorous/task_0347_L26_V4.20_R1.0_s4226012/bin_records.csv,,,
348,26,4.2,2.0,4226001,500,5000,raw/rigorous/task_0348_L26_V4.20_R2.0_s4226001,success,0,5000,0.026368452654289564,0.0018481361860284331,0.6444,0.935809012345679,2.4145083638139047e-09,9.111194787000144e-12,0,250,889,1643.439979265,15,5.422238210361918e-05,/home/sunxr/PfQMC-main/reproduction/driven_kitaev/results/driven_critical_rate_ratio/raw/rigorous/task_0348_L26_V4.20_R2.0_s4226001/bin_records.csv,,,
349,26,4.2,2.0,4226002,500,5000,raw/rigorous/task_0349_L26_V4.20_R2.0_s4226002,success,0,5000,0.028336418494113516,0.0007152442197818599,0.6576,0.9358586666666666,7.741859495193267e-09,3.3038130718671916e-12,0,250,856,1630.843949556,15,7.295490020997608e-05,/home/sunxr/PfQMC-main/reproduction/driven_kitaev/results/driven_critical_rate_ratio/raw/rigorous/task_0349_L26_V4.20_R2.0_s4226002/bin_records.csv,,,
350,26,4.2,2.0,4226003,500,5000,raw/rigorous/task_0350_L26_V4.20_R2.0_s4226003,success,0,5000,0.03046481189255634,0.0008228633161086517,0.6468,0.9359025679012346,3.454597618530146e-09,1.4565768970324294e-12,0,250,883,1679.214152017,15,0.00017996542898601753,/home/sunxr/PfQMC-main/reproduction/driven_kitaev/results/driven_critical_rate_ratio/raw/rigorous/task_0350_L26_V4.20_R2.0_s4226003/bin_records.csv,,,
351,26,4.2,2.0,4226004,500,5000,raw/rigorous/task_0351_L26_V4.20_R2.0_s4226004,success,0,5000,0.02944305434108942,0.0007946121033825641,0.6596,0.9357411358024691,1.080013012462623e-09,1.4135596316331697e-12,0,250,851,1754.772616559,15,1.7588833649551106e-06,/home/sunxr/PfQMC-main/reproduction/driven_kitaev/results/driven_critical_rate_ratio/raw/rigorous/task_0351_L26_V4.20_R2.0_s4226004/bin_records.csv,,,
352,26,4.2,2.0,4226005,500,5000,raw/rigorous/task_0352_L26_V4.20_R2.0_s4226005,success,0,5000,0.02846892630696991,0.0004932307741836625,0.67,0.9358264938271605,1.461773234408959e-08,6.945788470609241e-13,0,250,825,1713.437983099,15,9.945778239750513e-05,/home/sunxr/PfQMC-main/reproduction/driven_kitaev/results/driven_critical_rate_ratio/raw/rigorous/task_0352_L26_V4.20_R2.0_s4226005/bin_records.csv,,,
353,26,4.2,2.0,4226006,500,5000,raw/rigorous/task_0353_L26_V4.20_R2.0_s4226006,success,0,5000,0.03104142797900978,0.0008855611055783094,0.6516,0.9358466419753086,1.6520336455715489e-09,2.7108135838697065e-12,0,250,871,1755.382409946,15,0.00017989261079986996,/home/sunxr/PfQMC-main/reproduction/driven_kitaev/results/driven_critical_rate_ratio/raw/rigorous/task_0353_L26_V4.20_R2.0_s4226006/bin_records.csv,,,
354,26,4.2,2.0,4226007,500,5000,raw/rigorous/task_0354_L26_V4.20_R2.0_s4226007,success,0,5000,0.028055458445518586,0.0010274482454661273,0.6584,0.9357451851851852,1.7771184016305583e-09,1.955328832318484e-11,0,250,854,1722.665496824,15,0.00012879207211646815,/home/sunxr/PfQMC-main/reproduction/driven_kitaev/results/driven_critical_rate_ratio/raw/rigorous/task_0354_L26_V4.20_R2.0_s4226007/bin_records.csv,,,
355,26,4.2,2.0,4226008,500,5000,raw/rigorous/task_0355_L26_V4.20_R2.0_s4226008,success,0,5000,0.02920430666457111,0.0006160624137416826,0.662,0.9358116790123456,1.382250341525147e-08,1.1619705180519008e-12,0,250,845,1750.847837099,15,4.493666995619705e-05,/home/sunxr/PfQMC-main/reproduction/driven_kitaev/results/driven_critical_rate_ratio/raw/rigorous/task_0355_L26_V4.20_R2.0_s4226008/bin_records.csv,,,
356,26,4.2,2.0,4226009,500,5000,raw/rigorous/task_0356_L26_V4.20_R2.0_s4226009,success,0,5000,0.03009817318437744,0.0007877266225656347,0.636,0.9358093827160494,1.874532838247199e-09,1.7517329782709484e-12,0,250,910,1644.455219223,15,0.0001746992508449008,/home/sunxr/PfQMC-main/reproduction/driven_kitaev/results/driven_critical_rate_ratio/raw/rigorous/task_0356_L26_V4.20_R2.0_s4226009/bin_records.csv,,,
357,26,4.2,2.0,4226010,500,5000,raw/rigorous/task_0357_L26_V4.20_R2.0_s4226010,success,0,5000,0.024099244617943126,0.004005469291523552,0.6584,0.9357542469135802,2.434389599453367e-09,7.02214660648276e-12,0,250,854,1685.982447137,15,8.938358134713553e-05,/home/sunxr/PfQMC-main/reproduction/driven_kitaev/results/driven_critical_rate_ratio/raw/rigorous/task_0357_L26_V4.20_R2.0_s4226010/bin_records.csv,,,
358,26,4.2,2.0,4226011,500,5000,raw/rigorous/task_0358_L26_V4.20_R2.0_s4226011,success,0,5000,0.029646462819812668,0.000776335213364416,0.664,0.9357679506172839,4.259909952462493e-09,3.439676588453178e-12,0,250,840,1668.757422741,15,8.033330551082685e-05,/home/sunxr/PfQMC-main/reproduction/driven_kitaev/results/driven_critical_rate_ratio/raw/rigorous/task_0358_L26_V4.20_R2.0_s4226011/bin_records.csv,,,
359,26,4.2,2.0,4226012,500,5000,raw/rigorous/task_0359_L26_V4.20_R2.0_s4226012,success,0,5000,0.029998170751040363,0.0013799076639553509,0.652,0.9357624938271605,5.886054314992541e-09,9.460489311104163e-12,0,250,870,1709.810951784,15,1.2902040032347628e-05,/home/sunxr/PfQMC-main/reproduction/driven_kitaev/results/driven_critical_rate_ratio/raw/rigorous/task_0359_L26_V4.20_R2.0_s4226012/bin_records.csv,,,
360,26,4.25,0.5,4226001,500,5000,raw/rigorous/task_0360_L26_V4.25_R0.5_s4226001,other_failure,3,,,,,,,,,,,,,,,,,
361,26,4.25,0.5,4226002,500,5000,raw/rigorous/task_0361_L26_V4.25_R0.5_s4226002,other_failure,3,,,,,,,,,,,,,,,,,
362,26,4.25,0.5,4226003,500,5000,raw/rigorous/task_0362_L26_V4.25_R0.5_s4226003,other_failure,3,,,,,,,,,,,,,,,,,
363,26,4.25,0.5,4226004,500,5000,raw/rigorous/task_0363_L26_V4.25_R0.5_s4226004,other_failure,3,,,,,,,,,,,,,,,,,
364,26,4.25,0.5,4226005,500,5000,raw/rigorous/task_0364_L26_V4.25_R0.5_s4226005,other_failure,3,,,,,,,,,,,,,,,,,
365,26,4.25,0.5,4226006,500,5000,raw/rigorous/task_0365_L26_V4.25_R0.5_s4226006,other_failure,3,,,,,,,,,,,,,,,,,
366,26,4.25,0.5,4226007,500,5000,raw/rigorous/task_0366_L26_V4.25_R0.5_s4226007,other_failure,3,,,,,,,,,,,,,,,,,
367,26,4.25,0.5,4226008,500,5000,raw/rigorous/task_0367_L26_V4.25_R0.5_s4226008,other_failure,3,,,,,,,,,,,,,,,,,
368,26,4.25,0.5,4226009,500,5000,raw/rigorous/task_0368_L26_V4.25_R0.5_s4226009,other_failure,3,,,,,,,,,,,,,,,,,
369,26,4.25,0.5,4226010,500,5000,raw/rigorous/task_0369_L26_V4.25_R0.5_s4226010,other_failure,3,,,,,,,,,,,,,,,,,
370,26,4.25,0.5,4226011,500,5000,raw/rigorous/task_0370_L26_V4.25_R0.5_s4226011,other_failure,3,,,,,,,,,,,,,,,,,
371,26,4.25,0.5,4226012,500,5000,raw/rigorous/task_0371_L26_V4.25_R0.5_s4226012,success,0,5000,0.037247599003685884,0.01518854420251048,0.2256,0.8537016275862069,9.329971001948036e-08,6.4141907920509545e-12,0,250,1936,2700.417127973,15,5.529705132234497e-06,/home/sunxr/PfQMC-main/reproduction/driven_kitaev/results/driven_critical_rate_ratio/raw/rigorous/task_0371_L26_V4.25_R0.5_s4226012/bin_records.csv,,,
372,26,4.25,1.0,4226001,500,5000,raw/rigorous/task_0372_L26_V4.25_R1.0_s4226001,expected_incompatible_grid,2,,,,,,,,,,,,,,,,(Vf-V0)/(drive_rate*dt) must be an integer,
373,26,4.25,1.0,4226002,500,5000,raw/rigorous/task_0373_L26_V4.25_R1.0_s4226002,expected_incompatible_grid,2,,,,,,,,,,,,,,,,(Vf-V0)/(drive_rate*dt) must be an integer,
374,26,4.25,1.0,4226003,500,5000,raw/rigorous/task_0374_L26_V4.25_R1.0_s4226003,expected_incompatible_grid,2,,,,,,,,,,,,,,,,(Vf-V0)/(drive_rate*dt) must be an integer,
375,26,4.25,1.0,4226004,500,5000,raw/rigorous/task_0375_L26_V4.25_R1.0_s4226004,expected_incompatible_grid,2,,,,,,,,,,,,,,,,(Vf-V0)/(drive_rate*dt) must be an integer,
376,26,4.25,1.0,4226005,500,5000,raw/rigorous/task_0376_L26_V4.25_R1.0_s4226005,expected_incompatible_grid,2,,,,,,,,,,,,,,,,(Vf-V0)/(drive_rate*dt) must be an integer,
377,26,4.25,1.0,4226006,500,5000,raw/rigorous/task_0377_L26_V4.25_R1.0_s4226006,expected_incompatible_grid,2,,,,,,,,,,,,,,,,(Vf-V0)/(drive_rate*dt) must be an integer,
378,26,4.25,1.0,4226007,500,5000,raw/rigorous/task_0378_L26_V4.25_R1.0_s4226007,expected_incompatible_grid,2,,,,,,,,,,,,,,,,(Vf-V0)/(drive_rate*dt) must be an integer,
379,26,4.25,1.0,4226008,500,5000,raw/rigorous/task_0379_L26_V4.25_R1.0_s4226008,expected_incompatible_grid,2,,,,,,,,,,,,,,,,(Vf-V0)/(drive_rate*dt) must be an integer,
380,26,4.25,1.0,4226009,500,5000,raw/rigorous/task_0380_L26_V4.25_R1.0_s4226009,expected_incompatible_grid,2,,,,,,,,,,,,,,,,(Vf-V0)/(drive_rate*dt) must be an integer,
381,26,4.25,1.0,4226010,500,5000,raw/rigorous/task_0381_L26_V4.25_R1.0_s4226010,expected_incompatible_grid,2,,,,,,,,,,,,,,,,(Vf-V0)/(drive_rate*dt) must be an integer,
382,26,4.25,1.0,4226011,500,5000,raw/rigorous/task_0382_L26_V4.25_R1.0_s4226011,expected_incompatible_grid,2,,,,,,,,,,,,,,,,(Vf-V0)/(drive_rate*dt) must be an integer,
383,26,4.25,1.0,4226012,500,5000,raw/rigorous/task_0383_L26_V4.25_R1.0_s4226012,expected_incompatible_grid,2,,,,,,,,,,,,,,,,(Vf-V0)/(drive_rate*dt) must be an integer,
384,26,4.25,2.0,4226001,500,5000,raw/rigorous/task_0384_L26_V4.25_R2.0_s4226001,expected_incompatible_grid,2,,,,,,,,,,,,,,,,(Vf-V0)/(drive_rate*dt) must be an integer,
385,26,4.25,2.0,4226002,500,5000,raw/rigorous/task_0385_L26_V4.25_R2.0_s4226002,expected_incompatible_grid,2,,,,,,,,,,,,,,,,(Vf-V0)/(drive_rate*dt) must be an integer,
386,26,4.25,2.0,4226003,500,5000,raw/rigorous/task_0386_L26_V4.25_R2.0_s4226003,expected_incompatible_grid,2,,,,,,,,,,,,,,,,(Vf-V0)/(drive_rate*dt) must be an integer,
387,26,4.25,2.0,4226004,500,5000,raw/rigorous/task_0387_L26_V4.25_R2.0_s4226004,expected_incompatible_grid,2,,,,,,,,,,,,,,,,(Vf-V0)/(drive_rate*dt) must be an integer,
388,26,4.25,2.0,4226005,500,5000,raw/rigorous/task_0388_L26_V4.25_R2.0_s4226005,expected_incompatible_grid,2,,,,,,,,,,,,,,,,(Vf-V0)/(drive_rate*dt) must be an integer,
389,26,4.25,2.0,4226006,500,5000,raw/rigorous/task_0389_L26_V4.25_R2.0_s4226006,expected_incompatible_grid,2,,,,,,,,,,,,,,,,(Vf-V0)/(drive_rate*dt) must be an integer,
390,26,4.25,2.0,4226007,500,5000,raw/rigorous/task_0390_L26_V4.25_R2.0_s4226007,expected_incompatible_grid,2,,,,,,,,,,,,,,,,(Vf-V0)/(drive_rate*dt) must be an integer,
391,26,4.25,2.0,4226008,500,5000,raw/rigorous/task_0391_L26_V4.25_R2.0_s4226008,expected_incompatible_grid,2,,,,,,,,,,,,,,,,(Vf-V0)/(drive_rate*dt) must be an integer,
392,26,4.25,2.0,4226009,500,5000,raw/rigorous/task_0392_L26_V4.25_R2.0_s4226009,expected_incompatible_grid,2,,,,,,,,,,,,,,,,(Vf-V0)/(drive_rate*dt) must be an integer,
393,26,4.25,2.0,4226010,500,5000,raw/rigorous/task_0393_L26_V4.25_R2.0_s4226010,expected_incompatible_grid,2,,,,,,,,,,,,,,,,(Vf-V0)/(drive_rate*dt) must be an integer,
394,26,4.25,2.0,4226011,500,5000,raw/rigorous/task_0394_L26_V4.25_R2.0_s4226011,expected_incompatible_grid,2,,,,,,,,,,,,,,,,(Vf-V0)/(drive_rate*dt) must be an integer,
395,26,4.25,2.0,4226012,500,5000,raw/rigorous/task_0395_L26_V4.25_R2.0_s4226012,expected_incompatible_grid,2,,,,,,,,,,,,,,,,(Vf-V0)/(drive_rate*dt) must be an integer,
396,34,3.75,0.5,4234001,500,5000,raw/rigorous/task_0396_L34_V3.75_R0.5_s4234001,success,0,5000,0.02544551676356082,0.0021146046283499046,0.2864,0.870925342312009,3.9092726005296765e-08,3.3899732898267676e-12,0,250,1784,5729.021645299,15,1.7756495430232277e-05,/home/sunxr/PfQMC-main/reproduction/driven_kitaev/results/driven_critical_rate_ratio/raw/rigorous/task_0396_L34_V3.75_R0.5_s4234001/bin_records.csv,,,
397,34,3.75,0.5,4234002,500,5000,raw/rigorous/task_0397_L34_V3.75_R0.5_s4234002,other_failure,3,,,,,,,,,,,,,,,,,
398,34,3.75,0.5,4234003,500,5000,raw/rigorous/task_0398_L34_V3.75_R0.5_s4234003,success,0,5000,0.02792257261481116,0.0025629194680201126,0.2844,0.8709336363636364,2.9015540019934784e-08,2.3879721714958026e-13,0,250,1789,5574.194910048,15,2.938573544053469e-06,/home/sunxr/PfQMC-main/reproduction/driven_kitaev/results/driven_critical_rate_ratio/raw/rigorous/task_0398_L34_V3.75_R0.5_s4234003/bin_records.csv,,,
399,34,3.75,0.5,4234004,500,5000,raw/rigorous/task_0399_L34_V3.75_R0.5_s4234004,other_failure,3,,,,,,,,,,,,,,,,,
400,34,3.75,0.5,4234005,500,5000,raw/rigorous/task_0400_L34_V3.75_R0.5_s4234005,success,0,5000,0.02586012492748178,0.003070649326121865,0.3052,0.8708750729517396,2.4229233107292386e-08,7.897853752776513e-13,0,250,1737,5472.514725221,15,2.96728731402629e-05,/home/sunxr/PfQMC-main/reproduction/driven_kitaev/results/driven_critical_rate_ratio/raw/rigorous/task_0400_L34_V3.75_R0.5_s4234005/bin_records.csv,,,
401,34,3.75,0.5,4234006,500,5000,raw/rigorous/task_0401_L34_V3.75_R0.5_s4234006,other_failure,3,,,,,,,,,,,,,,,,,
402,34,3.75,0.5,4234007,500,5000,raw/rigorous/task_0402_L34_V3.75_R0.5_s4234007,success,0,5000,0.023399561392445756,0.002983770489225972,0.2848,0.8709041189674523,6.359382667411317e-08,4.5029809794876785e-13,0,250,1788,5604.336352198,15,1.9756339754373187e-05,/home/sunxr/PfQMC-main/reproduction/driven_kitaev/results/driven_critical_rate_ratio/raw/rigorous/task_0402_L34_V3.75_R0.5_s4234007/bin_records.csv,,,
403,34,3.75,0.5,4234008,500,5000,raw/rigorous/task_0403_L34_V3.75_R0.5_s4234008,other_failure,3,,,,,,,,,,,,,,,,,
404,34,3.75,0.5,4234009,500,5000,raw/rigorous/task_0404_L34_V3.75_R0.5_s4234009,other_failure,3,,,,,,,,,,,,,,,,,
405,34,3.75,0.5,4234010,500,5000,raw/rigorous/task_0405_L34_V3.75_R0.5_s4234010,success,0,5000,0.025219661565326876,0.002199822070253795,0.278,0.8708999102132435,1.3056547927695343e-08,3.3169060146157444e-13,0,250,1805,3334.8782112,15,1.9013674445234052e-05,/home/sunxr/PfQMC-main/reproduction/driven_kitaev/results/driven_critical_rate_ratio/raw/rigorous/task_0405_L34_V3.75_R0.5_s4234010/bin_records.csv,,,
406,34,3.75,0.5,4234011,500,5000,raw/rigorous/task_0406_L34_V3.75_R0.5_s4234011,other_failure,3,,,,,,,,,,,,,,,,,
407,34,3.75,0.5,4234012,500,5000,raw/rigorous/task_0407_L34_V3.75_R0.5_s4234012,other_failure,3,,,,,,,,,,,,,,,,,
408,34,3.75,1.0,4234001,500,5000,raw/rigorous/task_0408_L34_V3.75_R1.0_s4234001,expected_incompatible_grid,2,,,,,,,,,,,,,,,,(Vf-V0)/(drive_rate*dt) must be an integer,
409,34,3.75,1.0,4234002,500,5000,raw/rigorous/task_0409_L34_V3.75_R1.0_s4234002,expected_incompatible_grid,2,,,,,,,,,,,,,,,,(Vf-V0)/(drive_rate*dt) must be an integer,
410,34,3.75,1.0,4234003,500,5000,raw/rigorous/task_0410_L34_V3.75_R1.0_s4234003,expected_incompatible_grid,2,,,,,,,,,,,,,,,,(Vf-V0)/(drive_rate*dt) must be an integer,
411,34,3.75,1.0,4234004,500,5000,raw/rigorous/task_0411_L34_V3.75_R1.0_s4234004,expected_incompatible_grid,2,,,,,,,,,,,,,,,,(Vf-V0)/(drive_rate*dt) must be an integer,
412,34,3.75,1.0,4234005,500,5000,raw/rigorous/task_0412_L34_V3.75_R1.0_s4234005,expected_incompatible_grid,2,,,,,,,,,,,,,,,,(Vf-V0)/(drive_rate*dt) must be an integer,
413,34,3.75,1.0,4234006,500,5000,raw/rigorous/task_0413_L34_V3.75_R1.0_s4234006,expected_incompatible_grid,2,,,,,,,,,,,,,,,,(Vf-V0)/(drive_rate*dt) must be an integer,
414,34,3.75,1.0,4234007,500,5000,raw/rigorous/task_0414_L34_V3.75_R1.0_s4234007,expected_incompatible_grid,2,,,,,,,,,,,,,,,,(Vf-V0)/(drive_rate*dt) must be an integer,
415,34,3.75,1.0,4234008,500,5000,raw/rigorous/task_0415_L34_V3.75_R1.0_s4234008,expected_incompatible_grid,2,,,,,,,,,,,,,,,,(Vf-V0)/(drive_rate*dt) must be an integer,
416,34,3.75,1.0,4234009,500,5000,raw/rigorous/task_0416_L34_V3.75_R1.0_s4234009,expected_incompatible_grid,2,,,,,,,,,,,,,,,,(Vf-V0)/(drive_rate*dt) must be an integer,
417,34,3.75,1.0,4234010,500,5000,raw/rigorous/task_0417_L34_V3.75_R1.0_s4234010,expected_incompatible_grid,2,,,,,,,,,,,,,,,,(Vf-V0)/(drive_rate*dt) must be an integer,
418,34,3.75,1.0,4234011,500,5000,raw/rigorous/task_0418_L34_V3.75_R1.0_s4234011,expected_incompatible_grid,2,,,,,,,,,,,,,,,,(Vf-V0)/(drive_rate*dt) must be an integer,
419,34,3.75,1.0,4234012,500,5000,raw/rigorous/task_0419_L34_V3.75_R1.0_s4234012,expected_incompatible_grid,2,,,,,,,,,,,,,,,,(Vf-V0)/(drive_rate*dt) must be an integer,
420,34,3.75,2.0,4234001,500,5000,raw/rigorous/task_0420_L34_V3.75_R2.0_s4234001,expected_incompatible_grid,2,,,,,,,,,,,,,,,,(Vf-V0)/(drive_rate*dt) must be an integer,
421,34,3.75,2.0,4234002,500,5000,raw/rigorous/task_0421_L34_V3.75_R2.0_s4234002,expected_incompatible_grid,2,,,,,,,,,,,,,,,,(Vf-V0)/(drive_rate*dt) must be an integer,
422,34,3.75,2.0,4234003,500,5000,raw/rigorous/task_0422_L34_V3.75_R2.0_s4234003,expected_incompatible_grid,2,,,,,,,,,,,,,,,,(Vf-V0)/(drive_rate*dt) must be an integer,
423,34,3.75,2.0,4234004,500,5000,raw/rigorous/task_0423_L34_V3.75_R2.0_s4234004,expected_incompatible_grid,2,,,,,,,,,,,,,,,,(Vf-V0)/(drive_rate*dt) must be an integer,
424,34,3.75,2.0,4234005,500,5000,raw/rigorous/task_0424_L34_V3.75_R2.0_s4234005,expected_incompatible_grid,2,,,,,,,,,,,,,,,,(Vf-V0)/(drive_rate*dt) must be an integer,
425,34,3.75,2.0,4234006,500,5000,raw/rigorous/task_0425_L34_V3.75_R2.0_s4234006,expected_incompatible_grid,2,,,,,,,,,,,,,,,,(Vf-V0)/(drive_rate*dt) must be an integer,
426,34,3.75,2.0,4234007,500,5000,raw/rigorous/task_0426_L34_V3.75_R2.0_s4234007,expected_incompatible_grid,2,,,,,,,,,,,,,,,,(Vf-V0)/(drive_rate*dt) must be an integer,
427,34,3.75,2.0,4234008,500,5000,raw/rigorous/task_0427_L34_V3.75_R2.0_s4234008,expected_incompatible_grid,2,,,,,,,,,,,,,,,,(Vf-V0)/(drive_rate*dt) must be an integer,
428,34,3.75,2.0,4234009,500,5000,raw/rigorous/task_0428_L34_V3.75_R2.0_s4234009,expected_incompatible_grid,2,,,,,,,,,,,,,,,,(Vf-V0)/(drive_rate*dt) must be an integer,
429,34,3.75,2.0,4234010,500,5000,raw/rigorous/task_0429_L34_V3.75_R2.0_s4234010,expected_incompatible_grid,2,,,,,,,,,,,,,,,,(Vf-V0)/(drive_rate*dt) must be an integer,
430,34,3.75,2.0,4234011,500,5000,raw/rigorous/task_0430_L34_V3.75_R2.0_s4234011,expected_incompatible_grid,2,,,,,,,,,,,,,,,,(Vf-V0)/(drive_rate*dt) must be an integer,
431,34,3.75,2.0,4234012,500,5000,raw/rigorous/task_0431_L34_V3.75_R2.0_s4234012,expected_incompatible_grid,2,,,,,,,,,,,,,,,,(Vf-V0)/(drive_rate*dt) must be an integer,
432,34,3.8,0.5,4234001,500,5000,raw/rigorous/task_0432_L34_V3.80_R0.5_s4234001,success,0,5000,0.031373687895546856,0.00321708082790755,0.2588,0.8691949420677362,7.043149870516385e-08,2.562150877970009e-11,0,250,1853,3359.156335946,15,5.372637704781358e-05,/home/sunxr/PfQMC-main/reproduction/driven_kitaev/results/driven_critical_rate_ratio/raw/rigorous/task_0432_L34_V3.80_R0.5_s4234001/bin_records.csv,,,
433,34,3.8,0.5,4234002,500,5000,raw/rigorous/task_0433_L34_V3.80_R0.5_s4234002,success,0,5000,0.02353785724396151,0.0022649392943370405,0.274,0.8691538992869875,1.637996175276379e-08,1.979485495795321e-11,0,250,1815,3346.984241441,15,2.364715334934875e-05,/home/sunxr/PfQMC-main/reproduction/driven_kitaev/results/driven_critical_rate_ratio/raw/rigorous/task_0433_L34_V3.80_R0.5_s4234002/bin_records.csv,,,
434,34,3.8,0.5,4234003,500,5000,raw/rigorous/task_0434_L34_V3.80_R0.5_s4234003,success,0,5000,0.025411282236752965,0.002868931926744787,0.266,0.8692095922459893,6.324120202433879e-08,2.4219656888127796e-12,0,250,1835,5681.066022388,15,6.415036819529263e-06,/home/sunxr/PfQMC-main/reproduction/driven_kitaev/results/driven_critical_rate_ratio/raw/rigorous/task_0434_L34_V3.80_R0.5_s4234003/bin_records.csv,,,
435,34,3.8,0.5,4234004,500,5000,raw/rigorous/task_0435_L34_V3.80_R0.5_s4234004,success,0,5000,0.025440329962159045,0.002764816038277597,0.2776,0.8691747214795009,8.106488716426611e-08,2.7016461355560097e-11,0,250,1806,3346.086166961,15,2.789232344124759e-05,/home/sunxr/PfQMC-main/reproduction/driven_kitaev/results/driven_critical_rate_ratio/raw/rigorous/task_0435_L34_V3.80_R0.5_s4234004/bin_records.csv,,,
436,34,3.8,0.5,4234005,500,5000,raw/rigorous/task_0436_L34_V3.80_R0.5_s4234005,success,0,5000,0.020477599259866967,0.0038414441791859485,0.2652,0.8691685049019607,5.8109917453243855e-08,6.58543781765075e-10,0,250,1837,3367.853445523,15,1.4714577885044378e-06,/home/sunxr/PfQMC-main/reproduction/driven_kitaev/results/driven_critical_rate_ratio/raw/rigorous/task_0436_L34_V3.80_R0.5_s4234005/bin_records.csv,,,
437,34,3.8,0.5,4234006,500,5000,raw/rigorous/task_0437_L34_V3.80_R0.5_s4234006,other_failure,3,,,,,,,,,,,,,,,,,
438,34,3.8,0.5,4234007,500,5000,raw/rigorous/task_0438_L34_V3.80_R0.5_s4234007,success,0,5000,0.02655457963764882,0.0022781491749495003,0.2856,0.8691880570409982,6.97792563876955e-08,3.176280193136688e-11,0,250,1786,5623.447014715,15,2.463303717870069e-05,/home/sunxr/PfQMC-main/reproduction/driven_kitaev/results/driven_critical_rate_ratio/raw/rigorous/task_0438_L34_V3.80_R0.5_s4234007/bin_records.csv,,,
439,34,3.8,0.5,4234008,500,5000,raw/rigorous/task_0439_L34_V3.80_R0.5_s4234008,other_failure,3,,,,,,,,,,,,,,,,,
440,34,3.8,0.5,4234009,500,5000,raw/rigorous/task_0440_L34_V3.80_R0.5_s4234009,success,0,5000,0.029031023186643554,0.0015713080013014798,0.2732,0.8692064950980393,1.794778071420368e-08,9.191647280942554e-12,0,250,1817,5652.783297299,15,1.9350979151067094e-05,/home/sunxr/PfQMC-main/reproduction/driven_kitaev/results/driven_critical_rate_ratio/raw/rigorous/task_0440_L34_V3.80_R0.5_s4234009/bin_records.csv,,,
441,34,3.8,0.5,4234010,500,5000,raw/rigorous/task_0441_L34_V3.80_R0.5_s4234010,success,0,5000,0.028181061688084073,0.0021156332604523346,0.28,0.8692295120320855,5.7426666176756944e-08,2.960729484738493e-11,0,250,1800,3346.91784349,15,4.627697834935775e-06,/home/sunxr/PfQMC-main/reproduction/driven_kitaev/results/driven_critical_rate_ratio/raw/rigorous/task_0441_L34_V3.80_R0.5_s4234010/bin_records.csv,,,
442,34,3.8,0.5,4234011,500,5000,raw/rigorous/task_0442_L34_V3.80_R0.5_s4234011,other_failure,3,,,,,,,,,,,,,,,,,
443,34,3.8,0.5,4234012,500,5000,raw/rigorous/task_0443_L34_V3.80_R0.5_s4234012,other_failure,3,,,,,,,,,,,,,,,,,
444,34,3.8,1.0,4234001,500,5000,raw/rigorous/task_0444_L34_V3.80_R1.0_s4234001,success,0,5000,0.02167330651808257,0.0006861592922590355,0.5164,0.9092414811379097,2.1603529420021204e-08,6.756597830347369e-13,0,250,1209,3983.444234611,15,3.185168399988392e-05,/home/sunxr/PfQMC-main/reproduction/driven_kitaev/results/driven_critical_rate_ratio/raw/rigorous/task_0444_L34_V3.80_R1.0_s4234001/bin_records.csv,,,
445,34,3.8,1.0,4234002,500,5000,raw/rigorous/task_0445_L34_V3.80_R1.0_s4234002,success,0,5000,0.021924208242768136,0.0007847280899110276,0.5132,0.9093226035868893,6.664437811831268e-08,7.608556641036625e-12,0,250,1217,2372.518846869,15,2.7344774082949108e-05,/home/sunxr/PfQMC-main/reproduction/driven_kitaev/results/driven_critical_rate_ratio/raw/rigorous/task_0445_L34_V3.80_R1.0_s4234002/bin_records.csv,,,
446,34,3.8,1.0,4234003,500,5000,raw/rigorous/task_0446_L34_V3.80_R1.0_s4234003,success,0,5000,0.023042913664129198,0.0005602423398472578,0.5076,0.90929633580705,4.537486824924434e-09,2.3095416090718206e-13,0,250,1231,2375.134111114,15,6.490449992591074e-05,/home/sunxr/PfQMC-main/reproduction/driven_kitaev/results/driven_critical_rate_ratio/raw/rigorous/task_0446_L34_V3.80_R1.0_s4234003/bin_records.csv,,,
447,34,3.8,1.0,4234004,500,5000,raw/rigorous/task_0447_L34_V3.80_R1.0_s4234004,success,0,5000,0.02599890665644124,0.0027262238864867797,0.4992,0.9092181199752628,9.322907621779147e-09,6.18957789423359e-12,0,250,1252,3954.550928576,15,8.433798310392149e-06,/home/sunxr/PfQMC-main/reproduction/driven_kitaev/results/driven_critical_rate_ratio/raw/rigorous/task_0447_L34_V3.80_R1.0_s4234004/bin_records.csv,,,
448,34,3.8,1.0,4234005,500,5000,raw/rigorous/task_0448_L34_V3.80_R1.0_s4234005,other_failure,3,,,,,,,,,,,,,,,,,
449,34,3.8,1.0,4234006,500,5000,raw/rigorous/task_0449_L34_V3.80_R1.0_s4234006,success,0,5000,0.022157948873411538,0.0004372806752147507,0.5108,0.9091981447124304,4.635544577408339e-08,2.7034292545670337e-13,0,250,1223,2926.70171199,15,0.0003225681838128214,/home/sunxr/PfQMC-main/reproduction/driven_kitaev/results/driven_critical_rate_ratio/raw/rigorous/task_0449_L34_V3.80_R1.0_s4234006/bin_records.csv,,,
450,34,3.8,1.0,4234007,500,5000,raw/rigorous/task_0450_L34_V3.80_R1.0_s4234007,success,0,5000,0.023912059649910767,0.0011916619961182815,0.5148,0.9092145794681509,1.3548708268168182e-08,5.690122530655954e-13,0,250,1213,2851.073964683,15,3.095290573051912e-05,/home/sunxr/PfQMC-main/reproduction/driven_kitaev/results/driven_critical_rate_ratio/raw/rigorous/task_0450_L34_V3.80_R1.0_s4234007/bin_records.csv,,,
451,34,3.8,1.0,4234008,500,5000,raw/rigorous/task_0451_L34_V3.80_R1.0_s4234008,success,0,5000,0.024590875511613985,0.0008527817510371967,0.5204,0.9092610080395794,1.7239617675415213e-08,3.226651511402592e-13,0,250,1199,2947.074977905,15,1.7575880543185818e-05,/home/sunxr/PfQMC-main/reproduction/driven_kitaev/results/driven_critical_rate_ratio/raw/rigorous/task_0451_L34_V3.80_R1.0_s4234008/bin_records.csv,,,
452,34,3.8,1.0,4234009,500,5000,raw/rigorous/task_0452_L34_V3.80_R1.0_s4234009,success,0,5000,0.023588922140900526,0.0008329678204194308,0.498,0.9092809523809524,2.235881935349442e-08,1.0935765142141936e-12,0,250,1255,2838.833165455,15,2.2695742662115492e-05,/home/sunxr/PfQMC-main/reproduction/driven_kitaev/results/driven_critical_rate_ratio/raw/rigorous/task_0452_L34_V3.80_R1.0_s4234009/bin_records.csv,,,
453,34,3.8,1.0,4234010,500,5000,raw/rigorous/task_0453_L34_V3.80_R1.0_s4234010,success,0,5000,0.023693941739338604,0.0004412547132234383,0.5172,0.9093065708101422,8.164876823130193e-09,4.11610247262477e-13,0,250,1207,2991.810110266,15,0.00014804374059640413,/home/sunxr/PfQMC-main/reproduction/driven_kitaev/results/driven_critical_rate_ratio/raw/rigorous/task_0453_L34_V3.80_R1.0_s4234010/bin_records.csv,,,
454,34,3.8,1.0,4234011,500,5000,raw/rigorous/task_0454_L34_V3.80_R1.0_s4234011,success,0,5000,0.022694136540978346,0.00044243440262697507,0.5008,0.9092788033395176,1.7337347093936126e-08,5.778606236778756e-13,0,250,1248,4301.358847624,15,5.782898088280142e-06,/home/sunxr/PfQMC-main/reproduction/driven_kitaev/results/driven_critical_rate_ratio/raw/rigorous/task_0454_L34_V3.80_R1.0_s4234011/bin_records.csv,,,
455,34,3.8,1.0,4234012,500,5000,raw/rigorous/task_0455_L34_V3.80_R1.0_s4234012,success,0,5000,0.02625501745067171,0.002405810044756377,0.5148,0.9092570500927644,3.9886491663746404e-08,2.237342884589971e-12,0,250,1213,4313.265766147,15,4.154957731716813e-05,/home/sunxr/PfQMC-main/reproduction/driven_kitaev/results/driven_critical_rate_ratio/raw/rigorous/task_0455_L34_V3.80_R1.0_s4234012/bin_records.csv,,,
456,34,3.8,2.0,4234001,500,5000,raw/rigorous/task_0456_L34_V3.80_R2.0_s4234001,success,0,5000,0.01952461374007029,0.00023564205999523457,0.704,0.9438198504027618,8.760676084719653e-10,3.268216110125224e-13,0,250,740,3379.663694837,15,0.00023479157419170615,/home/sunxr/PfQMC-main/reproduction/driven_kitaev/results/driven_critical_rate_ratio/raw/rigorous/task_0456_L34_V3.80_R2.0_s4234001/bin_records.csv,,,
457,34,3.8,2.0,4234002,500,5000,raw/rigorous/task_0457_L34_V3.80_R2.0_s4234002,success,0,5000,0.01861162362571533,0.0002052078716913702,0.7076,0.9437500958956655,3.2658308745297647e-09,2.592090377076317e-13,0,250,731,3309.619495545,15,0.00016602843039259518,/home/sunxr/PfQMC-main/reproduction/driven_kitaev/results/driven_critical_rate_ratio/raw/rigorous/task_0457_L34_V3.80_R2.0_s4234002/bin_records.csv,,,
458,34,3.8,2.0,4234003,500,5000,raw/rigorous/task_0458_L34_V3.80_R2.0_s4234003,success,0,5000,0.01908348345793633,0.0003756490900473521,0.7112,0.9437148254698887,9.310861968870824e-10,5.039056532921684e-12,0,250,722,3297.548468766,15,0.00028932183683405555,/home/sunxr/PfQMC-main/reproduction/driven_kitaev/results/driven_critical_rate_ratio/raw/rigorous/task_0458_L34_V3.80_R2.0_s4234003/bin_records.csv,,,
459,34,3.8,2.0,4234004,500,5000,raw/rigorous/task_0459_L34_V3.80_R2.0_s4234004,success,0,5000,0.019332796855279274,0.0005220472238303127,0.6968,0.9437352896049098,1.5796603188649013e-09,4.883553592317573e-13,0,250,758,2244.532321967,15,5.0446724580321956e-05,/home/sunxr/PfQMC-main/reproduction/driven_kitaev/results/driven_critical_rate_ratio/raw/rigorous/task_0459_L34_V3.80_R2.0_s4234004/bin_records.csv,,,
460,34,3.8,2.0,4234005,500,5000,raw/rigorous/task_0460_L34_V3.80_R2.0_s4234005,success,0,5000,0.019172916872385502,0.0003424072822446641,0.714,0.9437628500191791,3.4806960559669664e-09,2.4557375891349718e-12,0,250,715,2220.332655044,15,3.976027811436467e-06,/home/sunxr/PfQMC-main/reproduction/driven_kitaev/results/driven_critical_rate_ratio/raw/rigorous/task_0460_L34_V3.80_R2.0_s4234005/bin_records.csv,,,
461,34,3.8,2.0,4234006,500,5000,raw/rigorous/task_0461_L34_V3.80_R2.0_s4234006,success,0,5000,0.018797957052606826,0.0003690580515002704,0.7068,0.9437705600306866,3.11086758472106e-09,1.82369856526119e-12,0,250,733,2243.272935343,15,8.757185871699491e-05,/home/sunxr/PfQMC-main/reproduction/driven_kitaev/results/driven_critical_rate_ratio/raw/rigorous/task_0461_L34_V3.80_R2.0_s4234006/bin_records.csv,,,
462,34,3.8,2.0,4234007,500,5000,raw/rigorous/task_0462_L34_V3.80_R2.0_s4234007,success,0,5000,0.018390170315586703,0.00021670760803777566,0.7144,0.9437444380514001,2.592170931768324e-08,1.595752988299035e-13,0,250,714,2217.805524927,15,8.25765503451592e-05,/home/sunxr/PfQMC-main/reproduction/driven_kitaev/results/driven_critical_rate_ratio/raw/rigorous/task_0462_L34_V3.80_R2.0_s4234007/bin_records.csv,,,
463,34,3.8,2.0,4234008,500,5000,raw/rigorous/task_0463_L34_V3.80_R2.0_s4234008,success,0,5000,0.01862235624069994,0.00027953351164267955,0.7024,0.9437961641733794,2.4413641757791256e-09,6.914555955909286e-13,0,250,744,2484.049231882,15,4.4552010978193834e-06,/home/sunxr/PfQMC-main/reproduction/driven_kitaev/results/driven_critical_rate_ratio/raw/rigorous/task_0463_L34_V3.80_R2.0_s4234008/bin_records.csv,,,
464,34,3.8,2.0,4234009,500,5000,raw/rigorous/task_0464_L34_V3.80_R2.0_s4234009,success,0,5000,0.01959835467775889,0.0005950464906764113,0.7028,0.9437036056770234,2.3992043366623883e-09,5.88735880891143e-13,0,250,743,2480.825362998,15,0.0003282889413197543,/home/sunxr/PfQMC-main/reproduction/driven_kitaev/results/driven_critical_rate_ratio/raw/rigorous/task_0464_L34_V3.80_R2.0_s4234009/bin_records.csv,,,
465,34,3.8,2.0,4234010,500,5000,raw/rigorous/task_0465_L34_V3.80_R2.0_s4234010,success,0,5000,0.019591479041684484,0.0003336010159251445,0.7128,0.9437433256616801,1.7922793718440005e-09,4.667290993253043e-13,0,250,718,2412.617516269,15,0.0002279776578328896,/home/sunxr/PfQMC-main/reproduction/driven_kitaev/results/driven_critical_rate_ratio/raw/rigorous/task_0465_L34_V3.80_R2.0_s4234010/bin_records.csv,,,
466,34,3.8,2.0,4234011,500,5000,raw/rigorous/task_0466_L34_V3.80_R2.0_s4234011,success,0,5000,0.019835645115780755,0.0002947113601808597,0.718,0.94374610663598,3.0663596713304035e-09,4.633785336089637e-12,0,250,705,2388.248667409,15,3.4559378103260485e-05,/home/sunxr/PfQMC-main/reproduction/driven_kitaev/results/driven_critical_rate_ratio/raw/rigorous/task_0466_L34_V3.80_R2.0_s4234011/bin_records.csv,,,
467,34,3.8,2.0,4234012,500,5000,raw/rigorous/task_0467_L34_V3.80_R2.0_s4234012,success,0,5000,0.01846815044705227,0.0004844736849645064,0.692,0.9438409474491753,4.982803607907758e-09,1.9502025376530678e-12,0,250,770,2419.576589079,15,8.624447377258981e-06,/home/sunxr/PfQMC-main/reproduction/driven_kitaev/results/driven_critical_rate_ratio/raw/rigorous/task_0467_L34_V3.80_R2.0_s4234012/bin_records.csv,,,
468,34,3.85,0.5,4234001,500,5000,raw/rigorous/task_0468_L34_V3.85_R0.5_s4234001,other_failure,3,,,,,,,,,,,,,,,,,
469,34,3.85,0.5,4234002,500,5000,raw/rigorous/task_0469_L34_V3.85_R0.5_s4234002,success,0,5000,0.022794528268496907,0.003924831621830127,0.2468,0.8674962397699624,5.413666947213783e-08,3.4230641225638324e-11,0,250,1883,4222.375958655,15,2.017650825392181e-05,/home/sunxr/PfQMC-main/reproduction/driven_kitaev/results/driven_critical_rate_ratio/raw/rigorous/task_0469_L34_V3.85_R0.5_s4234002/bin_records.csv,,,
470,34,3.85,0.5,4234003,500,5000,raw/rigorous/task_0470_L34_V3.85_R0.5_s4234003,success,0,5000,0.02572322631972072,0.0027955800733398223,0.262,0.8675241871267418,3.6254651044784346e-08,1.0107160786441442e-09,0,250,1845,3913.908222385,15,2.861778555240946e-06,/home/sunxr/PfQMC-main/reproduction/driven_kitaev/results/driven_critical_rate_ratio/raw/rigorous/task_0470_L34_V3.85_R0.5_s4234003/bin_records.csv,,,
471,34,3.85,0.5,4234004,500,5000,raw/rigorous/task_0471_L34_V3.85_R0.5_s4234004,success,0,5000,0.030441236361712587,0.003515912964490825,0.236,0.8674927228489272,5.227420964000745e-08,3.959683287130014e-11,0,250,1910,6067.617551391,15,1.55283634524217e-05,/home/sunxr/PfQMC-main/reproduction/driven_kitaev/results/driven_critical_rate_ratio/raw/rigorous/task_0471_L34_V3.85_R0.5_s4234004/bin_records.csv,,,
472,34,3.85,0.5,4234005,500,5000,raw/rigorous/task_0472_L34_V3.85_R0.5_s4234005,success,0,5000,0.03479742249118972,0.00677282269802282,0.2472,0.8675004866180048,5.7613500251754936e-08,2.3594377929731115e-10,0,250,1882,6078.602312312,15,1.2976830613520285e-05,/home/sunxr/PfQMC-main/reproduction/driven_kitaev/results/driven_critical_rate_ratio/raw/rigorous/task_0472_L34_V3.85_R0.5_s4234005/bin_records.csv,,,
473,34,3.85,0.5,4234006,500,5000,raw/rigorous/task_0473_L34_V3.85_R0.5_s4234006,success,0,5000,0.02973709317854831,0.003627358803949179,0.236,0.8675501437735015,7.137701659198858e-08,1.681555657074463e-10,0,250,1910,6125.478451685,15,1.6819808428047978e-05,/home/sunxr/PfQMC-main/reproduction/driven_kitaev/results/driven_critical_rate_ratio/raw/rigorous/task_0473_L34_V3.85_R0.5_s4234006/bin_records.csv,,,
474,34,3.85,0.5,4234007,500,5000,raw/rigorous/task_0474_L34_V3.85_R0.5_s4234007,success,0,5000,0.02767511327094074,0.0015639565676549083,0.234,0.8674992368944924,8.605606258162487e-08,5.214191313056328e-11,0,250,1915,6123.60671762,15,4.514103291519689e-05,/home/sunxr/PfQMC-main/reproduction/driven_kitaev/results/driven_critical_rate_ratio/raw/rigorous/task_0474_L34_V3.85_R0.5_s4234007/bin_records.csv,,,
475,34,3.85,0.5,4234008,500,5000,raw/rigorous/task_0475_L34_V3.85_R0.5_s4234008,other_failure,3,,,,,,,,,,,,,,,,,
476,34,3.85,0.5,4234009,500,5000,raw/rigorous/task_0476_L34_V3.85_R0.5_s4234009,other_failure,3,,,,,,,,,,,,,,,,,
477,34,3.85,0.5,4234010,500,5000,raw/rigorous/task_0477_L34_V3.85_R0.5_s4234010,success,0,5000,0.019302311072767687,0.0022630392720462676,0.2348,0.8675553527980535,4.055197605436758e-08,1.2155626368154894e-10,0,250,1913,3921.253820968,15,5.851274628820846e-05,/home/sunxr/PfQMC-main/reproduction/driven_kitaev/results/driven_critical_rate_ratio/raw/rigorous/task_0477_L34_V3.85_R0.5_s4234010/bin_records.csv,,,
478,34,3.85,0.5,4234011,500,5000,raw/rigorous/task_0478_L34_V3.85_R0.5_s4234011,other_failure,3,,,,,,,,,,,,,,,,,
479,34,3.85,0.5,4234012,500,5000,raw/rigorous/task_0479_L34_V3.85_R0.5_s4234012,other_failure,3,,,,,,,,,,,,,,,,,
480,34,3.85,1.0,4234001,500,5000,raw/rigorous/task_0480_L34_V3.85_R1.0_s4234001,expected_incompatible_grid,2,,,,,,,,,,,,,,,,(Vf-V0)/(drive_rate*dt) must be an integer,
481,34,3.85,1.0,4234002,500,5000,raw/rigorous/task_0481_L34_V3.85_R1.0_s4234002,expected_incompatible_grid,2,,,,,,,,,,,,,,,,(Vf-V0)/(drive_rate*dt) must be an integer,
482,34,3.85,1.0,4234003,500,5000,raw/rigorous/task_0482_L34_V3.85_R1.0_s4234003,expected_incompatible_grid,2,,,,,,,,,,,,,,,,(Vf-V0)/(drive_rate*dt) must be an integer,
483,34,3.85,1.0,4234004,500,5000,raw/rigorous/task_0483_L34_V3.85_R1.0_s4234004,expected_incompatible_grid,2,,,,,,,,,,,,,,,,(Vf-V0)/(drive_rate*dt) must be an integer,
484,34,3.85,1.0,4234005,500,5000,raw/rigorous/task_0484_L34_V3.85_R1.0_s4234005,expected_incompatible_grid,2,,,,,,,,,,,,,,,,(Vf-V0)/(drive_rate*dt) must be an integer,
485,34,3.85,1.0,4234006,500,5000,raw/rigorous/task_0485_L34_V3.85_R1.0_s4234006,expected_incompatible_grid,2,,,,,,,,,,,,,,,,(Vf-V0)/(drive_rate*dt) must be an integer,
486,34,3.85,1.0,4234007,500,5000,raw/rigorous/task_0486_L34_V3.85_R1.0_s4234007,expected_incompatible_grid,2,,,,,,,,,,,,,,,,(Vf-V0)/(drive_rate*dt) must be an integer,
487,34,3.85,1.0,4234008,500,5000,raw/rigorous/task_0487_L34_V3.85_R1.0_s4234008,expected_incompatible_grid,2,,,,,,,,,,,,,,,,(Vf-V0)/(drive_rate*dt) must be an integer,
488,34,3.85,1.0,4234009,500,5000,raw/rigorous/task_0488_L34_V3.85_R1.0_s4234009,expected_incompatible_grid,2,,,,,,,,,,,,,,,,(Vf-V0)/(drive_rate*dt) must be an integer,
489,34,3.85,1.0,4234010,500,5000,raw/rigorous/task_0489_L34_V3.85_R1.0_s4234010,expected_incompatible_grid,2,,,,,,,,,,,,,,,,(Vf-V0)/(drive_rate*dt) must be an integer,
490,34,3.85,1.0,4234011,500,5000,raw/rigorous/task_0490_L34_V3.85_R1.0_s4234011,expected_incompatible_grid,2,,,,,,,,,,,,,,,,(Vf-V0)/(drive_rate*dt) must be an integer,
491,34,3.85,1.0,4234012,500,5000,raw/rigorous/task_0491_L34_V3.85_R1.0_s4234012,expected_incompatible_grid,2,,,,,,,,,,,,,,,,(Vf-V0)/(drive_rate*dt) must be an integer,
492,34,3.85,2.0,4234001,500,5000,raw/rigorous/task_0492_L34_V3.85_R2.0_s4234001,expected_incompatible_grid,2,,,,,,,,,,,,,,,,(Vf-V0)/(drive_rate*dt) must be an integer,
493,34,3.85,2.0,4234002,500,5000,raw/rigorous/task_0493_L34_V3.85_R2.0_s4234002,expected_incompatible_grid,2,,,,,,,,,,,,,,,,(Vf-V0)/(drive_rate*dt) must be an integer,
494,34,3.85,2.0,4234003,500,5000,raw/rigorous/task_0494_L34_V3.85_R2.0_s4234003,expected_incompatible_grid,2,,,,,,,,,,,,,,,,(Vf-V0)/(drive_rate*dt) must be an integer,
495,34,3.85,2.0,4234004,500,5000,raw/rigorous/task_0495_L34_V3.85_R2.0_s4234004,expected_incompatible_grid,2,,,,,,,,,,,,,,,,(Vf-V0)/(drive_rate*dt) must be an integer,
496,34,3.85,2.0,4234005,500,5000,raw/rigorous/task_0496_L34_V3.85_R2.0_s4234005,expected_incompatible_grid,2,,,,,,,,,,,,,,,,(Vf-V0)/(drive_rate*dt) must be an integer,
497,34,3.85,2.0,4234006,500,5000,raw/rigorous/task_0497_L34_V3.85_R2.0_s4234006,expected_incompatible_grid,2,,,,,,,,,,,,,,,,(Vf-V0)/(drive_rate*dt) must be an integer,
498,34,3.85,2.0,4234007,500,5000,raw/rigorous/task_0498_L34_V3.85_R2.0_s4234007,expected_incompatible_grid,2,,,,,,,,,,,,,,,,(Vf-V0)/(drive_rate*dt) must be an integer,
499,34,3.85,2.0,4234008,500,5000,raw/rigorous/task_0499_L34_V3.85_R2.0_s4234008,expected_incompatible_grid,2,,,,,,,,,,,,,,,,(Vf-V0)/(drive_rate*dt) must be an integer,
500,34,3.85,2.0,4234009,500,5000,raw/rigorous/task_0500_L34_V3.85_R2.0_s4234009,expected_incompatible_grid,2,,,,,,,,,,,,,,,,(Vf-V0)/(drive_rate*dt) must be an integer,
501,34,3.85,2.0,4234010,500,5000,raw/rigorous/task_0501_L34_V3.85_R2.0_s4234010,expected_incompatible_grid,2,,,,,,,,,,,,,,,,(Vf-V0)/(drive_rate*dt) must be an integer,
502,34,3.85,2.0,4234011,500,5000,raw/rigorous/task_0502_L34_V3.85_R2.0_s4234011,expected_incompatible_grid,2,,,,,,,,,,,,,,,,(Vf-V0)/(drive_rate*dt) must be an integer,
503,34,3.85,2.0,4234012,500,5000,raw/rigorous/task_0503_L34_V3.85_R2.0_s4234012,expected_incompatible_grid,2,,,,,,,,,,,,,,,,(Vf-V0)/(drive_rate*dt) must be an integer,
504,34,3.9,0.5,4234001,500,5000,raw/rigorous/task_0504_L34_V3.90_R0.5_s4234001,other_failure,3,,,,,,,,,,,,,,,,,
505,34,3.9,0.5,4234002,500,5000,raw/rigorous/task_0505_L34_V3.90_R0.5_s4234002,success,0,5000,0.02393530369887448,0.003424215123596059,0.2312,0.8657853974527887,5.156237352338636e-08,8.171198648299893e-13,0,250,1922,4272.775820623,15,2.3648838068934808e-06,/home/sunxr/PfQMC-main/reproduction/driven_kitaev/results/driven_critical_rate_ratio/raw/rigorous/task_0505_L34_V3.90_R0.5_s4234002/bin_records.csv,,,
506,34,3.9,0.5,4234003,500,5000,raw/rigorous/task_0506_L34_V3.90_R0.5_s4234003,success,0,5000,0.03379822660385923,0.001924478066395207,0.2344,0.8658186649099693,5.196104952001812e-08,8.250910816585472e-12,0,250,1914,3401.240093553,15,2.0954042488918745e-06,/home/sunxr/PfQMC-main/reproduction/driven_kitaev/results/driven_critical_rate_ratio/raw/rigorous/task_0506_L34_V3.90_R0.5_s4234003/bin_records.csv,,,
507,34,3.9,0.5,4234004,500,5000,raw/rigorous/task_0507_L34_V3.90_R0.5_s4234004,success,0,5000,0.026725618015755882,0.003812675319339598,0.244,0.865791875274484,6.435383217692034e-08,6.605868102142805e-12,0,250,1890,4904.350280435,15,3.6263927302160326e-06,/home/sunxr/PfQMC-main/reproduction/driven_kitaev/results/driven_critical_rate_ratio/raw/rigorous/task_0507_L34_V3.90_R0.5_s4234004/bin_records.csv,,,
508,34,3.9,0.5,4234005,500,5000,raw/rigorous/task_0508_L34_V3.90_R0.5_s4234005,success,0,5000,0.027633486771012586,0.003799199393523933,0.244,0.8657933684672815,4.993534305603791e-08,5.77384365194921e-13,0,250,1890,3397.702205012,15,5.019057339961108e-06,/home/sunxr/PfQMC-main/reproduction/driven_kitaev/results/driven_critical_rate_ratio/raw/rigorous/task_0508_L34_V3.90_R0.5_s4234005/bin_records.csv,,,
509,34,3.9,0.5,4234006,500,5000,raw/rigorous/task_0509_L34_V3.90_R0.5_s4234006,success,0,5000,0.03218165443461402,0.003590538600235043,0.222,0.8659117698726394,9.371097817624266e-08,1.4190927447817098e-12,0,250,1945,3428.019341634,15,7.141506279562115e-06,/home/sunxr/PfQMC-main/reproduction/driven_kitaev/results/driven_critical_rate_ratio/raw/rigorous/task_0509_L34_V3.90_R0.5_s4234006/bin_records.csv,,,
510,34,3.9,0.5,4234007,500,5000,raw/rigorous/task_0510_L34_V3.90_R0.5_s4234007,success,0,5000,0.022238748389842824,0.005513016978022379,0.2308,0.8658385155906895,2.731425883545914e-08,9.3531554008792e-12,0,250,1923,3436.526572908,15,3.5572859462540407e-06,/home/sunxr/PfQMC-main/reproduction/driven_kitaev/results/driven_critical_rate_ratio/raw/rigorous/task_0510_L34_V3.90_R0.5_s4234007/bin_records.csv,,,
511,34,3.9,0.5,4234008,500,5000,raw/rigorous/task_0511_L34_V3.90_R0.5_s4234008,other_failure,3,,,,,,,,,,,,,,,,,
512,34,3.9,0.5,4234009,500,5000,raw/rigorous/task_0512_L34_V3.90_R0.5_s4234009,success,0,5000,0.03585997867903302,0.0055893186371289445,0.2188,0.8657930500658761,9.547210740665769e-08,5.7538424495963636e-12,0,250,1953,5834.185163472,15,4.232363520539906e-06,/home/sunxr/PfQMC-main/reproduction/driven_kitaev/results/driven_critical_rate_ratio/raw/rigorous/task_0512_L34_V3.90_R0.5_s4234009/bin_records.csv,,,
513,34,3.9,0.5,4234010,500,5000,raw/rigorous/task_0513_L34_V3.90_R0.5_s4234010,other_failure,3,,,,,,,,,,,,,,,,,
514,34,3.9,0.5,4234011,500,5000,raw/rigorous/task_0514_L34_V3.90_R0.5_s4234011,other_failure,3,,,,,,,,,,,,,,,,,
515,34,3.9,0.5,4234012,500,5000,raw/rigorous/task_0515_L34_V3.90_R0.5_s4234012,success,0,5000,0.037528276574278575,0.010406330541515726,0.218,0.8657913592446201,3.5315414855185185e-08,2.711022763680231e-12,0,250,1955,5872.147946853,15,4.888589662144227e-05,/home/sunxr/PfQMC-main/reproduction/driven_kitaev/results/driven_critical_rate_ratio/raw/rigorous/task_0515_L34_V3.90_R0.5_s4234012/bin_records.csv,,,
516,34,3.9,1.0,4234001,500,5000,raw/rigorous/task_0516_L34_V3.90_R1.0_s4234001,success,0,5000,0.024498589196621567,0.000712999254593547,0.4656,0.906552540557086,2.1344285157344282e-08,1.0764218519737188e-11,0,250,1336,3935.312557183,15,6.879565878858962e-06,/home/sunxr/PfQMC-main/reproduction/driven_kitaev/results/driven_critical_rate_ratio/raw/rigorous/task_0516_L34_V3.90_R1.0_s4234001/bin_records.csv,,,
517,34,3.9,1.0,4234002,500,5000,raw/rigorous/task_0517_L34_V3.90_R1.0_s4234002,success,0,5000,0.02239392153879868,0.0011630196251074842,0.452,0.9065416896235078,2.683947047324604e-08,6.618432229676723e-12,0,250,1370,4047.495057429,15,8.531580535720007e-05,/home/sunxr/PfQMC-main/reproduction/driven_kitaev/results/driven_critical_rate_ratio/raw/rigorous/task_0517_L34_V3.90_R1.0_s4234002/bin_records.csv,,,
518,34,3.9,1.0,4234003,500,5000,raw/rigorous/task_0518_L34_V3.90_R1.0_s4234003,success,0,5000,0.02415523085158813,0.001101626398942031,0.47,0.9064784511784512,1.64487575676346e-08,1.1905913071662904e-12,0,250,1325,4056.81582557,15,3.645820260600452e-05,/home/sunxr/PfQMC-main/reproduction/driven_kitaev/results/driven_critical_rate_ratio/raw/rigorous/task_0518_L34_V3.90_R1.0_s4234003/bin_records.csv,,,
519,34,3.9,1.0,4234004,500,5000,raw/rigorous/task_0519_L34_V3.90_R1.0_s4234004,success,0,5000,0.025106805634322587,0.0009851372766321715,0.4844,0.9065041322314049,1.10817942934552e-08,4.62415532332029e-12,0,250,1289,4008.060705334,15,7.937749178266174e-05,/home/sunxr/PfQMC-main/reproduction/driven_kitaev/results/driven_critical_rate_ratio/raw/rigorous/task_0519_L34_V3.90_R1.0_s4234004/bin_records.csv,,,
520,34,3.9,1.0,4234005,500,5000,raw/rigorous/task_0520_L34_V3.90_R1.0_s4234005,other_failure,3,,,,,,,,,,,,,,,,,
521,34,3.9,1.0,4234006,500,5000,raw/rigorous/task_0521_L34_V3.90_R1.0_s4234006,success,0,5000,0.025819790725846448,0.000959326843447742,0.4724,0.9064653657790022,3.9549041789909385e-08,8.404265085490064e-12,0,250,1319,4059.399627461,15,8.645636133985946e-05,/home/sunxr/PfQMC-main/reproduction/driven_kitaev/results/driven_critical_rate_ratio/raw/rigorous/task_0521_L34_V3.90_R1.0_s4234006/bin_records.csv,,,
522,34,3.9,1.0,4234007,500,5000,raw/rigorous/task_0522_L34_V3.90_R1.0_s4234007,success,0,5000,0.024470445147413204,0.000851314608103634,0.468,0.9064432812978267,1.2360629413409068e-08,5.579390839524038e-11,0,250,1330,4162.443651639,15,9.444460261320842e-05,/home/sunxr/PfQMC-main/reproduction/driven_kitaev/results/driven_critical_rate_ratio/raw/rigorous/task_0522_L34_V3.90_R1.0_s4234007/bin_records.csv,,,
523,34,3.9,1.0,4234008,500,5000,raw/rigorous/task_0523_L34_V3.90_R1.0_s4234008,success,0,5000,0.0242185544111307,0.001270702694582722,0.4608,0.906519191919192,4.036823967232246e-09,1.3121054796393352e-11,0,250,1348,2796.69961353,15,4.138026493327729e-05,/home/sunxr/PfQMC-main/reproduction/driven_kitaev/results/driven_critical_rate_ratio/raw/rigorous/task_0523_L34_V3.90_R1.0_s4234008/bin_records.csv,,,
524,34,3.9,1.0,4234009,500,5000,raw/rigorous/task_0524_L34_V3.90_R1.0_s4234009,success,0,5000,0.023439904750243153,0.0011468420690885748,0.4816,0.9065679981634527,1.2213445759729737e-08,3.752328050064379e-12,0,250,1296,2837.681891599,15,3.528673395902793e-05,/home/sunxr/PfQMC-main/reproduction/driven_kitaev/results/driven_critical_rate_ratio/raw/rigorous/task_0524_L34_V3.90_R1.0_s4234009/bin_records.csv,,,
525,34,3.9,1.0,4234010,500,5000,raw/rigorous/task_0525_L34_V3.90_R1.0_s4234010,success,0,5000,0.024933825496108678,0.0014526916479760863,0.4832,0.9066104530149984,4.928447278267508e-09,8.899067921567406e-12,0,250,1292,2850.241146215,15,3.2784407866026655e-05,/home/sunxr/PfQMC-main/reproduction/driven_kitaev/results/driven_critical_rate_ratio/raw/rigorous/task_0525_L34_V3.90_R1.0_s4234010/bin_records.csv,,,
526,34,3.9,1.0,4234011,500,5000,raw/rigorous/task_0526_L34_V3.90_R1.0_s4234011,success,0,5000,0.02156789436172923,0.0011165169189945626,0.4636,0.9064785277012549,2.6486534500451587e-08,2.8227248706257615e-11,0,250,1341,2901.660164686,15,1.8869607707694414e-05,/home/sunxr/PfQMC-main/reproduction/driven_kitaev/results/driven_critical_rate_ratio/raw/rigorous/task_0526_L34_V3.90_R1.0_s4234011/bin_records.csv,,,
527,34,3.9,1.0,4234012,500,5000,raw/rigorous/task_0527_L34_V3.90_R1.0_s4234012,success,0,5000,0.024353145771105686,0.001037267401668725,0.4816,0.9064863330272421,5.4918007603052745e-08,7.980994586747856e-12,0,250,1296,2876.233290071,15,3.618586700948612e-05,/home/sunxr/PfQMC-main/reproduction/driven_kitaev/results/driven_critical_rate_ratio/raw/rigorous/task_0527_L34_V3.90_R1.0_s4234012/bin_records.csv,,,
528,34,3.9,2.0,4234001,500,5000,raw/rigorous/task_0528_L34_V3.90_R2.0_s4234001,expected_incompatible_grid,2,,,,,,,,,,,,,,,,(Vf-V0)/(drive_rate*dt) must be an integer,
529,34,3.9,2.0,4234002,500,5000,raw/rigorous/task_0529_L34_V3.90_R2.0_s4234002,expected_incompatible_grid,2,,,,,,,,,,,,,,,,(Vf-V0)/(drive_rate*dt) must be an integer,
530,34,3.9,2.0,4234003,500,5000,raw/rigorous/task_0530_L34_V3.90_R2.0_s4234003,expected_incompatible_grid,2,,,,,,,,,,,,,,,,(Vf-V0)/(drive_rate*dt) must be an integer,
531,34,3.9,2.0,4234004,500,5000,raw/rigorous/task_0531_L34_V3.90_R2.0_s4234004,expected_incompatible_grid,2,,,,,,,,,,,,,,,,(Vf-V0)/(drive_rate*dt) must be an integer,
532,34,3.9,2.0,4234005,500,5000,raw/rigorous/task_0532_L34_V3.90_R2.0_s4234005,expected_incompatible_grid,2,,,,,,,,,,,,,,,,(Vf-V0)/(drive_rate*dt) must be an integer,
533,34,3.9,2.0,4234006,500,5000,raw/rigorous/task_0533_L34_V3.90_R2.0_s4234006,expected_incompatible_grid,2,,,,,,,,,,,,,,,,(Vf-V0)/(drive_rate*dt) must be an integer,
534,34,3.9,2.0,4234007,500,5000,raw/rigorous/task_0534_L34_V3.90_R2.0_s4234007,expected_incompatible_grid,2,,,,,,,,,,,,,,,,(Vf-V0)/(drive_rate*dt) must be an integer,
535,34,3.9,2.0,4234008,500,5000,raw/rigorous/task_0535_L34_V3.90_R2.0_s4234008,expected_incompatible_grid,2,,,,,,,,,,,,,,,,(Vf-V0)/(drive_rate*dt) must be an integer,
536,34,3.9,2.0,4234009,500,5000,raw/rigorous/task_0536_L34_V3.90_R2.0_s4234009,expected_incompatible_grid,2,,,,,,,,,,,,,,,,(Vf-V0)/(drive_rate*dt) must be an integer,
537,34,3.9,2.0,4234010,500,5000,raw/rigorous/task_0537_L34_V3.90_R2.0_s4234010,expected_incompatible_grid,2,,,,,,,,,,,,,,,,(Vf-V0)/(drive_rate*dt) must be an integer,
538,34,3.9,2.0,4234011,500,5000,raw/rigorous/task_0538_L34_V3.90_R2.0_s4234011,expected_incompatible_grid,2,,,,,,,,,,,,,,,,(Vf-V0)/(drive_rate*dt) must be an integer,
539,34,3.9,2.0,4234012,500,5000,raw/rigorous/task_0539_L34_V3.90_R2.0_s4234012,expected_incompatible_grid,2,,,,,,,,,,,,,,,,(Vf-V0)/(drive_rate*dt) must be an integer,
540,34,3.95,0.5,4234001,500,5000,raw/rigorous/task_0540_L34_V3.95_R0.5_s4234001,other_failure,3,,,,,,,,,,,,,,,,,
541,34,3.95,0.5,4234002,500,5000,raw/rigorous/task_0541_L34_V3.95_R0.5_s4234002,other_failure,3,,,,,,,,,,,,,,,,,
542,34,3.95,0.5,4234003,500,5000,raw/rigorous/task_0542_L34_V3.95_R0.5_s4234003,other_failure,3,,,,,,,,,,,,,,,,,
543,34,3.95,0.5,4234004,500,5000,raw/rigorous/task_0543_L34_V3.95_R0.5_s4234004,other_failure,3,,,,,,,,,,,,,,,,,
544,34,3.95,0.5,4234005,500,5000,raw/rigorous/task_0544_L34_V3.95_R0.5_s4234005,other_failure,3,,,,,,,,,,,,,,,,,
545,34,3.95,0.5,4234006,500,5000,raw/rigorous/task_0545_L34_V3.95_R0.5_s4234006,other_failure,3,,,,,,,,,,,,,,,,,
546,34,3.95,0.5,4234007,500,5000,raw/rigorous/task_0546_L34_V3.95_R0.5_s4234007,other_failure,3,,,,,,,,,,,,,,,,,
547,34,3.95,0.5,4234008,500,5000,raw/rigorous/task_0547_L34_V3.95_R0.5_s4234008,other_failure,3,,,,,,,,,,,,,,,,,
548,34,3.95,0.5,4234009,500,5000,raw/rigorous/task_0548_L34_V3.95_R0.5_s4234009,success,0,5000,0.028427424054953118,0.0043573075660048675,0.1928,0.8641436232831916,6.643734771845339e-08,4.120103628366156e-10,0,250,2018,3984.399748015,15,6.933016467169928e-05,/home/sunxr/PfQMC-main/reproduction/driven_kitaev/results/driven_critical_rate_ratio/raw/rigorous/task_0548_L34_V3.95_R0.5_s4234009/bin_records.csv,,,
549,34,3.95,0.5,4234010,500,5000,raw/rigorous/task_0549_L34_V3.95_R0.5_s4234010,other_failure,3,,,,,,,,,,,,,,,,,
550,34,3.95,0.5,4234011,500,5000,raw/rigorous/task_0550_L34_V3.95_R0.5_s4234011,success,0,5000,0.03617949768277027,0.020424006037135727,0.2072,0.864132330499237,4.7027563896027383e-08,2.695410938228777e-11,0,250,1982,5845.657212375,15,6.430111232247349e-06,/home/sunxr/PfQMC-main/reproduction/driven_kitaev/results/driven_critical_rate_ratio/raw/rigorous/task_0550_L34_V3.95_R0.5_s4234011/bin_records.csv,,,
551,34,3.95,0.5,4234012,500,5000,raw/rigorous/task_0551_L34_V3.95_R0.5_s4234012,other_failure,3,,,,,,,,,,,,,,,,,
552,34,3.95,1.0,4234001,500,5000,raw/rigorous/task_0552_L34_V3.95_R1.0_s4234001,expected_incompatible_grid,2,,,,,,,,,,,,,,,,(Vf-V0)/(drive_rate*dt) must be an integer,
553,34,3.95,1.0,4234002,500,5000,raw/rigorous/task_0553_L34_V3.95_R1.0_s4234002,expected_incompatible_grid,2,,,,,,,,,,,,,,,,(Vf-V0)/(drive_rate*dt) must be an integer,
554,34,3.95,1.0,4234003,500,5000,raw/rigorous/task_0554_L34_V3.95_R1.0_s4234003,expected_incompatible_grid,2,,,,,,,,,,,,,,,,(Vf-V0)/(drive_rate*dt) must be an integer,
555,34,3.95,1.0,4234004,500,5000,raw/rigorous/task_0555_L34_V3.95_R1.0_s4234004,expected_incompatible_grid,2,,,,,,,,,,,,,,,,(Vf-V0)/(drive_rate*dt) must be an integer,
556,34,3.95,1.0,4234005,500,5000,raw/rigorous/task_0556_L34_V3.95_R1.0_s4234005,expected_incompatible_grid,2,,,,,,,,,,,,,,,,(Vf-V0)/(drive_rate*dt) must be an integer,
557,34,3.95,1.0,4234006,500,5000,raw/rigorous/task_0557_L34_V3.95_R1.0_s4234006,expected_incompatible_grid,2,,,,,,,,,,,,,,,,(Vf-V0)/(drive_rate*dt) must be an integer,
558,34,3.95,1.0,4234007,500,5000,raw/rigorous/task_0558_L34_V3.95_R1.0_s4234007,expected_incompatible_grid,2,,,,,,,,,,,,,,,,(Vf-V0)/(drive_rate*dt) must be an integer,
559,34,3.95,1.0,4234008,500,5000,raw/rigorous/task_0559_L34_V3.95_R1.0_s4234008,expected_incompatible_grid,2,,,,,,,,,,,,,,,,(Vf-V0)/(drive_rate*dt) must be an integer,
560,34,3.95,1.0,4234009,500,5000,raw/rigorous/task_0560_L34_V3.95_R1.0_s4234009,expected_incompatible_grid,2,,,,,,,,,,,,,,,,(Vf-V0)/(drive_rate*dt) must be an integer,
561,34,3.95,1.0,4234010,500,5000,raw/rigorous/task_0561_L34_V3.95_R1.0_s4234010,expected_incompatible_grid,2,,,,,,,,,,,,,,,,(Vf-V0)/(drive_rate*dt) must be an integer,
562,34,3.95,1.0,4234011,500,5000,raw/rigorous/task_0562_L34_V3.95_R1.0_s4234011,expected_incompatible_grid,2,,,,,,,,,,,,,,,,(Vf-V0)/(drive_rate*dt) must be an integer,
563,34,3.95,1.0,4234012,500,5000,raw/rigorous/task_0563_L34_V3.95_R1.0_s4234012,expected_incompatible_grid,2,,,,,,,,,,,,,,,,(Vf-V0)/(drive_rate*dt) must be an integer,
564,34,3.95,2.0,4234001,500,5000,raw/rigorous/task_0564_L34_V3.95_R2.0_s4234001,expected_incompatible_grid,2,,,,,,,,,,,,,,,,(Vf-V0)/(drive_rate*dt) must be an integer,
565,34,3.95,2.0,4234002,500,5000,raw/rigorous/task_0565_L34_V3.95_R2.0_s4234002,expected_incompatible_grid,2,,,,,,,,,,,,,,,,(Vf-V0)/(drive_rate*dt) must be an integer,
566,34,3.95,2.0,4234003,500,5000,raw/rigorous/task_0566_L34_V3.95_R2.0_s4234003,expected_incompatible_grid,2,,,,,,,,,,,,,,,,(Vf-V0)/(drive_rate*dt) must be an integer,
567,34,3.95,2.0,4234004,500,5000,raw/rigorous/task_0567_L34_V3.95_R2.0_s4234004,expected_incompatible_grid,2,,,,,,,,,,,,,,,,(Vf-V0)/(drive_rate*dt) must be an integer,
568,34,3.95,2.0,4234005,500,5000,raw/rigorous/task_0568_L34_V3.95_R2.0_s4234005,expected_incompatible_grid,2,,,,,,,,,,,,,,,,(Vf-V0)/(drive_rate*dt) must be an integer,
569,34,3.95,2.0,4234006,500,5000,raw/rigorous/task_0569_L34_V3.95_R2.0_s4234006,expected_incompatible_grid,2,,,,,,,,,,,,,,,,(Vf-V0)/(drive_rate*dt) must be an integer,
570,34,3.95,2.0,4234007,500,5000,raw/rigorous/task_0570_L34_V3.95_R2.0_s4234007,expected_incompatible_grid,2,,,,,,,,,,,,,,,,(Vf-V0)/(drive_rate*dt) must be an integer,
571,34,3.95,2.0,4234008,500,5000,raw/rigorous/task_0571_L34_V3.95_R2.0_s4234008,expected_incompatible_grid,2,,,,,,,,,,,,,,,,(Vf-V0)/(drive_rate*dt) must be an integer,
572,34,3.95,2.0,4234009,500,5000,raw/rigorous/task_0572_L34_V3.95_R2.0_s4234009,expected_incompatible_grid,2,,,,,,,,,,,,,,,,(Vf-V0)/(drive_rate*dt) must be an integer,
573,34,3.95,2.0,4234010,500,5000,raw/rigorous/task_0573_L34_V3.95_R2.0_s4234010,expected_incompatible_grid,2,,,,,,,,,,,,,,,,(Vf-V0)/(drive_rate*dt) must be an integer,
574,34,3.95,2.0,4234011,500,5000,raw/rigorous/task_0574_L34_V3.95_R2.0_s4234011,expected_incompatible_grid,2,,,,,,,,,,,,,,,,(Vf-V0)/(drive_rate*dt) must be an integer,
575,34,3.95,2.0,4234012,500,5000,raw/rigorous/task_0575_L34_V3.95_R2.0_s4234012,expected_incompatible_grid,2,,,,,,,,,,,,,,,,(Vf-V0)/(drive_rate*dt) must be an integer,
576,34,4.0,0.5,4234001,500,5000,raw/rigorous/task_0576_L34_V4.00_R0.5_s4234001,success,0,5000,0.012906515618594966,0.013490093162546873,0.1736,0.8625085173160173,8.861227226002908e-08,4.083970999381869e-12,0,250,2066,5805.691778012,15,8.586868990967389e-06,/home/sunxr/PfQMC-main/reproduction/driven_kitaev/results/driven_critical_rate_ratio/raw/rigorous/task_0576_L34_V4.00_R0.5_s4234001/bin_records.csv,,,
577,34,4.0,0.5,4234002,500,5000,raw/rigorous/task_0577_L34_V4.00_R0.5_s4234002,other_failure,3,,,,,,,,,,,,,,,,,
578,34,4.0,0.5,4234003,500,5000,raw/rigorous/task_0578_L34_V4.00_R0.5_s4234003,other_failure,3,,,,,,,,,,,,,,,,,
579,34,4.0,0.5,4234004,500,5000,raw/rigorous/task_0579_L34_V4.00_R0.5_s4234004,other_failure,3,,,,,,,,,,,,,,,,,
580,34,4.0,0.5,4234005,500,5000,raw/rigorous/task_0580_L34_V4.00_R0.5_s4234005,other_failure,3,,,,,,,,,,,,,,,,,
581,34,4.0,0.5,4234006,500,5000,raw/rigorous/task_0581_L34_V4.00_R0.5_s4234006,other_failure,3,,,,,,,,,,,,,,,,,
582,34,4.0,0.5,4234007,500,5000,raw/rigorous/task_0582_L34_V4.00_R0.5_s4234007,other_failure,3,,,,,,,,,,,,,,,,,
583,34,4.0,0.5,4234008,500,5000,raw/rigorous/task_0583_L34_V4.00_R0.5_s4234008,other_failure,3,,,,,,,,,,,,,,,,,
584,34,4.0,0.5,4234009,500,5000,raw/rigorous/task_0584_L34_V4.00_R0.5_s4234009,success,0,5000,0.0409064147888736,0.007000865535636634,0.18,0.8623747727272727,5.7504296460940485e-08,3.749289096887079e-13,0,250,2050,4439.254040599,15,1.7309062920300988e-05,/home/sunxr/PfQMC-main/reproduction/driven_kitaev/results/driven_critical_rate_ratio/raw/rigorous/task_0584_L34_V4.00_R0.5_s4234009/bin_records.csv,,,
585,34,4.0,0.5,4234010,500,5000,raw/rigorous/task_0585_L34_V4.00_R0.5_s4234010,other_failure,3,,,,,,,,,,,,,,,,,
586,34,4.0,0.5,4234011,500,5000,raw/rigorous/task_0586_L34_V4.00_R0.5_s4234011,other_failure,3,,,,,,,,,,,,,,,,,
587,34,4.0,0.5,4234012,500,5000,raw/rigorous/task_0587_L34_V4.00_R0.5_s4234012,other_failure,3,,,,,,,,,,,,,,,,,
588,34,4.0,1.0,4234001,500,5000,raw/rigorous/task_0588_L34_V4.00_R1.0_s4234001,success,0,5000,0.028316681903901592,0.0019470202155795616,0.424,0.9038373030303031,7.865237758571718e-08,7.400230082908274e-13,0,250,1440,3573.921831802,15,2.9564840871576514e-05,/home/sunxr/PfQMC-main/reproduction/driven_kitaev/results/driven_critical_rate_ratio/raw/rigorous/task_0588_L34_V4.00_R1.0_s4234001/bin_records.csv,,,
589,34,4.0,1.0,4234002,500,5000,raw/rigorous/task_0589_L34_V4.00_R1.0_s4234002,success,0,5000,0.022256901970089088,0.0031596533405993613,0.4072,0.903744,5.519285087667485e-08,1.886407048011068e-12,0,250,1482,3556.379952403,15,3.4091572138628123e-06,/home/sunxr/PfQMC-main/reproduction/driven_kitaev/results/driven_critical_rate_ratio/raw/rigorous/task_0589_L34_V4.00_R1.0_s4234002/bin_records.csv,,,
590,34,4.0,1.0,4234003,500,5000,raw/rigorous/task_0590_L34_V4.00_R1.0_s4234003,success,0,5000,0.026399446341616662,0.001496217127694704,0.4016,0.9037159242424242,7.28345694625905e-08,3.0436566683373505e-13,0,250,1496,4173.061462411,15,7.391675161261269e-05,/home/sunxr/PfQMC-main/reproduction/driven_kitaev/results/driven_critical_rate_ratio/raw/rigorous/task_0590_L34_V4.00_R1.0_s4234003/bin_records.csv,,,
591,34,4.0,1.0,4234004,500,5000,raw/rigorous/task_0591_L34_V4.00_R1.0_s4234004,success,0,5000,0.022779136236750427,0.0012210384262771824,0.4404,0.9037714090909091,1.2960960190798613e-08,8.668455521848396e-14,0,250,1399,4148.00140592,15,5.334796720934953e-06,/home/sunxr/PfQMC-main/reproduction/driven_kitaev/results/driven_critical_rate_ratio/raw/rigorous/task_0591_L34_V4.00_R1.0_s4234004/bin_records.csv,,,
592,34,4.0,1.0,4234005,500,5000,raw/rigorous/task_0592_L34_V4.00_R1.0_s4234005,other_failure,3,,,,,,,,,,,,,,,,,
593,34,4.0,1.0,4234006,500,5000,raw/rigorous/task_0593_L34_V4.00_R1.0_s4234006,success,0,5000,0.02589776736276566,0.001060018398843245,0.4308,0.9036622121212121,1.641606853888171e-08,3.458350360481308e-13,0,250,1423,3451.366400333,15,0.0001067420679365938,/home/sunxr/PfQMC-main/reproduction/driven_kitaev/results/driven_critical_rate_ratio/raw/rigorous/task_0593_L34_V4.00_R1.0_s4234006/bin_records.csv,,,
594,34,4.0,1.0,4234007,500,5000,raw/rigorous/task_0594_L34_V4.00_R1.0_s4234007,success,0,5000,0.023056300667377603,0.00390051752334152,0.4204,0.9037516212121212,2.613668069802589e-08,1.1303542809105114e-12,0,250,1449,3597.330002952,15,5.2785876694882994e-05,/home/sunxr/PfQMC-main/reproduction/driven_kitaev/results/driven_critical_rate_ratio/raw/rigorous/task_0594_L34_V4.00_R1.0_s4234007/bin_records.csv,,,
595,34,4.0,1.0,4234008,500,5000,raw/rigorous/task_0595_L34_V4.00_R1.0_s4234008,other_failure,3,,,,,,,,,,,,,,,,,
596,34,4.0,1.0,4234009,500,5000,raw/rigorous/task_0596_L34_V4.00_R1.0_s4234009,success,0,5000,0.028689497937300194,0.0032072403324763968,0.44,0.9037604696969697,4.44973182892018e-08,1.292270506659643e-12,0,250,1400,3421.345945606,15,2.095849565542096e-05,/home/sunxr/PfQMC-main/reproduction/driven_kitaev/results/driven_critical_rate_ratio/raw/rigorous/task_0596_L34_V4.00_R1.0_s4234009/bin_records.csv,,,
597,34,4.0,1.0,4234010,500,5000,raw/rigorous/task_0597_L34_V4.00_R1.0_s4234010,success,0,5000,0.02367215033372514,0.0011016851372549858,0.4116,0.9037741515151515,1.0821811102693764e-08,6.681643570745213e-14,0,250,1471,2431.002366106,15,6.734570614441715e-05,/home/sunxr/PfQMC-main/reproduction/driven_kitaev/results/driven_critical_rate_ratio/raw/rigorous/task_0597_L34_V4.00_R1.0_s4234010/bin_records.csv,,,
598,34,4.0,1.0,4234011,500,5000,raw/rigorous/task_0598_L34_V4.00_R1.0_s4234011,success,0,5000,0.02444015437487539,0.0007853159947865443,0.42,0.9036870151515152,9.335111279895166e-09,1.2388047587692527e-13,0,250,1450,3397.511743426,15,6.723299312061393e-05,/home/sunxr/PfQMC-main/reproduction/driven_kitaev/results/driven_critical_rate_ratio/raw/rigorous/task_0598_L34_V4.00_R1.0_s4234011/bin_records.csv,,,
599,34,4.0,1.0,4234012,500,5000,raw/rigorous/task_0599_L34_V4.00_R1.0_s4234012,success,0,5000,0.024908990192476586,0.002040897779986984,0.4312,0.9037005,4.495705399260179e-08,1.1694489663570734e-13,0,250,1422,3461.7984425,15,6.714118999884278e-06,/home/sunxr/PfQMC-main/reproduction/driven_kitaev/results/driven_critical_rate_ratio/raw/rigorous/task_0599_L34_V4.00_R1.0_s4234012/bin_records.csv,,,
600,34,4.0,2.0,4234001,500,5000,raw/rigorous/task_0600_L34_V4.00_R2.0_s4234001,success,0,5000,0.021249806805009975,0.0007832758224876147,0.6496,0.9399404734848484,1.1036021485368124e-08,6.085206562510748e-14,0,250,876,1899.164299718,15,0.00014295748176129663,/home/sunxr/PfQMC-main/reproduction/driven_kitaev/results/driven_critical_rate_ratio/raw/rigorous/task_0600_L34_V4.00_R2.0_s4234001/bin_records.csv,,,
601,34,4.0,2.0,4234002,500,5000,raw/rigorous/task_0601_L34_V4.00_R2.0_s4234002,success,0,5000,0.020754360439892306,0.0003659402900565748,0.646,0.9398799242424243,1.9973095171664307e-09,8.458274988080201e-14,0,250,885,2823.647171213,15,9.975193924294246e-05,/home/sunxr/PfQMC-main/reproduction/driven_kitaev/results/driven_critical_rate_ratio/raw/rigorous/task_0601_L34_V4.00_R2.0_s4234002/bin_records.csv,,,
602,34,4.0,2.0,4234003,500,5000,raw/rigorous/task_0602_L34_V4.00_R2.0_s4234003,success,0,5000,0.020894484898077024,0.0006843652093250633,0.6508,0.9398755303030303,1.0161597820320601e-08,3.1620367028121894e-12,0,250,873,2842.125130969,15,3.1778501631496425e-05,/home/sunxr/PfQMC-main/reproduction/driven_kitaev/results/driven_critical_rate_ratio/raw/rigorous/task_0602_L34_V4.00_R2.0_s4234003/bin_records.csv,,,
603,34,4.0,2.0,4234004,500,5000,raw/rigorous/task_0603_L34_V4.00_R2.0_s4234004,success,0,5000,0.018645374116844596,0.0014801393937364728,0.6344,0.9398707196969697,4.187653742484941e-08,7.074055437352559e-12,0,250,914,1899.533578428,15,9.059375549891335e-05,/home/sunxr/PfQMC-main/reproduction/driven_kitaev/results/driven_critical_rate_ratio/raw/rigorous/task_0603_L34_V4.00_R2.0_s4234004/bin_records.csv,,,
604,34,4.0,2.0,4234005,500,5000,raw/rigorous/task_0604_L34_V4.00_R2.0_s4234005,success,0,5000,0.021690523033769605,0.0007812910535457752,0.6572,0.9398808712121212,4.787699616253895e-09,1.1616752051288966e-13,0,250,857,3427.117568282,15,1.0441096123248172e-05,/home/sunxr/PfQMC-main/reproduction/driven_kitaev/results/driven_critical_rate_ratio/raw/rigorous/task_0604_L34_V4.00_R2.0_s4234005/bin_records.csv,,,
605,34,4.0,2.0,4234006,500,5000,raw/rigorous/task_0605_L34_V4.00_R2.0_s4234006,success,0,5000,0.021527879127801682,0.0009419375151369865,0.624,0.9398364772727272,4.5086902872359e-09,2.8782435369121105e-13,0,250,940,2227.220445639,15,4.7578827648053774e-05,/home/sunxr/PfQMC-main/reproduction/driven_kitaev/results/driven_critical_rate_ratio/raw/rigorous/task_0605_L34_V4.00_R2.0_s4234006/bin_records.csv,,,
606,34,4.0,2.0,4234007,500,5000,raw/rigorous/task_0606_L34_V4.00_R2.0_s4234007,success,0,5000,0.019789175783620248,0.00030881716540259296,0.6348,0.9398754734848485,1.5055355706472443e-09,3.713920537547497e-14,0,250,913,2246.217486096,15,3.910783723892752e-05,/home/sunxr/PfQMC-main/reproduction/driven_kitaev/results/driven_critical_rate_ratio/raw/rigorous/task_0606_L34_V4.00_R2.0_s4234007/bin_records.csv,,,
607,34,4.0,2.0,4234008,500,5000,raw/rigorous/task_0607_L34_V4.00_R2.0_s4234008,success,0,5000,0.02210395825827878,0.0008645918620589134,0.6312,0.9399227462121212,7.546939898100946e-09,1.5081545768185664e-13,0,250,922,2245.558253517,15,8.574039423558943e-06,/home/sunxr/PfQMC-main/reproduction/driven_kitaev/results/driven_critical_rate_ratio/raw/rigorous/task_0607_L34_V4.00_R2.0_s4234008/bin_records.csv,,,
608,34,4.0,2.0,4234009,500,5000,raw/rigorous/task_0608_L34_V4.00_R2.0_s4234009,success,0,5000,0.02023764846384108,0.0002377867975827067,0.6488,0.9399093371212122,1.514798450902409e-09,1.1776328650610793e-14,0,250,878,2230.251437646,15,9.681485687029756e-06,/home/sunxr/PfQMC-main/reproduction/driven_kitaev/results/driven_critical_rate_ratio/raw/rigorous/task_0608_L34_V4.00_R2.0_s4234009/bin_records.csv,,,
609,34,4.0,2.0,4234010,500,5000,raw/rigorous/task_0609_L34_V4.00_R2.0_s4234010,success,0,5000,0.020299885153094194,0.000539096560692225,0.6308,0.9398136553030303,2.5948372224085722e-09,2.714852541028926e-13,0,250,923,3285.368486839,15,8.157964723642941e-05,/home/sunxr/PfQMC-main/reproduction/driven_kitaev/results/driven_critical_rate_ratio/raw/rigorous/task_0609_L34_V4.00_R2.0_s4234010/bin_records.csv,,,
610,34,4.0,2.0,4234011,500,5000,raw/rigorous/task_0610_L34_V4.00_R2.0_s4234011,success,0,5000,0.02281261619134089,0.0023214521643387487,0.6268,0.939923428030303,1.1278201780736524e-09,1.7031999398912292e-13,0,250,933,3257.711614236,15,3.164924992593576e-05,/home/sunxr/PfQMC-main/reproduction/driven_kitaev/results/driven_critical_rate_ratio/raw/rigorous/task_0610_L34_V4.00_R2.0_s4234011/bin_records.csv,,,
611,34,4.0,2.0,4234012,500,5000,raw/rigorous/task_0611_L34_V4.00_R2.0_s4234012,success,0,5000,0.021120531962547085,0.000580220536651753,0.6388,0.9398500757575757,2.5945552721086484e-09,4.2253981461927865e-14,0,250,903,2373.314638497,15,1.822137362239573e-05,/home/sunxr/PfQMC-main/reproduction/driven_kitaev/results/driven_critical_rate_ratio/raw/rigorous/task_0611_L34_V4.00_R2.0_s4234012/bin_records.csv,,,
612,34,4.05,0.5,4234001,500,5000,raw/rigorous/task_0612_L34_V4.05_R0.5_s4234001,success,0,5000,0.03566327024356415,0.007086896750819708,0.1476,0.8607934665807007,4.326079557787411e-08,7.259441091992128e-11,0,250,2131,4533.700482892,15,3.557409272825218e-05,/home/sunxr/PfQMC-main/reproduction/driven_kitaev/results/driven_critical_rate_ratio/raw/rigorous/task_0612_L34_V4.05_R0.5_s4234001/bin_records.csv,,,
613,34,4.05,0.5,4234002,500,5000,raw/rigorous/task_0613_L34_V4.05_R0.5_s4234002,other_failure,3,,,,,,,,,,,,,,,,,
614,34,4.05,0.5,4234003,500,5000,raw/rigorous/task_0614_L34_V4.05_R0.5_s4234003,other_failure,3,,,,,,,,,,,,,,,,,
615,34,4.05,0.5,4234004,500,5000,raw/rigorous/task_0615_L34_V4.05_R0.5_s4234004,other_failure,3,,,,,,,,,,,,,,,,,
616,34,4.05,0.5,4234005,500,5000,raw/rigorous/task_0616_L34_V4.05_R0.5_s4234005,other_failure,3,,,,,,,,,,,,,,,,,
617,34,4.05,0.5,4234006,500,5000,raw/rigorous/task_0617_L34_V4.05_R0.5_s4234006,other_failure,3,,,,,,,,,,,,,,,,,
618,34,4.05,0.5,4234007,500,5000,raw/rigorous/task_0618_L34_V4.05_R0.5_s4234007,other_failure,3,,,,,,,,,,,,,,,,,
619,34,4.05,0.5,4234008,500,5000,raw/rigorous/task_0619_L34_V4.05_R0.5_s4234008,other_failure,3,,,,,,,,,,,,,,,,,
620,34,4.05,0.5,4234009,500,5000,raw/rigorous/task_0620_L34_V4.05_R0.5_s4234009,other_failure,3,,,,,,,,,,,,,,,,,
621,34,4.05,0.5,4234010,500,5000,raw/rigorous/task_0621_L34_V4.05_R0.5_s4234010,success,0,5000,0.035839049628994694,0.007435095006400761,0.1708,0.8607757038469804,6.436520615811197e-08,2.7073831291448893e-11,0,250,2073,4362.251399443,15,1.693256895274331e-05,/home/sunxr/PfQMC-main/reproduction/driven_kitaev/results/driven_critical_rate_ratio/raw/rigorous/task_0621_L34_V4.05_R0.5_s4234010/bin_records.csv,,,
622,34,4.05,0.5,4234011,500,5000,raw/rigorous/task_0622_L34_V4.05_R0.5_s4234011,other_failure,3,,,,,,,,,,,,,,,,,
623,34,4.05,0.5,4234012,500,5000,raw/rigorous/task_0623_L34_V4.05_R0.5_s4234012,other_failure,3,,,,,,,,,,,,,,,,,
624,34,4.05,1.0,4234001,500,5000,raw/rigorous/task_0624_L34_V4.05_R1.0_s4234001,expected_incompatible_grid,2,,,,,,,,,,,,,,,,(Vf-V0)/(drive_rate*dt) must be an integer,
625,34,4.05,1.0,4234002,500,5000,raw/rigorous/task_0625_L34_V4.05_R1.0_s4234002,expected_incompatible_grid,2,,,,,,,,,,,,,,,,(Vf-V0)/(drive_rate*dt) must be an integer,
626,34,4.05,1.0,4234003,500,5000,raw/rigorous/task_0626_L34_V4.05_R1.0_s4234003,expected_incompatible_grid,2,,,,,,,,,,,,,,,,(Vf-V0)/(drive_rate*dt) must be an integer,
627,34,4.05,1.0,4234004,500,5000,raw/rigorous/task_0627_L34_V4.05_R1.0_s4234004,expected_incompatible_grid,2,,,,,,,,,,,,,,,,(Vf-V0)/(drive_rate*dt) must be an integer,
628,34,4.05,1.0,4234005,500,5000,raw/rigorous/task_0628_L34_V4.05_R1.0_s4234005,expected_incompatible_grid,2,,,,,,,,,,,,,,,,(Vf-V0)/(drive_rate*dt) must be an integer,
629,34,4.05,1.0,4234006,500,5000,raw/rigorous/task_0629_L34_V4.05_R1.0_s4234006,expected_incompatible_grid,2,,,,,,,,,,,,,,,,(Vf-V0)/(drive_rate*dt) must be an integer,
630,34,4.05,1.0,4234007,500,5000,raw/rigorous/task_0630_L34_V4.05_R1.0_s4234007,expected_incompatible_grid,2,,,,,,,,,,,,,,,,(Vf-V0)/(drive_rate*dt) must be an integer,
631,34,4.05,1.0,4234008,500,5000,raw/rigorous/task_0631_L34_V4.05_R1.0_s4234008,expected_incompatible_grid,2,,,,,,,,,,,,,,,,(Vf-V0)/(drive_rate*dt) must be an integer,
632,34,4.05,1.0,4234009,500,5000,raw/rigorous/task_0632_L34_V4.05_R1.0_s4234009,expected_incompatible_grid,2,,,,,,,,,,,,,,,,(Vf-V0)/(drive_rate*dt) must be an integer,
633,34,4.05,1.0,4234010,500,5000,raw/rigorous/task_0633_L34_V4.05_R1.0_s4234010,expected_incompatible_grid,2,,,,,,,,,,,,,,,,(Vf-V0)/(drive_rate*dt) must be an integer,
634,34,4.05,1.0,4234011,500,5000,raw/rigorous/task_0634_L34_V4.05_R1.0_s4234011,expected_incompatible_grid,2,,,,,,,,,,,,,,,,(Vf-V0)/(drive_rate*dt) must be an integer,
635,34,4.05,1.0,4234012,500,5000,raw/rigorous/task_0635_L34_V4.05_R1.0_s4234012,expected_incompatible_grid,2,,,,,,,,,,,,,,,,(Vf-V0)/(drive_rate*dt) must be an integer,
636,34,4.05,2.0,4234001,500,5000,raw/rigorous/task_0636_L34_V4.05_R2.0_s4234001,expected_incompatible_grid,2,,,,,,,,,,,,,,,,(Vf-V0)/(drive_rate*dt) must be an integer,
637,34,4.05,2.0,4234002,500,5000,raw/rigorous/task_0637_L34_V4.05_R2.0_s4234002,expected_incompatible_grid,2,,,,,,,,,,,,,,,,(Vf-V0)/(drive_rate*dt) must be an integer,
638,34,4.05,2.0,4234003,500,5000,raw/rigorous/task_0638_L34_V4.05_R2.0_s4234003,expected_incompatible_grid,2,,,,,,,,,,,,,,,,(Vf-V0)/(drive_rate*dt) must be an integer,
639,34,4.05,2.0,4234004,500,5000,raw/rigorous/task_0639_L34_V4.05_R2.0_s4234004,expected_incompatible_grid,2,,,,,,,,,,,,,,,,(Vf-V0)/(drive_rate*dt) must be an integer,
640,34,4.05,2.0,4234005,500,5000,raw/rigorous/task_0640_L34_V4.05_R2.0_s4234005,expected_incompatible_grid,2,,,,,,,,,,,,,,,,(Vf-V0)/(drive_rate*dt) must be an integer,
641,34,4.05,2.0,4234006,500,5000,raw/rigorous/task_0641_L34_V4.05_R2.0_s4234006,expected_incompatible_grid,2,,,,,,,,,,,,,,,,(Vf-V0)/(drive_rate*dt) must be an integer,
642,34,4.05,2.0,4234007,500,5000,raw/rigorous/task_0642_L34_V4.05_R2.0_s4234007,expected_incompatible_grid,2,,,,,,,,,,,,,,,,(Vf-V0)/(drive_rate*dt) must be an integer,
643,34,4.05,2.0,4234008,500,5000,raw/rigorous/task_0643_L34_V4.05_R2.0_s4234008,expected_incompatible_grid,2,,,,,,,,,,,,,,,,(Vf-V0)/(drive_rate*dt) must be an integer,
644,34,4.05,2.0,4234009,500,5000,raw/rigorous/task_0644_L34_V4.05_R2.0_s4234009,expected_incompatible_grid,2,,,,,,,,,,,,,,,,(Vf-V0)/(drive_rate*dt) must be an integer,
645,34,4.05,2.0,4234010,500,5000,raw/rigorous/task_0645_L34_V4.05_R2.0_s4234010,expected_incompatible_grid,2,,,,,,,,,,,,,,,,(Vf-V0)/(drive_rate*dt) must be an integer,
646,34,4.05,2.0,4234011,500,5000,raw/rigorous/task_0646_L34_V4.05_R2.0_s4234011,expected_incompatible_grid,2,,,,,,,,,,,,,,,,(Vf-V0)/(drive_rate*dt) must be an integer,
647,34,4.05,2.0,4234012,500,5000,raw/rigorous/task_0647_L34_V4.05_R2.0_s4234012,expected_incompatible_grid,2,,,,,,,,,,,,,,,,(Vf-V0)/(drive_rate*dt) must be an integer,
648,34,4.1,0.5,4234001,500,5000,raw/rigorous/task_0648_L34_V4.10_R0.5_s4234001,other_failure,3,,,,,,,,,,,,,,,,,
649,34,4.1,0.5,4234002,500,5000,raw/rigorous/task_0649_L34_V4.10_R0.5_s4234002,other_failure,3,,,,,,,,,,,,,,,,,
650,34,4.1,0.5,4234003,500,5000,raw/rigorous/task_0650_L34_V4.10_R0.5_s4234003,other_failure,3,,,,,,,,,,,,,,,,,
651,34,4.1,0.5,4234004,500,5000,raw/rigorous/task_0651_L34_V4.10_R0.5_s4234004,other_failure,3,,,,,,,,,,,,,,,,,
652,34,4.1,0.5,4234005,500,5000,raw/rigorous/task_0652_L34_V4.10_R0.5_s4234005,other_failure,3,,,,,,,,,,,,,,,,,
653,34,4.1,0.5,4234006,500,5000,raw/rigorous/task_0653_L34_V4.10_R0.5_s4234006,other_failure,3,,,,,,,,,,,,,,,,,
654,34,4.1,0.5,4234007,500,5000,raw/rigorous/task_0654_L34_V4.10_R0.5_s4234007,other_failure,3,,,,,,,,,,,,,,,,,
655,34,4.1,0.5,4234008,500,5000,raw/rigorous/task_0655_L34_V4.10_R0.5_s4234008,other_failure,3,,,,,,,,,,,,,,,,,
656,34,4.1,0.5,4234009,500,5000,raw/rigorous/task_0656_L34_V4.10_R0.5_s4234009,other_failure,3,,,,,,,,,,,,,,,,,
657,34,4.1,0.5,4234010,500,5000,raw/rigorous/task_0657_L34_V4.10_R0.5_s4234010,other_failure,3,,,,,,,,,,,,,,,,,
658,34,4.1,0.5,4234011,500,5000,raw/rigorous/task_0658_L34_V4.10_R0.5_s4234011,other_failure,3,,,,,,,,,,,,,,,,,
659,34,4.1,0.5,4234012,500,5000,raw/rigorous/task_0659_L34_V4.10_R0.5_s4234012,other_failure,3,,,,,,,,,,,,,,,,,
660,34,4.1,1.0,4234001,500,5000,raw/rigorous/task_0660_L34_V4.10_R1.0_s4234001,other_failure,3,,,,,,,,,,,,,,,,,
661,34,4.1,1.0,4234002,500,5000,raw/rigorous/task_0661_L34_V4.10_R1.0_s4234002,other_failure,3,,,,,,,,,,,,,,,,,
662,34,4.1,1.0,4234003,500,5000,raw/rigorous/task_0662_L34_V4.10_R1.0_s4234003,success,0,5000,0.028290239419962938,0.0040259431776813945,0.3876,0.9009500300030003,7.163631655920839e-08,2.2764792285978227e-11,0,250,1531,2961.271169412,15,6.879114672231346e-06,/home/sunxr/PfQMC-main/reproduction/driven_kitaev/results/driven_critical_rate_ratio/raw/rigorous/task_0662_L34_V4.10_R1.0_s4234003/bin_records.csv,,,
663,34,4.1,1.0,4234004,500,5000,raw/rigorous/task_0663_L34_V4.10_R1.0_s4234004,success,0,5000,0.026270685505988215,0.0018717483242765196,0.3736,0.9009969846984699,1.9974027404713222e-08,2.5273637971124325e-12,0,250,1566,2939.440405733,15,1.737880489094401e-05,/home/sunxr/PfQMC-main/reproduction/driven_kitaev/results/driven_critical_rate_ratio/raw/rigorous/task_0663_L34_V4.10_R1.0_s4234004/bin_records.csv,,,
664,34,4.1,1.0,4234005,500,5000,raw/rigorous/task_0664_L34_V4.10_R1.0_s4234005,success,0,5000,0.02557137855112178,0.0016756428684620817,0.404,0.9009919891989199,6.97454889504897e-09,7.631718175789975e-13,0,250,1490,2452.296633011,15,1.2005086406419174e-05,/home/sunxr/PfQMC-main/reproduction/driven_kitaev/results/driven_critical_rate_ratio/raw/rigorous/task_0664_L34_V4.10_R1.0_s4234005/bin_records.csv,,,
665,34,4.1,1.0,4234006,500,5000,raw/rigorous/task_0665_L34_V4.10_R1.0_s4234006,success,0,5000,0.027160682607311217,0.0014308527694274478,0.382,0.9009998799879988,2.938157426343479e-08,4.025524125603105e-12,0,250,1545,2448.382973569,15,1.328546019274679e-05,/home/sunxr/PfQMC-main/reproduction/driven_kitaev/results/driven_critical_rate_ratio/raw/rigorous/task_0665_L34_V4.10_R1.0_s4234006/bin_records.csv,,,
666,34,4.1,1.0,4234007,500,5000,raw/rigorous/task_0666_L34_V4.10_R1.0_s4234007,success,0,5000,0.027194998722129958,0.0013269089668243063,0.3808,0.9009724122412242,1.4145158211278635e-08,1.3812532568218333e-11,0,250,1548,2437.405048767,15,1.87954863853923e-05,/home/sunxr/PfQMC-main/reproduction/driven_kitaev/results/driven_critical_rate_ratio/raw/rigorous/task_0666_L34_V4.10_R1.0_s4234007/bin_records.csv,,,
667,34,4.1,1.0,4234008,500,5000,raw/rigorous/task_0667_L34_V4.10_R1.0_s4234008,success,0,5000,0.029136163810850588,0.0046539360588492605,0.3932,0.9010423342334234,4.642515635190715e-09,4.1242659485860105e-12,0,250,1517,2439.751335199,15,1.913931227304211e-05,/home/sunxr/PfQMC-main/reproduction/driven_kitaev/results/driven_critical_rate_ratio/raw/rigorous/task_0667_L34_V4.10_R1.0_s4234008/bin_records.csv,,,
668,34,4.1,1.0,4234009,500,5000,raw/rigorous/task_0668_L34_V4.10_R1.0_s4234009,success,0,5000,0.02720113268593973,0.006302765257987286,0.3692,0.90097899789979,8.296940913290255e-08,1.5519028275829307e-10,0,250,1577,2438.507610631,15,6.247122057723153e-05,/home/sunxr/PfQMC-main/reproduction/driven_kitaev/results/driven_critical_rate_ratio/raw/rigorous/task_0668_L34_V4.10_R1.0_s4234009/bin_records.csv,,,
669,34,4.1,1.0,4234010,500,5000,raw/rigorous/task_0669_L34_V4.10_R1.0_s4234010,success,0,5000,0.02449348484514099,0.0014970061193082791,0.3944,0.9010324182418242,1.8818369692093683e-08,4.5355130109908934e-11,0,250,1514,2450.872583255,15,5.33208283393094e-06,/home/sunxr/PfQMC-main/reproduction/driven_kitaev/results/driven_critical_rate_ratio/raw/rigorous/task_0669_L34_V4.10_R1.0_s4234010/bin_records.csv,,,
670,34,4.1,1.0,4234011,500,5000,raw/rigorous/task_0670_L34_V4.10_R1.0_s4234011,success,0,5000,0.030800530821740772,0.002603778993629431,0.3772,0.9009935643564356,1.2530067229884178e-08,9.536136816865774e-13,0,250,1557,2835.704515264,15,7.812143296181961e-05,/home/sunxr/PfQMC-main/reproduction/driven_kitaev/results/driven_critical_rate_ratio/raw/rigorous/task_0670_L34_V4.10_R1.0_s4234011/bin_records.csv,,,
671,34,4.1,1.0,4234012,500,5000,raw/rigorous/task_0671_L34_V4.10_R1.0_s4234012,other_failure,3,,,,,,,,,,,,,,,,,
672,34,4.1,2.0,4234001,500,5000,raw/rigorous/task_0672_L34_V4.10_R2.0_s4234001,expected_incompatible_grid,2,,,,,,,,,,,,,,,,(Vf-V0)/(drive_rate*dt) must be an integer,
673,34,4.1,2.0,4234002,500,5000,raw/rigorous/task_0673_L34_V4.10_R2.0_s4234002,expected_incompatible_grid,2,,,,,,,,,,,,,,,,(Vf-V0)/(drive_rate*dt) must be an integer,
674,34,4.1,2.0,4234003,500,5000,raw/rigorous/task_0674_L34_V4.10_R2.0_s4234003,expected_incompatible_grid,2,,,,,,,,,,,,,,,,(Vf-V0)/(drive_rate*dt) must be an integer,
675,34,4.1,2.0,4234004,500,5000,raw/rigorous/task_0675_L34_V4.10_R2.0_s4234004,expected_incompatible_grid,2,,,,,,,,,,,,,,,,(Vf-V0)/(drive_rate*dt) must be an integer,
676,34,4.1,2.0,4234005,500,5000,raw/rigorous/task_0676_L34_V4.10_R2.0_s4234005,expected_incompatible_grid,2,,,,,,,,,,,,,,,,(Vf-V0)/(drive_rate*dt) must be an integer,
677,34,4.1,2.0,4234006,500,5000,raw/rigorous/task_0677_L34_V4.10_R2.0_s4234006,expected_incompatible_grid,2,,,,,,,,,,,,,,,,(Vf-V0)/(drive_rate*dt) must be an integer,
678,34,4.1,2.0,4234007,500,5000,raw/rigorous/task_0678_L34_V4.10_R2.0_s4234007,expected_incompatible_grid,2,,,,,,,,,,,,,,,,(Vf-V0)/(drive_rate*dt) must be an integer,
679,34,4.1,2.0,4234008,500,5000,raw/rigorous/task_0679_L34_V4.10_R2.0_s4234008,expected_incompatible_grid,2,,,,,,,,,,,,,,,,(Vf-V0)/(drive_rate*dt) must be an integer,
680,34,4.1,2.0,4234009,500,5000,raw/rigorous/task_0680_L34_V4.10_R2.0_s4234009,expected_incompatible_grid,2,,,,,,,,,,,,,,,,(Vf-V0)/(drive_rate*dt) must be an integer,
681,34,4.1,2.0,4234010,500,5000,raw/rigorous/task_0681_L34_V4.10_R2.0_s4234010,expected_incompatible_grid,2,,,,,,,,,,,,,,,,(Vf-V0)/(drive_rate*dt) must be an integer,
682,34,4.1,2.0,4234011,500,5000,raw/rigorous/task_0682_L34_V4.10_R2.0_s4234011,expected_incompatible_grid,2,,,,,,,,,,,,,,,,(Vf-V0)/(drive_rate*dt) must be an integer,
683,34,4.1,2.0,4234012,500,5000,raw/rigorous/task_0683_L34_V4.10_R2.0_s4234012,expected_incompatible_grid,2,,,,,,,,,,,,,,,,(Vf-V0)/(drive_rate*dt) must be an integer,
684,34,4.15,0.5,4234001,500,5000,raw/rigorous/task_0684_L34_V4.15_R0.5_s4234001,other_failure,3,,,,,,,,,,,,,,,,,
685,34,4.15,0.5,4234002,500,5000,raw/rigorous/task_0685_L34_V4.15_R0.5_s4234002,other_failure,3,,,,,,,,,,,,,,,,,
686,34,4.15,0.5,4234003,500,5000,raw/rigorous/task_0686_L34_V4.15_R0.5_s4234003,other_failure,3,,,,,,,,,,,,,,,,,
687,34,4.15,0.5,4234004,500,5000,raw/rigorous/task_0687_L34_V4.15_R0.5_s4234004,other_failure,3,,,,,,,,,,,,,,,,,
688,34,4.15,0.5,4234005,500,5000,raw/rigorous/task_0688_L34_V4.15_R0.5_s4234005,other_failure,3,,,,,,,,,,,,,,,,,
689,34,4.15,0.5,4234006,500,5000,raw/rigorous/task_0689_L34_V4.15_R0.5_s4234006,other_failure,3,,,,,,,,,,,,,,,,,
690,34,4.15,0.5,4234007,500,5000,raw/rigorous/task_0690_L34_V4.15_R0.5_s4234007,other_failure,3,,,,,,,,,,,,,,,,,
691,34,4.15,0.5,4234008,500,5000,raw/rigorous/task_0691_L34_V4.15_R0.5_s4234008,other_failure,3,,,,,,,,,,,,,,,,,
692,34,4.15,0.5,4234009,500,5000,raw/rigorous/task_0692_L34_V4.15_R0.5_s4234009,other_failure,3,,,,,,,,,,,,,,,,,
693,34,4.15,0.5,4234010,500,5000,raw/rigorous/task_0693_L34_V4.15_R0.5_s4234010,other_failure,3,,,,,,,,,,,,,,,,,
694,34,4.15,0.5,4234011,500,5000,raw/rigorous/task_0694_L34_V4.15_R0.5_s4234011,other_failure,3,,,,,,,,,,,,,,,,,
695,34,4.15,0.5,4234012,500,5000,raw/rigorous/task_0695_L34_V4.15_R0.5_s4234012,other_failure,3,,,,,,,,,,,,,,,,,
696,34,4.15,1.0,4234001,500,5000,raw/rigorous/task_0696_L34_V4.15_R1.0_s4234001,expected_incompatible_grid,2,,,,,,,,,,,,,,,,(Vf-V0)/(drive_rate*dt) must be an integer,
697,34,4.15,1.0,4234002,500,5000,raw/rigorous/task_0697_L34_V4.15_R1.0_s4234002,expected_incompatible_grid,2,,,,,,,,,,,,,,,,(Vf-V0)/(drive_rate*dt) must be an integer,
698,34,4.15,1.0,4234003,500,5000,raw/rigorous/task_0698_L34_V4.15_R1.0_s4234003,expected_incompatible_grid,2,,,,,,,,,,,,,,,,(Vf-V0)/(drive_rate*dt) must be an integer,
699,34,4.15,1.0,4234004,500,5000,raw/rigorous/task_0699_L34_V4.15_R1.0_s4234004,expected_incompatible_grid,2,,,,,,,,,,,,,,,,(Vf-V0)/(drive_rate*dt) must be an integer,
700,34,4.15,1.0,4234005,500,5000,raw/rigorous/task_0700_L34_V4.15_R1.0_s4234005,expected_incompatible_grid,2,,,,,,,,,,,,,,,,(Vf-V0)/(drive_rate*dt) must be an integer,
701,34,4.15,1.0,4234006,500,5000,raw/rigorous/task_0701_L34_V4.15_R1.0_s4234006,expected_incompatible_grid,2,,,,,,,,,,,,,,,,(Vf-V0)/(drive_rate*dt) must be an integer,
702,34,4.15,1.0,4234007,500,5000,raw/rigorous/task_0702_L34_V4.15_R1.0_s4234007,expected_incompatible_grid,2,,,,,,,,,,,,,,,,(Vf-V0)/(drive_rate*dt) must be an integer,
703,34,4.15,1.0,4234008,500,5000,raw/rigorous/task_0703_L34_V4.15_R1.0_s4234008,expected_incompatible_grid,2,,,,,,,,,,,,,,,,(Vf-V0)/(drive_rate*dt) must be an integer,
704,34,4.15,1.0,4234009,500,5000,raw/rigorous/task_0704_L34_V4.15_R1.0_s4234009,expected_incompatible_grid,2,,,,,,,,,,,,,,,,(Vf-V0)/(drive_rate*dt) must be an integer,
705,34,4.15,1.0,4234010,500,5000,raw/rigorous/task_0705_L34_V4.15_R1.0_s4234010,expected_incompatible_grid,2,,,,,,,,,,,,,,,,(Vf-V0)/(drive_rate*dt) must be an integer,
706,34,4.15,1.0,4234011,500,5000,raw/rigorous/task_0706_L34_V4.15_R1.0_s4234011,expected_incompatible_grid,2,,,,,,,,,,,,,,,,(Vf-V0)/(drive_rate*dt) must be an integer,
707,34,4.15,1.0,4234012,500,5000,raw/rigorous/task_0707_L34_V4.15_R1.0_s4234012,expected_incompatible_grid,2,,,,,,,,,,,,,,,,(Vf-V0)/(drive_rate*dt) must be an integer,
708,34,4.15,2.0,4234001,500,5000,raw/rigorous/task_0708_L34_V4.15_R2.0_s4234001,expected_incompatible_grid,2,,,,,,,,,,,,,,,,(Vf-V0)/(drive_rate*dt) must be an integer,
709,34,4.15,2.0,4234002,500,5000,raw/rigorous/task_0709_L34_V4.15_R2.0_s4234002,expected_incompatible_grid,2,,,,,,,,,,,,,,,,(Vf-V0)/(drive_rate*dt) must be an integer,
710,34,4.15,2.0,4234003,500,5000,raw/rigorous/task_0710_L34_V4.15_R2.0_s4234003,expected_incompatible_grid,2,,,,,,,,,,,,,,,,(Vf-V0)/(drive_rate*dt) must be an integer,
711,34,4.15,2.0,4234004,500,5000,raw/rigorous/task_0711_L34_V4.15_R2.0_s4234004,expected_incompatible_grid,2,,,,,,,,,,,,,,,,(Vf-V0)/(drive_rate*dt) must be an integer,
712,34,4.15,2.0,4234005,500,5000,raw/rigorous/task_0712_L34_V4.15_R2.0_s4234005,expected_incompatible_grid,2,,,,,,,,,,,,,,,,(Vf-V0)/(drive_rate*dt) must be an integer,
713,34,4.15,2.0,4234006,500,5000,raw/rigorous/task_0713_L34_V4.15_R2.0_s4234006,expected_incompatible_grid,2,,,,,,,,,,,,,,,,(Vf-V0)/(drive_rate*dt) must be an integer,
714,34,4.15,2.0,4234007,500,5000,raw/rigorous/task_0714_L34_V4.15_R2.0_s4234007,expected_incompatible_grid,2,,,,,,,,,,,,,,,,(Vf-V0)/(drive_rate*dt) must be an integer,
715,34,4.15,2.0,4234008,500,5000,raw/rigorous/task_0715_L34_V4.15_R2.0_s4234008,expected_incompatible_grid,2,,,,,,,,,,,,,,,,(Vf-V0)/(drive_rate*dt) must be an integer,
716,34,4.15,2.0,4234009,500,5000,raw/rigorous/task_0716_L34_V4.15_R2.0_s4234009,expected_incompatible_grid,2,,,,,,,,,,,,,,,,(Vf-V0)/(drive_rate*dt) must be an integer,
717,34,4.15,2.0,4234010,500,5000,raw/rigorous/task_0717_L34_V4.15_R2.0_s4234010,expected_incompatible_grid,2,,,,,,,,,,,,,,,,(Vf-V0)/(drive_rate*dt) must be an integer,
718,34,4.15,2.0,4234011,500,5000,raw/rigorous/task_0718_L34_V4.15_R2.0_s4234011,expected_incompatible_grid,2,,,,,,,,,,,,,,,,(Vf-V0)/(drive_rate*dt) must be an integer,
719,34,4.15,2.0,4234012,500,5000,raw/rigorous/task_0719_L34_V4.15_R2.0_s4234012,expected_incompatible_grid,2,,,,,,,,,,,,,,,,(Vf-V0)/(drive_rate*dt) must be an integer,
720,34,4.2,0.5,4234001,500,5000,raw/rigorous/task_0720_L34_V4.20_R0.5_s4234001,other_failure,3,,,,,,,,,,,,,,,,,
721,34,4.2,0.5,4234002,500,5000,raw/rigorous/task_0721_L34_V4.20_R0.5_s4234002,other_failure,3,,,,,,,,,,,,,,,,,
722,34,4.2,0.5,4234003,500,5000,raw/rigorous/task_0722_L34_V4.20_R0.5_s4234003,other_failure,3,,,,,,,,,,,,,,,,,
723,34,4.2,0.5,4234004,500,5000,raw/rigorous/task_0723_L34_V4.20_R0.5_s4234004,other_failure,3,,,,,,,,,,,,,,,,,
724,34,4.2,0.5,4234005,500,5000,raw/rigorous/task_0724_L34_V4.20_R0.5_s4234005,other_failure,3,,,,,,,,,,,,,,,,,
725,34,4.2,0.5,4234006,500,5000,raw/rigorous/task_0725_L34_V4.20_R0.5_s4234006,success,0,5000,0.05621495738494744,0.010842086572370603,0.1268,0.8558446654040404,4.742033431503132e-08,3.102721862646479e-11,0,250,2183,6094.573922412,15,1.1812577271897257e-07,/home/sunxr/PfQMC-main/reproduction/driven_kitaev/results/driven_critical_rate_ratio/raw/rigorous/task_0725_L34_V4.20_R0.5_s4234006/bin_records.csv,,,
726,34,4.2,0.5,4234007,500,5000,raw/rigorous/task_0726_L34_V4.20_R0.5_s4234007,other_failure,3,,,,,,,,,,,,,,,,,
727,34,4.2,0.5,4234008,500,5000,raw/rigorous/task_0727_L34_V4.20_R0.5_s4234008,other_failure,3,,,,,,,,,,,,,,,,,
728,34,4.2,0.5,4234009,500,5000,raw/rigorous/task_0728_L34_V4.20_R0.5_s4234009,other_failure,3,,,,,,,,,,,,,,,,,
729,34,4.2,0.5,4234010,500,5000,raw/rigorous/task_0729_L34_V4.20_R0.5_s4234010,other_failure,3,,,,,,,,,,,,,,,,,
730,34,4.2,0.5,4234011,500,5000,raw/rigorous/task_0730_L34_V4.20_R0.5_s4234011,other_failure,3,,,,,,,,,,,,,,,,,
731,34,4.2,0.5,4234012,500,5000,raw/rigorous/task_0731_L34_V4.20_R0.5_s4234012,other_failure,3,,,,,,,,,,,,,,,,,
732,34,4.2,1.0,4234001,500,5000,raw/rigorous/task_0732_L34_V4.20_R1.0_s4234001,success,0,5000,0.025687281522087935,0.0018713121147539056,0.338,0.8983475341651812,2.3479161266979607e-08,1.1007121141419108e-11,0,250,1655,3645.019748567,15,8.942401628420082e-05,/home/sunxr/PfQMC-main/reproduction/driven_kitaev/results/driven_critical_rate_ratio/raw/rigorous/task_0732_L34_V4.20_R1.0_s4234001/bin_records.csv,,,
733,34,4.2,1.0,4234002,500,5000,raw/rigorous/task_0733_L34_V4.20_R1.0_s4234002,other_failure,3,,,,,,,,,,,,,,,,,
734,34,4.2,1.0,4234003,500,5000,raw/rigorous/task_0734_L34_V4.20_R1.0_s4234003,other_failure,3,,,,,,,,,,,,,,,,,
735,34,4.2,1.0,4234004,500,5000,raw/rigorous/task_0735_L34_V4.20_R1.0_s4234004,success,0,5000,0.031946720245304885,0.0033753008962255915,0.3608,0.8983177658942365,4.240950243054652e-08,4.1629940592890034e-10,0,250,1598,3624.433892655,15,3.3870338014163615e-05,/home/sunxr/PfQMC-main/reproduction/driven_kitaev/results/driven_critical_rate_ratio/raw/rigorous/task_0735_L34_V4.20_R1.0_s4234004/bin_records.csv,,,
736,34,4.2,1.0,4234005,500,5000,raw/rigorous/task_0736_L34_V4.20_R1.0_s4234005,other_failure,3,,,,,,,,,,,,,,,,,
737,34,4.2,1.0,4234006,500,5000,raw/rigorous/task_0737_L34_V4.20_R1.0_s4234006,success,0,5000,0.025965892222399117,0.0019803078432719876,0.3624,0.898264156268568,1.985599103255754e-08,3.9835190493376656e-11,0,250,1594,4128.497376656,15,7.731040750469376e-06,/home/sunxr/PfQMC-main/reproduction/driven_kitaev/results/driven_critical_rate_ratio/raw/rigorous/task_0737_L34_V4.20_R1.0_s4234006/bin_records.csv,,,
738,34,4.2,1.0,4234007,500,5000,raw/rigorous/task_0738_L34_V4.20_R1.0_s4234007,success,0,5000,0.027185527217754364,0.004779867070116772,0.3656,0.8982553773024361,4.5295342709605696e-08,4.084989029284627e-10,0,250,1586,2883.509992858,15,5.314353152430229e-06,/home/sunxr/PfQMC-main/reproduction/driven_kitaev/results/driven_critical_rate_ratio/raw/rigorous/task_0738_L34_V4.20_R1.0_s4234007/bin_records.csv,,,
739,34,4.2,1.0,4234008,500,5000,raw/rigorous/task_0739_L34_V4.20_R1.0_s4234008,success,0,5000,0.02919577689142015,0.002565723693724512,0.3252,0.8982178401663696,4.622670319203675e-08,4.742535339229335e-11,0,250,1687,2882.456752664,15,2.0393443797450672e-05,/home/sunxr/PfQMC-main/reproduction/driven_kitaev/results/driven_critical_rate_ratio/raw/rigorous/task_0739_L34_V4.20_R1.0_s4234008/bin_records.csv,,,
740,34,4.2,1.0,4234009,500,5000,raw/rigorous/task_0740_L34_V4.20_R1.0_s4234009,other_failure,3,,,,,,,,,,,,,,,,,
741,34,4.2,1.0,4234010,500,5000,raw/rigorous/task_0741_L34_V4.20_R1.0_s4234010,success,0,5000,0.028308246447272662,0.0014596312228687424,0.346,0.8982304070112893,1.5424964129242057e-08,4.357109691714225e-11,0,250,1635,4268.03768196,15,1.3374493481821403e-05,/home/sunxr/PfQMC-main/reproduction/driven_kitaev/results/driven_critical_rate_ratio/raw/rigorous/task_0741_L34_V4.20_R1.0_s4234010/bin_records.csv,,,
742,34,4.2,1.0,4234011,500,5000,raw/rigorous/task_0742_L34_V4.20_R1.0_s4234011,other_failure,3,,,,,,,,,,,,,,,,,
743,34,4.2,1.0,4234012,500,5000,raw/rigorous/task_0743_L34_V4.20_R1.0_s4234012,success,0,5000,0.02603008430307565,0.0027623802376972157,0.3416,0.898255614973262,8.74419264298128e-08,6.246655355025961e-11,0,250,1646,4125.139199337,15,2.6022228343913767e-05,/home/sunxr/PfQMC-main/reproduction/driven_kitaev/results/driven_critical_rate_ratio/raw/rigorous/task_0743_L34_V4.20_R1.0_s4234012/bin_records.csv,,,
744,34,4.2,2.0,4234001,500,5000,raw/rigorous/task_0744_L34_V4.20_R2.0_s4234001,success,0,5000,0.02306594827983586,0.0008086126634776226,0.5764,0.9360413767302657,5.8562790652184855e-09,2.3397471788289264e-11,0,250,1059,3300.766940982,15,2.368697361976313e-05,/home/sunxr/PfQMC-main/reproduction/driven_kitaev/results/driven_critical_rate_ratio/raw/rigorous/task_0744_L34_V4.20_R2.0_s4234001/bin_records.csv,,,
745,34,4.2,2.0,4234002,500,5000,raw/rigorous/task_0745_L34_V4.20_R2.0_s4234002,success,0,5000,0.021879903156891933,0.0006377357869699025,0.5676,0.935961391694725,3.1980120407176836e-09,3.329508148076638e-11,0,250,1081,3384.866155865,15,3.39243776392717e-05,/home/sunxr/PfQMC-main/reproduction/driven_kitaev/results/driven_critical_rate_ratio/raw/rigorous/task_0745_L34_V4.20_R2.0_s4234002/bin_records.csv,,,
746,34,4.2,2.0,4234003,500,5000,raw/rigorous/task_0746_L34_V4.20_R2.0_s4234003,success,0,5000,0.023682433412777794,0.0008392298658205653,0.582,0.9359958473625141,1.5200840162700812e-08,2.540299167164475e-12,0,250,1045,3334.054781252,15,9.074460886804303e-05,/home/sunxr/PfQMC-main/reproduction/driven_kitaev/results/driven_critical_rate_ratio/raw/rigorous/task_0746_L34_V4.20_R2.0_s4234003/bin_records.csv,,,
747,34,4.2,2.0,4234004,500,5000,raw/rigorous/task_0747_L34_V4.20_R2.0_s4234004,success,0,5000,0.022955358947641686,0.0006760426165394156,0.5768,0.9360320800598578,5.045636194814728e-09,6.033830548595696e-11,0,250,1058,2428.552991038,15,9.445567213717254e-06,/home/sunxr/PfQMC-main/reproduction/driven_kitaev/results/driven_critical_rate_ratio/raw/rigorous/task_0747_L34_V4.20_R2.0_s4234004/bin_records.csv,,,
748,34,4.2,2.0,4234005,500,5000,raw/rigorous/task_0748_L34_V4.20_R2.0_s4234005,success,0,5000,0.02311036417491012,0.0007701775528337457,0.5784,0.9360100261878039,1.0670425449038993e-09,2.8265984437519454e-12,0,250,1054,2425.64655953,15,7.987424954092326e-05,/home/sunxr/PfQMC-main/reproduction/driven_kitaev/results/driven_critical_rate_ratio/raw/rigorous/task_0748_L34_V4.20_R2.0_s4234005/bin_records.csv,,,
749,34,4.2,2.0,4234006,500,5000,raw/rigorous/task_0749_L34_V4.20_R2.0_s4234006,success,0,5000,0.022371351098877914,0.0006705103742030241,0.5604,0.9359784885895998,2.830662246033822e-08,3.8261877122181755e-13,0,250,1099,3261.335636143,15,1.3206163709922336e-05,/home/sunxr/PfQMC-main/reproduction/driven_kitaev/results/driven_critical_rate_ratio/raw/rigorous/task_0749_L34_V4.20_R2.0_s4234006/bin_records.csv,,,
750,34,4.2,2.0,4234007,500,5000,raw/rigorous/task_0750_L34_V4.20_R2.0_s4234007,success,0,5000,0.020888461006612492,0.000938753592550144,0.566,0.9359988215488215,3.171268293368512e-09,1.0616468171796707e-12,0,250,1085,3262.901595645,15,2.5531879260798362e-06,/home/sunxr/PfQMC-main/reproduction/driven_kitaev/results/driven_critical_rate_ratio/raw/rigorous/task_0750_L34_V4.20_R2.0_s4234007/bin_records.csv,,,
751,34,4.2,2.0,4234008,500,5000,raw/rigorous/task_0751_L34_V4.20_R2.0_s4234008,success,0,5000,0.022610612056644625,0.0008811122656038094,0.5676,0.9359717358772914,5.552329843679224e-09,1.5357795862464562e-12,0,250,1081,2750.660914065,15,4.651131352995108e-05,/home/sunxr/PfQMC-main/reproduction/driven_kitaev/results/driven_critical_rate_ratio/raw/rigorous/task_0751_L34_V4.20_R2.0_s4234008/bin_records.csv,,,
752,34,4.2,2.0,4234009,500,5000,raw/rigorous/task_0752_L34_V4.20_R2.0_s4234009,success,0,5000,0.022568763724953197,0.0005163934831179357,0.5704,0.935986176580621,6.499515305480439e-09,2.7541942503565536e-12,0,250,1074,2405.412385502,15,0.00010849616416752639,/home/sunxr/PfQMC-main/reproduction/driven_kitaev/results/driven_critical_rate_ratio/raw/rigorous/task_0752_L34_V4.20_R2.0_s4234009/bin_records.csv,,,
753,34,4.2,2.0,4234010,500,5000,raw/rigorous/task_0753_L34_V4.20_R2.0_s4234010,success,0,5000,0.023114781749087217,0.0008179545656734289,0.5736,0.9359531799476244,3.068385855152374e-08,1.0347202304920307e-11,0,250,1066,3327.884380255,15,1.489806485288625e-06,/home/sunxr/PfQMC-main/reproduction/driven_kitaev/results/driven_critical_rate_ratio/raw/rigorous/task_0753_L34_V4.20_R2.0_s4234010/bin_records.csv,,,
754,34,4.2,2.0,4234011,500,5000,raw/rigorous/task_0754_L34_V4.20_R2.0_s4234011,success,0,5000,0.02278846572458885,0.000458573560248633,0.5864,0.9359977927422372,1.5709131769692583e-08,1.078602014527792e-11,0,250,1034,2435.784201763,15,0.00013522477885774542,/home/sunxr/PfQMC-main/reproduction/driven_kitaev/results/driven_critical_rate_ratio/raw/rigorous/task_0754_L34_V4.20_R2.0_s4234011/bin_records.csv,,,
755,34,4.2,2.0,4234012,500,5000,raw/rigorous/task_0755_L34_V4.20_R2.0_s4234012,success,0,5000,0.02072000492845747,0.0014461521679818312,0.56,0.9359837074448185,8.587116558077387e-09,3.170543084995164e-12,0,250,1100,3422.930295901,15,1.7802293406754544e-05,/home/sunxr/PfQMC-main/reproduction/driven_kitaev/results/driven_critical_rate_ratio/raw/rigorous/task_0755_L34_V4.20_R2.0_s4234012/bin_records.csv,,,
756,34,4.25,0.5,4234001,500,5000,raw/rigorous/task_0756_L34_V4.25_R0.5_s4234001,other_failure,3,,,,,,,,,,,,,,,,,
757,34,4.25,0.5,4234002,500,5000,raw/rigorous/task_0757_L34_V4.25_R0.5_s4234002,other_failure,3,,,,,,,,,,,,,,,,,
758,34,4.25,0.5,4234003,500,5000,raw/rigorous/task_0758_L34_V4.25_R0.5_s4234003,other_failure,3,,,,,,,,,,,,,,,,,
759,34,4.25,0.5,4234004,500,5000,raw/rigorous/task_0759_L34_V4.25_R0.5_s4234004,other_failure,3,,,,,,,,,,,,,,,,,
760,34,4.25,0.5,4234005,500,5000,raw/rigorous/task_0760_L34_V4.25_R0.5_s4234005,other_failure,3,,,,,,,,,,,,,,,,,
761,34,4.25,0.5,4234006,500,5000,raw/rigorous/task_0761_L34_V4.25_R0.5_s4234006,other_failure,3,,,,,,,,,,,,,,,,,
762,34,4.25,0.5,4234007,500,5000,raw/rigorous/task_0762_L34_V4.25_R0.5_s4234007,other_failure,3,,,,,,,,,,,,,,,,,
763,34,4.25,0.5,4234008,500,5000,raw/rigorous/task_0763_L34_V4.25_R0.5_s4234008,other_failure,3,,,,,,,,,,,,,,,,,
764,34,4.25,0.5,4234009,500,5000,raw/rigorous/task_0764_L34_V4.25_R0.5_s4234009,other_failure,3,,,,,,,,,,,,,,,,,
765,34,4.25,0.5,4234010,500,5000,raw/rigorous/task_0765_L34_V4.25_R0.5_s4234010,other_failure,3,,,,,,,,,,,,,,,,,
766,34,4.25,0.5,4234011,500,5000,raw/rigorous/task_0766_L34_V4.25_R0.5_s4234011,other_failure,3,,,,,,,,,,,,,,,,,
767,34,4.25,0.5,4234012,500,5000,raw/rigorous/task_0767_L34_V4.25_R0.5_s4234012,other_failure,3,,,,,,,,,,,,,,,,,
768,34,4.25,1.0,4234001,500,5000,raw/rigorous/task_0768_L34_V4.25_R1.0_s4234001,expected_incompatible_grid,2,,,,,,,,,,,,,,,,(Vf-V0)/(drive_rate*dt) must be an integer,
769,34,4.25,1.0,4234002,500,5000,raw/rigorous/task_0769_L34_V4.25_R1.0_s4234002,expected_incompatible_grid,2,,,,,,,,,,,,,,,,(Vf-V0)/(drive_rate*dt) must be an integer,
770,34,4.25,1.0,4234003,500,5000,raw/rigorous/task_0770_L34_V4.25_R1.0_s4234003,expected_incompatible_grid,2,,,,,,,,,,,,,,,,(Vf-V0)/(drive_rate*dt) must be an integer,
771,34,4.25,1.0,4234004,500,5000,raw/rigorous/task_0771_L34_V4.25_R1.0_s4234004,expected_incompatible_grid,2,,,,,,,,,,,,,,,,(Vf-V0)/(drive_rate*dt) must be an integer,
772,34,4.25,1.0,4234005,500,5000,raw/rigorous/task_0772_L34_V4.25_R1.0_s4234005,expected_incompatible_grid,2,,,,,,,,,,,,,,,,(Vf-V0)/(drive_rate*dt) must be an integer,
773,34,4.25,1.0,4234006,500,5000,raw/rigorous/task_0773_L34_V4.25_R1.0_s4234006,expected_incompatible_grid,2,,,,,,,,,,,,,,,,(Vf-V0)/(drive_rate*dt) must be an integer,
774,34,4.25,1.0,4234007,500,5000,raw/rigorous/task_0774_L34_V4.25_R1.0_s4234007,expected_incompatible_grid,2,,,,,,,,,,,,,,,,(Vf-V0)/(drive_rate*dt) must be an integer,
775,34,4.25,1.0,4234008,500,5000,raw/rigorous/task_0775_L34_V4.25_R1.0_s4234008,expected_incompatible_grid,2,,,,,,,,,,,,,,,,(Vf-V0)/(drive_rate*dt) must be an integer,
776,34,4.25,1.0,4234009,500,5000,raw/rigorous/task_0776_L34_V4.25_R1.0_s4234009,expected_incompatible_grid,2,,,,,,,,,,,,,,,,(Vf-V0)/(drive_rate*dt) must be an integer,
777,34,4.25,1.0,4234010,500,5000,raw/rigorous/task_0777_L34_V4.25_R1.0_s4234010,expected_incompatible_grid,2,,,,,,,,,,,,,,,,(Vf-V0)/(drive_rate*dt) must be an integer,
778,34,4.25,1.0,4234011,500,5000,raw/rigorous/task_0778_L34_V4.25_R1.0_s4234011,expected_incompatible_grid,2,,,,,,,,,,,,,,,,(Vf-V0)/(drive_rate*dt) must be an integer,
779,34,4.25,1.0,4234012,500,5000,raw/rigorous/task_0779_L34_V4.25_R1.0_s4234012,expected_incompatible_grid,2,,,,,,,,,,,,,,,,(Vf-V0)/(drive_rate*dt) must be an integer,
780,34,4.25,2.0,4234001,500,5000,raw/rigorous/task_0780_L34_V4.25_R2.0_s4234001,expected_incompatible_grid,2,,,,,,,,,,,,,,,,(Vf-V0)/(drive_rate*dt) must be an integer,
781,34,4.25,2.0,4234002,500,5000,raw/rigorous/task_0781_L34_V4.25_R2.0_s4234002,expected_incompatible_grid,2,,,,,,,,,,,,,,,,(Vf-V0)/(drive_rate*dt) must be an integer,
782,34,4.25,2.0,4234003,500,5000,raw/rigorous/task_0782_L34_V4.25_R2.0_s4234003,expected_incompatible_grid,2,,,,,,,,,,,,,,,,(Vf-V0)/(drive_rate*dt) must be an integer,
783,34,4.25,2.0,4234004,500,5000,raw/rigorous/task_0783_L34_V4.25_R2.0_s4234004,expected_incompatible_grid,2,,,,,,,,,,,,,,,,(Vf-V0)/(drive_rate*dt) must be an integer,
784,34,4.25,2.0,4234005,500,5000,raw/rigorous/task_0784_L34_V4.25_R2.0_s4234005,expected_incompatible_grid,2,,,,,,,,,,,,,,,,(Vf-V0)/(drive_rate*dt) must be an integer,
785,34,4.25,2.0,4234006,500,5000,raw/rigorous/task_0785_L34_V4.25_R2.0_s4234006,expected_incompatible_grid,2,,,,,,,,,,,,,,,,(Vf-V0)/(drive_rate*dt) must be an integer,
786,34,4.25,2.0,4234007,500,5000,raw/rigorous/task_0786_L34_V4.25_R2.0_s4234007,expected_incompatible_grid,2,,,,,,,,,,,,,,,,(Vf-V0)/(drive_rate*dt) must be an integer,
787,34,4.25,2.0,4234008,500,5000,raw/rigorous/task_0787_L34_V4.25_R2.0_s4234008,expected_incompatible_grid,2,,,,,,,,,,,,,,,,(Vf-V0)/(drive_rate*dt) must be an integer,
788,34,4.25,2.0,4234009,500,5000,raw/rigorous/task_0788_L34_V4.25_R2.0_s4234009,expected_incompatible_grid,2,,,,,,,,,,,,,,,,(Vf-V0)/(drive_rate*dt) must be an integer,
789,34,4.25,2.0,4234010,500,5000,raw/rigorous/task_0789_L34_V4.25_R2.0_s4234010,expected_incompatible_grid,2,,,,,,,,,,,,,,,,(Vf-V0)/(drive_rate*dt) must be an integer,
790,34,4.25,2.0,4234011,500,5000,raw/rigorous/task_0790_L34_V4.25_R2.0_s4234011,expected_incompatible_grid,2,,,,,,,,,,,,,,,,(Vf-V0)/(drive_rate*dt) must be an integer,
791,34,4.25,2.0,4234012,500,5000,raw/rigorous/task_0791_L34_V4.25_R2.0_s4234012,expected_incompatible_grid,2,,,,,,,,,,,,,,,,(Vf-V0)/(drive_rate*dt) must be an integer,
