L,boundary,hs_scheme,proposal,index,branch,bond,aux,low_rank,fast_real,fast_imag,slow_real,slow_imag,ratio_relative_error,green_relative_error,z2_mismatch,accepted,uniform,trust_alarm,used_reference,fast_seconds,slow_seconds
2,1,1,0,6,bra,0,0,2,0.89478872015262312,1.2241527310534798e-17,0.89478872015262301,1.2588153899783614e-18,1.2468217518531071e-16,1.2851846594426426e-15,0,1,0.87232578448218001,0,1,0.00073187800000000004,0.00041028899999999999
2,1,1,1,6,bra,0,0,2,1.117582259898662,-1.3686278116188242e-17,1.117582259898662,-1.5722479694282147e-18,1.0839497530909698e-17,1.1606481761254897e-15,0,1,0.70614257441598416,0,1,0.00038883,0.000405077
2,1,1,2,5,bra,1,0,2,1.4731637679601672,-7.8717073390954723e-18,1.473163767960167,-1.2588153899783599e-18,1.5079318396386961e-16,9.0406189961484457e-16,0,1,0.5429174708894311,0,1,0.00037178100000000001,0.00038366499999999999
2,1,1,3,5,bra,1,0,2,0.67881115579204154,8.8124180697402358e-18,0.67881115579204165,5.8004272734945852e-19,1.6400305311224932e-16,1.1978530852191398e-15,0,0,0.89412059941388822,0,1,0.00035204799999999999,0.00039554800000000002
2,1,1,4,2,ket,1,0,2,0.67881115579204176,1.5249467654064108e-17,0.67881115579204176,-5.8004272734945958e-19,2.3319461158447787e-17,5.1390718732778004e-16,0,1,0.53143792962634995,0,1,0.00034525199999999999,0.00039870699999999999
2,1,1,5,5,bra,1,0,2,0.84461154100011482,1.3118185062303189e-17,0.84461154100011493,7.2171881326980377e-19,1.3226463543548865e-16,6.0961646102971905e-16,0,1,0.70314300533428387,0,1,0.00034546099999999998,0.000371622
2,1,1,6,1,ket,0,0,2,1.1839762440563948,-2.1494122732415802e-17,1.183976244056395,-1.0117052494785946e-18,1.8833764715404347e-16,9.8058616630282974e-16,0,1,0.240407003998555,0,1,0.00021149799999999999,0.00034997300000000001
2,1,1,7,5,bra,1,0,2,0.89478872015262312,3.3769314522530731e-17,0.89478872015262323,-1.2588153899783614e-18,1.301055914234744e-16,1.1146240660139724e-15,0,1,0.31334541225230866,0,1,0.000339134,0.00034908200000000002
2,1,1,8,5,bra,1,0,2,1.117582259898662,-3.5112059105829699e-17,1.1175822598986618,1.5722479694282143e-18,2.0137626179794001e-16,1.0510891573700165e-15,0,1,0.98166389867749171,0,1,0.00032669300000000002,0.000346478
2,1,1,9,1,ket,0,0,2,0.84461154100011493,2.1820152716609803e-17,0.84461154100011493,7.2171881326980425e-19,2.49800445283486e-17,9.0578615518146914e-16,0,1,0.16800390630962164,0,1,0.000198844,0.00035273299999999999
2,1,1,10,6,bra,0,0,2,1.183976244056395,-5.1309991265085837e-18,1.183976244056395,1.0117052494785919e-18,5.1881990089106781e-18,1.6225089286519294e-15,0,1,0.26194919145334289,0,1,0.00035030100000000002,0.00036438399999999999
2,1,1,11,6,bra,0,0,2,0.84461154100011449,-5.487532820000859e-18,0.84461154100011493,-7.2171881326980223e-19,5.2582135111905322e-16,1.705490239994349e-15,0,1,0.14868875780832269,0,1,0.000347728,0.00037417
2,1,1,12,5,bra,1,0,2,1.1839762440563955,1.7549406183745645e-17,1.183976244056395,-1.0117052494785941e-18,3.7541034465391514e-16,7.3642978619553878e-16,0,1,0.41452926294241277,0,1,0.000341627,0.00034522200000000001
2,1,1,13,6,bra,0,0,2,0.84461154100011482,5.6992106733188576e-18,0.84461154100011471,7.217188132698031e-19,1.3157980876526524e-16,1.1891363219443874e-15,0,0,0.97368341865426422,0,1,0.00035528900000000001,0.00033100499999999999
2,1,1,14,2,ket,1,0,2,1.4731637679601672,-1.3242683169385889e-17,1.4731637679601668,1.2588153899783618e-18,3.0161338869257099e-16,5.8609283683350858e-16,0,1,0.97695991795554493,0,1,0.00034723799999999998,0.00033587899999999997
2,1,1,15,1,ket,0,0,2,0.67881115579204165,1.3382740339427825e-18,0.67881115579204176,-5.8004272734945938e-19,1.6357844630434805e-16,5.9585061999911282e-16,0,1,0.45447323152504232,0,1,0.00018710600000000001,0.00032739500000000002
2,1,1,16,6,bra,0,0,2,0.84461154100011493,2.0141048531227059e-17,0.84461154100011493,7.2171881326980348e-19,2.2992025061559763e-17,1.3320094410968924e-15,0,0,0.9390362921071892,0,1,0.00032856600000000003,0.00033079700000000002
2,1,1,17,1,ket,0,0,2,1.473163767960167,-1.9636042663178169e-17,1.4731637679601668,1.2588153899783614e-18,1.5139224006627102e-16,1.3176002534839548e-15,0,1,0.042221526151439745,0,1,0.00037669999999999999,0.00034732600000000001
2,1,1,18,1,ket,0,0,2,0.67881115579204165,1.3382740339427825e-18,0.67881115579204176,-5.8004272734945938e-19,1.6357844630434805e-16,5.9585061999911282e-16,0,1,0.44382030103503411,0,1,0.00018612300000000001,0.000341992
2,1,1,19,2,ket,1,0,2,0.89478872015262323,1.0952152191820776e-18,0.89478872015262323,-1.2588153899783622e-18,2.6308228480561477e-18,1.2302822630307558e-15,0,1,0.27863977159935804,0,1,0.00021017,0.00032852000000000001
2,1,1,20,6,bra,0,0,2,1.117582259898662,-3.178793521370278e-17,1.1175822598986618,1.5722479694282151e-18,2.0091286408205214e-16,1.5465925665779495e-15,0,1,0.84179314396042904,0,1,0.00032617099999999999,0.000346058
2,1,1,21,5,bra,1,0,2,1.4731637679601672,-1.3119227541603566e-17,1.4731637679601675,1.2588153899783609e-18,1.5104201797437711e-16,1.1016506566161243e-15,0,1,0.074744952926194985,0,1,0.00030353999999999998,0.00034697999999999999
2,1,1,22,2,ket,1,0,2,0.67881115579204143,1.2994816295809368e-17,0.67881115579204132,5.8004272734945852e-19,1.6457341575362895e-16,5.6835784763096849e-16,0,1,0.20132875541686418,0,1,0.00021284200000000001,0.00034739800000000001
2,1,1,23,1,ket,0,0,2,0.89478872015262323,2.5223045298024298e-18,0.89478872015262301,1.2588153899783618e-18,2.4815712880477998e-16,8.5373420694798699e-16,0,1,0.64481302481057456,0,1,0.00018633000000000001,0.000355857
2,1,1,24,1,ket,0,0,2,1.117582259898662,-5.628738881249796e-18,1.117582259898662,-1.5722479694282155e-18,3.6297023112995792e-18,6.9239286894821015e-16,0,1,0.4392426050176394,0,1,0.00017252000000000001,0.00032052200000000001
2,1,1,25,5,bra,1,0,2,0.84461154100011493,-5.8198003284507902e-18,0.84461154100011504,-7.217188132698032e-19,1.3158628072599211e-16,9.3084113144670005e-16,0,1,0.15766955478823882,0,1,0.00028210799999999999,0.00032482000000000002
2,1,1,26,6,bra,0,0,2,1.1839762440563952,-9.8471199487371853e-18,1.183976244056395,-1.0117052494785937e-18,1.876898478827436e-16,1.3928058687868962e-15,0,1,0.27518383605316571,0,1,0.00030695000000000001,0.00032439699999999998
2,1,1,27,1,ket,0,0,2,1.4731637679601668,-7.9355783296019878e-18,1.4731637679601668,1.2588153899783614e-18,6.2412570275954263e-18,1.0019993238007321e-15,0,1,0.50493476087097477,0,1,0.00017470499999999999,0.00032707400000000001
2,1,1,28,2,ket,1,0,2,0.67881115579204154,1.183935782779148e-17,0.67881115579204176,-5.8004272734945958e-19,3.2761932802147622e-16,5.7165196560510234e-16,0,1,0.055457669760788128,0,1,0.00019907700000000001,0.00031872299999999998
2,1,1,29,1,ket,0,0,2,0.89478872015262323,-4.8497525601784208e-18,0.89478872015262323,-1.258815389978362e-18,4.0131676778262872e-18,7.3067947020614845e-16,0,1,0.3290474216741176,0,1,0.000171776,0.00030276199999999999
2,1,1,30,2,ket,1,0,2,1.117582259898662,2.0668004924468014e-17,1.1175822598986618,1.5722479694282153e-18,1.9941637804399817e-16,1.4466208607967508e-15,0,1,0.26693774398191927,0,1,0.000199526,0.00030444400000000001
2,1,1,31,2,ket,1,0,2,0.89478872015262323,1.0952152191820776e-18,0.89478872015262323,-1.2588153899783622e-18,2.6308228480561477e-18,1.2302822630307558e-15,0,1,0.10666022522789621,0,1,0.00019851,0.00030857999999999998
2,1,1,32,6,bra,0,0,2,1.117582259898662,-3.178793521370278e-17,1.1175822598986618,1.5722479694282151e-18,2.0091286408205214e-16,1.5465925665779495e-15,0,1,0.64907319113080664,0,1,0.000307249,0.000301107
2,1,1,33,5,bra,1,0,2,1.4731637679601672,-1.3119227541603566e-17,1.4731637679601675,1.2588153899783609e-18,1.5104201797437711e-16,1.1016506566161243e-15,0,1,0.79332681405311234,0,1,0.00028869300000000002,0.00030755099999999998
2,1,1,34,2,ket,1,0,2,0.67881115579204143,1.2994816295809368e-17,0.67881115579204132,5.8004272734945852e-19,1.6457341575362895e-16,5.6835784763096849e-16,0,1,0.03351482183901372,0,1,0.00019847699999999999,0.00031176499999999998
2,1,1,35,5,bra,1,0,2,0.84461154100011493,-5.8198003284507902e-18,0.84461154100011504,-7.217188132698032e-19,1.3158628072599211e-16,9.3084113144670005e-16,0,1,0.42914654295162713,0,1,0.000267266,0.00028602400000000001
2,1,1,36,5,bra,1,0,2,1.183976244056395,4.4623124443253025e-18,1.1839762440563948,1.0117052494785929e-18,1.8756407985689569e-16,9.0012505977598204e-16,0,1,0.6268924909955752,0,1,0.00026552200000000002,0.00028996099999999998
2,1,1,37,5,bra,1,0,2,0.84461154100011493,-5.8198003284507902e-18,0.84461154100011504,-7.217188132698032e-19,1.3158628072599211e-16,9.3084113144670005e-16,0,1,0.74326408884354478,0,1,0.00027430199999999998,0.00028937
2,1,1,38,2,ket,1,0,2,1.1839762440563952,-8.8380099252124209e-18,1.183976244056395,-1.0117052494785939e-18,1.8765789290257604e-16,8.4889945595866602e-16,0,1,0.54936978007845505,0,1,0.000187066,0.00028907599999999998
2,1,1,39,5,bra,1,0,2,1.4731637679601672,-1.3119227541603566e-17,1.4731637679601675,1.2588153899783609e-18,1.5104201797437711e-16,1.1016506566161243e-15,0,1,0.43319051629251243,0,1,0.00026673700000000002,0.00029443699999999999
2,1,1,40,5,bra,1,0,2,0.67881115579204143,-5.4093661092341214e-18,0.67881115579204143,-5.8004272734945861e-19,7.114384229955348e-18,1.0076511969685932e-15,0,0,0.88603708741570386,0,1,0.00027147599999999999,0.00028948400000000001
2,1,1,41,5,bra,1,0,2,0.67881115579204154,-1.5712551108822482e-17,0.67881115579204143,-5.8004272734945861e-19,1.6506630387695465e-16,1.0084243885877334e-15,0,1,0.024339388531988249,0,1,0.00018069200000000001,0.00028908900000000002
2,1,1,42,5,bra,1,0,2,1.4731637679601672,-1.3119227541603566e-17,1.4731637679601675,1.2588153899783609e-18,1.5104201797437711e-16,1.1016506566161243e-15,0,1,0.26237847112954532,0,1,0.00028102999999999998,0.00029434200000000001
2,1,1,43,6,bra,0,0,2,0.67881115579204143,-8.9578839402297202e-18,0.67881115579204143,-5.8004272734945909e-19,1.2341932128538665e-17,1.5984926335488718e-15,0,1,0.5793729775753319,0,1,0.00030522200000000001,0.000287087
2,1,1,44,1,ket,0,0,2,0.84461154100011493,2.1820152716609803e-17,0.84461154100011493,7.2171881326980425e-19,2.49800445283486e-17,9.0578615518146914e-16,0,1,0.57903554886441666,0,1,0.00019292699999999999,0.00027281300000000001
2,1,1,45,1,ket,0,0,2,1.1839762440563948,-2.1494122732415802e-17,1.183976244056395,-1.0117052494785946e-18,1.8833764715404347e-16,9.8058616630282974e-16,0,1,0.093069830729266806,0,1,0.00015225899999999999,0.00029017700000000002
2,1,1,46,5,bra,1,0,2,0.89478872015262312,3.3769314522530731e-17,0.89478872015262323,-1.2588153899783614e-18,1.301055914234744e-16,1.1146240660139724e-15,0,1,0.16473306514612876,0,1,0.00025158800000000002,0.00029083100000000002
2,1,1,47,5,bra,1,0,2,1.117582259898662,-3.5112059105829699e-17,1.1175822598986618,1.5722479694282143e-18,2.0137626179794001e-16,1.0510891573700165e-15,0,1,0.36287247577930171,0,1,0.000249931,0.000286223
2,1,1,48,1,ket,0,0,2,0.84461154100011493,2.1820152716609803e-17,0.84461154100011493,7.2171881326980425e-19,2.49800445283486e-17,9.0578615518146914e-16,0,1,0.75640088361657321,0,1,0.00015284399999999999,0.00027147
2,1,1,49,5,bra,1,0,2,1.1839762440563955,1.7549406183745645e-17,1.183976244056395,-1.0117052494785941e-18,3.7541034465391514e-16,7.3642978619553878e-16,0,1,0.82553961085085148,0,1,0.00024997600000000001,0.00026696899999999998
2,1,1,50,6,bra,0,0,2,0.84461154100011482,5.6992106733188576e-18,0.84461154100011471,7.217188132698031e-19,1.3157980876526524e-16,1.1891363219443874e-15,0,1,0.29239015350396874,0,1,0.00027254599999999998,0.00027185799999999998
2,1,1,51,6,bra,0,0,2,1.1839762440563955,1.1883290778401065e-17,1.1839762440563952,-1.0117052494785935e-18,1.8785741878145581e-16,1.1394237653585361e-15,0,1,0.51096734393844556,0,1,0.00027213500000000001,0.00027474999999999998
2,1,1,52,1,ket,0,0,2,0.89478872015262323,-4.8497525601784208e-18,0.89478872015262323,-1.258815389978362e-18,4.0131676778262872e-18,7.3067947020614845e-16,0,1,0.17829080552420443,0,1,0.000153771,0.00027649100000000002
2,1,1,53,6,bra,0,0,2,1.117582259898662,-3.178793521370278e-17,1.1175822598986618,1.5722479694282151e-18,2.0091286408205214e-16,1.5465925665779495e-15,0,1,0.14419737465770777,0,1,0.00029201699999999999,0.00027231599999999999
2,1,1,54,5,bra,1,0,2,1.4731637679601672,-1.3119227541603566e-17,1.4731637679601675,1.2588153899783609e-18,1.5104201797437711e-16,1.1016506566161243e-15,0,1,0.1352167269250448,0,1,0.000268254,0.00027178800000000002
2,1,1,55,6,bra,0,0,2,0.67881115579204143,-8.9578839402297202e-18,0.67881115579204143,-5.8004272734945909e-19,1.2341932128538665e-17,1.5984926335488718e-15,0,1,0.6604668929686881,0,1,0.000282976,0.00028559700000000001
2,1,1,56,2,ket,1,0,2,0.84461154100011471,2.064999075929412e-17,0.84461154100011493,7.2171881326980445e-19,2.639522091888642e-16,1.0756140918665956e-15,0,1,0.70984063071020642,0,1,0.00018404200000000001,0.00027494299999999999
2,1,1,57,2,ket,1,0,2,1.1839762440563952,-2.9639229286806256e-18,1.183976244056395,-1.011705249478595e-18,1.8754868421514e-16,8.6961973702502317e-16,0,1,0.81575493398636278,0,1,0.00016313800000000001,0.00026253399999999998
2,1,1,58,2,ket,1,0,2,0.84461154100011471,2.064999075929412e-17,0.84461154100011493,7.2171881326980445e-19,2.639522091888642e-16,1.0756140918665956e-15,0,0,0.91539125314403091,0,1,0.00016538499999999999,0.00026061900000000002
2,1,1,59,6,bra,0,0,2,1.4731637679601672,-1.896922722133222e-17,1.4731637679601675,1.2588153899783618e-18,1.5135050380057697e-16,1.7706914528542955e-15,0,1,0.12951085919836869,0,1,0.000206059,0.00025363300000000002
2,1,1,60,6,bra,0,0,2,0.67881115579204143,-8.9578839402297202e-18,0.67881115579204143,-5.8004272734945909e-19,1.2341932128538665e-17,1.5984926335488718e-15,0,1,0.45198977504783305,0,1,0.000268151,0.00025978399999999999
2,1,1,61,5,bra,1,0,2,0.89478872015262312,3.3769314522530731e-17,0.89478872015262323,-1.2588153899783614e-18,1.301055914234744e-16,1.1146240660139724e-15,0,1,0.39267391011635971,0,1,0.00024963699999999998,0.000263947
2,1,1,62,1,ket,0,0,2,1.117582259898662,1.7451716576774226e-17,1.1175822598986618,1.5722479694282149e-18,1.9919042833178454e-16,8.9584045052336079e-16,0,1,0.73156511110818845,0,1,0.000143413,0.00027261499999999998
2,1,1,63,2,ket,1,0,2,1.4731637679601672,-1.1784119370514714e-17,1.4731637679601668,1.2588153899783618e-18,3.0158269856465606e-16,5.2492818675949337e-16,0,1,0.10514247245234044,0,1,0.000163385,0.00025673999999999998
2,1,1,64,6,bra,0,0,2,0.67881115579204176,1.5554875140714828e-17,0.67881115579204154,5.8004272734945909e-19,3.2785110612257627e-16,1.2591383186217228e-15,0,0,0.72057513149210406,0,1,0.000253742,0.000258645
2,1,1,65,6,bra,0,0,2,0.67881115579204165,6.7817590583469201e-18,0.67881115579204154,5.8004272734945909e-19,1.6380900760497027e-16,9.7799343220256031e-16,0,1,0.60109028296682754,0,1,0.000169302,0.00025719499999999999
2,1,1,66,6,bra,0,0,2,1.4731637679601672,-9.3772844793548653e-18,1.4731637679601672,-1.2588153899783616e-18,5.5109073858216268e-18,1.3401270737338594e-15,0,1,0.15916076584167108,0,1,0.00026855200000000003,0.00025947900000000001
2,1,1,67,2,ket,1,0,2,0.67881115579204154,1.183935782779148e-17,0.67881115579204176,-5.8004272734945958e-19,3.2761932802147622e-16,5.7165196560510234e-16,0,1,0.63623954910982794,0,1,0.00016386699999999999,0.00027396000000000001
2,1,1,68,1,ket,0,0,2,0.89478872015262323,-4.8497525601784208e-18,0.89478872015262323,-1.258815389978362e-18,4.0131676778262872e-18,7.3067947020614845e-16,0,1,0.65994617657086108,0,1,0.00013815499999999999,0.00026637600000000003
2,1,1,69,6,bra,0,0,2,1.117582259898662,-3.178793521370278e-17,1.1175822598986618,1.5722479694282151e-18,2.0091286408205214e-16,1.5465925665779495e-15,0,1,0.76462614489363234,0,1,0.00024234199999999999,0.00024634199999999998
2,1,1,70,2,ket,1,0,2,0.84461154100011482,5.1934408265863894e-18,0.84461154100011493,7.2171881326980358e-19,1.3155434882607431e-16,8.8196747147980955e-16,0,1,0.22127456864781928,0,1,0.000155537,0.00024647599999999998
2,1,1,71,1,ket,0,0,2,1.1839762440563952,3.5520033879607186e-18,1.1839762440563948,1.0117052494785944e-18,3.7508900839959723e-16,7.8952574565379935e-16,0,1,0.21934028996593952,0,1,0.00013551700000000001,0.00025785599999999999
2,1,1,72,1,ket,0,0,2,0.84461154100011482,2.4195457264982483e-18,0.84461154100011515,-7.2171881326980454e-19,3.9436084406085292e-16,7.6178002316285361e-16,0,1,0.10484457839302781,0,1,0.00013439499999999999,0.000243186
2,1,1,73,1,ket,0,0,2,1.1839762440563952,3.5520033879607186e-18,1.1839762440563948,1.0117052494785944e-18,3.7508900839959723e-16,7.8952574565379935e-16,0,1,0.7528831489486737,0,1,0.00013549600000000001,0.00024377399999999999
2,1,1,74,6,bra,0,0,2,1.4731637679601672,-9.3772844793548653e-18,1.4731637679601672,-1.2588153899783616e-18,5.5109073858216268e-18,1.3401270737338594e-15,0,1,0.63523977142234667,0,1,0.00025682199999999997,0.00025066599999999997
2,1,1,75,5,bra,1,0,2,0.67881115579204154,8.8124180697402358e-18,0.67881115579204165,5.8004272734945852e-19,1.6400305311224932e-16,1.1978530852191398e-15,0,1,0.037839076377324796,0,1,0.00022447100000000001,0.00025849299999999999
2,1,1,76,2,ket,1,0,2,0.84461154100011493,1.9667225067361651e-17,0.84461154100011504,-7.2171881326980368e-19,1.3364601268418868e-16,8.4609533539083338e-16,0,1,0.48908255319553612,0,1,0.000156546,0.000244114
2,1,1,77,1,ket,0,0,2,1.1839762440563948,-2.1494122732415802e-17,1.183976244056395,-1.0117052494785946e-18,1.8833764715404347e-16,9.8058616630282974e-16,0,1,0.9139729123207091,0,1,0.00013724399999999999,0.00024299200000000001
2,1,1,78,6,bra,0,0,2,1.4731637679601672,-1.896922722133222e-17,1.4731637679601675,1.2588153899783618e-18,1.5135050380057697e-16,1.7706914528542955e-15,0,1,0.87134515001217494,0,1,0.00025892899999999997,0.00024477199999999998
2,1,1,79,1,ket,0,0,2,0.67881115579204176,6.3814109104474444e-18,0.67881115579204143,5.8004272734945804e-19,4.9073652503456778e-16,9.9100274494348189e-16,0,1,0.26046436673221285,0,1,0.000136095,0.00026086000000000002
2,1,1,80,1,ket,0,0,2,1.4731637679601672,-1.2057890113961473e-17,1.4731637679601675,-1.2588153899783595e-18,1.5090450877494297e-16,9.1372932331686555e-16,0,1,0.71138242823041498,0,1,0.00013625000000000001,0.00024424899999999999
2,1,1,81,2,ket,1,0,2,0.67881115579204143,1.2994816295809368e-17,0.67881115579204132,5.8004272734945852e-19,1.6457341575362895e-16,5.6835784763096849e-16,0,1,0.077346773666408936,0,1,0.00015675300000000001,0.00024509100000000002
2,1,1,82,1,ket,0,0,2,0.89478872015262323,2.5223045298024298e-18,0.89478872015262301,1.2588153899783618e-18,2.4815712880477998e-16,8.5373420694798699e-16,0,1,0.88359546261441102,0,1,0.00015151100000000001,0.00024832899999999999
2,1,1,83,5,bra,1,0,2,1.117582259898662,-9.2284340383016233e-18,1.117582259898662,-1.5722479694282134e-18,6.850668933817582e-18,1.1204544978112615e-15,0,1,0.99966013910518869,0,1,0.00021204000000000001,0.00024078899999999999
2,1,1,84,2,ket,1,0,2,0.84461154100011482,1.9667225067361651e-17,0.84461154100011504,-7.2171881326980493e-19,2.6400152343524289e-16,1.0881003865862632e-15,0,1,0.54962492013589936,0,1,0.000148527,0.000236123
2,1,1,85,2,ket,1,0,2,1.1839762440563952,-1.2891291979774059e-17,1.183976244056395,1.0117052494785954e-18,1.8790870016419326e-16,9.6573025041556361e-16,0,1,0.92786111608298039,0,1,0.00014846400000000001,0.00023273599999999999
2,1,1,86,5,bra,1,0,2,0.89478872015262312,-1.0383139733325687e-18,0.89478872015262323,1.2588153899783607e-18,1.2410311174922914e-16,9.989583715566232e-16,0,1,0.595535111787862,0,1,0.000209345,0.00024937700000000001
2,1,1,87,5,bra,1,0,2,1.117582259898662,-9.2284340383016233e-18,1.117582259898662,-1.5722479694282134e-18,6.850668933817582e-18,1.1204544978112615e-15,0,1,0.35955135547867745,0,1,0.00021050100000000001,0.00022950499999999999
2,1,1,88,2,ket,1,0,2,0.84461154100011482,1.9667225067361651e-17,0.84461154100011504,-7.2171881326980493e-19,2.6400152343524289e-16,1.0881003865862632e-15,0,1,0.76012831821428151,0,1,0.00014734700000000001,0.00023406800000000001
2,1,1,89,6,bra,0,0,2,1.1839762440563955,1.1883290778401065e-17,1.1839762440563952,-1.0117052494785935e-18,1.8785741878145581e-16,1.1394237653585361e-15,0,1,0.08954333936846437,0,1,0.00023213500000000001,0.000228023
2,1,1,90,5,bra,1,0,2,0.84461154100011482,1.3118185062303189e-17,0.84461154100011493,7.2171881326980377e-19,1.3226463543548865e-16,6.0961646102971905e-16,0,1,0.61313016600975245,0,1,0.00022396800000000001,0.00023187199999999999
2,1,1,91,1,ket,0,0,2,1.1839762440563948,-2.1494122732415802e-17,1.183976244056395,-1.0117052494785946e-18,1.8833764715404347e-16,9.8058616630282974e-16,0,1,0.52632413219909391,0,1,0.00012839399999999999,0.000241043
2,1,1,92,6,bra,0,0,2,1.4731637679601672,-1.896922722133222e-17,1.4731637679601675,1.2588153899783618e-18,1.5135050380057697e-16,1.7706914528542955e-15,0,1,0.98629891356526356,0,1,0.00023130500000000001,0.00023199700000000001
2,1,1,93,2,ket,1,0,2,0.67881115579204143,1.2994816295809368e-17,0.67881115579204132,5.8004272734945852e-19,1.6457341575362895e-16,5.6835784763096849e-16,0,1,0.41770229825657473,0,1,0.00014967100000000001,0.00023144699999999999
2,1,1,94,2,ket,1,0,2,1.4731637679601672,-2.9566803722267059e-18,1.4731637679601677,-1.258815389978361e-18,3.0145491301079646e-16,7.4426705118099439e-16,0,1,0.63130446546610286,0,1,0.00014645500000000001,0.00025023899999999997
2,1,1,95,6,bra,0,0,2,0.67881115579204143,-8.9578839402297202e-18,0.67881115579204143,-5.8004272734945909e-19,1.2341932128538665e-17,1.5984926335488718e-15,0,0,0.83778153894587459,0,1,0.000227211,0.00023039499999999999
2,1,1,96,5,bra,1,0,2,0.67881115579204154,-1.5232367596739143e-17,0.67881115579204143,-5.8004272734945861e-19,1.6497225799389029e-16,6.5385104649835064e-16,0,1,0.31279486615784968,0,1,0.00016556200000000001,0.00023091400000000001
2,1,1,97,6,bra,0,0,2,0.89478872015262312,4.4642454022369463e-18,0.89478872015262323,-1.258815389978362e-18,1.2424129898834373e-16,1.4736201533005199e-15,0,1,0.89365731809020599,0,1,0.00024205900000000001,0.00021844599999999999
2,1,1,98,6,bra,0,0,2,1.117582259898662,-3.178793521370278e-17,1.1175822598986618,1.5722479694282151e-18,2.0091286408205214e-16,1.5465925665779495e-15,0,1,0.55872528505646413,0,1,0.00022976499999999999,0.000239473
2,1,1,99,6,bra,0,0,2,0.89478872015262312,4.4642454022369463e-18,0.89478872015262323,-1.258815389978362e-18,1.2424129898834373e-16,1.4736201533005199e-15,0,1,0.23365662049399633,0,1,0.00021398899999999999,0.00023133299999999999
2,1,1,100,1,ket,0,0,2,1.117582259898662,1.7451716576774226e-17,1.1175822598986618,1.5722479694282149e-18,1.9919042833178454e-16,8.9584045052336079e-16,0,1,0.40319279475892056,0,1,0.00012449,0.000222277
2,1,1,101,6,bra,0,0,2,0.84461154100011482,5.6992106733188576e-18,0.84461154100011471,7.217188132698031e-19,1.3157980876526524e-16,1.1891363219443874e-15,0,1,0.51609020038150388,0,1,0.00022193199999999999,0.00021741600000000001
2,1,1,102,5,bra,1,0,2,1.1839762440563948,-3.198673533000446e-18,1.1839762440563952,1.0117052494785929e-18,3.7509972922564336e-16,1.3221117309908988e-15,0,1,0.71750324537613019,0,1,0.000213098,0.00022529200000000001
2,1,1,103,2,ket,1,0,2,0.8947887201526229,-1.5521442951852843e-17,0.8947887201526229,1.2588153899783626e-18,1.8753319039347099e-17,8.4489139751101561e-16,0,1,0.44428239938446273,0,1,0.000139448,0.00022179099999999999
2,1,1,104,1,ket,0,0,2,1.117582259898662,-5.628738881249796e-18,1.117582259898662,-1.5722479694282155e-18,3.6297023112995792e-18,6.9239286894821015e-16,0,1,0.79098637248938231,0,1,0.000122803,0.000220077
2,1,1,105,5,bra,1,0,2,0.84461154100011493,-5.8198003284507902e-18,0.84461154100011504,-7.217188132698032e-19,1.3158628072599211e-16,9.3084113144670005e-16,0,1,0.53699523979177655,0,1,0.00021245300000000001,0.00022357799999999999
2,1,1,106,5,bra,1,0,2,1.183976244056395,4.4623124443253025e-18,1.1839762440563948,1.0117052494785929e-18,1.8756407985689569e-16,9.0012505977598204e-16,0,1,0.37481039313785375,0,1,0.000201003,0.00023375199999999999
2,1,1,107,1,ket,0,0,2,0.89478872015262323,2.5223045298024298e-18,0.89478872015262301,1.2588153899783618e-18,2.4815712880477998e-16,8.5373420694798699e-16,0,1,0.40114957973630794,0,1,0.00012302,0.00022085
2,1,1,108,2,ket,1,0,2,1.117582259898662,2.2635865838291754e-17,1.1175822598986622,-1.5722479694282168e-18,1.9986030848606716e-16,7.2852588707405867e-16,0,1,0.16698660991643013,0,1,0.00015386999999999999,0.00021911200000000001
2,1,1,109,1,ket,0,0,2,1.4731637679601672,-1.2057890113961473e-17,1.4731637679601675,-1.2588153899783595e-18,1.5090450877494297e-16,9.1372932331686555e-16,0,1,0.69205591466639482,0,1,0.00012230100000000001,0.00021677400000000001
2,1,1,110,5,bra,1,0,2,0.67881115579204143,-5.4093661092341214e-18,0.67881115579204143,-5.8004272734945861e-19,7.114384229955348e-18,1.0076511969685932e-15,0,0,0.84181674623588842,0,1,0.00020175799999999999,0.000215171
2,1,1,111,5,bra,1,0,2,0.67881115579204154,-1.5712551108822482e-17,0.67881115579204143,-5.8004272734945861e-19,1.6506630387695465e-16,1.0084243885877334e-15,0,0,0.78940394760980437,0,1,0.00014184399999999999,0.00022256199999999999
2,1,1,112,1,ket,0,0,2,0.67881115579204165,-6.0514110915689902e-19,0.67881115579204143,5.8004272734945804e-19,3.271127264521428e-16,7.0764959805580462e-16,0,1,0.44758396473124706,0,1,0.00021451599999999999,0.000210182
2,1,1,113,6,bra,0,0,2,0.84461154100011449,-5.487532820000859e-18,0.84461154100011493,-7.2171881326980223e-19,5.2582135111905322e-16,1.705490239994349e-15,0,1,0.14088726325906542,0,1,0.00020854700000000001,0.000210886
2,1,1,114,5,bra,1,0,2,1.1839762440563955,1.7549406183745645e-17,1.183976244056395,-1.0117052494785941e-18,3.7541034465391514e-16,7.3642978619553878e-16,0,1,0.061966919383908164,0,1,0.000206749,0.00020886200000000001
2,1,1,115,5,bra,1,0,2,0.84461154100011482,1.3118185062303189e-17,0.84461154100011493,7.2171881326980377e-19,1.3226463543548865e-16,6.0961646102971905e-16,0,1,0.82303283494968926,0,1,0.00019253299999999999,0.000230891
2,1,1,116,6,bra,0,0,2,1.183976244056395,-5.1309991265085837e-18,1.183976244056395,1.0117052494785919e-18,5.1881990089106781e-18,1.6225089286519294e-15,0,1,0.8453997076355676,0,1,0.000207238,0.00021039299999999999
2,1,1,117,2,ket,1,0,2,0.8947887201526229,-1.5521442951852843e-17,0.8947887201526229,1.2588153899783626e-18,1.8753319039347099e-17,8.4489139751101561e-16,0,1,0.66151173166967314,0,1,0.00013533999999999999,0.00020811500000000001
2,1,1,118,6,bra,0,0,2,1.117582259898662,-1.3686278116188242e-17,1.117582259898662,-1.5722479694282147e-18,1.0839497530909698e-17,1.1606481761254897e-15,0,1,0.93453898314792305,0,1,0.00021855900000000001,0.00021163599999999999
2,1,1,119,2,ket,1,0,2,0.84461154100011493,1.9667225067361651e-17,0.84461154100011504,-7.2171881326980368e-19,1.3364601268418868e-16,8.4609533539083338e-16,0,1,0.75142180682794391,0,1,0.000135091,0.000212556
2,1,1,120,5,bra,1,0,2,1.1839762440563955,1.7549406183745645e-17,1.183976244056395,-1.0117052494785941e-18,3.7541034465391514e-16,7.3642978619553878e-16,0,1,0.29906135921707694,0,1,0.00019516999999999999,0.000212573
2,1,1,121,5,bra,1,0,2,0.84461154100011482,1.3118185062303189e-17,0.84461154100011493,7.2171881326980377e-19,1.3226463543548865e-16,6.0961646102971905e-16,0,1,0.12235991029175158,0,1,0.00020885599999999999,0.00020852199999999999
2,1,1,122,2,ket,1,0,2,1.1839762440563955,-1.4891949288027284e-18,1.1839762440563948,1.0117052494785935e-18,5.6262827293299199e-16,8.2988709540530331e-16,0,1,0.29270887322270867,0,1,0.00013410599999999999,0.000225338
2,1,1,123,5,bra,1,0,2,1.4731637679601672,-7.8717073390954723e-18,1.473163767960167,-1.2588153899783599e-18,1.5079318396386961e-16,9.0406189961484457e-16,0,1,0.29484486953319972,0,1,0.00019433800000000001,0.00020841499999999999
2,1,1,124,5,bra,1,0,2,0.67881115579204154,8.8124180697402358e-18,0.67881115579204165,5.8004272734945852e-19,1.6400305311224932e-16,1.1978530852191398e-15,0,1,0.57393953431255851,0,1,0.00019594600000000001,0.00021433199999999999
2,1,1,125,2,ket,1,0,2,0.84461154100011493,1.9667225067361651e-17,0.84461154100011504,-7.2171881326980368e-19,1.3364601268418868e-16,8.4609533539083338e-16,0,1,0.50288488907836404,0,1,0.00014862499999999999,0.00022507699999999999
2,1,1,126,1,ket,0,0,2,1.1839762440563948,-2.1494122732415802e-17,1.183976244056395,-1.0117052494785946e-18,1.8833764715404347e-16,9.8058616630282974e-16,0,1,0.59168189252235381,0,1,0.000111103,0.000198352
2,1,1,127,2,ket,1,0,2,0.84461154100011471,2.064999075929412e-17,0.84461154100011493,7.2171881326980445e-19,2.639522091888642e-16,1.0756140918665956e-15,0,1,0.39355085368612142,0,1,0.000142204,0.00020434399999999999
2,1,1,128,1,ket,0,0,2,1.1839762440563952,1.0088983234249461e-18,1.1839762440563948,1.0117052494785933e-18,3.7508287188047721e-16,9.03591104056134e-16,0,1,0.8987277389179138,0,1,0.00011338899999999999,0.00020292899999999999
2,1,1,129,6,bra,0,0,2,0.89478872015262312,1.2241527310534798e-17,0.89478872015262301,1.2588153899783614e-18,1.2468217518531071e-16,1.2851846594426426e-15,0,1,0.75661729514770704,0,1,0.000204952,0.000199936
2,1,1,130,5,bra,1,0,2,1.117582259898662,-9.2284340383016233e-18,1.117582259898662,-1.5722479694282134e-18,6.850668933817582e-18,1.1204544978112615e-15,0,1,0.68198786086192553,0,1,0.00018350300000000001,0.000212349
2,1,1,131,2,ket,1,0,2,0.84461154100011482,1.9667225067361651e-17,0.84461154100011504,-7.2171881326980493e-19,2.6400152343524289e-16,1.0881003865862632e-15,0,1,0.46568373004908781,0,1,0.00012993100000000001,0.00020480300000000001
2,1,1,132,6,bra,0,0,2,1.1839762440563955,1.1883290778401065e-17,1.1839762440563952,-1.0117052494785935e-18,1.8785741878145581e-16,1.1394237653585361e-15,0,1,0.35634795569026012,0,1,0.00020126200000000001,0.000199643
2,1,1,133,5,bra,1,0,2,0.84461154100011482,1.3118185062303189e-17,0.84461154100011493,7.2171881326980377e-19,1.3226463543548865e-16,6.0961646102971905e-16,0,1,0.60049259620950857,0,1,0.00018666900000000001,0.000204718
2,1,1,134,5,bra,1,0,2,1.1839762440563955,1.7549406183745645e-17,1.183976244056395,-1.0117052494785941e-18,3.7541034465391514e-16,7.3642978619553878e-16,0,1,0.15830345763658452,0,1,0.00018268700000000001,0.00019784699999999999
2,1,1,135,1,ket,0,0,2,0.89478872015262323,-4.8497525601784208e-18,0.89478872015262323,-1.258815389978362e-18,4.0131676778262872e-18,7.3067947020614845e-16,0,0,0.92613277684825701,0,1,0.000112371,0.00020470899999999999
2,1,1,136,2,ket,1,0,2,1.4731637679601672,-1.1784119370514714e-17,1.4731637679601668,1.2588153899783618e-18,3.0158269856465606e-16,5.2492818675949337e-16,0,1,0.3458899360109372,0,1,9.0001999999999997e-05,0.00020393200000000001
2,1,1,137,6,bra,0,0,2,0.67881115579204176,1.5554875140714828e-17,0.67881115579204154,5.8004272734945909e-19,3.2785110612257627e-16,1.2591383186217228e-15,0,0,0.77377146276706199,0,1,0.00020012900000000001,0.00020386300000000001
2,1,1,138,5,bra,1,0,2,0.67881115579204143,-2.8049700758660703e-18,0.67881115579204165,5.8004272734945852e-19,3.2714607495083618e-16,1.0997950956948547e-15,0,1,0.61349004765903448,0,1,0.00015491699999999999,0.00020300900000000001
2,1,1,139,6,bra,0,0,2,0.89478872015262312,1.2241527310534798e-17,0.89478872015262301,1.2588153899783614e-18,1.2468217518531071e-16,1.2851846594426426e-15,0,1,0.068466647699849489,0,1,0.00019896099999999999,0.00020122200000000001
2,1,1,140,2,ket,1,0,2,1.117582259898662,2.2635865838291754e-17,1.1175822598986622,-1.5722479694282168e-18,1.9986030848606716e-16,7.2852588707405867e-16,0,1,0.23033668474852992,0,1,0.00012965399999999999,0.00020372399999999999
2,1,1,141,5,bra,1,0,2,0.8446115410001146,3.364753905239687e-18,0.84461154100011471,-7.2171881326980262e-19,1.3153678157587575e-16,1.2175500551133578e-15,0,1,0.50924352181789334,0,1,0.00019965900000000001,0.00019936699999999999
2,1,1,142,5,bra,1,0,2,1.1839762440563948,-3.198673533000446e-18,1.1839762440563952,1.0117052494785929e-18,3.7509972922564336e-16,1.3221117309908988e-15,0,1,0.70067342400441379,0,1,0.000177083,0.000193048
2,1,1,143,2,ket,1,0,2,0.8947887201526229,-1.5521442951852843e-17,0.8947887201526229,1.2588153899783626e-18,1.8753319039347099e-17,8.4489139751101561e-16,0,1,0.61616654035136675,0,1,0.00012388199999999999,0.000193096
2,1,1,144,1,ket,0,0,2,1.117582259898662,-5.628738881249796e-18,1.117582259898662,-1.5722479694282155e-18,3.6297023112995792e-18,6.9239286894821015e-16,0,1,0.55672580273086536,0,1,0.000107972,0.000206565
2,1,1,145,2,ket,1,0,2,1.4731637679601672,-2.9566803722267059e-18,1.4731637679601677,-1.258815389978361e-18,3.0145491301079646e-16,7.4426705118099439e-16,0,1,0.84088408682878968,0,1,0.00012301900000000001,0.00019079700000000001
2,1,1,146,2,ket,1,0,2,0.67881115579204143,1.2994816295809368e-17,0.67881115579204132,5.8004272734945852e-19,1.6457341575362895e-16,5.6835784763096849e-16,0,0,0.82741519159425969,0,1,0.00013269900000000001,0.000193308
2,1,1,147,1,ket,0,0,2,0.67881115579204165,-6.0514110915689902e-19,0.67881115579204143,5.8004272734945804e-19,3.271127264521428e-16,7.0764959805580462e-16,0,1,0.45360949158627434,0,1,0.000135582,0.000189927
2,1,1,148,6,bra,0,0,2,0.84461154100011449,-5.487532820000859e-18,0.84461154100011493,-7.2171881326980223e-19,5.2582135111905322e-16,1.705490239994349e-15,0,1,0.28528402830564015,0,1,0.000205434,0.00019139600000000001
2,1,1,149,2,ket,1,0,2,1.1839762440563955,-1.4891949288027284e-18,1.1839762440563948,1.0117052494785935e-18,5.6262827293299199e-16,8.2988709540530331e-16,0,1,0.91335104900542441,0,1,0.00012419800000000001,0.00020432600000000001
2,1,1,150,1,ket,0,0,2,0.84461154100011493,3.1784872472381003e-18,0.84461154100011504,-7.2171881326980339e-19,1.3152885431414909e-16,1.0790345937076514e-15,0,1,0.15559320585287703,0,1,0.000107997,0.000190862
2,1,1,151,2,ket,1,0,2,1.1839762440563952,-2.9639229286806256e-18,1.183976244056395,-1.011705249478595e-18,1.8754868421514e-16,8.6961973702502317e-16,0,1,0.60813136789744693,0,1,0.000121908,0.00020694100000000001
2,1,1,152,6,bra,0,0,2,1.4731637679601672,-1.896922722133222e-17,1.4731637679601675,1.2588153899783618e-18,1.5135050380057697e-16,1.7706914528542955e-15,0,1,0.18135080879408144,0,1,0.000191814,0.00019253599999999999
2,1,1,153,5,bra,1,0,2,0.67881115579204143,-5.4093661092341214e-18,0.67881115579204143,-5.8004272734945861e-19,7.114384229955348e-18,1.0076511969685932e-15,0,0,0.81086735517718778,0,1,0.000178801,0.00019440500000000001
2,1,1,154,1,ket,0,0,2,0.67881115579204165,-6.0514110915689902e-19,0.67881115579204143,5.8004272734945804e-19,3.271127264521428e-16,7.0764959805580462e-16,0,0,0.92774521125382448,0,1,0.00019502699999999999,0.00020695500000000001
2,1,1,155,2,ket,1,0,2,0.67881115579204154,8.4885786730082869e-18,0.67881115579204132,5.8004272734945852e-19,3.2731547953787802e-16,5.706770014957621e-16,0,0,0.81887609075124446,0,1,8.5130999999999995e-05,0.00019232299999999999
2,1,1,156,1,ket,0,0,2,0.67881115579204165,-6.0514110915689902e-19,0.67881115579204143,5.8004272734945804e-19,3.271127264521428e-16,7.0764959805580462e-16,0,0,0.93476641750668155,0,1,0.00013544499999999999,0.000189524
2,1,1,157,6,bra,0,0,2,0.67881115579204143,8.8089282627071593e-18,0.67881115579204143,-5.8004272734945909e-19,1.3831491880980511e-17,1.1563603192821244e-15,0,0,0.76946985154967673,0,1,0.00015588599999999999,0.000190829
2,1,1,158,5,bra,1,0,2,0.67881115579204154,-1.5232367596739143e-17,0.67881115579204143,-5.8004272734945861e-19,1.6497225799389029e-16,6.5385104649835064e-16,0,1,0.40354129555256912,0,1,0.00013532799999999999,0.00020563600000000001
2,1,1,159,6,bra,0,0,2,0.89478872015262312,4.4642454022369463e-18,0.89478872015262323,-1.258815389978362e-18,1.2424129898834373e-16,1.4736201533005199e-15,0,1,0.3284642741364564,0,1,0.000188426,0.00019171100000000001
2,1,1,160,6,bra,0,0,2,1.117582259898662,-3.178793521370278e-17,1.1175822598986618,1.5722479694282151e-18,2.0091286408205214e-16,1.5465925665779495e-15,0,1,0.035159352868818036,0,1,0.000190292,0.000197515
2,1,1,161,2,ket,1,0,2,0.84461154100011482,5.1934408265863894e-18,0.84461154100011493,7.2171881326980358e-19,1.3155434882607431e-16,8.8196747147980955e-16,0,1,0.32616746691816195,0,1,0.00011696699999999999,0.00019614
2,1,1,162,1,ket,0,0,2,1.1839762440563952,3.5520033879607186e-18,1.1839762440563948,1.0117052494785944e-18,3.7508900839959723e-16,7.8952574565379935e-16,0,1,0.57937374838820976,0,1,0.000102469,0.000184415
2,1,1,163,1,ket,0,0,2,0.84461154100011482,2.4195457264982483e-18,0.84461154100011515,-7.2171881326980454e-19,3.9436084406085292e-16,7.6178002316285361e-16,0,1,0.80488058410612795,0,1,0.000103031,0.00019350699999999999
2,1,1,164,5,bra,1,0,2,1.183976244056395,4.4623124443253025e-18,1.1839762440563948,1.0117052494785929e-18,1.8756407985689569e-16,9.0012505977598204e-16,0,1,0.36406867399523113,0,1,0.00016959899999999999,0.00018389900000000001
2,1,1,165,2,ket,1,0,2,1.4731637679601672,-2.9566803722267059e-18,1.4731637679601677,-1.258815389978361e-18,3.0145491301079646e-16,7.4426705118099439e-16,0,1,0.093431235583974689,0,1,0.00012575499999999999,0.000185169
2,1,1,166,2,ket,1,0,2,0.67881115579204143,1.2994816295809368e-17,0.67881115579204132,5.8004272734945852e-19,1.6457341575362895e-16,5.6835784763096849e-16,0,0,0.79767660639266735,0,1,0.000119381,0.000185205
2,1,1,167,1,ket,0,0,2,0.67881115579204165,-6.0514110915689902e-19,0.67881115579204143,5.8004272734945804e-19,3.271127264521428e-16,7.0764959805580462e-16,0,0,0.95834776534489119,0,1,0.000142249,0.000185482
2,1,1,168,1,ket,0,0,2,0.67881115579204154,-2.9952441330064527e-18,0.67881115579204143,5.8004272734945804e-19,1.636388186207992e-16,5.1807275866473434e-16,0,1,0.11331061612339408,0,1,0.000103292,0.00018229100000000001
2,1,1,169,6,bra,0,0,2,0.84461154100011449,-5.487532820000859e-18,0.84461154100011493,-7.2171881326980223e-19,5.2582135111905322e-16,1.705490239994349e-15,0,1,0.37006315330718392,0,1,0.00019319300000000001,0.00018426
2,1,1,170,1,ket,0,0,2,1.1839762440563948,-2.1494122732415802e-17,1.183976244056395,-1.0117052494785946e-18,1.8833764715404347e-16,9.8058616630282974e-16,0,1,0.61225115613038672,0,1,0.00010330700000000001,0.00018528300000000001
2,1,1,171,1,ket,0,0,2,0.84461154100011493,2.1820152716609803e-17,0.84461154100011493,7.2171881326980425e-19,2.49800445283486e-17,9.0578615518146914e-16,0,1,0.20567808779345056,0,1,0.00010427100000000001,0.00018786700000000001
2,1,1,172,2,ket,1,0,2,1.1839762440563955,-1.4891949288027284e-18,1.1839762440563948,1.0117052494785935e-18,5.6262827293299199e-16,8.2988709540530331e-16,0,1,0.51758632721670339,0,1,0.00011763,0.000185002
2,1,1,173,2,ket,1,0,2,0.84461154100011493,1.9667225067361651e-17,0.84461154100011504,-7.2171881326980368e-19,1.3364601268418868e-16,8.4609533539083338e-16,0,1,0.53225438389144597,0,1,0.00011854300000000001,0.00018722199999999999
2,1,1,174,2,ket,1,0,2,1.1839762440563955,-1.4891949288027284e-18,1.1839762440563948,1.0117052494785935e-18,5.6262827293299199e-16,8.2988709540530331e-16,0,1,0.68386537450427765,0,1,0.000118724,0.00018653699999999999
2,1,1,175,5,bra,1,0,2,1.4731637679601672,-7.8717073390954723e-18,1.473163767960167,-1.2588153899783599e-18,1.5079318396386961e-16,9.0406189961484457e-16,0,1,0.20191825342939071,0,1,0.00016824299999999999,0.00018684999999999999
2,1,1,176,2,ket,1,0,2,0.67881115579204154,1.183935782779148e-17,0.67881115579204176,-5.8004272734945958e-19,3.2761932802147622e-16,5.7165196560510234e-16,0,0,0.90761318830951399,0,1,0.000117374,0.00019519000000000001
2,1,1,177,5,bra,1,0,2,0.67881115579204154,8.8124180697402358e-18,0.67881115579204165,5.8004272734945852e-19,1.6400305311224932e-16,1.1978530852191398e-15,0,1,0.18024251451952941,0,1,0.00012227700000000001,0.00018679999999999999
2,1,1,178,1,ket,0,0,2,0.84461154100011493,3.1784872472381003e-18,0.84461154100011504,-7.2171881326980339e-19,1.3152885431414909e-16,1.0790345937076514e-15,0,1,0.1383281343978835,0,1,0.000114158,0.000185305
2,1,1,179,5,bra,1,0,2,1.1839762440563955,-7.2434154582004813e-18,1.183976244056395,-1.0117052494785941e-18,3.7511979937370046e-16,1.0435299351697517e-15,0,1,0.47321207186079356,0,1,0.000168345,0.000184377
2,1,1,180,2,ket,1,0,2,0.89478872015262323,1.0952152191820776e-18,0.89478872015262323,-1.2588153899783622e-18,2.6308228480561477e-18,1.2302822630307558e-15,0,1,0.47998844581278871,0,1,0.00011723,0.00019826300000000001
2,1,1,181,5,bra,1,0,2,1.117582259898662,-3.5112059105829699e-17,1.1175822598986618,1.5722479694282143e-18,2.0137626179794001e-16,1.0510891573700165e-15,0,1,0.8136180785870345,0,1,0.00016769699999999999,0.000185606
2,1,1,182,5,bra,1,0,2,0.89478872015262312,3.3769314522530731e-17,0.89478872015262323,-1.2588153899783614e-18,1.301055914234744e-16,1.1146240660139724e-15,0,1,0.74414180736187752,0,1,0.000169994,0.000180836
2,1,1,183,2,ket,1,0,2,1.117582259898662,2.0668004924468014e-17,1.1175822598986618,1.5722479694282153e-18,1.9941637804399817e-16,1.4466208607967508e-15,0,1,0.95702752522829238,0,1,0.00012355999999999999,0.00019046199999999999
2,1,1,184,6,bra,0,0,2,0.84461154100011493,2.0141048531227059e-17,0.84461154100011493,7.2171881326980348e-19,2.2992025061559763e-17,1.3320094410968924e-15,0,1,0.089401096863642046,0,1,0.00018273000000000001,0.00018431599999999999
2,1,1,185,5,bra,1,0,2,1.183976244056395,4.4623124443253025e-18,1.1839762440563948,1.0117052494785929e-18,1.8756407985689569e-16,9.0012505977598204e-16,0,1,0.506120374779927,0,1,0.00016744899999999999,0.00018354499999999999
2,1,1,186,6,bra,0,0,2,0.84461154100011493,-1.216254492973999e-17,0.84461154100011504,-7.2171881326980291e-19,1.321438646564995e-16,7.2344618437139466e-16,0,1,0.60475503310551371,0,1,0.00018601699999999999,0.000203613
2,1,1,187,5,bra,1,0,2,1.1839762440563955,-7.2434154582004813e-18,1.183976244056395,-1.0117052494785941e-18,3.7511979937370046e-16,1.0435299351697517e-15,0,1,0.94722702009954518,0,1,0.00016965200000000001,0.000185694
2,1,1,188,1,ket,0,0,2,1.4731637679601668,-7.9355783296019878e-18,1.4731637679601668,1.2588153899783614e-18,6.2412570275954263e-18,1.0019993238007321e-15,0,1,0.51552708663351943,0,1,0.00010355,0.00018532299999999999
2,1,1,189,6,bra,0,0,2,0.67881115579204176,1.5554875140714828e-17,0.67881115579204154,5.8004272734945909e-19,3.2785110612257627e-16,1.2591383186217228e-15,0,1,0.24025675972138735,0,1,0.00018107299999999999,0.000184494
2,1,1,190,5,bra,1,0,2,0.89478872015262312,-1.0383139733325687e-18,0.89478872015262323,1.2588153899783607e-18,1.2410311174922914e-16,9.989583715566232e-16,0,1,0.48153418686624705,0,1,0.00016801300000000001,0.000186978
2,1,1,191,2,ket,1,0,2,1.117582259898662,2.2635865838291754e-17,1.1175822598986622,-1.5722479694282168e-18,1.9986030848606716e-16,7.2852588707405867e-16,0,1,0.32429461637295565,0,1,0.000116222,0.000187405
2,1,1,192,5,bra,1,0,2,0.8446115410001146,3.364753905239687e-18,0.84461154100011471,-7.2171881326980262e-19,1.3153678157587575e-16,1.2175500551133578e-15,0,1,0.47436639058787522,0,1,0.00016890300000000001,0.00018648100000000001
2,1,1,193,2,ket,1,0,2,1.1839762440563952,-1.2891291979774059e-17,1.183976244056395,1.0117052494785954e-18,1.8790870016419326e-16,9.6573025041556361e-16,0,1,0.78241504006760709,0,1,0.00011788199999999999,0.00018480999999999999
2,1,1,194,1,ket,0,0,2,0.84461154100011482,2.4195457264982483e-18,0.84461154100011515,-7.2171881326980454e-19,3.9436084406085292e-16,7.6178002316285361e-16,0,1,0.76967093562670474,0,1,0.000100951,0.000183122
2,1,1,195,2,ket,1,0,2,1.1839762440563952,-8.8380099252124209e-18,1.183976244056395,-1.0117052494785939e-18,1.8765789290257604e-16,8.4889945595866602e-16,0,1,0.029796255582508379,0,1,0.000117413,0.00018388000000000001
2,1,1,196,1,ket,0,0,2,0.84461154100011493,6.536188460836006e-18,0.84461154100011471,7.21718813269803e-19,2.6298565680620359e-16,9.4941419504723345e-16,0,1,0.67786477194795625,0,1,0.000102378,0.000183003
2,1,1,197,6,bra,0,0,2,1.1839762440563955,1.1883290778401065e-17,1.1839762440563952,-1.0117052494785935e-18,1.8785741878145581e-16,1.1394237653585361e-15,0,1,0.93235060362209832,0,1,0.00018344999999999999,0.00018056300000000001
2,1,1,198,6,bra,0,0,2,0.84461154100011482,5.6992106733188576e-18,0.84461154100011471,7.217188132698031e-19,1.3157980876526524e-16,1.1891363219443874e-15,0,0,0.86592696111582912,0,1,0.00018200599999999999,0.00019534500000000001
2,1,1,199,2,ket,1,0,2,1.4731637679601672,-1.3242683169385889e-17,1.4731637679601668,1.2588153899783618e-18,3.0161338869257099e-16,5.8609283683350858e-16,0,1,0.81003970428381533,0,1,0.00019261199999999999,0.000187865
2,1,1,200,6,bra,0,0,2,0.67881115579204176,1.5554875140714828e-17,0.67881115579204154,5.8004272734945909e-19,3.2785110612257627e-16,1.2591383186217228e-15,0,1,0.055367382321407609,0,1,0.000185541,0.00018339300000000001
2,1,1,201,1,ket,0,0,2,0.84461154100011482,2.4195457264982483e-18,0.84461154100011515,-7.2171881326980454e-19,3.9436084406085292e-16,7.6178002316285361e-16,0,1,0.60212750937141046,0,1,0.000102091,0.000185422
2,1,1,202,2,ket,1,0,2,1.1839762440563952,-8.8380099252124209e-18,1.183976244056395,-1.0117052494785939e-18,1.8765789290257604e-16,8.4889945595866602e-16,0,1,0.48822322149261699,0,1,0.000116445,0.00018355499999999999
2,1,1,203,5,bra,1,0,2,1.4731637679601672,-1.3119227541603566e-17,1.4731637679601675,1.2588153899783609e-18,1.5104201797437711e-16,1.1016506566161243e-15,0,1,0.53801407693221504,0,1,0.00016783799999999999,0.00019834
2,1,1,204,5,bra,1,0,2,0.67881115579204143,-5.4093661092341214e-18,0.67881115579204143,-5.8004272734945861e-19,7.114384229955348e-18,1.0076511969685932e-15,0,1,0.26167719613392343,0,1,0.000168858,0.000183499
2,1,1,205,6,bra,0,0,2,0.89478872015262312,4.4642454022369463e-18,0.89478872015262323,-1.258815389978362e-18,1.2424129898834373e-16,1.4736201533005199e-15,0,0,0.9521400502371562,0,1,0.00021106099999999999,0.00018502199999999999
2,1,1,206,6,bra,0,0,2,0.89478872015262312,7.8225719044017233e-18,0.89478872015262323,-1.258815389978362e-18,1.244909550017974e-16,1.0937653724759986e-15,0,1,0.13988316997074732,0,1,0.000107502,0.000186606
2,1,1,207,2,ket,1,0,2,1.117582259898662,2.0668004924468014e-17,1.1175822598986618,1.5722479694282153e-18,1.9941637804399817e-16,1.4466208607967508e-15,0,1,0.3602988343751436,0,1,0.000117749,0.000183315
2,1,1,208,1,ket,0,0,2,1.4731637679601668,-7.9355783296019878e-18,1.4731637679601668,1.2588153899783614e-18,6.2412570275954263e-18,1.0019993238007321e-15,0,1,0.70265022675903921,0,1,0.00010172,0.00019507300000000001
2,1,1,209,6,bra,0,0,2,0.67881115579204176,1.5554875140714828e-17,0.67881115579204154,5.8004272734945909e-19,3.2785110612257627e-16,1.2591383186217228e-15,0,0,0.89737445867874777,0,1,0.000181635,0.00018382399999999999
2,1,1,210,2,ket,1,0,2,0.67881115579204176,1.5249467654064108e-17,0.67881115579204176,-5.8004272734945958e-19,2.3319461158447787e-17,5.1390718732778004e-16,0,1,0.50530592522177475,0,1,0.000200263,0.00018236500000000001
2,1,1,211,5,bra,1,0,2,0.84461154100011482,1.3118185062303189e-17,0.84461154100011493,7.2171881326980377e-19,1.3226463543548865e-16,6.0961646102971905e-16,0,1,0.21672697948766051,0,1,0.000170037,0.000187102
2,1,1,212,1,ket,0,0,2,1.1839762440563948,-2.1494122732415802e-17,1.183976244056395,-1.0117052494785946e-18,1.8833764715404347e-16,9.8058616630282974e-16,0,1,0.91677112228430835,0,1,0.000103057,0.000187045
2,1,1,213,1,ket,0,0,2,0.84461154100011493,2.1820152716609803e-17,0.84461154100011493,7.2171881326980425e-19,2.49800445283486e-17,9.0578615518146914e-16,0,1,0.7865218650220871,0,1,0.00010213999999999999,0.00018214899999999999
2,1,1,214,5,bra,1,0,2,1.1839762440563955,1.7549406183745645e-17,1.183976244056395,-1.0117052494785941e-18,3.7541034465391514e-16,7.3642978619553878e-16,0,1,0.66060751619890401,0,1,0.00016940999999999999,0.000183296
2,1,1,215,5,bra,1,0,2,0.84461154100011482,1.3118185062303189e-17,0.84461154100011493,7.2171881326980377e-19,1.3226463543548865e-16,6.0961646102971905e-16,0,1,0.22688183640752829,0,1,0.00016945999999999999,0.00021512300000000001
2,1,1,216,6,bra,0,0,2,1.183976244056395,-5.1309991265085837e-18,1.183976244056395,1.0117052494785919e-18,5.1881990089106781e-18,1.6225089286519294e-15,0,1,0.92288850330139494,0,1,0.00018302999999999999,0.00018615799999999999
2,1,1,217,6,bra,0,0,2,0.84461154100011449,-5.487532820000859e-18,0.84461154100011493,-7.2171881326980223e-19,5.2582135111905322e-16,1.705490239994349e-15,0,1,0.45834809348044647,0,1,0.00018187499999999999,0.000186453
2,1,1,218,6,bra,0,0,2,1.183976244056395,-5.1309991265085837e-18,1.183976244056395,1.0117052494785919e-18,5.1881990089106781e-18,1.6225089286519294e-15,0,1,0.66134037099924092,0,1,0.00018142399999999999,0.000196298
2,1,1,219,6,bra,0,0,2,0.84461154100011449,-5.487532820000859e-18,0.84461154100011493,-7.2171881326980223e-19,5.2582135111905322e-16,1.705490239994349e-15,0,0,0.99193473688773171,0,1,0.00018194500000000001,0.000185484
2,1,1,220,1,ket,0,0,2,1.4731637679601672,3.0058438652765261e-18,1.4731637679601675,-1.2588153899783595e-18,1.5075415251148222e-16,7.2783044839496699e-16,0,1,0.20437512506508337,0,1,0.00021973199999999999,0.000183184
2,1,1,221,2,ket,1,0,2,0.67881115579204143,1.2994816295809368e-17,0.67881115579204132,5.8004272734945852e-19,1.6457341575362895e-16,5.6835784763096849e-16,0,1,0.57788623552193885,0,1,0.000117269,0.0001797
2,1,1,222,6,bra,0,0,2,0.84461154100011493,-1.216254492973999e-17,0.84461154100011504,-7.2171881326980291e-19,1.321438646564995e-16,7.2344618437139466e-16,0,1,0.039071861166168016,0,1,0.000180247,0.00018640400000000001
2,1,1,223,6,bra,0,0,2,1.1839762440563952,1.7301719342967958e-17,1.1839762440563948,1.0117052494785925e-18,3.7533513495434126e-16,6.8935015406117054e-16,0,1,0.93272910845278567,0,1,0.00018098999999999999,0.00019209399999999999
2,1,1,224,5,bra,1,0,2,0.84461154100011493,-5.8198003284507902e-18,0.84461154100011504,-7.217188132698032e-19,1.3158628072599211e-16,9.3084113144670005e-16,0,1,0.83435679137987095,0,1,0.00017065400000000001,0.00018471899999999999
2,1,1,225,2,ket,1,0,2,1.1839762440563952,-8.8380099252124209e-18,1.183976244056395,-1.0117052494785939e-18,1.8765789290257604e-16,8.4889945595866602e-16,0,1,0.58910565883036881,0,1,0.00011919,0.00018672
2,1,1,226,1,ket,0,0,2,0.84461154100011493,6.536188460836006e-18,0.84461154100011471,7.21718813269803e-19,2.6298565680620359e-16,9.4941419504723345e-16,0,1,0.58733051921757029,0,1,0.00010396899999999999,0.000185021
2,1,1,227,6,bra,0,0,2,1.1839762440563955,1.1883290778401065e-17,1.1839762440563952,-1.0117052494785935e-18,1.8785741878145581e-16,1.1394237653585361e-15,0,1,0.63869514038973463,0,1,0.00018347200000000001,0.00018484299999999999
2,1,1,228,1,ket,0,0,2,0.89478872015262323,-4.8497525601784208e-18,0.89478872015262323,-1.258815389978362e-18,4.0131676778262872e-18,7.3067947020614845e-16,0,1,0.5934580147575258,0,1,0.00010175000000000001,0.00019729099999999999
2,1,1,229,5,bra,1,0,2,1.117582259898662,-3.5112059105829699e-17,1.1175822598986618,1.5722479694282143e-18,2.0137626179794001e-16,1.0510891573700165e-15,0,1,0.019285330999907868,0,1,0.00016877,0.00018707399999999999
2,1,1,230,5,bra,1,0,2,0.89478872015262312,3.3769314522530731e-17,0.89478872015262323,-1.2588153899783614e-18,1.301055914234744e-16,1.1146240660139724e-15,0,1,0.010269109815861844,0,1,0.00018217,0.000184229
2,1,1,231,5,bra,1,0,2,1.117582259898662,-3.5112059105829699e-17,1.1175822598986618,1.5722479694282143e-18,2.0137626179794001e-16,1.0510891573700165e-15,0,1,0.69245256684397583,0,1,0.000168002,0.00018473299999999999
2,1,1,232,2,ket,1,0,2,0.84461154100011471,2.064999075929412e-17,0.84461154100011493,7.2171881326980445e-19,2.639522091888642e-16,1.0756140918665956e-15,0,1,0.57062196525769815,0,1,0.000116777,0.000184074
2,1,1,233,5,bra,1,0,2,1.1839762440563955,-7.2434154582004813e-18,1.183976244056395,-1.0117052494785941e-18,3.7511979937370046e-16,1.0435299351697517e-15,0,1,0.24503414753055799,0,1,0.000168951,0.00019486800000000001
2,1,1,234,2,ket,1,0,2,0.89478872015262323,1.0952152191820776e-18,0.89478872015262323,-1.2588153899783622e-18,2.6308228480561477e-18,1.2302822630307558e-15,0,1,0.74789667136387972,0,1,0.00011688099999999999,0.00018237200000000001
2,1,1,235,5,bra,1,0,2,1.117582259898662,-3.5112059105829699e-17,1.1175822598986618,1.5722479694282143e-18,2.0137626179794001e-16,1.0510891573700165e-15,0,1,0.44566284054034833,0,1,0.00018243799999999999,0.00018262700000000001
2,1,1,236,2,ket,1,0,2,0.84461154100011471,2.064999075929412e-17,0.84461154100011493,7.2171881326980445e-19,2.639522091888642e-16,1.0756140918665956e-15,0,1,0.78998230171436612,0,1,0.00011724,0.00018664199999999999
2,1,1,237,2,ket,1,0,2,1.1839762440563952,-2.9639229286806256e-18,1.183976244056395,-1.011705249478595e-18,1.8754868421514e-16,8.6961973702502317e-16,0,1,0.28484245422645038,0,1,0.000117586,0.00018379
2,1,1,238,6,bra,0,0,2,1.4731637679601672,-1.896922722133222e-17,1.4731637679601675,1.2588153899783618e-18,1.5135050380057697e-16,1.7706914528542955e-15,0,1,0.98859288003777146,0,1,0.00018283899999999999,0.00019875900000000001
2,1,1,239,5,bra,1,0,2,0.67881115579204143,-5.4093661092341214e-18,0.67881115579204143,-5.8004272734945861e-19,7.114384229955348e-18,1.0076511969685932e-15,0,1,0.33723419101021607,0,1,0.00016893,0.00018159099999999999
2,1,1,240,2,ket,1,0,2,0.84461154100011482,5.1934408265863894e-18,0.84461154100011493,7.2171881326980358e-19,1.3155434882607431e-16,8.8196747147980955e-16,0,0,0.85907315136091544,0,1,0.000117902,0.00018540900000000001
2,1,1,241,6,bra,0,0,2,0.89478872015262312,4.4642454022369463e-18,0.89478872015262323,-1.258815389978362e-18,1.2424129898834373e-16,1.4736201533005199e-15,0,1,0.66409155146560894,0,1,0.000131882,0.000181192
2,1,1,242,5,bra,1,0,2,1.117582259898662,-3.5112059105829699e-17,1.1175822598986618,1.5722479694282143e-18,2.0137626179794001e-16,1.0510891573700165e-15,0,1,0.26352771878532072,0,1,0.00017106200000000001,0.00018120199999999999
2,1,1,243,5,bra,1,0,2,0.89478872015262312,3.3769314522530731e-17,0.89478872015262323,-1.2588153899783614e-18,1.301055914234744e-16,1.1146240660139724e-15,0,1,0.14447303857400046,0,1,0.00017004699999999999,0.00019882299999999999
2,1,1,244,5,bra,1,0,2,1.117582259898662,-3.5112059105829699e-17,1.1175822598986618,1.5722479694282143e-18,2.0137626179794001e-16,1.0510891573700165e-15,0,1,0.80184012526988457,0,1,0.00016818099999999999,0.000182542
2,1,1,245,1,ket,0,0,2,0.84461154100011493,2.1820152716609803e-17,0.84461154100011493,7.2171881326980425e-19,2.49800445283486e-17,9.0578615518146914e-16,0,1,0.47774692591281942,0,1,0.000110367,0.000183084
2,1,1,246,1,ket,0,0,2,1.1839762440563948,-2.1494122732415802e-17,1.183976244056395,-1.0117052494785946e-18,1.8833764715404347e-16,9.8058616630282974e-16,0,1,0.019006912564041842,0,1,0.000101084,0.000184725
2,1,1,247,5,bra,1,0,2,0.89478872015262312,3.3769314522530731e-17,0.89478872015262323,-1.2588153899783614e-18,1.301055914234744e-16,1.1146240660139724e-15,0,1,0.38410442551959045,0,1,0.00017860900000000001,0.00018488200000000001
2,1,1,248,6,bra,0,0,2,1.117582259898662,-3.178793521370278e-17,1.1175822598986618,1.5722479694282151e-18,2.0091286408205214e-16,1.5465925665779495e-15,0,1,0.63086479749494884,0,1,0.00018567799999999999,0.00019032599999999999
2,1,1,249,2,ket,1,0,2,0.84461154100011482,5.1934408265863894e-18,0.84461154100011493,7.2171881326980358e-19,1.3155434882607431e-16,8.8196747147980955e-16,0,0,0.89451434366591343,0,1,0.00011663999999999999,0.00018501699999999999
2,1,1,250,6,bra,0,0,2,0.89478872015262312,4.4642454022369463e-18,0.89478872015262323,-1.258815389978362e-18,1.2424129898834373e-16,1.4736201533005199e-15,0,1,0.15196314884666121,0,1,0.000132087,0.000200862
2,1,1,251,1,ket,0,0,2,1.117582259898662,1.7451716576774226e-17,1.1175822598986618,1.5722479694282149e-18,1.9919042833178454e-16,8.9584045052336079e-16,0,1,0.99656982487172552,0,1,0.000103248,0.00018341000000000001
2,1,1,252,6,bra,0,0,2,0.84461154100011482,5.6992106733188576e-18,0.84461154100011471,7.217188132698031e-19,1.3157980876526524e-16,1.1891363219443874e-15,0,0,0.95420016710792266,0,1,0.00019579800000000001,0.00018326900000000001
2,1,1,253,1,ket,0,0,2,0.89478872015262323,-7.5748483342092026e-19,0.89478872015262323,-1.258815389978362e-18,5.6027813635371968e-19,7.7445352838754893e-16,0,1,0.54183876248233631,0,1,0.000210273,0.000182494
2,1,1,254,6,bra,0,0,2,1.117582259898662,-3.178793521370278e-17,1.1175822598986618,1.5722479694282151e-18,2.0091286408205214e-16,1.5465925665779495e-15,0,1,0.54560764104953874,0,1,0.00018138900000000001,0.000187185
2,1,1,255,1,ket,0,0,2,0.84461154100011493,6.536188460836006e-18,0.84461154100011471,7.21718813269803e-19,2.6298565680620359e-16,9.4941419504723345e-16,0,1,0.23233398492310578,0,1,0.000102311,0.00019516600000000001
2,1,1,256,2,ket,1,0,2,1.1839762440563952,-1.2891291979774059e-17,1.183976244056395,1.0117052494785954e-18,1.8790870016419326e-16,9.6573025041556361e-16,0,1,0.43610662250536264,0,1,0.000117118,0.000181235
2,1,1,257,5,bra,1,0,2,0.89478872015262312,-1.0383139733325687e-18,0.89478872015262323,1.2588153899783607e-18,1.2410311174922914e-16,9.989583715566232e-16,0,1,0.67743693859596721,0,1,0.000169261,0.00019588400000000001
2,1,1,258,1,ket,0,0,2,1.117582259898662,-5.628738881249796e-18,1.117582259898662,-1.5722479694282155e-18,3.6297023112995792e-18,6.9239286894821015e-16,0,1,0.60511906361596801,0,1,0.000103139,0.00018227299999999999
2,1,1,259,6,bra,0,0,2,0.84461154100011493,-1.216254492973999e-17,0.84461154100011504,-7.2171881326980291e-19,1.321438646564995e-16,7.2344618437139466e-16,0,1,0.26679858397151129,0,1,0.000194403,0.00018221099999999999
2,1,1,260,2,ket,1,0,2,1.1839762440563952,-2.9639229286806256e-18,1.183976244056395,-1.011705249478595e-18,1.8754868421514e-16,8.6961973702502317e-16,0,1,0.1448424881248136,0,1,0.000115108,0.00018448299999999999
2,1,1,261,5,bra,1,0,2,0.89478872015262312,3.3769314522530731e-17,0.89478872015262323,-1.2588153899783614e-18,1.301055914234744e-16,1.1146240660139724e-15,0,1,0.36051417114102868,0,1,0.000168598,0.00018616800000000001
2,1,1,262,1,ket,0,0,2,1.117582259898662,1.7451716576774226e-17,1.1175822598986618,1.5722479694282149e-18,1.9919042833178454e-16,8.9584045052336079e-16,0,1,0.16537450876727094,0,1,0.000107657,0.000197877
2,1,1,263,2,ket,1,0,2,1.4731637679601672,-1.1784119370514714e-17,1.4731637679601668,1.2588153899783618e-18,3.0158269856465606e-16,5.2492818675949337e-16,0,1,0.47501559171579205,0,1,0.000118806,0.00018331099999999999
2,1,1,264,5,bra,1,0,2,0.67881115579204154,8.8124180697402358e-18,0.67881115579204165,5.8004272734945852e-19,1.6400305311224932e-16,1.1978530852191398e-15,0,1,0.66449071279016669,0,1,0.000180936,0.000188223
2,1,1,265,2,ket,1,0,2,0.84461154100011493,1.9667225067361651e-17,0.84461154100011504,-7.2171881326980368e-19,1.3364601268418868e-16,8.4609533539083338e-16,0,1,0.68860410782231474,0,1,0.000117905,0.00018192699999999999
2,1,1,266,2,ket,1,0,2,1.1839762440563955,-1.4891949288027284e-18,1.1839762440563948,1.0117052494785935e-18,5.6262827293299199e-16,8.2988709540530331e-16,0,1,0.20853712039276986,0,1,0.000118831,0.00018634599999999999
2,1,1,267,5,bra,1,0,2,1.4731637679601672,-7.8717073390954723e-18,1.473163767960167,-1.2588153899783599e-18,1.5079318396386961e-16,9.0406189961484457e-16,0,1,0.41795360734070164,0,1,0.00016848399999999999,0.000184914
2,1,1,268,6,bra,0,0,2,0.67881115579204176,1.5554875140714828e-17,0.67881115579204154,5.8004272734945909e-19,3.2785110612257627e-16,1.2591383186217228e-15,0,0,0.75176207033209286,0,1,0.00018237900000000001,0.00018799299999999999
2,1,1,269,5,bra,1,0,2,0.67881115579204143,-2.8049700758660703e-18,0.67881115579204165,5.8004272734945852e-19,3.2714607495083618e-16,1.0997950956948547e-15,0,1,0.36951400014251046,0,1,0.00013008099999999999,0.000200552
2,1,1,270,5,bra,1,0,2,1.4731637679601672,-7.8717073390954723e-18,1.473163767960167,-1.2588153899783599e-18,1.5079318396386961e-16,9.0406189961484457e-16,0,1,0.070671802650214791,0,1,0.00016924,0.000183189
2,1,1,271,6,bra,0,0,2,0.67881115579204176,1.5554875140714828e-17,0.67881115579204154,5.8004272734945909e-19,3.2785110612257627e-16,1.2591383186217228e-15,0,0,0.69190244733439388,0,1,0.00018285099999999999,0.00018329899999999999
2,1,1,272,6,bra,0,0,2,0.67881115579204165,6.7817590583469201e-18,0.67881115579204154,5.8004272734945909e-19,1.6380900760497027e-16,9.7799343220256031e-16,0,1,0.034642070193768464,0,1,0.00010887699999999999,0.000184871
2,1,1,273,1,ket,0,0,2,0.84461154100011482,2.4195457264982483e-18,0.84461154100011515,-7.2171881326980454e-19,3.9436084406085292e-16,7.6178002316285361e-16,0,1,0.83980263489224416,0,1,0.000102707,0.00018546099999999999
2,1,1,274,6,bra,0,0,2,1.1839762440563952,-9.8471199487371853e-18,1.183976244056395,-1.0117052494785937e-18,1.876898478827436e-16,1.3928058687868962e-15,0,1,0.3814750928730844,0,1,0.00018028599999999999,0.000193432
2,1,1,275,2,ket,1,0,2,0.89478872015262323,1.0952152191820776e-18,0.89478872015262323,-1.2588153899783622e-18,2.6308228480561477e-18,1.2302822630307558e-15,0,1,0.17017255449154275,0,1,0.000117633,0.000185866
2,1,1,276,5,bra,1,0,2,1.117582259898662,-3.5112059105829699e-17,1.1175822598986618,1.5722479694282143e-18,2.0137626179794001e-16,1.0510891573700165e-15,0,1,0.91476387945355719,0,1,0.00018144400000000001,0.000182857
2,1,1,277,6,bra,0,0,2,1.4731637679601672,-1.896922722133222e-17,1.4731637679601675,1.2588153899783618e-18,1.5135050380057697e-16,1.7706914528542955e-15,0,1,0.24146405286355604,0,1,0.00018167300000000001,0.00019406499999999999
2,1,1,278,1,ket,0,0,2,0.67881115579204176,6.3814109104474444e-18,0.67881115579204143,5.8004272734945804e-19,4.9073652503456778e-16,9.9100274494348189e-16,0,0,0.99784490198972697,0,1,0.000103275,0.00018279599999999999
2,1,1,279,6,bra,0,0,2,0.67881115579204143,-8.9578839402297202e-18,0.67881115579204143,-5.8004272734945909e-19,1.2341932128538665e-17,1.5984926335488718e-15,0,0,0.85022740708640288,0,1,0.000146487,0.000196231
2,1,1,280,6,bra,0,0,2,0.67881115579204143,-7.0606075918116791e-18,0.67881115579204143,-5.8004272734945909e-19,9.5469333542414366e-18,6.615482884932583e-16,0,1,0.65316144920634067,0,1,0.000108904,0.000181337
2,1,1,281,2,ket,1,0,2,0.84461154100011471,2.064999075929412e-17,0.84461154100011493,7.2171881326980445e-19,2.639522091888642e-16,1.0756140918665956e-15,0,1,0.1020872627311936,0,1,0.000126413,0.00018781000000000001
2,1,1,282,1,ket,0,0,2,1.1839762440563952,1.0088983234249461e-18,1.1839762440563948,1.0117052494785933e-18,3.7508287188047721e-16,9.03591104056134e-16,0,1,0.27937609296001031,0,1,0.00010226300000000001,0.000185012
2,1,1,283,6,bra,0,0,2,0.89478872015262312,1.2241527310534798e-17,0.89478872015262301,1.2588153899783614e-18,1.2468217518531071e-16,1.2851846594426426e-15,0,1,0.48305131684434283,0,1,0.00019665700000000001,0.000183974
2,1,1,284,1,ket,0,0,2,1.117582259898662,-5.628738881249796e-18,1.117582259898662,-1.5722479694282155e-18,3.6297023112995792e-18,6.9239286894821015e-16,0,1,0.25734819130889736,0,1,0.00010263,0.00018557099999999999
2,1,1,285,1,ket,0,0,2,0.89478872015262323,2.5223045298024298e-18,0.89478872015262301,1.2588153899783618e-18,2.4815712880477998e-16,8.5373420694798699e-16,0,1,0.44226849092520137,0,1,0.000103214,0.00018783499999999999
2,1,1,286,2,ket,1,0,2,1.117582259898662,2.2635865838291754e-17,1.1175822598986622,-1.5722479694282168e-18,1.9986030848606716e-16,7.2852588707405867e-16,0,1,0.34284431311065405,0,1,0.000116582,0.000181478
2,1,1,287,6,bra,0,0,2,0.84461154100011449,-5.487532820000859e-18,0.84461154100011493,-7.2171881326980223e-19,5.2582135111905322e-16,1.705490239994349e-15,0,1,0.18943279988315409,0,1,0.000181442,0.00018349800000000001
2,1,1,288,2,ket,1,0,2,1.1839762440563955,-1.4891949288027284e-18,1.1839762440563948,1.0117052494785935e-18,5.6262827293299199e-16,8.2988709540530331e-16,0,1,0.27691236418825377,0,1,0.00011655,0.00019673999999999999
2,1,1,289,5,bra,1,0,2,1.4731637679601672,-7.8717073390954723e-18,1.473163767960167,-1.2588153899783599e-18,1.5079318396386961e-16,9.0406189961484457e-16,0,1,0.27508064883135341,0,1,0.00016895899999999999,0.000184205
2,1,1,290,5,bra,1,0,2,0.67881115579204154,8.8124180697402358e-18,0.67881115579204165,5.8004272734945852e-19,1.6400305311224932e-16,1.1978530852191398e-15,0,1,0.43274203251168197,0,1,0.000179555,0.00018624700000000001
2,1,1,291,6,bra,0,0,2,0.89478872015262312,1.2241527310534798e-17,0.89478872015262301,1.2588153899783614e-18,1.2468217518531071e-16,1.2851846594426426e-15,0,0,0.99670272783113256,0,1,0.000181218,0.00018519399999999999
2,1,1,292,5,bra,1,0,2,1.4731637679601672,-9.2308683783827871e-18,1.473163767960167,-1.2588153899783599e-18,1.5082346831950235e-16,7.0676954586534534e-16,0,1,0.93841396097750729,0,1,0.000130314,0.000183473
2,1,1,293,2,ket,1,0,2,0.67881115579204154,1.183935782779148e-17,0.67881115579204176,-5.8004272734945958e-19,3.2761932802147622e-16,5.7165196560510234e-16,0,1,0.17929352482138416,0,1,0.000117806,0.00019603700000000001
2,1,1,294,5,bra,1,0,2,0.84461154100011482,1.3118185062303189e-17,0.84461154100011493,7.2171881326980377e-19,1.3226463543548865e-16,6.0961646102971905e-16,0,1,0.055819333457659458,0,1,0.000170242,0.000184964
2,1,1,295,2,ket,1,0,2,1.1839762440563955,-1.4891949288027284e-18,1.1839762440563948,1.0117052494785935e-18,5.6262827293299199e-16,8.2988709540530331e-16,0,1,0.74343333024966041,0,1,0.000120851,0.000181604
2,1,1,296,5,bra,1,0,2,1.4731637679601672,-7.8717073390954723e-18,1.473163767960167,-1.2588153899783599e-18,1.5079318396386961e-16,9.0406189961484457e-16,0,1,0.25490455929498435,0,1,0.000171001,0.00018351500000000001
2,1,1,297,6,bra,0,0,2,0.67881115579204176,1.5554875140714828e-17,0.67881115579204154,5.8004272734945909e-19,3.2785110612257627e-16,1.2591383186217228e-15,0,0,0.79235125481809288,0,1,0.000181492,0.000187262
2,1,1,298,6,bra,0,0,2,0.67881115579204165,6.7817590583469201e-18,0.67881115579204154,5.8004272734945909e-19,1.6380900760497027e-16,9.7799343220256031e-16,0,0,0.88057159272487551,0,1,0.000109901,0.00020034999999999999
2,1,1,299,2,ket,1,0,2,0.67881115579204176,1.5249467654064108e-17,0.67881115579204176,-5.8004272734945958e-19,2.3319461158447787e-17,5.1390718732778004e-16,0,1,0.18761855699393021,0,1,0.00019191400000000001,0.00018388000000000001
2,1,1,300,1,ket,0,0,2,0.89478872015262323,-4.8497525601784208e-18,0.89478872015262323,-1.258815389978362e-18,4.0131676778262872e-18,7.3067947020614845e-16,0,1,0.60883922291056958,0,1,0.00011609599999999999,0.00018530700000000001
2,1,1,301,5,bra,1,0,2,1.117582259898662,-3.5112059105829699e-17,1.1175822598986618,1.5722479694282143e-18,2.0137626179794001e-16,1.0510891573700165e-15,0,1,0.77403669948717824,0,1,0.00017039600000000001,0.000183635
2,1,1,302,2,ket,1,0,2,0.84461154100011471,2.064999075929412e-17,0.84461154100011493,7.2171881326980445e-19,2.639522091888642e-16,1.0756140918665956e-15,0,1,0.45833131181941211,0,1,0.000118582,0.00018741
2,1,1,303,2,ket,1,0,2,1.1839762440563952,-2.9639229286806256e-18,1.183976244056395,-1.011705249478595e-18,1.8754868421514e-16,8.6961973702502317e-16,0,1,0.91703029958696147,0,1,0.000116823,0.00018173899999999999
2,1,1,304,5,bra,1,0,2,0.89478872015262312,3.3769314522530731e-17,0.89478872015262323,-1.2588153899783614e-18,1.301055914234744e-16,1.1146240660139724e-15,0,1,0.39024269681032631,0,1,0.00016906000000000001,0.00018370300000000001
2,1,1,305,6,bra,0,0,2,1.117582259898662,-3.178793521370278e-17,1.1175822598986618,1.5722479694282151e-18,2.0091286408205214e-16,1.5465925665779495e-15,0,1,0.17999050686237444,0,1,0.00018216700000000001,0.000197911
2,1,1,306,5,bra,1,0,2,1.4731637679601672,-1.3119227541603566e-17,1.4731637679601675,1.2588153899783609e-18,1.5104201797437711e-16,1.1016506566161243e-15,0,1,0.48983833420997042,0,1,0.00016944200000000001,0.00018635900000000001
2,1,1,307,5,bra,1,0,2,0.67881115579204143,-5.4093661092341214e-18,0.67881115579204143,-5.8004272734945861e-19,7.114384229955348e-18,1.0076511969685932e-15,0,0,0.81769349361315369,0,1,0.00016879199999999999,0.000183864
2,1,1,308,2,ket,1,0,2,0.67881115579204154,9.2076886360669268e-18,0.67881115579204132,5.8004272734945852e-19,3.2735489892905505e-16,7.7667487796848592e-16,0,0,0.75011997100598171,0,1,0.00016569800000000001,0.00019566399999999999
2,1,1,309,5,bra,1,0,2,0.67881115579204143,2.5301818096515085e-17,0.67881115579204143,-5.8004272734945861e-19,3.8128219613104934e-17,5.8736362104731509e-16,0,0,0.96910693600838016,0,1,0.000120739,0.000182523
2,1,1,310,1,ket,0,0,2,0.67881115579204165,-6.0514110915689902e-19,0.67881115579204143,5.8004272734945804e-19,3.271127264521428e-16,7.0764959805580462e-16,0,0,0.72904365618911238,0,1,0.000181965,0.00019466199999999999
2,1,1,311,2,ket,1,0,2,0.67881115579204154,8.4885786730082869e-18,0.67881115579204132,5.8004272734945852e-19,3.2731547953787802e-16,5.706770014957621e-16,0,1,0.31547552101089954,0,1,8.0586000000000004e-05,0.00018637999999999999
2,1,1,312,6,bra,0,0,2,0.84461154100011493,-1.216254492973999e-17,0.84461154100011504,-7.2171881326980291e-19,1.321438646564995e-16,7.2344618437139466e-16,0,0,0.8780231323584502,0,1,0.000180879,0.00019538800000000001
2,1,1,313,6,bra,0,0,2,0.84461154100011482,-6.6751288340953268e-18,0.84461154100011504,-7.2171881326980291e-19,2.6299001440257622e-16,8.1957651771211753e-16,0,1,0.71293812353366648,0,1,0.000110103,0.00018537100000000001
2,1,1,314,1,ket,0,0,2,1.1839762440563952,1.0088983234249461e-18,1.1839762440563948,1.0117052494785933e-18,3.7508287188047721e-16,9.03591104056134e-16,0,1,0.83178304203429543,0,1,0.000112927,0.00018599900000000001
2,1,1,315,2,ket,1,0,2,0.84461154100011493,1.9667225067361651e-17,0.84461154100011504,-7.2171881326980368e-19,1.3364601268418868e-16,8.4609533539083338e-16,0,1,0.60504514480148808,0,1,0.00011754,0.000183487
2,1,1,316,5,bra,1,0,2,1.1839762440563955,1.7549406183745645e-17,1.183976244056395,-1.0117052494785941e-18,3.7541034465391514e-16,7.3642978619553878e-16,0,1,0.60830349710989262,0,1,0.00017112799999999999,0.000186002
2,1,1,317,5,bra,1,0,2,0.84461154100011482,1.3118185062303189e-17,0.84461154100011493,7.2171881326980377e-19,1.3226463543548865e-16,6.0961646102971905e-16,0,1,0.74266636653048468,0,1,0.00017017200000000001,0.000192203
2,1,1,318,6,bra,0,0,2,1.183976244056395,-5.1309991265085837e-18,1.183976244056395,1.0117052494785919e-18,5.1881990089106781e-18,1.6225089286519294e-15,0,1,0.74248699407009811,0,1,0.00018066999999999999,0.000181027
2,1,1,319,1,ket,0,0,2,1.4731637679601672,-1.2057890113961473e-17,1.4731637679601675,-1.2588153899783595e-18,1.5090450877494297e-16,9.1372932331686555e-16,0,1,0.67372365291336311,0,1,0.000110259,0.00018224100000000001
2,1,1,320,2,ket,1,0,2,0.67881115579204143,1.2994816295809368e-17,0.67881115579204132,5.8004272734945852e-19,1.6457341575362895e-16,5.6835784763096849e-16,0,0,0.82273325528160546,0,1,0.000116951,0.00018652299999999999
2,1,1,321,2,ket,1,0,2,0.67881115579204154,9.2076886360669268e-18,0.67881115579204132,5.8004272734945852e-19,3.2735489892905505e-16,7.7667487796848592e-16,0,1,0.64663642160696255,0,1,0.00011938999999999999,0.00018248
2,1,1,322,6,bra,0,0,2,0.84461154100011493,-1.216254492973999e-17,0.84461154100011504,-7.2171881326980291e-19,1.321438646564995e-16,7.2344618437139466e-16,0,1,0.81006485454272614,0,1,0.00018262000000000001,0.00018599400000000001
2,1,1,323,5,bra,1,0,2,1.1839762440563955,-7.2434154582004813e-18,1.183976244056395,-1.0117052494785941e-18,3.7511979937370046e-16,1.0435299351697517e-15,0,1,0.89206395331491117,0,1,0.00017009999999999999,0.00018659199999999999
2,1,1,324,1,ket,0,0,2,1.4731637679601668,-7.9355783296019878e-18,1.4731637679601668,1.2588153899783614e-18,6.2412570275954263e-18,1.0019993238007321e-15,0,1,0.72438116816006404,0,1,0.00010137900000000001,0.000198011
2,1,1,325,1,ket,0,0,2,0.67881115579204165,1.3382740339427825e-18,0.67881115579204176,-5.8004272734945938e-19,1.6357844630434805e-16,5.9585061999911282e-16,0,1,0.51939364052885062,0,1,0.00010296199999999999,0.000183046
2,1,1,326,6,bra,0,0,2,0.84461154100011493,2.0141048531227059e-17,0.84461154100011493,7.2171881326980348e-19,2.2992025061559763e-17,1.3320094410968924e-15,0,0,0.89989258126311222,0,1,0.00018163599999999999,0.00019580899999999999
2,1,1,327,2,ket,1,0,2,0.89478872015262323,2.1939911611212159e-18,0.89478872015262323,-1.2588153899783622e-18,3.858795348370771e-18,6.3352877944914926e-16,0,1,0.47651278529861069,0,1,0.00019066299999999999,0.000183649
2,1,1,328,6,bra,0,0,2,1.117582259898662,-3.178793521370278e-17,1.1175822598986618,1.5722479694282151e-18,2.0091286408205214e-16,1.5465925665779495e-15,0,1,0.88927813591479177,0,1,0.00019330700000000001,0.00018389
2,1,1,329,2,ket,1,0,2,0.84461154100011482,5.1934408265863894e-18,0.84461154100011493,7.2171881326980358e-19,1.3155434882607431e-16,8.8196747147980955e-16,0,1,0.3014831005995825,0,1,0.000114756,0.00018436599999999999
2,1,1,330,6,bra,0,0,2,1.1839762440563952,-9.8471199487371853e-18,1.183976244056395,-1.0117052494785937e-18,1.876898478827436e-16,1.3928058687868962e-15,0,1,0.74841080002828375,0,1,0.00018326599999999999,0.000185234
2,1,1,331,6,bra,0,0,2,0.84461154100011493,2.0141048531227059e-17,0.84461154100011493,7.2171881326980348e-19,2.2992025061559763e-17,1.3320094410968924e-15,0,1,0.12713005427618435,0,1,0.00019121200000000001,0.00018452400000000001
2,1,1,332,6,bra,0,0,2,1.1839762440563952,-9.8471199487371853e-18,1.183976244056395,-1.0117052494785937e-18,1.876898478827436e-16,1.3928058687868962e-15,0,1,0.67494436307429628,0,1,0.00018155299999999999,0.000184947
2,1,1,333,2,ket,1,0,2,0.89478872015262323,1.0952152191820776e-18,0.89478872015262323,-1.2588153899783622e-18,2.6308228480561477e-18,1.2302822630307558e-15,0,0,0.92708200611914338,0,1,0.000117056,0.00018261300000000001
2,1,1,334,2,ket,1,0,2,0.89478872015262323,2.1939911611212159e-18,0.89478872015262323,-1.2588153899783622e-18,3.858795348370771e-18,6.3352877944914926e-16,0,0,0.93656455519771431,0,1,0.000108501,0.00018359299999999999
2,1,1,335,1,ket,0,0,2,1.473163767960167,-1.9636042663178169e-17,1.4731637679601668,1.2588153899783614e-18,1.5139224006627102e-16,1.3176002534839548e-15,0,1,0.81550101480960246,0,1,0.000128727,0.00018325000000000001
2,1,1,336,6,bra,0,0,2,0.67881115579204176,1.5554875140714828e-17,0.67881115579204154,5.8004272734945909e-19,3.2785110612257627e-16,1.2591383186217228e-15,0,1,0.22568871069860338,0,1,0.00018064399999999999,0.00019158200000000001
2,1,1,337,1,ket,0,0,2,0.84461154100011482,2.4195457264982483e-18,0.84461154100011515,-7.2171881326980454e-19,3.9436084406085292e-16,7.6178002316285361e-16,0,1,0.26648173705168388,0,1,0.000101987,0.00018266499999999999
2,1,1,338,5,bra,1,0,2,1.183976244056395,4.4623124443253025e-18,1.1839762440563948,1.0117052494785929e-18,1.8756407985689569e-16,9.0012505977598204e-16,0,1,0.3530656009090955,0,1,0.000172659,0.000194463
2,1,1,339,1,ket,0,0,2,0.89478872015262323,2.5223045298024298e-18,0.89478872015262301,1.2588153899783618e-18,2.4815712880477998e-16,8.5373420694798699e-16,0,1,0.68422089678092768,0,1,0.000104072,0.00018609
2,1,1,340,5,bra,1,0,2,1.117582259898662,-9.2284340383016233e-18,1.117582259898662,-1.5722479694282134e-18,6.850668933817582e-18,1.1204544978112615e-15,0,1,0.0060149075597960054,0,1,0.00018001000000000001,0.000188307
2,1,1,341,5,bra,1,0,2,0.89478872015262312,-1.0383139733325687e-18,0.89478872015262323,1.2588153899783607e-18,1.2410311174922914e-16,9.989583715566232e-16,0,1,0.25518887898385839,0,1,0.00016876799999999999,0.00018515299999999999
2,1,1,342,1,ket,0,0,2,1.117582259898662,-5.628738881249796e-18,1.117582259898662,-1.5722479694282155e-18,3.6297023112995792e-18,6.9239286894821015e-16,0,1,0.41405702926055915,0,1,0.000102471,0.00018221099999999999
2,1,1,343,6,bra,0,0,2,0.84461154100011493,-1.216254492973999e-17,0.84461154100011504,-7.2171881326980291e-19,1.321438646564995e-16,7.2344618437139466e-16,0,1,0.073177465934903596,0,1,0.00018214800000000001,0.00019795699999999999
2,1,1,344,2,ket,1,0,2,1.1839762440563952,-2.9639229286806256e-18,1.183976244056395,-1.011705249478595e-18,1.8754868421514e-16,8.6961973702502317e-16,0,1,0.24522433549199779,0,1,0.00011704,0.00018415700000000001
2,1,1,345,6,bra,0,0,2,1.4731637679601672,-1.896922722133222e-17,1.4731637679601675,1.2588153899783618e-18,1.5135050380057697e-16,1.7706914528542955e-15,0,1,0.6349598899607749,0,1,0.00019426099999999999,0.00018515099999999999
2,1,1,346,1,ket,0,0,2,0.67881115579204176,6.3814109104474444e-18,0.67881115579204143,5.8004272734945804e-19,4.9073652503456778e-16,9.9100274494348189e-16,0,0,0.73697497522592936,0,1,0.00010403000000000001,0.00018391699999999999
2,1,1,347,2,ket,1,0,2,0.67881115579204143,1.2994816295809368e-17,0.67881115579204132,5.8004272734945852e-19,1.6457341575362895e-16,5.6835784763096849e-16,0,0,0.97951372364894995,0,1,8.2292000000000004e-05,0.00018323499999999999
2,1,1,348,1,ket,0,0,2,0.67881115579204165,-6.0514110915689902e-19,0.67881115579204143,5.8004272734945804e-19,3.271127264521428e-16,7.0764959805580462e-16,0,1,0.46644745489781947,0,1,0.00012913900000000001,0.000182533
2,1,1,349,2,ket,1,0,2,0.8947887201526229,-1.5521442951852843e-17,0.8947887201526229,1.2588153899783626e-18,1.8753319039347099e-17,8.4489139751101561e-16,0,1,0.3742043694759401,0,1,0.000119722,0.00018619599999999999
2,1,1,350,2,ket,1,0,2,1.117582259898662,2.2635865838291754e-17,1.1175822598986622,-1.5722479694282168e-18,1.9986030848606716e-16,7.2852588707405867e-16,0,1,0.47931923262481441,0,1,0.00011739300000000001,0.00018237400000000001
2,1,1,351,1,ket,0,0,2,1.4731637679601672,-1.2057890113961473e-17,1.4731637679601675,-1.2588153899783595e-18,1.5090450877494297e-16,9.1372932331686555e-16,0,1,0.31581298332491009,0,1,0.00010256599999999999,0.00018295400000000001
2,1,1,352,5,bra,1,0,2,0.67881115579204143,-5.4093661092341214e-18,0.67881115579204143,-5.8004272734945861e-19,7.114384229955348e-18,1.0076511969685932e-15,0,1,0.15300528983074327,0,1,0.000168233,0.00018484900000000001
2,1,1,353,1,ket,0,0,2,0.84461154100011493,6.536188460836006e-18,0.84461154100011471,7.21718813269803e-19,2.6298565680620359e-16,9.4941419504723345e-16,0,1,0.55849782644531121,0,1,0.000103686,0.00018424399999999999
2,1,1,354,2,ket,1,0,2,1.1839762440563952,-1.2891291979774059e-17,1.183976244056395,1.0117052494785954e-18,1.8790870016419326e-16,9.6573025041556361e-16,0,1,0.28663884711302567,0,1,0.000117064,0.00019678299999999999
2,1,1,355,1,ket,0,0,2,0.84461154100011482,2.4195457264982483e-18,0.84461154100011515,-7.2171881326980454e-19,3.9436084406085292e-16,7.6178002316285361e-16,0,1,0.31714749463775777,0,1,0.000102662,0.00018441599999999999
2,1,1,356,2,ket,1,0,2,1.1839762440563952,-8.8380099252124209e-18,1.183976244056395,-1.0117052494785939e-18,1.8765789290257604e-16,8.4889945595866602e-16,0,1,0.67842863789295516,0,1,0.000116062,0.00019849900000000001
2,1,1,357,1,ket,0,0,2,0.84461154100011493,6.536188460836006e-18,0.84461154100011471,7.21718813269803e-19,2.6298565680620359e-16,9.4941419504723345e-16,0,1,0.37543844785654362,0,1,0.00010286800000000001,0.00018537299999999999
2,1,1,358,6,bra,0,0,2,1.1839762440563955,1.1883290778401065e-17,1.1839762440563952,-1.0117052494785935e-18,1.8785741878145581e-16,1.1394237653585361e-15,0,1,0.54889184495113319,0,1,0.00019494900000000001,0.000185658
2,1,1,359,5,bra,1,0,2,0.84461154100011482,1.3118185062303189e-17,0.84461154100011493,7.2171881326980377e-19,1.3226463543548865e-16,6.0961646102971905e-16,0,1,0.35992371144941515,0,1,0.00016969399999999999,0.00018233
2,1,1,360,6,bra,0,0,2,1.183976244056395,-5.1309991265085837e-18,1.183976244056395,1.0117052494785919e-18,5.1881990089106781e-18,1.6225089286519294e-15,0,1,0.9488120922399732,0,1,0.00018157500000000001,0.00018269599999999999
2,1,1,361,1,ket,0,0,2,1.4731637679601672,-1.2057890113961473e-17,1.4731637679601675,-1.2588153899783595e-18,1.5090450877494297e-16,9.1372932331686555e-16,0,1,0.61697916199710323,0,1,0.00010030399999999999,0.000192389
2,1,1,362,5,bra,1,0,2,0.67881115579204143,-5.4093661092341214e-18,0.67881115579204143,-5.8004272734945861e-19,7.114384229955348e-18,1.0076511969685932e-15,0,0,0.80494788090929381,0,1,0.00016923799999999999,0.00018573900000000001
2,1,1,363,5,bra,1,0,2,0.67881115579204154,-1.5712551108822482e-17,0.67881115579204143,-5.8004272734945861e-19,1.6506630387695465e-16,1.0084243885877334e-15,0,1,0.26422625378755665,0,1,0.000102174,0.00019776599999999999
2,1,1,364,1,ket,0,0,2,0.84461154100011493,6.536188460836006e-18,0.84461154100011471,7.21718813269803e-19,2.6298565680620359e-16,9.4941419504723345e-16,0,1,0.33225216368145138,0,1,0.000102824,0.00018416999999999999
2,1,1,365,1,ket,0,0,2,1.1839762440563948,-1.1157790669895392e-17,1.1839762440563952,-1.0117052494785933e-18,3.751807525942235e-16,9.40844968450195e-16,0,1,0.53549875796459379,0,1,0.000112768,0.00018210599999999999
2,1,1,366,2,ket,1,0,2,0.84461154100011482,5.1934408265863894e-18,0.84461154100011493,7.2171881326980358e-19,1.3155434882607431e-16,8.8196747147980955e-16,0,0,0.90006643791821539,0,1,0.00011479100000000001,0.00018446599999999999
2,1,1,367,1,ket,0,0,2,0.84461154100011482,2.5674773202810595e-19,0.84461154100011471,7.21718813269803e-19,1.3144892147281519e-16,7.2270702690153265e-16,0,1,0.53786772304851782,0,1,0.00013920600000000001,0.00018326900000000001
2,1,1,368,2,ket,1,0,2,1.1839762440563952,-1.2891291979774059e-17,1.183976244056395,1.0117052494785954e-18,1.8790870016419326e-16,9.6573025041556361e-16,0,1,0.063401866510588281,0,1,0.00011789400000000001,0.00018427
2,1,1,369,6,bra,0,0,2,1.4731637679601672,-9.3772844793548653e-18,1.4731637679601672,-1.2588153899783616e-18,5.5109073858216268e-18,1.3401270737338594e-15,0,1,0.65645813838927503,0,1,0.00019315200000000001,0.00018554800000000001
2,1,1,370,5,bra,1,0,2,0.67881115579204154,8.8124180697402358e-18,0.67881115579204165,5.8004272734945852e-19,1.6400305311224932e-16,1.1978530852191398e-15,0,1,0.56009036095594389,0,1,0.000168231,0.00019509799999999999
2,1,1,371,2,ket,1,0,2,0.84461154100011493,1.9667225067361651e-17,0.84461154100011504,-7.2171881326980368e-19,1.3364601268418868e-16,8.4609533539083338e-16,0,1,0.7688504326316915,0,1,0.000117309,0.00018597399999999999
2,1,1,372,5,bra,1,0,2,1.1839762440563955,1.7549406183745645e-17,1.183976244056395,-1.0117052494785941e-18,3.7541034465391514e-16,7.3642978619553878e-16,0,1,0.30128556589235772,0,1,0.000179314,0.00018544899999999999
2,1,1,373,2,ket,1,0,2,1.4731637679601672,-1.1784119370514714e-17,1.4731637679601668,1.2588153899783618e-18,3.0158269856465606e-16,5.2492818675949337e-16,0,1,0.66708191345021295,0,1,0.000117983,0.00018554199999999999
2,1,1,374,1,ket,0,0,2,0.67881115579204165,1.3382740339427825e-18,0.67881115579204176,-5.8004272734945938e-19,1.6357844630434805e-16,5.9585061999911282e-16,0,1,0.29016786078459778,0,1,0.000104633,0.00018108999999999999
2,1,1,375,2,ket,1,0,2,0.89478872015262323,1.0952152191820776e-18,0.89478872015262323,-1.2588153899783622e-18,2.6308228480561477e-18,1.2302822630307558e-15,0,1,0.52229774206258062,0,1,0.000119746,0.00018480999999999999
2,1,1,376,6,bra,0,0,2,1.117582259898662,-3.178793521370278e-17,1.1175822598986618,1.5722479694282151e-18,2.0091286408205214e-16,1.5465925665779495e-15,0,1,0.58247208900569325,0,1,0.00018406999999999999,0.00018585699999999999
2,1,1,377,5,bra,1,0,2,1.4731637679601672,-1.3119227541603566e-17,1.4731637679601675,1.2588153899783609e-18,1.5104201797437711e-16,1.1016506566161243e-15,0,1,0.11634552881152359,0,1,0.00017017900000000001,0.000199476
2,1,1,378,1,ket,0,0,2,0.67881115579204176,6.3814109104474444e-18,0.67881115579204143,5.8004272734945804e-19,4.9073652503456778e-16,9.9100274494348189e-16,0,1,0.53082841302695138,0,1,0.00010261,0.000183112
2,1,1,379,5,bra,1,0,2,0.8446115410001146,3.364753905239687e-18,0.84461154100011471,-7.2171881326980262e-19,1.3153678157587575e-16,1.2175500551133578e-15,0,1,0.49147155747294796,0,1,0.00017780399999999999,0.000181726
2,1,1,380,2,ket,1,0,2,1.1839762440563952,-1.2891291979774059e-17,1.183976244056395,1.0117052494785954e-18,1.8790870016419326e-16,9.6573025041556361e-16,0,1,0.55943626140559188,0,1,0.00011858000000000001,0.000185961
2,1,1,381,5,bra,1,0,2,0.89478872015262312,-1.0383139733325687e-18,0.89478872015262323,1.2588153899783607e-18,1.2410311174922914e-16,9.989583715566232e-16,0,1,0.67917479191483932,0,1,0.00017138599999999999,0.000185544
2,1,1,382,6,bra,0,0,2,1.117582259898662,-1.3686278116188242e-17,1.117582259898662,-1.5722479694282147e-18,1.0839497530909698e-17,1.1606481761254897e-15,0,1,0.13381081974193099,0,1,0.000181437,0.00019833000000000001
2,1,1,383,2,ket,1,0,2,0.84461154100011493,1.9667225067361651e-17,0.84461154100011504,-7.2171881326980368e-19,1.3364601268418868e-16,8.4609533539083338e-16,0,1,0.51975809857309108,0,1,0.000117577,0.00018481300000000001
2,1,1,384,6,bra,0,0,2,1.183976244056395,-5.1309991265085837e-18,1.183976244056395,1.0117052494785919e-18,5.1881990089106781e-18,1.6225089286519294e-15,0,1,0.10916802800061871,0,1,0.00019360100000000001,0.00018139
2,1,1,385,6,bra,0,0,2,0.84461154100011449,-5.487532820000859e-18,0.84461154100011493,-7.2171881326980223e-19,5.2582135111905322e-16,1.705490239994349e-15,0,0,0.98943916307415014,0,1,0.00018003,0.00018597899999999999
2,1,1,386,6,bra,0,0,2,0.84461154100011482,-6.1489048750872595e-18,0.84461154100011493,-7.2171881326980223e-19,1.3160473011349339e-16,6.2709883272898935e-16,0,1,0.20916047207398802,0,1,0.000109728,0.00018637699999999999
2,1,1,387,2,ket,1,0,2,1.1839762440563955,-1.4891949288027284e-18,1.1839762440563948,1.0117052494785935e-18,5.6262827293299199e-16,8.2988709540530331e-16,0,1,0.7204697343605182,0,1,0.000117599,0.000197708
2,1,1,388,5,bra,1,0,2,1.4731637679601672,-7.8717073390954723e-18,1.473163767960167,-1.2588153899783599e-18,1.5079318396386961e-16,9.0406189961484457e-16,0,1,0.75241777264107801,0,1,0.00016917899999999999,0.00018696500000000001
2,1,1,389,1,ket,0,0,2,0.67881115579204165,1.3382740339427825e-18,0.67881115579204176,-5.8004272734945938e-19,1.6357844630434805e-16,5.9585061999911282e-16,0,1,0.32460291198779873,0,1,0.00011288700000000001,0.000185164
2,1,1,390,1,ket,0,0,2,1.4731637679601668,-7.9355783296019878e-18,1.4731637679601668,1.2588153899783614e-18,6.2412570275954263e-18,1.0019993238007321e-15,0,1,0.66080306906689024,0,1,0.000102237,0.00018325000000000001
2,1,1,391,6,bra,0,0,2,0.67881115579204176,1.5554875140714828e-17,0.67881115579204154,5.8004272734945909e-19,3.2785110612257627e-16,1.2591383186217228e-15,0,0,0.95834137802479957,0,1,0.00019053200000000001,0.00018544699999999999
2,1,1,392,6,bra,0,0,2,0.67881115579204165,6.7817590583469201e-18,0.67881115579204154,5.8004272734945909e-19,1.6380900760497027e-16,9.7799343220256031e-16,0,0,0.80402462480652814,0,1,0.000110158,0.00018230199999999999
2,1,1,393,6,bra,0,0,2,0.67881115579204165,6.7817590583469201e-18,0.67881115579204154,5.8004272734945909e-19,1.6380900760497027e-16,9.7799343220256031e-16,0,1,0.29360663300213991,0,1,0.000110346,0.000182659
2,1,1,394,1,ket,0,0,2,0.84461154100011482,2.4195457264982483e-18,0.84461154100011515,-7.2171881326980454e-19,3.9436084406085292e-16,7.6178002316285361e-16,0,1,0.15134301034710967,0,1,0.000102644,0.00018293199999999999
2,1,1,395,6,bra,0,0,2,1.1839762440563952,-9.8471199487371853e-18,1.183976244056395,-1.0117052494785937e-18,1.876898478827436e-16,1.3928058687868962e-15,0,1,0.25909151718770074,0,1,0.00018220399999999999,0.000183618
2,1,1,396,6,bra,0,0,2,0.84461154100011493,2.0141048531227059e-17,0.84461154100011493,7.2171881326980348e-19,2.2992025061559763e-17,1.3320094410968924e-15,0,1,0.56537329560548877,0,1,0.000191595,0.00018451000000000001
2,1,1,397,2,ket,1,0,2,1.1839762440563952,-8.8380099252124209e-18,1.183976244056395,-1.0117052494785939e-18,1.8765789290257604e-16,8.4889945595866602e-16,0,1,0.27782150206568385,0,1,0.000116239,0.000182494
2,1,1,398,6,bra,0,0,2,0.89478872015262312,4.4642454022369463e-18,0.89478872015262323,-1.258815389978362e-18,1.2424129898834373e-16,1.4736201533005199e-15,0,1,0.80577369496774898,0,1,0.00017905500000000001,0.00018321900000000001
2,1,1,399,1,ket,0,0,2,1.117582259898662,1.7451716576774226e-17,1.1175822598986618,1.5722479694282149e-18,1.9919042833178454e-16,8.9584045052336079e-16,0,1,0.1013174654157324,0,1,0.000102221,0.00019270100000000001
2,1,1,400,6,bra,0,0,2,0.84461154100011482,5.6992106733188576e-18,0.84461154100011471,7.217188132698031e-19,1.3157980876526524e-16,1.1891363219443874e-15,0,1,0.37870350713350176,0,1,0.00018441400000000001,0.00018625400000000001
2,1,1,401,1,ket,0,0,2,1.1839762440563948,-1.1157790669895392e-17,1.1839762440563952,-1.0117052494785933e-18,3.751807525942235e-16,9.40844968450195e-16,0,1,0.73497718363834075,0,1,0.00011284400000000001,0.00018596300000000001
2,1,1,402,6,bra,0,0,2,0.89478872015262312,4.4642454022369463e-18,0.89478872015262323,-1.258815389978362e-18,1.2424129898834373e-16,1.4736201533005199e-15,0,1,0.56550521491218353,0,1,0.000179049,0.000185234
2,1,1,403,1,ket,0,0,2,1.117582259898662,1.7451716576774226e-17,1.1175822598986618,1.5722479694282149e-18,1.9919042833178454e-16,8.9584045052336079e-16,0,1,0.45300774452315212,0,1,0.000103137,0.00018478099999999999
2,1,1,404,6,bra,0,0,2,0.84461154100011482,5.6992106733188576e-18,0.84461154100011471,7.217188132698031e-19,1.3157980876526524e-16,1.1891363219443874e-15,0,1,0.41762390855615283,0,1,0.000181311,0.00018439199999999999
2,1,1,405,5,bra,1,0,2,1.1839762440563948,-3.198673533000446e-18,1.1839762440563952,1.0117052494785929e-18,3.7509972922564336e-16,1.3221117309908988e-15,0,1,0.509760260042742,0,1,0.00016919600000000001,0.00018464499999999999
2,1,1,406,1,ket,0,0,2,1.4731637679601672,-1.2057890113961473e-17,1.4731637679601675,-1.2588153899783595e-18,1.5090450877494297e-16,9.1372932331686555e-16,0,1,0.66488519892729214,0,1,0.000110436,0.00018545500000000001
2,1,1,407,6,bra,0,0,2,0.67881115579204143,-8.9578839402297202e-18,0.67881115579204143,-5.8004272734945909e-19,1.2341932128538665e-17,1.5984926335488718e-15,0,1,0.20891070792366326,0,1,0.000183585,0.00018671200000000001
2,1,1,408,5,bra,1,0,2,0.89478872015262312,3.3769314522530731e-17,0.89478872015262323,-1.2588153899783614e-18,1.301055914234744e-16,1.1146240660139724e-15,0,1,0.73475179171124749,0,1,0.00016849599999999999,0.00018436
2,1,1,409,6,bra,0,0,2,1.117582259898662,-3.178793521370278e-17,1.1175822598986618,1.5722479694282151e-18,2.0091286408205214e-16,1.5465925665779495e-15,0,1,0.63825130734741176,0,1,0.000181096,0.00020016200000000001
2,1,1,410,2,ket,1,0,2,0.84461154100011482,5.1934408265863894e-18,0.84461154100011493,7.2171881326980358e-19,1.3155434882607431e-16,8.8196747147980955e-16,0,1,0.777867350114128,0,1,0.000117224,0.000183592
2,1,1,411,2,ket,1,0,2,1.1839762440563952,-8.8380099252124209e-18,1.183976244056395,-1.0117052494785939e-18,1.8765789290257604e-16,8.4889945595866602e-16,0,1,0.70685004057188605,0,1,0.000125387,0.00018295299999999999
2,1,1,412,6,bra,0,0,2,0.89478872015262312,4.4642454022369463e-18,0.89478872015262323,-1.258815389978362e-18,1.2424129898834373e-16,1.4736201533005199e-15,0,1,0.2994171740811476,0,1,0.000178364,0.000185286
2,1,1,413,1,ket,0,0,2,1.117582259898662,1.7451716576774226e-17,1.1175822598986618,1.5722479694282149e-18,1.9919042833178454e-16,8.9584045052336079e-16,0,1,0.47812906747470363,0,1,0.00010719,0.00018410799999999999
2,1,1,414,5,bra,1,0,2,0.84461154100011482,1.3118185062303189e-17,0.84461154100011493,7.2171881326980377e-19,1.3226463543548865e-16,6.0961646102971905e-16,0,1,0.22936211325352079,0,1,0.00016907700000000001,0.000194563
2,1,1,415,5,bra,1,0,2,1.1839762440563955,1.7549406183745645e-17,1.183976244056395,-1.0117052494785941e-18,3.7541034465391514e-16,7.3642978619553878e-16,0,1,0.55352992079794672,0,1,0.000167913,0.000183127
2,1,1,416,1,ket,0,0,2,0.89478872015262323,-4.8497525601784208e-18,0.89478872015262323,-1.258815389978362e-18,4.0131676778262872e-18,7.3067947020614845e-16,0,1,0.079551208150824698,0,1,0.000110278,0.00018736499999999999
2,1,1,417,6,bra,0,0,2,1.117582259898662,-3.178793521370278e-17,1.1175822598986618,1.5722479694282151e-18,2.0091286408205214e-16,1.5465925665779495e-15,0,1,0.27760538562278281,0,1,0.00018148400000000001,0.00018154099999999999
2,1,1,418,6,bra,0,0,2,0.89478872015262312,4.4642454022369463e-18,0.89478872015262323,-1.258815389978362e-18,1.2424129898834373e-16,1.4736201533005199e-15,0,1,0.55125679535709693,0,1,0.00018019299999999999,0.00018296799999999999
2,1,1,419,2,ket,1,0,2,1.117582259898662,2.0668004924468014e-17,1.1175822598986618,1.5722479694282153e-18,1.9941637804399817e-16,1.4466208607967508e-15,0,1,0.26890268049832788,0,1,0.000115993,0.00019573400000000001
2,1,1,420,6,bra,0,0,2,0.84461154100011493,2.0141048531227059e-17,0.84461154100011493,7.2171881326980348e-19,2.2992025061559763e-17,1.3320094410968924e-15,0,0,0.94033472652671868,0,1,0.00018013400000000001,0.00018077499999999999
2,1,1,421,1,ket,0,0,2,1.473163767960167,-1.9636042663178169e-17,1.4731637679601668,1.2588153899783614e-18,1.5139224006627102e-16,1.3176002534839548e-15,0,1,0.77115483185469802,0,1,0.000223339,0.00018768100000000001
2,1,1,422,2,ket,1,0,2,0.67881115579204154,1.183935782779148e-17,0.67881115579204176,-5.8004272734945958e-19,3.2761932802147622e-16,5.7165196560510234e-16,0,0,0.75326225110712797,0,1,0.000116804,0.00018302499999999999
2,1,1,423,1,ket,0,0,2,0.67881115579204154,1.2449009316783666e-17,0.67881115579204176,-5.8004272734945938e-19,3.2767071008137808e-16,5.553244232184679e-16,0,0,0.75528594792006443,0,1,0.00013968699999999999,0.000183699
2,1,1,424,1,ket,0,0,2,0.67881115579204154,1.8446291653023251e-17,0.67881115579204176,-5.8004272734945938e-19,3.2830672699882893e-16,5.0956436148822746e-16,0,1,0.31861961687746965,0,1,0.000102125,0.00018053000000000001
2,1,1,425,5,bra,1,0,2,0.84461154100011504,1.9517684712386465e-17,0.84461154100011493,7.2171881326980377e-19,1.3331824851485199e-16,1.2767003058450126e-15,0,1,0.55381904444735952,0,1,0.000178586,0.000183337
2,1,1,426,5,bra,1,0,2,1.1839762440563955,-7.2434154582004813e-18,1.183976244056395,-1.0117052494785941e-18,3.7511979937370046e-16,1.0435299351697517e-15,0,1,0.7608965735013844,0,1,0.00016725600000000001,0.000180858
2,1,1,427,2,ket,1,0,2,0.89478872015262323,1.0952152191820776e-18,0.89478872015262323,-1.2588153899783622e-18,2.6308228480561477e-18,1.2302822630307558e-15,0,0,0.94132334976703247,0,1,0.000117615,0.000184456
2,1,1,428,1,ket,0,0,2,1.473163767960167,-1.9636042663178169e-17,1.4731637679601668,1.2588153899783614e-18,1.5139224006627102e-16,1.3176002534839548e-15,0,1,0.74973009749702846,0,1,0.00012891700000000001,0.00018054599999999999
2,1,1,429,5,bra,1,0,2,0.67881115579204154,8.8124180697402358e-18,0.67881115579204165,5.8004272734945852e-19,1.6400305311224932e-16,1.1978530852191398e-15,0,1,0.31030910365996356,0,1,0.00016828200000000001,0.000179493
2,1,1,430,1,ket,0,0,2,0.84461154100011493,3.1784872472381003e-18,0.84461154100011504,-7.2171881326980339e-19,1.3152885431414909e-16,1.0790345937076514e-15,0,1,0.51156094054890411,0,1,0.000101766,0.000195434
2,1,1,431,1,ket,0,0,2,1.1839762440563952,1.0088983234249461e-18,1.1839762440563948,1.0117052494785933e-18,3.7508287188047721e-16,9.03591104056134e-16,0,1,0.18391197283314137,0,1,0.00010168200000000001,0.00018315700000000001
2,1,1,432,6,bra,0,0,2,0.89478872015262312,1.2241527310534798e-17,0.89478872015262301,1.2588153899783614e-18,1.2468217518531071e-16,1.2851846594426426e-15,0,1,0.7140422866633902,0,1,0.00019068399999999999,0.000183394
2,1,1,433,5,bra,1,0,2,1.117582259898662,-9.2284340383016233e-18,1.117582259898662,-1.5722479694282134e-18,6.850668933817582e-18,1.1204544978112615e-15,0,1,0.76457966418703027,0,1,0.00016791500000000001,0.00018196799999999999
2,1,1,434,2,ket,1,0,2,0.84461154100011482,1.9667225067361651e-17,0.84461154100011504,-7.2171881326980493e-19,2.6400152343524289e-16,1.0881003865862632e-15,0,0,0.87364334185765413,0,1,0.00011799900000000001,0.00018521100000000001
2,1,1,435,5,bra,1,0,2,0.89478872015262312,-1.0383139733325687e-18,0.89478872015262323,1.2588153899783607e-18,1.2410311174922914e-16,9.989583715566232e-16,0,1,0.10655523451282711,0,1,0.000120528,0.000185253
2,1,1,436,2,ket,1,0,2,1.117582259898662,2.2635865838291754e-17,1.1175822598986622,-1.5722479694282168e-18,1.9986030848606716e-16,7.2852588707405867e-16,0,1,0.76700556376109796,0,1,0.00011848,0.00018368099999999999
2,1,1,437,5,bra,1,0,2,0.8446115410001146,3.364753905239687e-18,0.84461154100011471,-7.2171881326980262e-19,1.3153678157587575e-16,1.2175500551133578e-15,0,1,0.44393957806053086,0,1,0.00016818399999999999,0.00019646299999999999
2,1,1,438,1,ket,0,0,2,1.1839762440563948,-1.1157790669895392e-17,1.1839762440563952,-1.0117052494785933e-18,3.751807525942235e-16,9.40844968450195e-16,0,1,0.0128701867978503,0,1,0.000100988,0.00018154799999999999
2,1,1,439,5,bra,1,0,2,1.4731637679601672,-1.3119227541603566e-17,1.4731637679601675,1.2588153899783609e-18,1.5104201797437711e-16,1.1016506566161243e-15,0,1,0.068597132600980881,0,1,0.00017829599999999999,0.00018025300000000001
2,1,1,440,5,bra,1,0,2,0.67881115579204143,-5.4093661092341214e-18,0.67881115579204143,-5.8004272734945861e-19,7.114384229955348e-18,1.0076511969685932e-15,0,1,0.0025412000802622499,0,1,0.00016728000000000001,0.000182573
2,1,1,441,1,ket,0,0,2,0.84461154100011493,6.536188460836006e-18,0.84461154100011471,7.21718813269803e-19,2.6298565680620359e-16,9.4941419504723345e-16,0,1,0.81598480511981553,0,1,0.00010396899999999999,0.00018550500000000001
2,1,1,442,2,ket,1,0,2,1.1839762440563952,-1.2891291979774059e-17,1.183976244056395,1.0117052494785954e-18,1.8790870016419326e-16,9.6573025041556361e-16,0,1,0.81215356745081424,0,1,0.000118416,0.00018759199999999999
2,1,1,443,1,ket,0,0,2,0.84461154100011482,2.4195457264982483e-18,0.84461154100011515,-7.2171881326980454e-19,3.9436084406085292e-16,7.6178002316285361e-16,0,1,0.45077193864970855,0,1,0.000103081,0.000186715
2,1,1,444,5,bra,1,0,2,1.183976244056395,4.4623124443253025e-18,1.1839762440563948,1.0117052494785929e-18,1.8756407985689569e-16,9.0012505977598204e-16,0,1,0.81727721466490322,0,1,0.000168233,0.00019557799999999999
2,1,1,445,2,ket,1,0,2,1.4731637679601672,-2.9566803722267059e-18,1.4731637679601677,-1.258815389978361e-18,3.0145491301079646e-16,7.4426705118099439e-16,0,1,0.098296435079470931,0,1,0.00011701699999999999,0.00018445399999999999
2,1,1,446,5,bra,1,0,2,0.67881115579204143,-5.4093661092341214e-18,0.67881115579204143,-5.8004272734945861e-19,7.114384229955348e-18,1.0076511969685932e-15,0,0,0.97383128069369351,0,1,0.00018075599999999999,0.00018368
2,1,1,447,5,bra,1,0,2,0.67881115579204154,-1.5712551108822482e-17,0.67881115579204143,-5.8004272734945861e-19,1.6506630387695465e-16,1.0084243885877334e-15,0,1,0.59828974176807304,0,1,0.00010410499999999999,0.00018546400000000001
2,1,1,448,2,ket,1,0,2,0.84461154100011482,5.1934408265863894e-18,0.84461154100011493,7.2171881326980358e-19,1.3155434882607431e-16,8.8196747147980955e-16,0,1,0.17117394067817038,0,1,0.000117834,0.000183771
2,1,1,449,5,bra,1,0,2,1.183976244056395,4.4623124443253025e-18,1.1839762440563948,1.0117052494785929e-18,1.8756407985689569e-16,9.0012505977598204e-16,0,1,0.011031550747009611,0,1,0.00016802599999999999,0.00018111099999999999
2,1,1,450,5,bra,1,0,2,0.84461154100011493,-5.8198003284507902e-18,0.84461154100011504,-7.217188132698032e-19,1.3158628072599211e-16,9.3084113144670005e-16,0,1,0.27559418813806735,0,1,0.00016927700000000001,0.00018652999999999999
2,1,1,451,1,ket,0,0,2,1.1839762440563952,3.5520033879607186e-18,1.1839762440563948,1.0117052494785944e-18,3.7508900839959723e-16,7.8952574565379935e-16,0,1,0.18526103156322429,0,1,0.00010637300000000001,0.00019806000000000001
2,1,1,452,5,bra,1,0,2,0.89478872015262312,-1.0383139733325687e-18,0.89478872015262323,1.2588153899783607e-18,1.2410311174922914e-16,9.989583715566232e-16,0,1,0.5821105536711767,0,1,0.000168717,0.00018498500000000001
2,1,1,453,2,ket,1,0,2,1.117582259898662,2.2635865838291754e-17,1.1175822598986622,-1.5722479694282168e-18,1.9986030848606716e-16,7.2852588707405867e-16,0,1,0.74560325047055531,0,1,0.000120512,0.00018420200000000001
2,1,1,454,5,bra,1,0,2,0.8446115410001146,3.364753905239687e-18,0.84461154100011471,-7.2171881326980262e-19,1.3153678157587575e-16,1.2175500551133578e-15,0,1,0.43466213286765293,0,1,0.000167992,0.000185539
2,1,1,455,2,ket,1,0,2,1.1839762440563952,-1.2891291979774059e-17,1.183976244056395,1.0117052494785954e-18,1.8790870016419326e-16,9.6573025041556361e-16,0,1,0.2842351100334512,0,1,0.000117649,0.00018349100000000001
2,1,1,456,2,ket,1,0,2,0.84461154100011482,1.9667225067361651e-17,0.84461154100011504,-7.2171881326980493e-19,2.6400152343524289e-16,1.0881003865862632e-15,0,1,0.44505560876371658,0,1,0.000117123,0.00019567900000000001
2,1,1,457,6,bra,0,0,2,1.1839762440563955,1.1883290778401065e-17,1.1839762440563952,-1.0117052494785935e-18,1.8785741878145581e-16,1.1394237653585361e-15,0,1,0.11583613782960947,0,1,0.00018327099999999999,0.00018207100000000001
2,1,1,458,1,ket,0,0,2,0.89478872015262323,-4.8497525601784208e-18,0.89478872015262323,-1.258815389978362e-18,4.0131676778262872e-18,7.3067947020614845e-16,0,1,0.031964637002426737,0,1,0.00011174499999999999,0.000186417
2,1,1,459,2,ket,1,0,2,1.117582259898662,2.0668004924468014e-17,1.1175822598986618,1.5722479694282153e-18,1.9941637804399817e-16,1.4466208607967508e-15,0,1,0.58192735654457761,0,1,0.000116783,0.000181783
2,1,1,460,6,bra,0,0,2,0.84461154100011493,2.0141048531227059e-17,0.84461154100011493,7.2171881326980348e-19,2.2992025061559763e-17,1.3320094410968924e-15,0,0,0.95814469310856665,0,1,0.00021040499999999999,0.00018698400000000001
2,1,1,461,6,bra,0,0,2,0.84461154100011482,4.7818731862985901e-18,0.84461154100011493,7.2171881326980348e-19,1.3153563909989882e-16,6.5318084700188457e-16,0,1,0.26476119398292913,0,1,0.000110806,0.000183148
2,1,1,462,1,ket,0,0,2,1.1839762440563952,3.5520033879607186e-18,1.1839762440563948,1.0117052494785944e-18,3.7508900839959723e-16,7.8952574565379935e-16,0,1,0.60972860684325814,0,1,0.00010392599999999999,0.00018443499999999999
2,1,1,463,5,bra,1,0,2,0.89478872015262312,-1.0383139733325687e-18,0.89478872015262323,1.2588153899783607e-18,1.2410311174922914e-16,9.989583715566232e-16,0,1,0.5399986277775447,0,1,0.000166572,0.00019697399999999999
2,1,1,464,6,bra,0,0,2,1.117582259898662,-1.3686278116188242e-17,1.117582259898662,-1.5722479694282147e-18,1.0839497530909698e-17,1.1606481761254897e-15,0,1,0.89020045004288273,0,1,0.000182502,0.00018866
2,1,1,465,6,bra,0,0,2,0.89478872015262312,1.2241527310534798e-17,0.89478872015262301,1.2588153899783614e-18,1.2468217518531071e-16,1.2851846594426426e-15,0,1,0.6374135908859353,0,1,0.000194458,0.000185806
2,1,1,466,5,bra,1,0,2,1.117582259898662,-9.2284340383016233e-18,1.117582259898662,-1.5722479694282134e-18,6.850668933817582e-18,1.1204544978112615e-15,0,1,0.70530362081096631,0,1,0.000168617,0.000197393
2,1,1,467,6,bra,0,0,2,1.4731637679601672,-9.3772844793548653e-18,1.4731637679601672,-1.2588153899783616e-18,5.5109073858216268e-18,1.3401270737338594e-15,0,1,0.084807582509389426,0,1,0.00018276300000000001,0.00018462599999999999
2,1,1,468,5,bra,1,0,2,0.67881115579204154,8.8124180697402358e-18,0.67881115579204165,5.8004272734945852e-19,1.6400305311224932e-16,1.1978530852191398e-15,0,1,0.075675284471816151,0,1,0.00017663600000000001,0.00018685800000000001
2,1,1,469,1,ket,0,0,2,0.84461154100011493,3.1784872472381003e-18,0.84461154100011504,-7.2171881326980339e-19,1.3152885431414909e-16,1.0790345937076514e-15,0,1,0.84135787199425005,0,1,0.000102481,0.000181318
2,1,1,470,6,bra,0,0,2,1.1839762440563952,1.7301719342967958e-17,1.1839762440563948,1.0117052494785925e-18,3.7533513495434126e-16,6.8935015406117054e-16,0,1,0.80936147813638049,0,1,0.000181559,0.00018492399999999999
2,1,1,471,6,bra,0,0,2,0.84461154100011493,-1.216254492973999e-17,0.84461154100011504,-7.2171881326980291e-19,1.321438646564995e-16,7.2344618437139466e-16,0,1,0.020631286884311466,0,1,0.000181872,0.00019652100000000001
2,1,1,472,1,ket,0,0,2,1.1839762440563952,1.0088983234249461e-18,1.1839762440563948,1.0117052494785933e-18,3.7508287188047721e-16,9.03591104056134e-16,0,1,0.3181588870206144,0,1,0.000103108,0.00018547400000000001
2,1,1,473,1,ket,0,0,2,0.84461154100011493,3.1784872472381003e-18,0.84461154100011504,-7.2171881326980339e-19,1.3152885431414909e-16,1.0790345937076514e-15,0,1,0.54482476087012721,0,1,0.000112854,0.00018525599999999999
2,1,1,474,2,ket,1,0,2,1.1839762440563952,-2.9639229286806256e-18,1.183976244056395,-1.011705249478595e-18,1.8754868421514e-16,8.6961973702502317e-16,0,1,0.12184768122534853,0,1,0.00011521199999999999,0.000181208
2,1,1,475,5,bra,1,0,2,0.89478872015262312,3.3769314522530731e-17,0.89478872015262323,-1.2588153899783614e-18,1.301055914234744e-16,1.1146240660139724e-15,0,1,0.24751479224664999,0,1,0.00017938000000000001,0.00018317100000000001
2,1,1,476,2,ket,1,0,2,1.117582259898662,2.0668004924468014e-17,1.1175822598986618,1.5722479694282153e-18,1.9941637804399817e-16,1.4466208607967508e-15,0,1,0.64803375986250111,0,1,0.00011686800000000001,0.000183697
2,1,1,477,5,bra,1,0,2,0.84461154100011504,1.9517684712386465e-17,0.84461154100011493,7.2171881326980377e-19,1.3331824851485199e-16,1.2767003058450126e-15,0,1,0.63468380908703903,0,1,0.000168109,0.000187641
2,1,1,478,6,bra,0,0,2,1.1839762440563952,1.7301719342967958e-17,1.1839762440563948,1.0117052494785925e-18,3.7533513495434126e-16,6.8935015406117054e-16,0,1,0.57021790433945763,0,1,0.00018184200000000001,0.00019320599999999999
2,1,1,479,2,ket,1,0,2,1.4731637679601672,-2.9566803722267059e-18,1.4731637679601677,-1.258815389978361e-18,3.0145491301079646e-16,7.4426705118099439e-16,0,1,0.24963820303684342,0,1,0.00011685500000000001,0.00018600800000000001
2,1,1,480,1,ket,0,0,2,0.67881115579204176,6.3814109104474444e-18,0.67881115579204143,5.8004272734945804e-19,4.9073652503456778e-16,9.9100274494348189e-16,0,0,0.71963080841918536,0,1,0.00010516799999999999,0.00018465800000000001
2,1,1,481,6,bra,0,0,2,0.67881115579204143,-8.9578839402297202e-18,0.67881115579204143,-5.8004272734945909e-19,1.2341932128538665e-17,1.5984926335488718e-15,0,0,0.90909458705608281,0,1,0.00014798900000000001,0.00018398500000000001
2,1,1,482,1,ket,0,0,2,0.67881115579204165,-6.0514110915689902e-19,0.67881115579204143,5.8004272734945804e-19,3.271127264521428e-16,7.0764959805580462e-16,0,1,0.1420656748542718,0,1,0.00021118999999999999,0.00018446399999999999
2,1,1,483,2,ket,1,0,2,0.8947887201526229,-1.5521442951852843e-17,0.8947887201526229,1.2588153899783626e-18,1.8753319039347099e-17,8.4489139751101561e-16,0,1,0.39472708880246665,0,1,0.000117687,0.000184415
2,1,1,484,6,bra,0,0,2,1.117582259898662,-1.3686278116188242e-17,1.117582259898662,-1.5722479694282147e-18,1.0839497530909698e-17,1.1606481761254897e-15,0,1,0.84568656441482393,0,1,0.00018166800000000001,0.00018596800000000001
2,1,1,485,2,ket,1,0,2,0.84461154100011493,1.9667225067361651e-17,0.84461154100011504,-7.2171881326980368e-19,1.3364601268418868e-16,8.4609533539083338e-16,0,1,0.16985172184707348,0,1,0.00011586699999999999,0.000197734
2,1,1,486,2,ket,1,0,2,1.1839762440563955,-1.4891949288027284e-18,1.1839762440563948,1.0117052494785935e-18,5.6262827293299199e-16,8.2988709540530331e-16,0,1,0.89820013952150402,0,1,0.000118087,0.00018735
2,1,1,487,5,bra,1,0,2,1.4731637679601672,-7.8717073390954723e-18,1.473163767960167,-1.2588153899783599e-18,1.5079318396386961e-16,9.0406189961484457e-16,0,1,0.86970866138167002,0,1,0.00018221200000000001,0.00018584600000000001
2,1,1,488,2,ket,1,0,2,0.67881115579204154,1.183935782779148e-17,0.67881115579204176,-5.8004272734945958e-19,3.2761932802147622e-16,5.7165196560510234e-16,0,1,0.14536104749830928,0,1,0.000117275,0.000182101
2,1,1,489,2,ket,1,0,2,1.4731637679601672,-1.1784119370514714e-17,1.4731637679601668,1.2588153899783618e-18,3.0158269856465606e-16,5.2492818675949337e-16,0,1,0.24493022258315802,0,1,0.00012243700000000001,0.000183905
2,1,1,490,2,ket,1,0,2,0.67881115579204154,1.183935782779148e-17,0.67881115579204176,-5.8004272734945958e-19,3.2761932802147622e-16,5.7165196560510234e-16,0,1,0.26997773168069489,0,1,0.00011845699999999999,0.00018233400000000001
2,1,1,491,1,ket,0,0,2,0.89478872015262323,-4.8497525601784208e-18,0.89478872015262323,-1.258815389978362e-18,4.0131676778262872e-18,7.3067947020614845e-16,0,1,0.2395459645635831,0,1,0.00010225000000000001,0.000183427
2,1,1,492,2,ket,1,0,2,1.117582259898662,2.0668004924468014e-17,1.1175822598986618,1.5722479694282153e-18,1.9941637804399817e-16,1.4466208607967508e-15,0,1,0.16683055500811741,0,1,0.00011697999999999999,0.00018175400000000001
2,1,1,493,2,ket,1,0,2,0.89478872015262323,1.0952152191820776e-18,0.89478872015262323,-1.2588153899783622e-18,2.6308228480561477e-18,1.2302822630307558e-15,0,0,0.98603192416064978,0,1,0.000117601,0.00018174900000000001
2,1,1,494,6,bra,0,0,2,0.84461154100011493,2.0141048531227059e-17,0.84461154100011493,7.2171881326980348e-19,2.2992025061559763e-17,1.3320094410968924e-15,0,0,0.89893591147035701,0,1,0.000134358,0.000181015
2,1,1,495,6,bra,0,0,2,0.84461154100011482,4.7818731862985901e-18,0.84461154100011493,7.2171881326980348e-19,1.3153563909989882e-16,6.5318084700188457e-16,0,1,0.29889818760548492,0,1,0.00011019900000000001,0.00018091299999999999
2,1,1,496,6,bra,0,0,2,1.1839762440563952,-9.8471199487371853e-18,1.183976244056395,-1.0117052494785937e-18,1.876898478827436e-16,1.3928058687868962e-15,0,1,0.68384118544000527,0,1,0.00018038400000000001,0.000193313
2,1,1,497,6,bra,0,0,2,0.84461154100011493,2.0141048531227059e-17,0.84461154100011493,7.2171881326980348e-19,2.2992025061559763e-17,1.3320094410968924e-15,0,1,0.22125868659895975,0,1,0.00018410099999999999,0.00018361500000000001
2,1,1,498,5,bra,1,0,2,1.183976244056395,4.4623124443253025e-18,1.1839762440563948,1.0117052494785929e-18,1.8756407985689569e-16,9.0012505977598204e-16,0,1,0.2888455402486807,0,1,0.00016876700000000001,0.00018416999999999999
2,1,1,499,6,bra,0,0,2,0.84461154100011493,-1.216254492973999e-17,0.84461154100011504,-7.2171881326980291e-19,1.321438646564995e-16,7.2344618437139466e-16,0,1,0.8337159545464139,0,1,0.000182332,0.000200939
4,0,0,0,3,ket,1,0,4,1.2422611162927431,1.4901572778746771e-17,1.2422611162927431,2.2202599051820835e-17,5.8772074383704305e-18,1.2538247894717131e-15,0,1,0.50428416768169537,0,1,0.00033516699999999998,0.00068006700000000002
4,0,0,1,6,bra,1,0,4,1.3564388369846756,9.4023756924115181e-17,1.3564388369846763,7.761943372316879e-17,4.9123908413812305e-16,1.8475370289106708e-15,0,1,0.88598253600391685,0,1,0.00042957,0.00066431699999999999
4,0,0,2,7,bra,0,1,4,1.246116505253636,8.8125002520411864e-17,1.2461165052536367,-4.5532975488202217e-17,5.4522234557240811e-16,2.7085469867415485e-15,0,1,0.26094767673227404,0,1,0.00048718999999999998,0.00065925100000000002
4,0,0,3,6,bra,1,0,4,0.71716730658738903,-3.9953350614173564e-17,0.71716730658738792,-2.7830214554444093e-17,1.54815926778917e-15,3.5385588003839105e-15,0,1,0.23172861119184224,0,1,0.00044164200000000001,0.00065652699999999996
4,0,0,4,3,ket,1,0,4,0.7670448433746252,-2.8743492146154031e-17,0.76704484337462542,3.9113471696926717e-17,3.0269647409852719e-16,2.4153134497820223e-15,0,0,0.95530341602706936,0,1,0.00032020200000000001,0.00064293300000000005
4,0,0,5,7,bra,0,1,4,0.82493675220229534,1.1471558103497503e-16,0.82493675220229568,1.4950081310508345e-17,4.21471918453815e-16,2.5084766937401492e-15,0,1,0.68809425401504243,0,1,0.00030974699999999997,0.00065421200000000004
4,0,0,6,6,bra,1,0,4,1.3564388369846756,9.4023756924115181e-17,1.3564388369846763,7.761943372316879e-17,4.9123908413812305e-16,1.8475370289106708e-15,0,1,0.96599673451046431,0,1,0.00044232800000000002,0.00065490199999999996
4,0,0,7,1,ket,0,0,3,0.68548804698593724,3.1184181260312189e-18,0.68548804698593768,-4.5423664268110074e-17,6.5170257927830237e-16,9.8637813843646901e-16,0,0,0.99651069879399945,0,1,0.000234217,0.00065628699999999997
4,0,0,8,6,bra,1,0,4,0.73722454174415353,-5.1460112351407282e-17,0.73722454174415308,-4.2186164165137523e-17,6.0251118678291734e-16,1.7506785696068607e-15,0,0,0.90868468010045056,0,1,0.00035714600000000003,0.00065499099999999995
4,0,0,9,2,ket,0,1,3,1.2461165052536363,6.4000679638952569e-17,1.246116505253636,-5.6578436453772827e-17,2.0276754188023307e-16,1.8080959075898074e-15,0,1,0.61955671950622382,0,1,0.00046391599999999998,0.00064997199999999996
4,0,0,10,7,bra,0,1,4,1.2902397685994713,-1.1688577753193783e-16,1.2902397685994709,8.7378773773571445e-18,3.5769744597449668e-16,2.83138296057806e-15,0,1,0.9142083858070279,0,1,0.00048111300000000003,0.00064556100000000001
4,0,0,11,8,bra,0,0,4,0.77504974217736256,-6.047024341865368e-18,0.77504974217736278,3.0380834453917063e-18,2.8673048557673812e-16,3.9019786693037906e-15,0,1,0.16873393504077572,0,1,0.00051398800000000005,0.00065109599999999999
4,0,0,12,7,bra,0,1,4,0.70976023140052991,-3.8266928881729641e-17,0.7097602314005288,-1.0841120906772724e-17,1.5646998427194181e-15,4.7923233817310629e-15,0,1,0.38562284165911465,0,1,0.00048854499999999995,0.00063319400000000001
4,0,0,13,3,ket,1,0,3,0.71716730658738914,2.4904931539940397e-17,0.71716730658738914,-3.7094175888447318e-17,8.6449991318494272e-17,1.2318231782764649e-15,0,1,0.21490286710815365,0,1,0.00031710400000000002,0.00064121100000000004
4,0,0,14,6,bra,1,0,3,0.76704484337462531,4.4521429782112996e-17,0.76704484337462508,3.7991364557598321e-17,2.8960576005439444e-16,4.9673791651206642e-15,0,1,0.4857622482806484,0,1,0.00042816099999999998,0.00065264900000000005
4,0,0,15,3,ket,1,0,3,1.3037047424769654,-1.7786031835547471e-17,1.3037047424769652,8.3550589279831819e-18,1.7149442252627574e-16,3.4096840001371532e-15,0,1,0.28202547521689392,0,1,0.00030972999999999998,0.000642627
4,0,0,16,1,ket,0,0,3,0.77504974217736278,-7.7872680074957089e-18,0.77504974217736222,-1.9730295327193272e-17,7.1639269356785833e-16,1.4588609536591402e-15,0,1,0.03185705655727674,0,1,0.00022062300000000001,0.00066149600000000002
4,0,0,17,7,bra,0,1,4,1.4996137529013651,1.1404397862486852e-16,1.499613752901366,9.0781431573022573e-17,5.9247456481642428e-16,2.8611424957898921e-15,0,1,0.83076190422752882,0,1,0.00047705099999999998,0.00065924699999999996
4,0,0,18,1,ket,0,0,3,1.2122141453030741,5.8241511710812466e-17,1.2122141453030748,-5.6661962066218611e-17,5.5763348889955779e-16,1.3285346313457729e-15,0,1,0.58131155204008056,0,1,0.000231869,0.00064414699999999997
4,0,0,19,3,ket,1,0,3,0.76704484337462531,2.0407207518792838e-17,0.76704484337462508,9.1937132857368172e-18,2.898495092897094e-16,1.8482057835276811e-15,0,0,0.85016827139787077,0,1,0.00030840899999999999,0.00065515400000000002
4,0,0,20,2,ket,0,1,3,0.72516273215242966,2.626269850371563e-17,0.72516273215242955,9.4596962517352333e-18,1.5484338674340358e-16,3.20319984629937e-15,0,0,0.83809128756254847,0,1,0.00027594099999999998,0.00066480100000000002
4,0,0,21,6,bra,1,0,3,1.3943747725456968,-1.7046855954433414e-17,1.3943747725456963,3.1683126954484616e-17,3.2039792555780036e-16,2.4059461445790227e-15,0,1,0.19382064244721645,0,1,0.00031291199999999999,0.00063878899999999996
4,0,0,22,8,bra,0,0,4,1.2902397685994706,-1.4646144260744158e-16,1.2902397685994709,-5.0575542036256257e-18,2.0402934757197757e-16,4.0701885575023278e-15,0,1,0.1489336242657415,0,1,0.00052523800000000003,0.00063077700000000001
4,0,0,23,6,bra,1,0,3,0.71716730658738859,-2.2915419554353755e-17,0.71716730658738903,5.8242598301786737e-18,6.2052214693112901e-16,2.6382442789100132e-15,0,1,0.11496022036519607,0,1,0.00042095899999999999,0.00064337900000000002
4,0,0,24,6,bra,1,0,3,1.3943747725456968,-3.2309315295425608e-18,1.3943747725456961,-1.1323997763641544e-17,4.7776465026700205e-16,2.6442170064449016e-15,0,1,0.11265134615134749,0,1,0.00042174600000000002,0.00064680499999999997
4,0,0,25,1,ket,0,0,3,0.77504974217736278,-2.8716182309012336e-17,0.77504974217736311,-1.7006193309573202e-18,4.3114748605061602e-16,1.5224150201318334e-15,0,1,0.56151665187541178,0,1,0.00022123299999999999,0.00066181400000000004
4,0,0,26,7,bra,0,1,4,0.74760630190830679,1.0676618439324831e-17,0.7476063019083059,2.6312905393817772e-18,1.188078344065022e-15,2.7064417820454768e-15,0,0,0.84316505510232276,0,1,0.00049096999999999997,0.00064770699999999997
4,0,0,27,6,bra,1,0,4,0.71716730658738892,-3.2568901299493613e-17,0.71716730658738836,1.0086648887887545e-17,7.7631530520598718e-16,3.2983556045281352e-15,0,1,0.058411147312712075,0,1,0.00028079199999999998,0.00065773700000000004
4,0,0,28,2,ket,0,1,3,0.70976023140052924,1.5465554478749887e-17,0.70976023140052924,-8.6952614299383708e-18,3.404081384077141e-17,2.3302241855229448e-15,0,1,0.30364520026393932,0,1,0.00026649399999999999,0.00063384100000000001
4,0,0,29,3,ket,1,0,3,0.76704484337462508,-7.8879732885972383e-17,0.76704484337462486,9.682908020857233e-18,3.1165674159842617e-16,2.1186940245333968e-15,0,1,0.080676989476467204,0,1,0.00030567499999999999,0.00066092500000000003
4,0,0,30,1,ket,0,0,3,1.4089265018790327,-2.2371971535819132e-18,1.4089265018790322,2.8675262222086798e-18,3.1521768326060168e-16,1.080942109953383e-15,0,1,0.41495981243220503,0,1,0.00023582599999999999,0.00064337599999999997
4,0,0,31,3,ket,1,0,4,1.3037047424769654,1.0310537343347062e-17,1.303704742476965,-6.6479057888819095e-17,3.4569126439079528e-16,2.3988621893758719e-15,0,1,0.60180814341114419,0,1,0.00031328900000000002,0.00065871199999999999
4,0,0,32,7,bra,0,1,4,0.82493675220229534,1.1471558103497503e-16,0.82493675220229568,1.4950081310508345e-17,4.21471918453815e-16,2.5084766937401492e-15,0,0,0.85381090724341746,0,1,0.00048552399999999998,0.00066061600000000005
4,0,0,33,3,ket,1,0,4,0.76704484337462531,4.0692374208747317e-17,0.76704484337462542,3.9113471696926717e-17,1.4475493841946961e-16,2.7378389604321693e-15,0,0,0.77565064187518529,0,1,0.00044960099999999999,0.00064233900000000002
4,0,0,34,6,bra,1,0,4,1.3943747725456965,1.2056810949114301e-16,1.3943747725456981,5.4109757559789734e-17,1.1157203999517872e-15,3.3380858046031999e-15,0,1,0.97854497002422369,0,1,0.00025597700000000001,0.00064905599999999996
4,0,0,35,8,bra,0,0,4,0.74760630190830624,9.2672702079053644e-17,0.74760630190830635,1.3265357830495198e-17,1.8257894784207974e-16,3.4452159462168901e-15,0,1,0.52137823433377772,0,1,0.00051970100000000002,0.00064141299999999997
4,0,0,36,1,ket,0,0,3,0.7358144025144866,-2.3966021961073454e-17,0.73581440251448649,-3.0925894439694191e-18,1.5352714068178053e-16,1.1968081415312245e-15,0,1,0.24269306705547453,0,1,0.00022206799999999999,0.00065101099999999995
4,0,0,37,1,ket,0,0,3,1.3590383615524733,3.9792294933949467e-17,1.3590383615524737,5.7119671435133792e-18,3.2772804674030181e-16,1.159528797448819e-15,0,1,0.13996424288831888,0,1,0.00022487399999999999,0.00065183799999999996
4,0,0,38,8,bra,0,0,4,1.3376024218194051,1.4420740416952839e-16,1.3376024218194054,-2.3734116091690809e-17,2.081357438136131e-16,3.3355861370318037e-15,0,1,0.34934136199268923,0,1,0.00050610200000000003,0.00065879399999999998
4,0,0,39,6,bra,1,0,4,0.71716730658738903,-3.9953350614173564e-17,0.71716730658738792,-2.7830214554444093e-17,1.54815926778917e-15,3.5385588003839105e-15,0,1,0.00719708117844542,0,1,0.00042433500000000002,0.00066300199999999999
4,0,0,40,6,bra,1,0,4,1.3943747725456963,1.0263815564453977e-16,1.3943747725456981,5.4109757559789734e-17,1.2744203537309917e-15,3.4304304365880882e-15,0,1,0.73987804607962848,0,1,0.00043005400000000003,0.00066318799999999999
4,0,0,41,8,bra,0,0,4,0.74760630190830624,9.2672702079053644e-17,0.74760630190830635,1.3265357830495198e-17,1.8257894784207974e-16,3.4452159462168901e-15,0,1,0.20241808418214385,0,1,0.00051574100000000001,0.00067063400000000003
4,0,0,42,2,ket,0,1,3,1.3376024218194051,-1.0682677984816491e-18,1.3376024218194047,-2.1288659755179198e-17,3.3234786695542102e-16,1.6802398106800124e-15,0,1,0.092099475175834125,0,1,0.00026551400000000001,0.00063685499999999997
4,0,0,43,7,bra,0,1,4,0.70976023140052991,-3.8266928881729641e-17,0.7097602314005288,-1.0841120906772724e-17,1.5646998427194181e-15,4.7923233817310629e-15,0,1,0.3982742489081873,0,1,0.000468648,0.00064487400000000003
4,0,0,44,3,ket,1,0,3,0.71716730658738914,2.4904931539940397e-17,0.71716730658738914,-3.7094175888447318e-17,8.6449991318494272e-17,1.2318231782764649e-15,0,0,0.94585534773162916,0,1,0.000308447,0.00064183999999999997
4,0,0,45,8,bra,0,0,4,1.4089265018790331,3.0631954283946351e-16,1.4089265018790329,6.4559786007156473e-18,2.6482899921215085e-16,3.1181856909512446e-15,0,1,0.28785860959959292,0,1,0.00033816400000000001,0.00063865500000000002
4,0,0,46,8,bra,0,0,4,0.70976023140052902,1.9212880775130835e-17,0.7097602314005288,-3.2522611076232111e-18,3.1444161818876623e-16,4.4671276120317011e-15,0,1,0.041326036435665972,0,1,0.00050954400000000001,0.00064593699999999997
4,0,0,47,7,bra,0,1,4,1.4089265018790327,-1.3043368417575667e-16,1.4089265018790329,2.1520426025401516e-17,1.9096884571313954e-16,2.6218979945371124e-15,0,1,0.087147802973677357,0,1,0.00047570199999999999,0.00064982699999999996
4,0,0,48,1,ket,0,0,3,0.8024931824464191,-2.5160863927837601e-18,0.80249318244641887,3.8662906085604157e-17,2.814113928332156e-16,1.5078616808239919e-15,0,1,0.73623158199804217,0,1,0.00022209399999999999,0.000664944
4,0,0,49,2,ket,0,1,3,0.6854880469859379,-3.0691773664928821e-17,0.68548804698593768,-2.4996936456534696e-17,3.2402843842549837e-16,1.5029322852859908e-15,0,1,0.65204540201753669,0,1,0.00025597,0.00064897299999999995
4,0,0,50,3,ket,1,0,3,0.71716730658738892,-8.9975551242017242e-17,0.7171673065873887,6.2849201985760682e-18,3.3745564868196564e-16,1.6387833721146493e-15,0,0,0.76197273605768789,0,1,0.00030838000000000003,0.00064406200000000004
4,0,0,51,1,ket,0,0,3,1.3590383615524735,7.503972938780958e-17,1.3590383615524737,5.7119671435133792e-18,1.7116211090785278e-16,1.2986235045570887e-15,0,1,0.24169051022562651,0,1,0.00032524099999999998,0.00066459099999999997
4,0,0,52,3,ket,1,0,4,0.69563753292049646,-1.649325005339477e-18,0.69563753292049613,-1.33577152020932e-17,4.7908950015699599e-16,3.1507431162951351e-15,0,0,0.70024418676341171,0,1,0.00032689500000000001,0.00065017199999999997
4,0,0,53,7,bra,0,1,4,0.7358144025144866,7.4246089276113155e-17,0.73581440251448604,2.6517651535029646e-18,7.6066645596008853e-16,2.1194508066441692e-15,0,1,0.48631617619794804,0,1,0.00030904700000000001,0.00066461700000000005
4,0,0,54,2,ket,0,1,3,1.2902397685994713,3.4959705755413994e-17,1.2902397685994709,-4.4892253262961624e-17,3.4971113681739112e-16,1.1620651521423719e-15,0,1,0.32441617520206678,0,1,0.00025407400000000002,0.00063518400000000001
4,0,0,55,7,bra,0,1,4,1.4089265018790327,-1.3043368417575667e-16,1.4089265018790329,2.1520426025401516e-17,1.9096884571313954e-16,2.6218979945371124e-15,0,1,0.42052710045908753,0,1,0.000473561,0.00065339700000000001
4,0,0,56,7,bra,0,1,4,0.70976023140052991,-3.8266928881729641e-17,0.7097602314005288,-1.0841120906772724e-17,1.5646998427194181e-15,4.7923233817310629e-15,0,1,0.65353904175151312,0,1,0.00047269599999999999,0.00064600300000000003
4,0,0,57,6,bra,1,0,3,0.71716730658738836,-6.6584091373457425e-21,0.71716730658738903,3.0228917142510641e-18,9.2884979245090044e-16,2.8357374487658554e-15,0,0,0.90763371362215384,0,1,0.00042504400000000002,0.00065077500000000003
4,0,0,58,7,bra,0,1,4,1.4089265018790327,-1.3043368417575667e-16,1.4089265018790329,2.1520426025401516e-17,1.9096884571313954e-16,2.6218979945371124e-15,0,1,0.28236515382454019,0,1,0.00018891700000000001,0.00063832400000000001
4,0,0,59,3,ket,1,0,3,0.71716730658738892,5.5188602691860779e-17,0.7171673065873887,-2.0664778708104348e-17,3.2718088766688595e-16,2.0773448111893355e-15,0,1,0.067870402614728403,0,1,0.000310193,0.00065941100000000005
4,0,0,60,2,ket,0,1,3,0.72516273215242966,-1.4521279497176969e-17,0.72516273215242988,1.8511854562891269e-17,3.0956954196759048e-16,6.0741248684849501e-15,0,1,0.1636840551152122,0,1,0.00026684199999999999,0.00064545599999999998
4,0,0,61,1,ket,0,0,3,0.7585876382835044,-3.9530616413803323e-17,0.75858763828350462,1.8026095191023902e-17,3.0238173424367919e-16,2.1134664051985976e-15,0,1,0.56524833943275388,0,1,0.00022170299999999999,0.00066077799999999999
4,0,0,62,7,bra,0,1,4,0.70976023140052957,-1.2074972909587672e-17,0.70976023140052891,-2.3473437028883888e-17,9.3867097626485597e-16,3.1201885889746648e-15,0,1,0.53957298880994331,0,1,0.00049075300000000002,0.00065096200000000005
4,0,0,63,2,ket,0,1,3,1.408926501879032,-5.5418735818353187e-17,1.4089265018790322,4.5161084634331612e-17,1.7301285627313014e-16,1.838176279228586e-15,0,1,0.36608950467957169,0,1,0.00026776300000000002,0.000654202
4,0,0,64,1,ket,0,0,3,1.2902397685994704,6.8341858305775232e-17,1.2902397685994715,-1.1154747618362506e-16,8.7170025294752838e-16,1.6236490273398897e-15,0,1,0.79823561709234403,0,1,0.00022289400000000001,0.00064983700000000001
4,0,0,65,1,ket,0,0,3,0.77504974217736278,6.0073442174536189e-18,0.77504974217736233,6.7006803511024165e-17,5.7836163054031755e-16,1.4100809661516072e-15,0,1,0.63433784544143978,0,1,0.00022078899999999999,0.00066795299999999999
4,0,0,66,3,ket,1,0,4,1.3943747725456965,-2.2844986404986085e-17,1.3943747725456968,4.6694317233223968e-17,1.6686977833433159e-16,1.8202767395212946e-15,0,1,0.76058803569108002,0,1,0.00031026099999999999,0.00064680800000000002
4,0,0,67,3,ket,1,0,4,0.71716730658738836,2.6082399537794251e-17,0.71716730658738859,-2.4016238949841479e-17,3.1739621010932264e-16,1.6595219739748524e-15,0,0,0.81192590050330782,0,1,0.00030831199999999998,0.00065837100000000004
4,0,0,68,6,bra,1,0,4,0.71716730658738914,-7.2126742185466235e-18,0.71716730658738836,-6.4158551061604737e-17,1.0865521377468502e-15,3.4733281804870856e-15,0,1,0.042640076796985761,0,1,0.000268991,0.00064200300000000004
4,0,0,69,7,bra,0,1,4,1.4996137529013651,1.1404397862486852e-16,1.499613752901366,9.0781431573022573e-17,5.9247456481642428e-16,2.8611424957898921e-15,0,1,0.99680270075047206,0,1,0.00048247200000000001,0.00064933199999999997
4,0,0,70,2,ket,0,1,3,0.66683837625872555,7.3020958360113341e-18,0.66683837625872555,-5.670077932051245e-17,9.5979591809952189e-17,2.717628271772859e-15,0,0,0.69409199605376692,0,1,0.00025616199999999999,0.00065906799999999996
4,0,0,71,2,ket,0,1,3,0.66683837625872577,1.5051847829689172e-18,0.66683837625872555,-5.670077932051245e-17,3.4423156252775059e-16,3.4897534463175852e-15,0,0,0.83249248425650602,0,1,0.00023657999999999999,0.00065789099999999997
4,0,0,72,7,bra,0,1,4,0.66683837625872555,-4.8854136375324713e-17,0.66683837625872511,-4.0368089654735644e-17,6.660838633184823e-16,3.2888901709060494e-15,0,1,0.18319063391566726,0,1,0.000353319,0.00065780799999999996
4,0,0,73,2,ket,0,1,3,0.70976023140052913,-1.0312224080439307e-17,0.70976023140052946,-1.279129503070089e-17,4.6927979138233826e-16,2.2494909367274204e-15,0,1,0.19915038693169387,0,1,0.00026064399999999998,0.00063809800000000003
4,0,0,74,6,bra,1,0,3,1.3943747725456965,-4.1557482708522846e-17,1.3943747725456965,2.3584029420962951e-17,4.6717362800933042e-17,2.890847191352146e-15,0,1,0.34665950658137429,0,1,0.00042351999999999998,0.00065235499999999997
4,0,0,75,8,bra,0,0,4,1.4089265018790331,-5.8127576943878606e-18,1.4089265018790325,8.5541102788015749e-18,4.7290524017886602e-16,6.8158467020973393e-15,0,1,0.45779773205091695,0,1,0.00051265399999999997,0.00065394100000000001
4,0,0,76,6,bra,1,0,3,0.71716730658738881,5.0653496014291874e-17,0.71716730658738859,1.4701225715250305e-17,3.1364560523339257e-16,2.8495359585377813e-15,0,1,0.26362003009661489,0,1,0.00043508799999999998,0.00065631299999999995
4,0,0,77,8,bra,0,0,4,0.70976023140052868,-4.8692191057279875e-18,0.70976023140052913,-3.0863270975504823e-17,6.2675999555195745e-16,5.5921191831395599e-15,0,1,0.32686943248032507,0,1,0.00052101199999999995,0.00063887000000000004
4,0,0,78,8,bra,0,0,4,1.4089265018790325,5.1244347505993003e-17,1.4089265018790322,6.126587330239401e-17,1.577588611187835e-16,5.404235627463277e-15,0,1,0.0011696249420510218,0,1,0.00052060500000000005,0.00063990100000000001
4,0,0,79,3,ket,1,0,3,0.7670448433746252,-1.011506125120083e-17,0.76704484337462497,3.914266039967565e-18,2.9005783586816536e-16,1.2059948958663418e-15,0,0,0.80557717457440781,0,1,0.00030779599999999999,0.00065482500000000005
4,0,0,80,3,ket,1,0,3,0.76704484337462542,-5.8700624210487479e-17,0.76704484337462497,3.914266039967565e-18,5.8468774180760145e-16,1.6113795891863766e-15,0,1,0.02656435245210224,0,1,0.00021517500000000001,0.00064166099999999997
4,0,0,81,1,ket,0,0,3,1.5737863287354761,7.9282016921550248e-17,1.5737863287354759,-5.4190250150164675e-17,1.6461744113090729e-16,2.5845998880483335e-15,0,1,0.39351391433673266,0,1,0.000223859,0.00066060800000000003
4,0,0,82,3,ket,1,0,4,1.2422611162927431,1.4901572778746771e-17,1.2422611162927431,2.2202599051820835e-17,5.8772074383704305e-18,1.2538247894717131e-15,0,1,0.97420287645963155,0,1,0.000323324,0.00064622799999999999
4,0,0,83,2,ket,0,1,3,1.2122141453030746,2.8802292620035227e-17,1.2122141453030753,3.3538978327514477e-17,5.4953215795020704e-16,5.2769879453486301e-15,0,1,0.98541211423714559,0,1,0.00025514199999999998,0.00065257800000000001
4,0,0,84,7,bra,0,1,4,1.2902397685994709,1.1907432275985684e-17,1.2902397685994713,-1.2320542642549617e-18,3.4434185054200651e-16,4.1463133930568797e-15,0,1,0.40930825759582412,0,1,0.00048793300000000002,0.00064470800000000002
4,0,0,85,8,bra,0,0,4,0.77504974217736256,2.2141620479937945e-17,0.77504974217736256,-2.0867011211275274e-17,5.5491447001050816e-17,3.0509498072412229e-15,0,1,0.39677155818104198,0,1,0.00051246199999999999,0.00063699500000000001
4,0,0,86,7,bra,0,1,4,0.70976023140052868,-9.7627834511667795e-18,0.70976023140052891,8.2777946170520189e-18,3.1387539888241368e-16,5.7116652026064273e-15,0,1,0.29294959166107809,0,1,0.00048777199999999998,0.00063052200000000001
4,0,0,87,3,ket,1,0,3,0.76704484337462586,-4.512578194760752e-18,0.76704484337462531,-4.9157640207892839e-18,7.2370170209383908e-16,1.3316975804995544e-15,0,1,0.70144653617959574,0,1,0.00030881600000000001,0.00065171200000000004
4,0,0,88,3,ket,1,0,3,1.3037047424769654,-1.7786031835547471e-17,1.3037047424769652,8.3550589279831819e-18,1.7149442252627574e-16,3.4096840001371532e-15,0,1,0.068691753317924806,0,1,0.000307573,0.00064431899999999997
4,0,0,89,8,bra,0,0,4,1.4089265018790322,-1.4089899654173986e-16,1.4089265018790325,2.284651369010111e-17,1.9581717366341868e-16,3.8818151396602129e-15,0,1,0.36116403907578698,0,1,0.00051760800000000002,0.00063770899999999998
4,0,0,90,3,ket,1,0,3,0.76704484337462542,-2.1174388922003166e-17,0.76704484337462508,-6.6571234446324146e-17,4.3823572594311179e-16,1.5740539894838058e-15,0,1,0.62326429254084181,0,1,0.00030422700000000001,0.00065269199999999996
4,0,0,91,8,bra,0,0,4,0.70976023140052946,4.3718777532053067e-17,0.70976023140052924,4.5541752720572832e-17,3.1285507167497152e-16,3.7126812975966966e-15,0,0,0.7966973516228264,0,1,0.000502602,0.00064663800000000005
4,0,0,92,7,bra,0,1,4,1.2902397685994709,3.1678058398358413e-17,1.2902397685994706,5.477172715075233e-17,1.7302388636974506e-16,3.002421428205609e-15,0,1,0.79509899175618093,0,1,0.00030260399999999999,0.00062848500000000002
4,0,0,93,6,bra,1,0,3,1.3037047424769652,-6.1863158950448872e-17,1.3037047424769661,-2.2618298891727335e-17,6.8193740531237114e-16,2.2023513870597964e-15,0,1,0.5512367096130133,0,1,0.00044450700000000002,0.000642517
4,0,0,94,2,ket,0,1,3,0.77504974217736256,8.6568675999222288e-17,0.77504974217736256,5.2824129536326724e-17,4.3538555819780471e-17,5.1236373163235503e-15,0,1,0.59858897501578445,0,1,0.00025546899999999998,0.00065078800000000002
4,0,0,95,3,ket,1,0,4,1.3943747725456965,7.0186718381482296e-17,1.394374772545697,-1.87579784578706e-17,3.2481138761724676e-16,1.6618544264171207e-15,0,1,0.93457619279517246,0,1,0.00032024199999999999,0.00064519399999999998
4,0,0,96,2,ket,0,1,3,1.2902397685994709,-5.3566029337677709e-17,1.2902397685994702,-2.6986880964238264e-18,5.1778992953156453e-16,1.7452336200516957e-15,0,1,0.63146711139639955,0,1,0.00025701800000000003,0.00064598900000000002
4,0,0,97,8,bra,0,0,4,0.77504974217736256,-6.047024341865368e-18,0.77504974217736278,3.0380834453917063e-18,2.8673048557673812e-16,3.9019786693037906e-15,0,1,0.3834454900989227,0,1,0.00051824399999999995,0.00063308799999999997
4,0,0,98,3,ket,1,0,3,0.71716730658738892,5.5188602691860779e-17,0.7171673065873887,-2.0664778708104348e-17,3.2718088766688595e-16,2.0773448111893355e-15,0,0,0.81704257311809259,0,1,0.00031626199999999999,0.00063966100000000003
4,0,0,99,8,bra,0,0,4,1.2902397685994706,-1.4646144260744158e-16,1.2902397685994709,-5.0575542036256257e-18,2.0402934757197757e-16,4.0701885575023278e-15,0,1,0.89512132352853546,0,1,0.00034422800000000003,0.00066877400000000002
4,0,0,100,6,bra,1,0,3,0.71716730658738859,-2.2915419554353755e-17,0.71716730658738903,5.8242598301786737e-18,6.2052214693112901e-16,2.6382442789100132e-15,0,1,0.49190321467518239,0,1,0.000431457,0.00065284100000000003
4,0,0,101,1,ket,0,0,3,0.77504974217736278,-7.211332269415083e-17,0.77504974217736244,2.9057863290507334e-18,4.4050197517756583e-16,1.2261940265004324e-15,0,1,0.11815932081778861,0,1,0.000219941,0.00066400400000000005
4,0,0,102,8,bra,0,0,4,0.82493675220229523,3.9545509458982187e-18,0.82493675220229556,1.3256672696973006e-17,4.0390585000078033e-16,4.0850351538553864e-15,0,1,0.12157693954900151,0,1,0.00051178699999999998,0.00066854200000000005
4,0,0,103,1,ket,0,0,3,1.2122141453030741,5.8241511710812466e-17,1.2122141453030748,-5.6661962066218611e-17,5.5763348889955779e-16,1.3285346313457729e-15,0,1,0.94712301760579676,0,1,0.00022321099999999999,0.00064223700000000004
4,0,0,104,1,ket,0,0,3,0.82493675220229534,1.1490691487196477e-17,0.82493675220229545,3.8559634979865363e-17,1.3852526079549746e-16,1.3029457513664179e-15,0,1,0.71019604338471742,0,1,0.00022092100000000001,0.00066764099999999996
4,0,0,105,2,ket,0,1,3,0.66683837625872555,7.3020958360113341e-18,0.66683837625872555,-5.670077932051245e-17,9.5979591809952189e-17,2.717628271772859e-15,0,1,0.072849570196851302,0,1,0.00026891600000000001,0.00063694800000000003
4,0,0,106,6,bra,1,0,3,1.3943747725456963,-1.3245589028234603e-17,1.3943747725456968,1.0140092020991972e-16,3.2892817994451964e-16,6.1042163666032283e-15,0,1,0.90551658865128992,0,1,0.000426768,0.00065975300000000001
4,0,0,107,1,ket,0,0,3,1.3590383615524733,3.9792294933949467e-17,1.3590383615524737,5.7119671435133792e-18,3.2772804674030181e-16,1.159528797448819e-15,0,1,0.53450365517253107,0,1,0.00022216400000000001,0.00066240400000000001
4,0,0,108,2,ket,0,1,3,1.3376024218194051,-1.0682677984816491e-18,1.3376024218194047,-2.1288659755179198e-17,3.3234786695542102e-16,1.6802398106800124e-15,0,1,0.76825600720320175,0,1,0.00025625000000000002,0.00065770100000000001
4,0,0,109,7,bra,0,1,4,0.70976023140052991,-3.8266928881729641e-17,0.7097602314005288,-1.0841120906772724e-17,1.5646998427194181e-15,4.7923233817310629e-15,0,0,0.82470566131981549,0,1,0.00047614800000000002,0.00065076700000000001
4,0,0,110,6,bra,1,0,3,0.71716730658738836,-9.3002471377601059e-18,0.71716730658738881,-1.6295549281008947e-17,6.1930360938530555e-16,1.6768544613123644e-15,0,0,0.95738300545327326,0,1,0.00028680999999999997,0.000643915
4,0,0,111,8,bra,0,0,4,1.2902397685994713,6.5704592962316506e-17,1.2902397685994709,-5.0575542036256257e-18,3.4853333508425582e-16,3.659978266689704e-15,0,1,0.99681948586645086,0,1,0.00021667400000000001,0.00064779099999999999
4,0,0,112,7,bra,0,1,4,0.77504974217736256,8.197670969060199e-17,0.77504974217736278,-5.2488613150168588e-18,3.0780293406582491e-16,2.8712164978532515e-15,0,1,0.57453384578048328,0,1,0.00050860800000000002,0.00064012499999999996
4,0,0,113,8,bra,0,0,4,0.70976023140052902,1.9212880775130835e-17,0.7097602314005288,-3.2522611076232111e-18,3.1444161818876623e-16,4.4671276120317011e-15,0,0,0.76994128568389653,0,1,0.00052350300000000003,0.00063938199999999997
4,0,0,114,2,ket,0,1,3,0.80249318244641865,-2.0324897023909556e-17,0.80249318244641887,3.6436247603019334e-17,2.8559085754343844e-16,1.8202989465327278e-15,0,1,0.68362632793391009,0,1,0.00057793999999999999,0.00065452100000000003
4,0,0,115,2,ket,0,1,3,1.2461165052536363,1.3484150515108327e-16,1.246116505253636,-5.6578436453772827e-17,2.3526248050369089e-16,2.0066171721928964e-15,0,1,0.21822583847789237,0,1,0.00025676699999999998,0.000651985
4,0,0,116,2,ket,0,1,3,0.80249318244641876,-6.6730755897640641e-18,0.80249318244641887,3.6436247603019334e-17,1.4841014983142154e-16,1.9802833635908598e-15,0,1,0.16781570921845781,0,1,0.00026315099999999999,0.00065838500000000005
4,0,0,117,7,bra,0,1,4,1.246116505253636,8.8125002520411864e-17,1.2461165052536367,-4.5532975488202217e-17,5.4522234557240811e-16,2.7085469867415485e-15,0,1,0.29463949695003838,0,1,0.000475534,0.00066079699999999997
4,0,0,118,1,ket,0,0,3,0.70976023140052902,-1.0186233528669304e-17,0.7097602314005288,1.2099928331032621e-17,3.1441633485308852e-16,1.1007192401962406e-15,0,1,0.32000317005571999,0,1,0.00022023799999999999,0.000641491
4,0,0,119,2,ket,0,1,3,1.408926501879032,-9.9235357411840809e-17,1.4089265018790329,-3.0057663078322574e-17,6.3230294280795868e-16,1.8399316618621925e-15,0,1,0.55426529261768742,0,1,0.00025380800000000001,0.00066139699999999998
4,0,0,120,1,ket,0,0,3,1.2902397685994704,1.9049995283939655e-17,1.2902397685994702,2.8310527346102053e-18,1.725541000334208e-16,1.6748839959529361e-15,0,1,0.14016412812491344,0,1,0.00023418500000000001,0.00062924599999999997
4,0,0,121,2,ket,0,1,3,0.77504974217736256,-3.7884004391715216e-17,0.77504974217736311,1.6211076144558894e-18,7.1803836414084077e-16,1.6397903712963226e-15,0,1,0.532791542982056,0,1,0.00025613799999999999,0.00066094099999999996
4,0,0,122,8,bra,0,0,4,0.74760630190830624,9.2672702079053644e-17,0.74760630190830635,1.3265357830495198e-17,1.8257894784207974e-16,3.4452159462168901e-15,0,1,0.57211550930417177,0,1,0.00051465199999999999,0.00064421499999999996
4,0,0,123,8,bra,0,0,4,1.3376024218194051,1.4420740416952839e-16,1.3376024218194054,-2.3734116091690809e-17,2.081357438136131e-16,3.3355861370318037e-15,0,1,0.56928853465498841,0,1,0.00051478299999999999,0.00064375100000000002
4,0,0,124,6,bra,1,0,4,0.71716730658738903,-3.9953350614173564e-17,0.71716730658738792,-2.7830214554444093e-17,1.54815926778917e-15,3.5385588003839105e-15,0,1,0.50685798938038107,0,1,0.00043779600000000001,0.00065105199999999995
4,0,0,125,2,ket,0,1,3,1.2902397685994711,-1.0812976496860117e-16,1.290239768599472,5.7848329096783154e-17,7.0029920982944483e-16,1.4911934919416948e-15,0,1,0.52927937997829333,0,1,0.00025526299999999999,0.00065023100000000003
4,0,0,126,1,ket,0,0,3,0.77504974217736278,-7.211332269415083e-17,0.77504974217736244,2.9057863290507334e-18,4.4050197517756583e-16,1.2261940265004324e-15,0,1,0.3025312552930165,0,1,0.000230127,0.00065224399999999996
4,0,0,127,8,bra,0,0,4,0.82493675220229523,3.9545509458982187e-18,0.82493675220229556,1.3256672696973006e-17,4.0390585000078033e-16,4.0850351538553864e-15,0,1,0.2413428048453139,0,1,0.00050042999999999995,0.000659057
4,0,0,128,2,ket,0,1,3,0.66683837625872555,7.3020958360113341e-18,0.66683837625872555,-5.670077932051245e-17,9.5979591809952189e-17,2.717628271772859e-15,0,0,0.74504413067351072,0,1,0.00025495599999999998,0.00066038800000000003
4,0,0,129,6,bra,1,0,4,1.3564388369846754,-4.1931385635837027e-17,1.3564388369846758,3.2768921689837617e-17,3.3199289815624423e-16,2.2690949636828349e-15,0,1,0.64278471095154954,0,1,0.00030163500000000002,0.00066482599999999998
4,0,0,130,3,ket,1,0,4,0.73722454174415308,6.2412086846494887e-17,0.73722454174415364,-2.3368978670264088e-17,7.6191204767291645e-16,1.5911963234566579e-15,0,1,0.25010672495056874,0,1,0.000311849,0.00066527600000000002
4,0,0,131,2,ket,0,1,3,0.66683837625872588,2.2141038450252499e-17,0.66683837625872544,2.6648378627915675e-18,6.6660243254722721e-16,2.6616042262136816e-15,0,0,0.69476186815094731,0,1,0.00026546799999999999,0.00064601999999999997
4,0,0,132,3,ket,1,0,4,1.356438836984676,-1.5254499188694931e-17,1.3564388369846754,4.2997198891424568e-17,4.9296431717999901e-16,1.615671455580277e-15,0,1,0.86650122291284437,0,1,0.00018255699999999999,0.00065055400000000002
4,0,0,133,7,bra,0,1,4,0.68548804698593768,-2.9550656657943966e-17,0.68548804698593757,3.267357760642319e-18,1.6888874038656585e-16,2.4066807368699547e-15,0,1,0.44971057472385934,0,1,0.000471268,0.00065549499999999997
4,0,0,134,7,bra,0,1,4,1.458814642205591,4.0289090436389947e-17,1.4588146422055912,-6.9533952685346644e-18,1.5561584071713951e-16,2.2689485620646018e-15,0,1,0.8863696172099863,0,1,0.000478801,0.00066554699999999995
4,0,0,135,8,bra,0,0,4,1.2461165052536363,-1.022168837132791e-16,1.2461165052536367,-6.7654840409296417e-17,3.5745622838612399e-16,3.4178317148891326e-15,0,1,0.11129447600362803,0,1,0.00050656500000000005,0.00065341800000000001
4,0,0,136,7,bra,0,1,4,0.74760630190830679,1.0676618439324831e-17,0.7476063019083059,2.6312905393817772e-18,1.188078344065022e-15,2.7064417820454768e-15,0,1,0.23447630438618908,0,1,0.000471385,0.00066114899999999998
4,0,0,137,8,bra,0,0,4,0.73581440251448649,5.2650404225133368e-17,0.7358144025144866,4.0866688169918853e-17,1.5173106479175074e-16,6.4149255871648224e-15,0,1,0.32243030913956744,0,1,0.00050938999999999997,0.00065476499999999997
4,0,0,138,2,ket,0,1,3,0.70976023140052924,-4.9956646758575731e-17,0.70976023140052913,-6.42825332807609e-17,1.5771912850903015e-16,1.3272846210721615e-15,0,1,0.39031504453595434,0,1,0.00025574700000000002,0.00064185399999999997
4,0,0,139,2,ket,0,1,3,1.4089265018790322,3.7309510403623645e-17,1.4089265018790322,1.2760557825065738e-16,6.4088558009668546e-17,1.394471924514708e-15,0,1,0.1017024480067906,0,1,0.00025336899999999998,0.00066250300000000005
4,0,0,140,8,bra,0,0,4,1.3590383615524737,8.1349073665631708e-17,1.3590383615524733,-7.5480171008787649e-17,3.4654486665475153e-16,6.6162421926801439e-15,0,1,0.33882122058146436,0,1,0.00051264400000000003,0.00066037099999999998
4,0,0,141,2,ket,0,1,3,0.73581440251448693,-1.0514094357686086e-18,0.73581440251448682,-2.1308155342042278e-17,1.5337449330563201e-16,1.3178020034680318e-15,0,0,0.74252511183422654,0,1,0.00027028099999999998,0.00063718599999999998
4,0,0,142,2,ket,0,1,3,0.7358144025144866,4.5396181294801487e-17,0.73581440251448682,-2.1308155342042278e-17,3.1508968124999903e-16,1.099327405716829e-15,0,1,0.57494366102255778,0,1,0.00023678699999999999,0.000650677
4,0,0,143,2,ket,0,1,3,1.3590383615524735,-1.5776874269838195e-18,1.359038361552473,3.935584900865619e-17,3.2815241936817391e-16,1.0606151362879377e-15,0,1,0.28855905501069695,0,1,0.000255839,0.00065746299999999995
4,0,0,144,7,bra,0,1,4,1.3376024218194049,3.930952077548536e-17,1.337602421819406,-4.7078530357536214e-18,8.3066182405199857e-16,3.6252556429577859e-15,0,1,0.62963662005523646,0,1,0.00047061,0.00066513100000000001
4,0,0,145,8,bra,0,0,4,0.80249318244641898,3.6094876805439751e-17,0.80249318244641843,4.3569399778482214e-17,6.917963218141448e-16,3.3625378437043536e-15,0,1,0.59863167990392896,0,1,0.00051737400000000002,0.00066344400000000001
4,0,0,146,3,ket,1,0,4,0.73722454174415308,6.2412086846494887e-17,0.73722454174415364,-2.3368978670264088e-17,7.6191204767291645e-16,1.5911963234566579e-15,0,1,0.72316991754448179,0,1,0.00032364299999999998,0.00064733300000000004
4,0,0,147,3,ket,1,0,4,1.356438836984676,-1.5254499188694931e-17,1.3564388369846754,4.2997198891424568e-17,4.9296431717999901e-16,1.615671455580277e-15,0,1,0.86610038429997416,0,1,0.000309177,0.00067201800000000003
4,0,0,148,3,ket,1,0,4,0.73722454174415308,6.2412086846494887e-17,0.73722454174415364,-2.3368978670264088e-17,7.6191204767291645e-16,1.5911963234566579e-15,0,1,0.18780720974105844,0,1,0.00030804600000000003,0.00066957599999999996
4,0,0,149,3,ket,1,0,4,1.356438836984676,-1.5254499188694931e-17,1.3564388369846754,4.2997198891424568e-17,4.9296431717999901e-16,1.615671455580277e-15,0,1,0.29880147074106306,0,1,0.00031227400000000003,0.00066128400000000005
4,0,0,150,7,bra,0,1,4,0.68548804698593768,-2.9550656657943966e-17,0.68548804698593757,3.267357760642319e-18,1.6888874038656585e-16,2.4066807368699547e-15,0,1,0.41760271152074679,0,1,0.00047542899999999998,0.00066062200000000003
4,0,0,151,3,ket,1,0,4,0.71716730658738836,2.6082399537794251e-17,0.71716730658738859,-2.4016238949841479e-17,3.1739621010932264e-16,1.6595219739748524e-15,0,1,0.44990958541435688,0,1,0.00031048799999999999,0.00065925599999999999
4,0,0,152,1,ket,0,0,3,1.2902397685994704,6.8341858305775232e-17,1.2902397685994715,-1.1154747618362506e-16,8.7170025294752838e-16,1.6236490273398897e-15,0,1,0.05322349061216472,0,1,0.000221568,0.00064351299999999996
4,0,0,153,6,bra,1,0,3,0.76704484337462531,4.4521429782112996e-17,0.76704484337462508,3.7991364557598321e-17,2.8960576005439444e-16,4.9673791651206642e-15,0,1,0.63589355137730164,0,1,0.00042404299999999998,0.00064718000000000002
4,0,0,154,7,bra,0,1,4,1.408926501879032,1.0703246260412187e-16,1.4089265018790322,9.4845948920377804e-18,1.7213608891524169e-16,2.4557489633303143e-15,0,1,0.020242531749813632,0,1,0.00048400100000000002,0.00063642099999999997
4,0,0,155,1,ket,0,0,3,0.86573904792190159,-3.6529164836127269e-17,0.86573904792190104,5.9008904925860408e-17,6.5062660685170622e-16,1.9601651428915587e-15,0,1,0.84659771132184569,0,1,0.00022039600000000001,0.00064959999999999996
4,0,0,156,8,bra,0,0,4,1.1550824724844917,-1.010775942569356e-16,1.1550824724844919,-7.6872222053165159e-17,1.9337150672811158e-16,2.6086406211640554e-15,0,1,0.7478755527126042,0,1,0.00050173899999999996,0.00065090000000000005
4,0,0,157,7,bra,0,1,4,0.68436043643282329,1.1757056357980468e-17,0.68436043643282396,-3.9811179619536623e-17,9.7627924582635615e-16,6.172336090479444e-15,0,0,0.85725993878734219,0,1,0.00047626500000000002,0.00065966799999999997
4,0,0,158,3,ket,1,0,4,1.3037047424769659,6.014495715793688e-17,1.3037047424769661,2.2264478882684979e-17,1.7277885108234369e-16,3.5699317503648479e-15,0,1,0.10513727011577254,0,1,0.00045465300000000001,0.00064911400000000001
4,0,0,159,1,ket,0,0,3,1.2902397685994704,1.1818901511138502e-16,1.2902397685994713,-4.8373167253256977e-18,6.9495490377387506e-16,1.5308856754266113e-15,0,1,0.87060168188354281,0,1,0.00022186800000000001,0.000658451
4,0,0,160,1,ket,0,0,3,0.77504974217736278,-7.211332269415083e-17,0.77504974217736244,2.9057863290507334e-18,4.4050197517756583e-16,1.2261940265004324e-15,0,1,0.64681767922841449,0,1,0.00022814499999999999,0.00064562899999999999
4,0,0,161,8,bra,0,0,4,0.82493675220229523,3.9545509458982187e-18,0.82493675220229556,1.3256672696973006e-17,4.0390585000078033e-16,4.0850351538553864e-15,0,1,0.011768886970283585,0,1,0.00050792000000000003,0.00066145099999999997
4,0,0,162,7,bra,0,1,4,0.66683837625872544,-4.946962786430569e-17,0.66683837625872511,-4.0368089654735644e-17,4.996581667093366e-16,2.7295115056320624e-15,0,1,0.59847604287542933,0,1,0.00047380600000000001,0.00066270200000000004
4,0,0,163,2,ket,0,1,3,0.70976023140052913,-1.0312224080439307e-17,0.70976023140052946,-1.279129503070089e-17,4.6927979138233826e-16,2.2494909367274204e-15,0,1,0.081903038973443587,0,1,0.00025582399999999998,0.00064006899999999995
4,0,0,164,6,bra,1,0,3,1.3943747725456965,-4.1557482708522846e-17,1.3943747725456965,2.3584029420962951e-17,4.6717362800933042e-17,2.890847191352146e-15,0,1,0.17767949419534645,0,1,0.00042424100000000001,0.00064888299999999995
4,0,0,165,6,bra,1,0,3,0.7171673065873887,1.2907552809279283e-17,0.7171673065873887,-1.2129948985974956e-17,3.4911660870870102e-17,3.0295285460834819e-15,0,1,0.56567759501655168,0,1,0.00041947499999999999,0.00065205299999999999
4,0,0,166,8,bra,0,0,4,1.4089265018790325,5.1244347505993003e-17,1.4089265018790322,6.126587330239401e-17,1.577588611187835e-16,5.404235627463277e-15,0,1,0.1586670669672256,0,1,0.00050775799999999997,0.00065652699999999996
4,0,0,167,8,bra,0,0,4,0.70976023140052868,-4.8692191057279875e-18,0.70976023140052913,-3.0863270975504823e-17,6.2675999555195745e-16,5.5921191831395599e-15,0,1,0.62141523756239625,0,1,0.00050279100000000005,0.00065439700000000003
4,0,0,168,6,bra,1,0,3,1.3943747725456965,-4.1557482708522846e-17,1.3943747725456965,2.3584029420962951e-17,4.6717362800933042e-17,2.890847191352146e-15,0,1,0.8401006879754831,0,1,0.00043721,0.00065097099999999997
4,0,0,169,8,bra,0,0,4,1.4089265018790331,-5.8127576943878606e-18,1.4089265018790325,8.5541102788015749e-18,4.7290524017886602e-16,6.8158467020973393e-15,0,1,0.074349093885811457,0,1,0.00051233500000000005,0.00064033500000000001
4,0,0,170,2,ket,0,1,3,1.3590383615524735,-1.5776874269838195e-18,1.359038361552473,3.935584900865619e-17,3.2815241936817391e-16,1.0606151362879377e-15,0,1,0.73527901844691212,0,1,0.000255722,0.00065851500000000003
4,0,0,171,2,ket,0,1,3,0.73581440251448693,-1.0514094357686086e-18,0.73581440251448682,-2.1308155342042278e-17,1.5337449330563201e-16,1.3178020034680318e-15,0,1,0.29784317095099405,0,1,0.00025330200000000001,0.00065052000000000003
4,0,0,172,8,bra,0,0,4,0.70976023140052902,-4.3488733743409627e-17,0.70976023140052902,-4.3092150533123583e-18,5.5201062213342925e-17,5.8203981408130332e-15,0,1,0.145847295204002,0,1,0.0012595939999999999,0.001407805
4,0,0,173,8,bra,0,0,4,1.4089265018790331,-5.8127576943878606e-18,1.4089265018790325,8.5541102788015749e-18,4.7290524017886602e-16,6.8158467020973393e-15,0,1,0.19798230566045941,0,1,0.00098204999999999994,0.001259484
4,0,0,174,7,bra,0,1,4,1.2902397685994704,8.8138999445201141e-18,1.2902397685994709,6.0348015465687405e-17,3.4650097375504184e-16,4.0257344091970777e-15,0,1,0.40293691644024943,0,1,0.00092993299999999997,0.0012520630000000001
4,0,0,175,8,bra,0,0,4,0.77504974217736267,-1.2038531459775524e-17,0.77504974217736267,-2.7181634858077179e-18,1.2025509417994142e-17,6.009272518052578e-15,0,1,0.22337863042565281,0,1,0.00099633699999999992,0.0012603950000000001
4,0,0,176,8,bra,0,0,4,1.2902397685994709,-9.8755479339950739e-17,1.2902397685994709,4.5249774770475554e-18,8.004749142797477e-17,6.0802288777109576e-15,0,1,0.079206253257753573,0,1,0.00090046699999999996,0.001181355
4,0,0,177,3,ket,1,0,3,0.71716730658738892,-4.6450675837243745e-17,0.71716730658738848,-4.4050444407720227e-17,6.1923583542889957e-16,2.7075937657468963e-15,0,1,0.23969488281644916,0,1,0.00057501700000000004,0.0011829130000000001
4,0,0,178,1,ket,0,0,3,1.4089265018790325,2.2131660540392066e-17,1.4089265018790329,8.1474736163606351e-17,3.1799858623058485e-16,3.1714362867814751e-15,0,1,0.69769185669027667,0,1,0.00040098199999999998,0.0011737780000000001
4,0,0,179,8,bra,0,0,4,0.72516273215242921,2.3710452939997819e-17,0.72516273215242977,-1.0812868044685042e-17,7.6697820140871883e-16,3.5400899689663038e-15,0,0,0.76587922236299455,0,1,0.00090663099999999997,0.001110277
4,0,0,180,1,ket,0,0,3,0.7097602314005288,-3.3328107591844597e-17,0.70976023140052891,-4.1043679365570777e-17,1.5679954175025221e-16,2.2072963343319493e-15,0,1,0.42048043008193048,0,1,0.001060886,0.001115214
4,0,0,181,8,bra,0,0,4,0.77504974217736267,-1.7085502114625079e-17,0.77504974217736289,5.1679758731467454e-17,2.9991474990574277e-16,3.2818210408700161e-15,0,0,0.8610830997786022,0,1,0.00087546300000000004,0.0011117200000000001
4,0,0,182,2,ket,0,1,3,1.408926501879032,1.5551883642032945e-17,1.4089265018790327,9.2440545430868201e-17,4.7593439260320216e-16,1.5111364943874661e-15,0,1,0.10671179781518218,0,1,0.000967084,0.001072061
4,0,0,183,7,bra,0,1,4,0.72516273215242955,1.2762833478117301e-17,0.72516273215242955,-1.5936232227032926e-17,3.9576035050733505e-17,1.9184715360612079e-15,0,1,0.52292231145754497,0,1,0.00076476799999999998,0.0010522159999999999
4,0,0,184,8,bra,0,0,4,0.75858763828350473,-6.5359799158959338e-18,0.75858763828350473,1.6708597195761467e-17,3.0641913918152029e-17,3.1868471209841354e-15,0,1,0.17886023293532419,0,1,0.00080785799999999995,0.0010445750000000001
4,0,0,185,8,bra,0,0,4,1.3182392508566996,1.5674037749538247e-16,1.3182392508566994,-2.9035443683271914e-17,2.1961926030715309e-16,3.1265087733989731e-15,0,1,0.47406105191996029,0,1,0.00080855399999999996,0.001044753
4,0,0,186,2,ket,0,1,3,0.75858763828350462,-7.2970281939969534e-18,0.75858763828350473,-2.3128147690977484e-17,1.478343813768316e-16,1.6544837897378015e-15,0,1,0.66005955404714178,0,1,0.00038007399999999999,0.00097309299999999996
4,0,0,187,8,bra,0,0,4,0.7097602314005288,-9.7807723160393178e-17,0.70976023140052924,1.4522275525667445e-17,6.4539485208084293e-16,2.1023456413726759e-15,0,1,0.41560831658210245,0,1,0.00074675499999999999,0.00097643700000000003
4,0,0,188,3,ket,1,0,3,1.394374772545697,3.5444059732849418e-17,1.3943747725456968,-3.4898669967026406e-17,1.6704288585159615e-16,1.9139711485933356e-15,0,1,0.44416708740158717,0,1,0.00045359300000000002,0.00096824599999999997
4,0,0,189,2,ket,0,1,3,1.4089265018790322,3.7309510403623645e-17,1.4089265018790322,1.2760557825065738e-16,6.4088558009668546e-17,1.394471924514708e-15,0,1,0.62514893222742329,0,1,0.000377592,0.00097188299999999999
4,0,0,190,3,ket,1,0,4,0.71716730658738836,2.6082399537794251e-17,0.71716730658738859,-2.4016238949841479e-17,3.1739621010932264e-16,1.6595219739748524e-15,0,0,0.82671789593816403,0,1,0.00047127399999999999,0.00091218099999999997
4,0,0,191,1,ket,0,0,3,1.2902397685994706,7.3384914806268444e-17,1.2902397685994704,-8.8019250378522503e-17,2.127580167876245e-16,1.3718113208625631e-15,0,1,0.26014547404388327,0,1,0.00045369399999999998,0.00091566200000000003
4,0,0,192,8,bra,0,0,4,1.4089265018790331,3.0631954283946351e-16,1.4089265018790329,6.4559786007156473e-18,2.6482899921215085e-16,3.1181856909512446e-15,0,1,0.98012554877049285,0,1,0.000722524,0.00091715299999999998
4,0,0,193,8,bra,0,0,4,0.70976023140052902,1.9212880775130835e-17,0.7097602314005288,-3.2522611076232111e-18,3.1444161818876623e-16,4.4671276120317011e-15,0,0,0.90860250492990935,0,1,0.00071668199999999995,0.00088803299999999999
4,0,0,194,8,bra,0,0,4,0.70976023140052868,-5.9573973749838455e-17,0.7097602314005288,-3.2522611076232111e-18,1.7539910983705244e-16,2.5782688880157677e-15,0,1,0.14653570230833338,0,1,0.00036389300000000001,0.000872644
4,0,0,195,2,ket,0,1,3,0.77504974217736256,3.2275597234415082e-17,0.77504974217736267,2.6966870936699744e-17,1.4340905748368997e-16,1.099088843176301e-15,0,1,0.74871106729068415,0,1,0.00033938000000000002,0.00087669500000000004
4,0,0,196,7,bra,0,1,4,1.3590383615524742,1.2777579057061869e-16,1.3590383615524744,-4.8977711731698074e-18,1.9032729655299743e-16,3.3799937709576894e-15,0,1,0.60785697495144364,0,1,0.00063225599999999999,0.000871914
4,0,0,197,7,bra,0,1,4,0.7358144025144866,7.4246089276113155e-17,0.73581440251448604,2.6517651535029646e-18,7.6066645596008853e-16,2.1194508066441692e-15,0,1,0.010753950871210441,0,1,0.00064656499999999999,0.00091155900000000005
4,0,0,198,8,bra,0,0,4,1.458814642205591,7.8517269463980493e-17,1.4588146422055916,2.216271624687253e-17,4.5825790848472388e-16,2.7148788453018464e-15,0,1,0.023137926063061264,0,1,0.00066955300000000003,0.00086015899999999999
4,0,0,199,6,bra,1,0,4,0.73722454174415353,-5.1460112351407282e-17,0.73722454174415308,-4.2186164165137523e-17,6.0251118678291734e-16,1.7506785696068607e-15,0,0,0.85026868908178543,0,1,0.00054705699999999999,0.00083750199999999995
4,0,0,200,1,ket,0,0,3,0.68548804698593746,6.5484373336303405e-18,0.68548804698593768,-4.5423664268110074e-17,3.3267661298062246e-16,1.2200340316532228e-15,0,1,0.43916277569304718,0,1,0.00065148799999999998,0.00082171200000000005
4,0,0,201,2,ket,0,1,3,1.3590383615524735,-1.5776874269838195e-18,1.359038361552473,3.935584900865619e-17,3.2815241936817391e-16,1.0606151362879377e-15,0,1,0.85770016335661403,0,1,0.000330582,0.00081800500000000001
4,0,0,202,8,bra,0,0,4,0.73581440251448649,5.2650404225133368e-17,0.7358144025144866,4.0866688169918853e-17,1.5173106479175074e-16,6.4149255871648224e-15,0,1,0.7139422653417743,0,1,0.00065125800000000005,0.00082454000000000002
4,0,0,203,6,bra,1,0,4,0.71716730658738914,-7.2126742185466235e-18,0.71716730658738836,-6.4158551061604737e-17,1.0865521377468502e-15,3.4733281804870856e-15,0,1,0.017268557065525277,0,1,0.00051999200000000005,0.00080021599999999997
4,0,0,204,1,ket,0,0,3,1.2902397685994706,7.678689982245395e-17,1.2902397685994715,3.284539080787353e-17,6.8922440032990595e-16,1.3281885359810107e-15,0,1,0.51828792764805121,0,1,0.00026349300000000001,0.00077219500000000004
4,0,0,205,2,ket,0,1,3,0.77504974217736278,-1.3918130771035031e-18,0.77504974217736256,5.2444242351973884e-18,2.8661870221604286e-16,2.3316248689225356e-15,0,1,0.3657939140291136,0,1,0.00032209799999999999,0.00079182700000000005
4,0,0,206,6,bra,1,0,4,1.3943747725456963,1.1406504423319535e-16,1.3943747725456963,3.3203020327823698e-17,5.7991599889420438e-17,3.4790116158477788e-15,0,1,0.28062466485598475,0,1,0.00051873999999999996,0.00078422500000000005
4,0,0,207,6,bra,1,0,4,0.71716730658738903,-5.8849719475132431e-17,0.71716730658738892,-1.7077274437200329e-17,1.6540181937434069e-16,3.5522754862067862e-15,0,1,0.70504224370752777,0,1,0.00052016900000000001,0.000788684
4,0,0,208,2,ket,0,1,3,1.2902397685994709,9.4069462710255742e-17,1.2902397685994711,-8.7304908877836577e-18,1.8964445224839148e-16,2.3424861534961186e-15,0,1,0.6734388936764466,0,1,0.00031029899999999999,0.00074286100000000004
4,0,0,209,2,ket,0,1,3,0.77504974217736278,-1.3918130771035031e-18,0.77504974217736256,5.2444242351973884e-18,2.8661870221604286e-16,2.3316248689225356e-15,0,0,0.97293226741141214,0,1,0.00030728800000000002,0.000749944
4,0,0,210,2,ket,0,1,3,0.77504974217736256,2.4081060062303883e-19,0.77504974217736256,5.2444242351973884e-18,6.4558612980343681e-18,4.5659708102653548e-15,0,1,0.71246449721850391,0,1,0.00027153399999999998,0.00075970200000000001
4,0,0,211,3,ket,1,0,4,0.76704484337462542,-1.2708355807532056e-16,0.76704484337462508,1.4918183726212178e-17,4.7203845147581859e-16,2.2475190266663263e-15,0,1,0.54905315146279021,0,1,0.00036753699999999997,0.00074008699999999995
4,0,0,212,3,ket,1,0,4,1.3037047424769657,5.7467686652515436e-17,1.3037047424769657,-2.535563212633013e-17,6.3529199580486238e-17,2.2383923967252692e-15,0,1,0.11580762867663909,0,1,0.00036424899999999997,0.00074669500000000002
4,0,0,213,3,ket,1,0,4,0.76704484337462542,-1.2708355807532056e-16,0.76704484337462508,1.4918183726212178e-17,4.7203845147581859e-16,2.2475190266663263e-15,0,1,0.26955248895658673,0,1,0.00035595700000000001,0.00075823299999999998
4,0,0,214,3,ket,1,0,4,1.3037047424769657,5.7467686652515436e-17,1.3037047424769657,-2.535563212633013e-17,6.3529199580486238e-17,2.2383923967252692e-15,0,1,0.055236239522965663,0,1,0.000360952,0.00072691400000000005
4,0,0,215,6,bra,1,0,4,1.3943747725456963,1.1406504423319535e-16,1.3943747725456963,3.3203020327823698e-17,5.7991599889420438e-17,3.4790116158477788e-15,0,1,0.62171100390430933,0,1,0.00047181399999999998,0.00072845699999999995
4,0,0,216,3,ket,1,0,4,0.71716730658738881,1.590753709239527e-17,0.71716730658738925,-1.7086154691426241e-17,6.209334354563931e-16,2.0178687844700196e-15,0,0,0.96096194934143619,0,1,0.00035345,0.00071987699999999995
4,0,0,217,3,ket,1,0,4,0.71716730658738892,3.5623318136789151e-17,0.71716730658738925,-1.7086154691426241e-17,4.7019974118189535e-16,2.0485727227941453e-15,0,0,0.89959253882049561,0,1,0.000237626,0.00071912400000000002
4,0,0,218,8,bra,0,0,4,1.4588146422055914,1.290773691592795e-16,1.4588146422055916,2.216271624687253e-17,1.689342833611928e-16,2.2020076705351578e-15,0,1,0.59411658218951169,0,1,0.000383445,0.000703519
4,0,0,219,7,bra,0,1,4,1.246116505253636,8.8125002520411864e-17,1.2461165052536367,-4.5532975488202217e-17,5.4522234557240811e-16,2.7085469867415485e-15,0,1,0.3566516367569238,0,1,0.00053056299999999995,0.00072704400000000004
4,0,0,220,8,bra,0,0,4,0.74760630190830624,9.2672702079053644e-17,0.74760630190830635,1.3265357830495198e-17,1.8257894784207974e-16,3.4452159462168901e-15,0,0,0.89313903757209934,0,1,0.00055419900000000001,0.00068796999999999999
4,0,0,221,1,ket,0,0,3,0.7097602314005288,1.6206089740056647e-17,0.7097602314005288,1.2099928331032621e-17,5.7852796301669023e-18,1.0989286319572751e-15,0,0,0.95384842427742522,0,1,0.00065188900000000001,0.00067966499999999998
4,0,0,222,7,bra,0,1,4,0.80249318244641921,-2.9596414109462758e-17,0.80249318244641843,2.9323022567897664e-17,9.7120623308612873e-16,2.7329792480959341e-15,0,1,0.27355890941892214,0,1,0.00040940900000000001,0.000690312
4,0,0,223,1,ket,0,0,3,0.68548804698593724,3.1184181260312189e-18,0.68548804698593768,-4.5423664268110074e-17,6.5170257927830237e-16,9.8637813843646901e-16,0,1,0.4435001816198566,0,1,0.000232165,0.00069337800000000003
4,0,0,224,1,ket,0,0,3,1.4588146422055914,5.8945746004077152e-17,1.4588146422055908,9.6667924157559014e-17,4.5735833484339277e-16,1.3787970895861028e-15,0,1,0.12414104404296897,0,1,0.000240189,0.00068498500000000004
4,0,0,225,1,ket,0,0,3,0.68548804698593724,3.1184181260312189e-18,0.68548804698593768,-4.5423664268110074e-17,6.5170257927830237e-16,9.8637813843646901e-16,0,1,0.401935804821349,0,1,0.00023236700000000001,0.00068513500000000002
4,0,0,226,7,bra,0,1,4,1.2902397685994704,8.8138999445201141e-18,1.2902397685994709,6.0348015465687405e-17,3.4650097375504184e-16,4.0257344091970777e-15,0,1,0.45378741753311586,0,1,0.000505859,0.00064170099999999995
4,0,0,227,1,ket,0,0,3,1.4089265018790322,3.6460192960758544e-17,1.4089265018790329,-2.4019251772939067e-17,4.7473994989872545e-16,1.6088691971711195e-15,0,1,0.82112242447748884,0,1,0.00022464800000000001,0.00066768299999999997
4,0,0,228,2,ket,0,1,3,1.2902397685994709,-5.3566029337677709e-17,1.2902397685994702,-2.6986880964238264e-18,5.1778992953156453e-16,1.7452336200516957e-15,0,1,0.11689584050544084,0,1,0.00026502200000000001,0.00063711200000000001
4,0,0,229,1,ket,0,0,3,0.77504974217736278,-2.8716182309012336e-17,0.77504974217736311,-1.7006193309573202e-18,4.3114748605061602e-16,1.5224150201318334e-15,0,1,0.749522246571103,0,1,0.00022048400000000001,0.00066413099999999999
4,0,0,230,1,ket,0,0,3,1.2902397685994704,1.9049995283939655e-17,1.2902397685994702,2.8310527346102053e-18,1.725541000334208e-16,1.6748839959529361e-15,0,1,0.092457480719518439,0,1,0.00023169799999999999,0.00064006499999999999
4,0,0,231,1,ket,0,0,3,0.77504974217736278,-2.8716182309012336e-17,0.77504974217736311,-1.7006193309573202e-18,4.3114748605061602e-16,1.5224150201318334e-15,0,1,0.63151881396278997,0,1,0.000221809,0.00066163099999999998
4,0,0,232,1,ket,0,0,3,1.2902397685994704,1.9049995283939655e-17,1.2902397685994702,2.8310527346102053e-18,1.725541000334208e-16,1.6748839959529361e-15,0,1,0.79661635757576399,0,1,0.00022263599999999999,0.00065249899999999996
4,0,0,233,2,ket,0,1,3,0.77504974217736256,-3.7884004391715216e-17,0.77504974217736311,1.6211076144558894e-18,7.1803836414084077e-16,1.6397903712963226e-15,0,1,0.58943889523430371,0,1,0.00026631499999999999,0.00065444500000000003
4,0,0,234,1,ket,0,0,3,0.70976023140052902,-1.0186233528669304e-17,0.7097602314005288,1.2099928331032621e-17,3.1441633485308852e-16,1.1007192401962406e-15,0,1,0.52441492676006585,0,1,0.00021940800000000001,0.00064815599999999999
4,0,0,235,2,ket,0,1,3,1.408926501879032,-9.9235357411840809e-17,1.4089265018790329,-3.0057663078322574e-17,6.3230294280795868e-16,1.8399316618621925e-15,0,1,0.1883434745875423,0,1,0.000263186,0.00064514800000000001
4,0,0,236,7,bra,0,1,4,0.74760630190830679,1.0676618439324831e-17,0.7476063019083059,2.6312905393817772e-18,1.188078344065022e-15,2.7064417820454768e-15,0,1,0.15920330902517346,0,1,0.00047196100000000002,0.00066082800000000002
4,0,0,237,6,bra,1,0,4,0.69563753292049668,-4.98862299058798e-17,0.69563753292049613,-2.4252773965807152e-17,7.988399281993312e-16,2.600618597704432e-15,0,0,0.73223402577962382,0,1,0.00042599199999999998,0.00065692599999999995
4,0,0,238,2,ket,0,1,3,0.7358144025144866,4.5396181294801487e-17,0.73581440251448682,-2.1308155342042278e-17,3.1508968124999903e-16,1.099327405716829e-15,0,1,0.60794869170591159,0,1,0.00047529099999999997,0.00064172299999999997
4,0,0,239,6,bra,1,0,3,0.71716730658738881,5.0653496014291874e-17,0.71716730658738859,1.4701225715250305e-17,3.1364560523339257e-16,2.8495359585377813e-15,0,1,0.70059184940081209,0,1,0.00042709999999999997,0.00065095300000000001
4,0,0,240,7,bra,0,1,4,1.2902397685994706,4.1628892947788857e-18,1.2902397685994713,8.7136938118822658e-18,5.162988892426837e-16,2.2866634176376019e-15,0,1,0.63476720444959978,0,1,0.000469567,0.00064887199999999999
4,0,0,241,3,ket,1,0,3,0.76704484337462508,-7.8879732885972383e-17,0.76704484337462486,9.682908020857233e-18,3.1165674159842617e-16,2.1186940245333968e-15,0,0,0.97998702657040049,0,1,0.00030655100000000001,0.00065783699999999998
4,0,0,242,7,bra,0,1,4,0.77504974217736267,-3.8472768902827472e-17,0.77504974217736244,-5.2343341963817042e-18,2.8968282183272055e-16,4.9363303298121354e-15,0,1,0.51862948680591281,0,1,0.00031315599999999998,0.00065627299999999997
4,0,0,243,7,bra,0,1,4,1.2902397685994706,4.1628892947788857e-18,1.2902397685994713,8.7136938118822658e-18,5.162988892426837e-16,2.2866634176376019e-15,0,1,0.31571080465237633,0,1,0.00046920000000000002,0.00064995899999999998
4,0,0,244,8,bra,0,0,4,0.77504974217736244,-6.1682446609811281e-17,0.77504974217736256,-4.3951798275828289e-17,1.4506063946183169e-16,5.8225487093951245e-15,0,0,0.80391200652600203,0,1,0.00050340499999999995,0.00065365599999999996
4,0,0,245,2,ket,0,1,3,1.4089265018790322,-2.7039166174266444e-17,1.408926501879032,1.7260736411270285e-17,1.6070433720070286e-16,1.38768224328975e-15,0,1,0.20491273841203325,0,1,0.00058068400000000004,0.00066121699999999997
4,0,0,246,8,bra,0,0,4,0.82493675220229523,3.9545509458982187e-18,0.82493675220229556,1.3256672696973006e-17,4.0390585000078033e-16,4.0850351538553864e-15,0,0,0.90888749127155333,0,1,0.00051328400000000003,0.00065514900000000005
4,0,0,247,1,ket,0,0,3,1.2902397685994711,2.5711449398234108e-17,1.2902397685994713,-4.8373167253256977e-18,1.7371669976510204e-16,1.5811612275026658e-15,0,1,0.31828013386215137,0,1,0.00063155899999999996,0.00064059100000000003
4,0,0,248,1,ket,0,0,3,0.77504974217736278,-7.211332269415083e-17,0.77504974217736244,2.9057863290507334e-18,4.4050197517756583e-16,1.2261940265004324e-15,0,1,0.49015865127088981,0,1,0.000219996,0.00066298799999999999
4,0,0,249,2,ket,0,1,3,0.70976023140052924,1.5465554478749887e-17,0.70976023140052924,-8.6952614299383708e-18,3.404081384077141e-17,2.3302241855229448e-15,0,1,0.51668037068475159,0,1,0.00025281799999999998,0.00064656399999999997
4,0,0,250,2,ket,0,1,3,1.408926501879032,-3.2151932390891532e-17,1.408926501879032,1.7260736411270285e-17,3.5071147243140084e-17,2.3630781013578794e-15,0,1,0.23508326936161142,0,1,0.00025486699999999998,0.00064765999999999999
4,0,0,251,8,bra,0,0,4,0.82493675220229523,3.9545509458982187e-18,0.82493675220229556,1.3256672696973006e-17,4.0390585000078033e-16,4.0850351538553864e-15,0,1,0.37745153926145386,0,1,0.00050704299999999999,0.000661357
4,0,0,252,7,bra,0,1,4,0.66683837625872544,-4.946962786430569e-17,0.66683837625872511,-4.0368089654735644e-17,4.996581667093366e-16,2.7295115056320624e-15,0,0,0.85807155234399435,0,1,0.000473165,0.00066694200000000001
4,0,0,253,2,ket,0,1,3,0.66683837625872577,1.5051847829689172e-18,0.66683837625872555,-5.670077932051245e-17,3.4423156252775059e-16,3.4897534463175852e-15,0,1,0.61273141032797696,0,1,0.00049953599999999997,0.00065989100000000001
4,0,0,254,6,bra,1,0,3,1.3943747725456963,-1.3245589028234603e-17,1.3943747725456968,1.0140092020991972e-16,3.2892817994451964e-16,6.1042163666032283e-15,0,1,0.64980326430803714,0,1,0.00043737099999999998,0.00063176200000000001
4,0,0,255,6,bra,1,0,3,0.71716730658738892,6.9906025268937337e-17,0.7171673065873887,-5.2153428378271663e-17,3.5330913534373818e-16,6.2342895440073628e-15,0,0,0.73024321331675135,0,1,0.00043435000000000001,0.00064727999999999997
4,0,0,256,8,bra,0,0,4,1.2902397685994709,-9.8755479339950739e-17,1.2902397685994709,4.5249774770475554e-18,8.004749142797477e-17,6.0802288777109576e-15,0,1,0.34056041449534613,0,1,0.00021754700000000001,0.00065330900000000003
4,0,0,257,7,bra,0,1,4,0.775049742177363,2.4066000315964533e-17,0.77504974217736267,-3.6251179793014245e-17,4.3672610629714549e-16,3.3557988936618178e-15,0,1,0.39883265967258491,0,1,0.00048523199999999999,0.00065082400000000004
4,0,0,258,1,ket,0,0,3,1.4588146422055914,5.8945746004077152e-17,1.4588146422055908,9.6667924157559014e-17,4.5735833484339277e-16,1.3787970895861028e-15,0,1,0.61400430785695714,0,1,0.00023126099999999999,0.00064614700000000002
4,0,0,259,6,bra,1,0,4,0.73722454174415353,-5.1460112351407282e-17,0.73722454174415308,-4.2186164165137523e-17,6.0251118678291734e-16,1.7506785696068607e-15,0,0,0.91490674452052378,0,1,0.00042194800000000001,0.00067134200000000001
4,0,0,260,2,ket,0,1,3,1.2461165052536363,6.4000679638952569e-17,1.246116505253636,-5.6578436453772827e-17,2.0276754188023307e-16,1.8080959075898074e-15,0,1,0.90818303823981217,0,1,0.00046889399999999997,0.000641725
4,0,0,261,8,bra,0,0,4,0.70976023140052902,1.9212880775130835e-17,0.7097602314005288,-3.2522611076232111e-18,3.1444161818876623e-16,4.4671276120317011e-15,0,0,0.75645812020309822,0,1,0.00050244299999999999,0.00063948
4,0,0,262,1,ket,0,0,3,0.74760630190830613,3.0148438473485312e-17,0.74760630190830635,6.0538941783769918e-18,2.9875089918328472e-16,1.2213608945201243e-15,0,1,0.010170997447449141,0,1,0.00061146499999999995,0.00066130200000000001
4,0,0,263,2,ket,0,1,3,0.73581440251448693,-1.0514094357686086e-18,0.73581440251448682,-2.1308155342042278e-17,1.5337449330563201e-16,1.3178020034680318e-15,0,1,0.62063735488075855,0,1,0.00025532099999999998,0.00064173699999999997
4,0,0,264,3,ket,1,0,3,0.71716730658738892,5.0929669830144424e-17,0.71716730658738848,-1.0786203483369157e-18,6.2345876443666546e-16,1.613751347551595e-15,0,0,0.95756864231280925,0,1,0.00030697199999999997,0.00065479399999999999
4,0,0,265,6,bra,1,0,3,0.71716730658738881,5.0653496014291874e-17,0.71716730658738859,1.4701225715250305e-17,3.1364560523339257e-16,2.8495359585377813e-15,0,1,0.66069366703858268,0,1,0.000262184,0.00063958199999999998
4,0,0,266,7,bra,0,1,4,1.2902397685994706,4.1628892947788857e-18,1.2902397685994713,8.7136938118822658e-18,5.162988892426837e-16,2.2866634176376019e-15,0,1,0.12296535737763982,0,1,0.00047467800000000002,0.000648604
4,0,0,267,7,bra,0,1,4,0.77504974217736267,-3.8472768902827472e-17,0.77504974217736244,-5.2343341963817042e-18,2.8968282183272055e-16,4.9363303298121354e-15,0,1,0.40362712980251608,0,1,0.00046796799999999998,0.00065060200000000002
4,0,0,268,1,ket,0,0,3,1.4996137529013658,4.3281855031346026e-17,1.4996137529013647,-1.7181469439685787e-17,7.4143641024386287e-16,1.806643359511867e-15,0,1,0.96290520306765381,0,1,0.000220977,0.00066350399999999998
4,0,0,269,6,bra,1,0,4,1.3564388369846756,9.4023756924115181e-17,1.3564388369846763,7.761943372316879e-17,4.9123908413812305e-16,1.8475370289106708e-15,0,1,0.10091957607730141,0,1,0.00046019499999999999,0.00065654999999999999
4,0,0,270,8,bra,0,0,4,0.68548804698593768,-2.6394228502162027e-18,0.68548804698593735,-1.0414124342077379e-17,4.8601523833637481e-16,2.5787842543863764e-15,0,0,0.70092773771304595,0,1,0.00050759999999999998,0.00065207600000000002
4,0,0,271,2,ket,0,1,3,1.2461165052536363,6.4000679638952569e-17,1.246116505253636,-5.6578436453772827e-17,2.0276754188023307e-16,1.8080959075898074e-15,0,1,0.74957121463330278,0,1,0.00056546199999999997,0.00065237599999999998
4,0,0,272,7,bra,0,1,4,1.2902397685994713,-1.1688577753193783e-16,1.2902397685994709,8.7378773773571445e-18,3.5769744597449668e-16,2.83138296057806e-15,0,1,0.73952505103611399,0,1,0.00048390999999999999,0.00064466199999999995
4,0,0,273,7,bra,0,1,4,0.77504974217736256,8.197670969060199e-17,0.77504974217736278,-5.2488613150168588e-18,3.0780293406582491e-16,2.8712164978532515e-15,0,1,0.14270431532018807,0,1,0.00048436799999999999,0.00063763899999999996
4,0,0,274,3,ket,1,0,3,0.71716730658738925,-2.7937502622790179e-17,0.71716730658738881,-3.2820558210468186e-17,6.192642235330073e-16,1.7737056412842231e-15,0,0,0.79303624321052102,0,1,0.000303799,0.00063550100000000001
4,0,0,275,7,bra,0,1,4,1.2902397685994713,-1.1688577753193783e-16,1.2902397685994709,8.7378773773571445e-18,3.5769744597449668e-16,2.83138296057806e-15,0,1,0.84863919245444563,0,1,0.00030510200000000002,0.00062754300000000005
4,0,0,276,1,ket,0,0,3,0.77504974217736278,-2.8716182309012336e-17,0.77504974217736311,-1.7006193309573202e-18,4.3114748605061602e-16,1.5224150201318334e-15,0,0,0.88488500235181378,0,1,0.00021959599999999999,0.00065603999999999999
4,0,0,277,1,ket,0,0,3,0.77504974217736256,-1.2346902514280816e-17,0.77504974217736311,-1.7006193309573202e-18,7.1635865844765537e-16,1.4920425685716451e-15,0,1,0.48160069931041388,0,1,0.00022218199999999999,0.00064216399999999997
4,0,0,278,3,ket,1,0,4,0.71716730658738836,-5.7615228639097935e-18,0.71716730658738836,1.8303205794154833e-17,3.355525054896279e-17,1.9232829421138319e-15,0,1,0.65262533386914101,0,1,0.00031054299999999998,0.00066076000000000004
4,0,0,279,3,ket,1,0,4,1.3943747725456965,5.1959611637191643e-18,1.3943747725456974,-3.5586575380192514e-17,6.3764366020695211e-16,1.8058324010968913e-15,0,1,0.47624334030979465,0,1,0.00032251399999999998,0.00064802100000000004
4,0,0,280,2,ket,0,1,3,0.70976023140052946,1.9459269771782036e-17,0.7097602314005288,1.5141835910799715e-17,9.3855329802436436e-16,1.7001111308093343e-15,0,1,0.24035007116105936,0,1,0.000262756,0.00064896300000000001
4,0,0,281,8,bra,0,0,4,0.77504974217736267,-1.2038531459775524e-17,0.77504974217736267,-2.7181634858077179e-18,1.2025509417994142e-17,6.009272518052578e-15,0,1,0.36430109847934777,0,1,0.00051278399999999996,0.00065319
4,0,0,282,6,bra,1,0,3,0.71716730658738892,6.9906025268937337e-17,0.7171673065873887,-5.2153428378271663e-17,3.5330913534373818e-16,6.2342895440073628e-15,0,1,0.64300843740321867,0,1,0.00044428499999999999,0.00064307100000000005
4,0,0,283,8,bra,0,0,4,1.2902397685994709,8.3374876699463691e-17,1.2902397685994711,7.316737875123138e-17,1.7227736140216318e-16,5.9619492979818413e-15,0,1,0.37273645620726514,0,1,0.00052427400000000003,0.00063918600000000003
4,0,0,284,3,ket,1,0,3,0.76704484337462508,-7.8879732885972383e-17,0.76704484337462486,9.682908020857233e-18,3.1165674159842617e-16,2.1186940245333968e-15,0,0,0.99898487375597622,0,1,0.00030565900000000001,0.000650463
4,0,0,285,7,bra,0,1,4,0.77504974217736267,-3.8472768902827472e-17,0.77504974217736244,-5.2343341963817042e-18,2.8968282183272055e-16,4.9363303298121354e-15,0,1,0.13090209606934256,0,1,0.00030771599999999998,0.000642469
4,0,0,286,8,bra,0,0,4,0.70976023140052868,-4.8692191057279875e-18,0.70976023140052913,-3.0863270975504823e-17,6.2675999555195745e-16,5.5921191831395599e-15,0,1,0.6714208502305945,0,1,0.00052113699999999997,0.00063232000000000002
4,0,0,287,6,bra,1,0,3,1.3943747725456965,-4.1557482708522846e-17,1.3943747725456965,2.3584029420962951e-17,4.6717362800933042e-17,2.890847191352146e-15,0,1,0.089155747026046048,0,1,0.00042996499999999998,0.00063893900000000004
4,0,0,288,3,ket,1,0,3,0.71716730658738892,-4.6474274587642659e-17,0.71716730658738859,1.7949396128302578e-17,4.7302810176715656e-16,1.9156736058681789e-15,0,0,0.7670612871284952,0,1,0.00030620499999999999,0.00065638999999999997
4,0,0,289,8,bra,0,0,4,1.4089265018790331,-5.8127576943878606e-18,1.4089265018790325,8.5541102788015749e-18,4.7290524017886602e-16,6.8158467020973393e-15,0,1,0.95431202880467181,0,1,0.00035132499999999999,0.00064510499999999998
4,0,0,290,3,ket,1,0,3,0.71716730658738892,5.0929669830144424e-17,0.71716730658738848,-1.0786203483369157e-18,6.2345876443666546e-16,1.613751347551595e-15,0,1,0.53586550238438635,0,1,0.00030418300000000002,0.00065413799999999996
4,0,0,291,7,bra,0,1,4,1.2902397685994709,-3.0765812500260658e-17,1.2902397685994709,-1.696163853193236e-17,1.0698921475124309e-17,1.6527881362413412e-15,0,1,0.26549147304388437,0,1,0.00047668,0.00065781699999999999
4,0,0,292,6,bra,1,0,3,0.76704484337462508,-5.9112972077227545e-17,0.7670448433746252,4.1824141855367527e-17,1.9561763889716515e-16,1.1381574762848286e-15,0,1,0.51934551802560425,0,1,0.00042570299999999999,0.00065503800000000004
4,0,0,293,1,ket,0,0,3,1.4089265018790327,-2.2371971535819132e-18,1.4089265018790322,2.8675262222086798e-18,3.1521768326060168e-16,1.080942109953383e-15,0,1,0.12641421146508147,0,1,0.000231962,0.00064433000000000003
4,0,0,294,3,ket,1,0,4,1.3037047424769654,1.0310537343347062e-17,1.303704742476965,-6.6479057888819095e-17,3.4569126439079528e-16,2.3988621893758719e-15,0,1,0.80470262089959432,0,1,0.00030953300000000002,0.00065397999999999997
4,0,0,295,6,bra,1,0,4,1.3943747725456963,1.0263815564453977e-16,1.3943747725456981,5.4109757559789734e-17,1.2744203537309917e-15,3.4304304365880882e-15,0,1,0.44825351988525614,0,1,0.00043394100000000003,0.00064747299999999997
4,0,0,296,6,bra,1,0,4,0.71716730658738903,-3.9953350614173564e-17,0.71716730658738792,-2.7830214554444093e-17,1.54815926778917e-15,3.5385588003839105e-15,0,1,0.19851934334462493,0,1,0.00042609100000000002,0.00065923999999999996
4,0,0,297,6,bra,1,0,4,1.3943747725456963,1.0263815564453977e-16,1.3943747725456981,5.4109757559789734e-17,1.2744203537309917e-15,3.4304304365880882e-15,0,1,0.20988805541754069,0,1,0.00042346899999999999,0.00065868600000000002
4,0,0,298,7,bra,0,1,4,0.80249318244641898,7.0838706572361594e-17,0.80249318244641843,2.9323022567897664e-17,6.9366543840211848e-16,2.7235217700920662e-15,0,1,0.20254935978827579,0,1,0.00048411599999999998,0.00066078600000000001
4,0,0,299,6,bra,1,0,4,0.73722454174415353,-5.1460112351407282e-17,0.73722454174415308,-4.2186164165137523e-17,6.0251118678291734e-16,1.7506785696068607e-15,0,1,0.1304230061078985,0,1,0.00042759800000000001,0.00066640000000000004
4,0,0,300,3,ket,1,0,4,0.80498374044281573,-7.9423708355833781e-17,0.80498374044281573,-1.4387258039295408e-17,8.0792253369940476e-17,1.7793037533303053e-15,0,0,0.98745693356033504,0,1,0.000316958,0.000638055
4,0,0,301,3,ket,1,0,4,0.80498374044281562,-3.8998738959362943e-17,0.80498374044281573,-1.4387258039295408e-17,1.4126686580276475e-16,2.1355763987569632e-15,0,1,0.69522295712539417,0,1,0.00021690500000000001,0.00064694399999999999
4,0,0,302,6,bra,1,0,4,1.2422611162927431,-2.7933961223905726e-17,1.2422611162927433,5.0046122899330995e-17,1.8944450490854869e-16,1.7138677829111462e-15,0,1,0.75022618083270232,0,1,0.000459858,0.00065758899999999998
4,0,0,303,8,bra,0,0,4,0.66683837625872555,-4.2422643991775784e-17,0.66683837625872577,-2.8056642226997606e-18,3.3823957459588074e-16,2.9856103446455841e-15,0,0,0.76522969391792484,0,1,0.00050947199999999996,0.00067392400000000001
4,0,0,304,3,ket,1,0,4,1.3564388369846756,1.5604214315640583e-17,1.356438836984676,4.7216777944984056e-17,3.282219210210373e-16,1.5645280483534274e-15,0,1,0.69911911421232753,0,1,0.00051084500000000001,0.00066932999999999999
4,0,0,305,7,bra,0,1,4,1.246116505253636,8.8125002520411864e-17,1.2461165052536367,-4.5532975488202217e-17,5.4522234557240811e-16,2.7085469867415485e-15,0,1,0.62316921521952351,0,1,0.00047123500000000002,0.00065490100000000005
4,0,0,306,2,ket,0,1,3,1.2902397685994709,-5.3566029337677709e-17,1.2902397685994702,-2.6986880964238264e-18,5.1778992953156453e-16,1.7452336200516957e-15,0,1,0.77287050978041649,0,1,0.00026620799999999998,0.00063558600000000005
4,0,0,307,1,ket,0,0,3,0.77504974217736278,-2.8716182309012336e-17,0.77504974217736311,-1.7006193309573202e-18,4.3114748605061602e-16,1.5224150201318334e-15,0,1,0.52532478861990017,0,1,0.00022216299999999999,0.00066182999999999997
4,0,0,308,6,bra,1,0,4,0.71716730658738892,-2.3914363668072043e-17,0.71716730658738836,1.0086648887887545e-17,7.7548408389465657e-16,3.1996766514167068e-15,0,1,0.32589897947213881,0,1,0.000438205,0.00064820999999999998
4,0,0,309,2,ket,0,1,3,0.70976023140052924,1.5465554478749887e-17,0.70976023140052924,-8.6952614299383708e-18,3.404081384077141e-17,2.3302241855229448e-15,0,1,0.33540271146545997,0,1,0.00025423999999999998,0.00065211299999999995
4,0,0,310,2,ket,0,1,3,1.408926501879032,-3.2151932390891532e-17,1.408926501879032,1.7260736411270285e-17,3.5071147243140084e-17,2.3630781013578794e-15,0,1,0.23017612542172061,0,1,0.00026263099999999999,0.00064705999999999997
4,0,0,311,1,ket,0,0,3,1.2902397685994704,1.1818901511138502e-16,1.2902397685994713,-4.8373167253256977e-18,6.9495490377387506e-16,1.5308856754266113e-15,0,1,0.53566814745605174,0,1,0.000220077,0.00065423200000000003
4,0,0,312,8,bra,0,0,4,0.77504974217736256,2.2141620479937945e-17,0.77504974217736256,-2.0867011211275274e-17,5.5491447001050816e-17,3.0509498072412229e-15,0,1,0.72059909630369112,0,1,0.00051793499999999997,0.00064763199999999998
4,0,0,313,7,bra,0,1,4,0.70976023140052868,-9.7627834511667795e-18,0.70976023140052891,8.2777946170520189e-18,3.1387539888241368e-16,5.7116652026064273e-15,0,0,0.89454361405931204,0,1,0.00048180100000000002,0.00063592300000000004
4,0,0,314,1,ket,0,0,3,0.82493675220229556,-1.0078520664193525e-17,0.82493675220229545,3.8559634979865363e-17,1.4693126507578599e-16,1.2797236558689117e-15,0,1,0.73577020343153277,0,1,0.00055106600000000001,0.00065472399999999997
4,0,0,315,1,ket,0,0,3,1.2122141453030741,5.8241511710812466e-17,1.2122141453030748,-5.6661962066218611e-17,5.5763348889955779e-16,1.3285346313457729e-15,0,1,0.1684610757442202,0,1,0.00022374299999999999,0.00065639400000000003
4,0,0,316,7,bra,0,1,4,0.70976023140052868,-9.7627834511667795e-18,0.70976023140052891,8.2777946170520189e-18,3.1387539888241368e-16,5.7116652026064273e-15,0,1,0.25707446591750699,0,1,0.00048614600000000002,0.00063180699999999996
4,0,0,317,7,bra,0,1,4,1.4089265018790333,-3.3594938365329907e-17,1.4089265018790327,-1.6432033942029477e-17,4.7295219295837879e-16,6.4648311914665464e-15,0,1,0.47233137627021571,0,1,0.00047526699999999997,0.00065245500000000003
4,0,0,318,1,ket,0,0,3,0.82493675220229534,1.1490691487196477e-17,0.82493675220229545,3.8559634979865363e-17,1.3852526079549746e-16,1.3029457513664179e-15,0,1,0.46073517263508484,0,1,0.000226142,0.00066859099999999996
4,0,0,319,2,ket,0,1,3,0.66683837625872555,7.3020958360113341e-18,0.66683837625872555,-5.670077932051245e-17,9.5979591809952189e-17,2.717628271772859e-15,0,1,0.38350099896519546,0,1,0.00026476800000000002,0.00064743500000000002
4,0,0,320,6,bra,1,0,3,1.3943747725456963,-1.3245589028234603e-17,1.3943747725456968,1.0140092020991972e-16,3.2892817994451964e-16,6.1042163666032283e-15,0,1,0.5110206838585778,0,1,0.00042833299999999998,0.00066008600000000005
4,0,0,321,2,ket,0,1,3,1.4588146422055912,5.9976433818705635e-17,1.4588146422055908,5.319698435795427e-17,3.0445331531387039e-16,1.4435173631630996e-15,0,1,0.41280825956338607,0,1,0.000255305,0.00064994100000000002
4,0,0,322,2,ket,0,1,3,0.6854880469859379,-3.0691773664928821e-17,0.68548804698593768,-2.4996936456534696e-17,3.2402843842549837e-16,1.5029322852859908e-15,0,0,0.87734274962278613,0,1,0.00025321499999999999,0.00065586300000000002
4,0,0,323,7,bra,0,1,4,0.68548804698593768,-2.9550656657943966e-17,0.68548804698593757,3.267357760642319e-18,1.6888874038656585e-16,2.4066807368699547e-15,0,1,0.17182987146071915,0,1,0.00036208600000000002,0.00064503100000000001
4,0,0,324,6,bra,1,0,4,0.71716730658738914,-7.2126742185466235e-18,0.71716730658738836,-6.4158551061604737e-17,1.0865521377468502e-15,3.4733281804870856e-15,0,1,0.59341075013542699,0,1,0.00042192299999999999,0.00065782799999999995
4,0,0,325,6,bra,1,0,4,1.3943747725456961,4.9253062443580553e-17,1.3943747725456972,1.2474225222156804e-16,7.9805409301568959e-16,3.4459702718332167e-15,0,1,0.75726944168056431,0,1,0.00042586499999999999,0.00066412899999999996
4,0,0,326,2,ket,0,1,3,0.70976023140052924,-4.9956646758575731e-17,0.70976023140052913,-6.42825332807609e-17,1.5771912850903015e-16,1.3272846210721615e-15,0,1,0.29900804948765325,0,1,0.00025193399999999999,0.00066138299999999998
4,0,0,327,6,bra,1,0,3,0.7171673065873887,1.2907552809279283e-17,0.7171673065873887,-1.2129948985974956e-17,3.4911660870870102e-17,3.0295285460834819e-15,0,1,0.40126028732018804,0,1,0.00042817899999999999,0.00064065300000000003
4,0,0,328,2,ket,0,1,3,1.4089265018790322,2.6213983343114752e-17,1.4089265018790316,2.5391665755273815e-17,4.7279565076449753e-16,2.1807791572052414e-15,0,1,0.6032710703839872,0,1,0.000254162,0.00066566399999999995
4,0,0,329,2,ket,0,1,3,0.70976023140052913,-1.0312224080439307e-17,0.70976023140052946,-1.279129503070089e-17,4.6927979138233826e-16,2.2494909367274204e-15,0,1,0.31146663209527237,0,1,0.00026436999999999999,0.00063751599999999997
4,0,0,330,3,ket,1,0,3,0.76704484337462486,-7.5477229486291004e-18,0.76704484337462508,4.2550464463552674e-17,2.9675720763098604e-16,2.2008065437559732e-15,0,1,0.15387318631144475,0,1,0.00030595500000000001,0.00065822000000000005
4,0,0,331,1,ket,0,0,3,1.4089265018790322,1.79470542581835e-17,1.408926501879032,2.0036393811944637e-17,1.5760540687012055e-16,1.4253637933871501e-15,0,1,0.92895225418469707,0,1,0.00022986600000000001,0.00064531600000000005
4,0,0,332,7,bra,0,1,4,1.2440666750225888,-9.371418201258895e-17,1.2440666750225891,5.4312253945207208e-17,2.1450825532771314e-16,2.7198857747922196e-15,0,1,0.43512188415745934,0,1,0.00047651300000000002,0.00065540800000000001
4,0,0,333,3,ket,1,0,4,1.3814330032029483,3.1905036437773631e-17,1.3814330032029483,-9.4614864653647844e-17,9.1585984117996533e-17,3.9733581048083856e-15,0,1,0.0094700723509669928,0,1,0.00031021599999999999,0.00065742299999999997
4,0,0,334,2,ket,0,1,3,1.3790008168674055,3.3912756853571834e-17,1.3790008168674057,-1.7988967551794113e-17,1.6535872213692551e-16,3.379157282471683e-15,0,1,0.51288681880229503,0,1,0.00025509099999999999,0.00065358199999999999
4,0,0,335,2,ket,0,1,3,0.72516273215242977,-6.2344280870697902e-17,0.72516273215242955,9.4596962517352333e-18,3.2181169116271238e-16,3.0694323707389984e-15,0,0,0.9338323828475793,0,1,0.00025287500000000001,0.00066118100000000005
4,0,0,336,8,bra,0,0,4,1.2902397685994709,4.3198013841305866e-17,1.2902397685994711,3.4737702951763852e-17,1.7222048850060666e-16,2.8683562384311275e-15,0,1,0.8979309871452229,0,1,0.00038685800000000002,0.00064748099999999999
4,0,0,337,3,ket,1,0,3,0.76704484337462542,-2.2939120977795516e-18,0.76704484337462475,-3.3277103549637834e-17,8.6938068326241485e-16,1.5953834520802754e-15,0,1,0.6699679371658126,0,1,0.00030740599999999998,0.00067301700000000004
4,0,0,338,6,bra,1,0,3,1.3037047424769652,-6.1863158950448872e-17,1.3037047424769661,-2.2618298891727335e-17,6.8193740531237114e-16,2.2023513870597964e-15,0,1,0.47107960040212399,0,1,0.00044270699999999997,0.00063917200000000003
4,0,0,339,2,ket,0,1,3,0.77504974217736256,8.6568675999222288e-17,0.77504974217736256,5.2824129536326724e-17,4.3538555819780471e-17,5.1236373163235503e-15,0,1,0.75844587143494113,0,1,0.00025321000000000002,0.00064900299999999999
4,0,0,340,3,ket,1,0,4,1.3943747725456965,7.0186718381482296e-17,1.394374772545697,-1.87579784578706e-17,3.2481138761724676e-16,1.6618544264171207e-15,0,1,0.38110194024728405,0,1,0.00032087700000000001,0.00064824299999999995
4,0,0,341,1,ket,0,0,3,0.70976023140052902,-1.0186233528669304e-17,0.7097602314005288,1.2099928331032621e-17,3.1441633485308852e-16,1.1007192401962406e-15,0,0,0.86870936032458823,0,1,0.00022029800000000001,0.00065168799999999999
4,0,0,342,7,bra,0,1,4,0.80249318244641898,7.0838706572361594e-17,0.80249318244641843,2.9323022567897664e-17,6.9366543840211848e-16,2.7235217700920662e-15,0,1,0.043279590910072004,0,1,0.00040254100000000002,0.00064652899999999996
4,0,0,343,6,bra,1,0,4,0.73722454174415353,-5.1460112351407282e-17,0.73722454174415308,-4.2186164165137523e-17,6.0251118678291734e-16,1.7506785696068607e-15,0,1,0.44280464795762525,0,1,0.00042475400000000001,0.00065944500000000004
4,0,0,344,7,bra,0,1,4,1.2122141453030748,2.3448472291031577e-17,1.2122141453030746,-2.1968593337183733e-17,1.8696517027755062e-16,1.6421416697689679e-15,0,1,0.98445244502741402,0,1,0.00047204700000000002,0.00065158200000000005
4,0,0,345,2,ket,0,1,3,1.2902397685994711,-1.0812976496860117e-16,1.290239768599472,5.7848329096783154e-17,7.0029920982944483e-16,1.4911934919416948e-15,0,1,0.85987516615223603,0,1,0.00025370200000000002,0.00065800199999999998
4,0,0,346,6,bra,1,0,3,1.3943747725456968,-3.2309315295425608e-18,1.3943747725456961,-1.1323997763641544e-17,4.7776465026700205e-16,2.6442170064449016e-15,0,1,0.501331325478935,0,1,0.00042899799999999999,0.000632739
4,0,0,347,3,ket,1,0,3,0.71716730658738914,-3.5640393980956584e-17,0.71716730658738903,-3.7731295276061646e-17,1.5483414935553972e-16,1.3840621323926923e-15,0,1,0.22164724592046586,0,1,0.00030848399999999998,0.00064980599999999995
4,0,0,348,8,bra,0,0,4,0.77504974217736267,3.2030478234938318e-18,0.77504974217736244,2.1482035288097719e-17,2.8745988405474171e-16,5.6630971062449667e-15,0,1,0.61266039090287072,0,1,0.00050879699999999996,0.00064968999999999997
4,0,0,349,3,ket,1,0,3,1.3943747725456961,-1.688947115747013e-16,1.3943747725456965,4.0178136741805085e-17,3.5201642921357712e-16,1.98389867561298e-15,0,1,0.46283705969167149,0,1,0.000314417,0.00063574200000000001
4,0,0,350,7,bra,0,1,4,0.70976023140052991,-3.8266928881729641e-17,0.7097602314005288,-1.0841120906772724e-17,1.5646998427194181e-15,4.7923233817310629e-15,0,1,0.026255590108711445,0,1,0.00046926100000000001,0.00064270199999999999
4,0,0,351,6,bra,1,0,3,0.71716730658738836,-6.6584091373457425e-21,0.71716730658738903,3.0228917142510641e-18,9.2884979245090044e-16,2.8357374487658554e-15,0,1,0.09191676884452811,0,1,0.00041832300000000001,0.00064866100000000003
4,0,0,352,7,bra,0,1,4,1.4089265018790333,-3.3594938365329907e-17,1.4089265018790327,-1.6432033942029477e-17,4.7295219295837879e-16,6.4648311914665464e-15,0,1,0.18954404355707741,0,1,0.000474814,0.00065238700000000004
4,0,0,353,3,ket,1,0,3,0.76704484337462531,2.0407207518792838e-17,0.76704484337462508,9.1937132857368172e-18,2.898495092897094e-16,1.8482057835276811e-15,0,1,0.56812433805203366,0,1,0.00031621699999999998,0.00064091799999999998
4,0,0,354,3,ket,1,0,3,1.3037047424769652,-1.7360019554462569e-16,1.3037047424769654,-1.5626058522023933e-17,2.0902448324657379e-16,3.2562590338505811e-15,0,1,0.26905974467106569,0,1,0.00030757499999999998,0.00065291100000000005
4,0,0,355,8,bra,0,0,4,1.2902397685994709,4.3198013841305866e-17,1.2902397685994711,3.4737702951763852e-17,1.7222048850060666e-16,2.8683562384311275e-15,0,1,0.043497159301052565,0,1,0.00051009299999999998,0.00065588799999999998
4,0,0,356,2,ket,0,1,3,0.77504974217736233,-5.5073719530883201e-17,0.775049742177362,-3.4749612934749934e-17,4.3053550327098794e-16,1.655539139293571e-15,0,0,0.9481394399682791,0,1,0.00025537900000000002,0.00064476799999999999
4,0,0,357,1,ket,0,0,3,0.77504974217736256,-1.564369807625369e-17,0.77504974217736244,2.9057863290507334e-18,1.452310012347571e-16,1.3888371662907153e-15,0,1,0.67471852201610139,0,1,0.00028563800000000001,0.00066109600000000001
4,0,0,358,3,ket,1,0,4,0.76704484337462497,-2.7065555070167012e-17,0.76704484337462486,-1.3099479629827668e-17,1.4588102413604511e-16,7.3223128495794353e-15,0,0,0.78580508928959536,0,1,0.00032229699999999998,0.00064533699999999995
4,0,0,359,3,ket,1,0,4,0.76704484337462497,-5.9705895669090101e-17,0.76704484337462486,-1.3099479629827668e-17,1.5697660620877919e-16,7.160465539420357e-15,0,1,0.20521801263108586,0,1,0.00021626999999999999,0.00065489200000000002
4,0,0,360,3,ket,1,0,4,1.3037047424769654,-3.2982715805054179e-17,1.3037047424769661,2.2264478882684979e-17,5.127088115206793e-16,4.8897630376080328e-15,0,1,0.26093245977498092,0,1,0.00031050300000000001,0.00065592299999999999
4,0,0,361,1,ket,0,0,3,1.2902397685994704,1.1818901511138502e-16,1.2902397685994713,-4.8373167253256977e-18,6.9495490377387506e-16,1.5308856754266113e-15,0,1,0.71181786666850999,0,1,0.00022285299999999999,0.00065186400000000005
4,0,0,362,6,bra,1,0,3,1.3943747725456968,-3.2309315295425608e-18,1.3943747725456961,-1.1323997763641544e-17,4.7776465026700205e-16,2.6442170064449016e-15,0,1,0.86842237937132016,0,1,0.00042754400000000003,0.00064112999999999996
4,0,0,363,7,bra,0,1,4,0.77504974217736256,8.197670969060199e-17,0.77504974217736278,-5.2488613150168588e-18,3.0780293406582491e-16,2.8712164978532515e-15,0,1,0.56863785084219487,0,1,0.00046977899999999998,0.00065342600000000003
4,0,0,364,8,bra,0,0,4,0.70976023140052902,1.9212880775130835e-17,0.7097602314005288,-3.2522611076232111e-18,3.1444161818876623e-16,4.4671276120317011e-15,0,1,0.30585182043492048,0,1,0.00050566700000000001,0.00065051200000000001
4,0,0,365,3,ket,1,0,3,0.71716730658738914,2.4904931539940397e-17,0.71716730658738914,-3.7094175888447318e-17,8.6449991318494272e-17,1.2318231782764649e-15,0,1,0.49666731479416892,0,1,0.00030710900000000002,0.00065087599999999999
4,0,0,366,1,ket,0,0,3,0.77504974217736278,6.0073442174536189e-18,0.77504974217736233,6.7006803511024165e-17,5.7836163054031755e-16,1.4100809661516072e-15,0,1,0.55507565133752501,0,1,0.00021959099999999999,0.00065480099999999999
4,0,0,367,7,bra,0,1,4,1.4996137529013656,-1.5663472175295948e-16,1.499613752901366,-4.4649827821521055e-18,3.1303843551885254e-16,3.5782691549945456e-15,0,1,0.99738198111972221,0,1,0.00047380300000000002,0.00065841000000000001
4,0,0,368,1,ket,0,0,3,1.2122141453030746,-5.8213398000016692e-17,1.2122141453030744,-5.4906441197133982e-17,1.8319306866711859e-16,1.39543443518252e-15,0,1,0.78191914332740986,0,1,0.00023037200000000001,0.00063558799999999997
4,0,0,369,6,bra,1,0,3,0.76704484337462542,-4.7722550371537517e-18,0.76704484337462531,1.386681378933015e-17,1.4676592736291299e-16,3.9734398231044439e-15,0,1,0.60914367001665903,0,1,0.00042344099999999999,0.00064915899999999996
4,0,0,370,8,bra,0,0,4,1.2902397685994715,-1.2309416440491364e-16,1.2902397685994704,-3.6702105762446065e-17,8.6307931275502299e-16,4.1837206979479234e-15,0,1,0.41564440002524006,0,1,0.00050436600000000002,0.00065322100000000005
4,0,0,371,6,bra,1,0,3,1.3037047424769652,-6.1863158950448872e-17,1.3037047424769661,-2.2618298891727335e-17,6.8193740531237114e-16,2.2023513870597964e-15,0,1,0.20225429206023218,0,1,0.00042371800000000001,0.00064909199999999998
4,0,0,372,8,bra,0,0,4,0.77504974217736267,3.2030478234938318e-18,0.77504974217736244,2.1482035288097719e-17,2.8745988405474171e-16,5.6630971062449667e-15,0,1,0.014019177273419984,0,1,0.000520981,0.00064712500000000002
4,0,0,373,6,bra,1,0,3,0.76704484337462542,-4.7722550371537517e-18,0.76704484337462531,1.386681378933015e-17,1.4676592736291299e-16,3.9734398231044439e-15,0,1,0.24773895935522516,0,1,0.00044159000000000001,0.00062883100000000005
4,0,0,374,3,ket,1,0,3,1.3037047424769652,-1.7360019554462569e-16,1.3037047424769654,-1.5626058522023933e-17,2.0902448324657379e-16,3.2562590338505811e-15,0,1,0.15409535266169461,0,1,0.00030737100000000002,0.00065308100000000002
4,0,0,375,3,ket,1,0,3,0.76704484337462531,2.0407207518792838e-17,0.76704484337462508,9.1937132857368172e-18,2.898495092897094e-16,1.8482057835276811e-15,0,0,0.79138391899189775,0,1,0.00030648900000000001,0.00065083000000000003
4,0,0,376,6,bra,1,0,3,1.3943747725456968,3.7552048637702731e-17,1.3943747725456963,3.1683126954484616e-17,3.1851407359774839e-16,2.6536547832397085e-15,0,1,0.39513897012520255,0,1,0.00025007300000000002,0.00065250900000000001
4,0,0,377,6,bra,1,0,3,0.7171673065873887,-4.2735455821291437e-17,0.71716730658738881,-1.6295549281008947e-17,1.5913610394842169e-16,2.6359373665230779e-15,0,1,0.19485969118258092,0,1,0.00041822499999999999,0.00065265500000000003
4,0,0,378,7,bra,0,1,4,0.70976023140052868,-9.7627834511667795e-18,0.70976023140052891,8.2777946170520189e-18,3.1387539888241368e-16,5.7116652026064273e-15,0,1,0.22994911850128927,0,1,0.00048985800000000003,0.00065121500000000002
4,0,0,379,8,bra,0,0,4,1.4089265018790322,-1.4089899654173986e-16,1.4089265018790325,2.284651369010111e-17,1.9581717366341868e-16,3.8818151396602129e-15,0,1,0.60133868073468932,0,1,0.00051163000000000001,0.00063500899999999996
4,0,0,380,7,bra,0,1,4,1.2902397685994709,1.1907432275985684e-17,1.2902397685994713,-1.2320542642549617e-18,3.4434185054200651e-16,4.1463133930568797e-15,0,1,0.77280194842755201,0,1,0.00048385000000000002,0.00064408599999999999
4,0,0,381,1,ket,0,0,3,0.77504974217736278,-7.211332269415083e-17,0.77504974217736244,2.9057863290507334e-18,4.4050197517756583e-16,1.2261940265004324e-15,0,1,0.033204998315245211,0,1,0.00022179799999999999,0.00065824999999999998
4,0,0,382,6,bra,1,0,4,1.3943747725456961,1.0581156686241689e-16,1.3943747725456974,-1.961127985005645e-17,9.5968346187528943e-16,3.2181015925311266e-15,0,1,0.7315392737003592,0,1,0.000440922,0.00065600999999999995
4,0,0,383,7,bra,0,1,4,0.74760630190830679,1.0676618439324831e-17,0.7476063019083059,2.6312905393817772e-18,1.188078344065022e-15,2.7064417820454768e-15,0,1,0.39477841181001144,0,1,0.00048829899999999998,0.00065062200000000001
4,0,0,384,7,bra,0,1,4,1.3376024218194049,3.930952077548536e-17,1.337602421819406,-4.7078530357536214e-18,8.3066182405199857e-16,3.6252556429577859e-15,0,1,0.46069323050985561,0,1,0.00048601200000000002,0.00063807499999999999
4,0,0,385,6,bra,1,0,4,0.71716730658738892,-2.3914363668072043e-17,0.71716730658738836,1.0086648887887545e-17,7.7548408389465657e-16,3.1996766514167068e-15,0,0,0.84513866138259297,0,1,0.00042322699999999998,0.00065258099999999995
4,0,0,386,1,ket,0,0,3,1.2902397685994706,-2.2686065567455976e-17,1.2902397685994702,2.8310527346102053e-18,3.44758948117164e-16,1.2909989267924912e-15,0,1,0.74694504874641199,0,1,0.00050249599999999995,0.000646077
4,0,0,387,8,bra,0,0,4,0.77504974217736256,-6.047024341865368e-18,0.77504974217736278,3.0380834453917063e-18,2.8673048557673812e-16,3.9019786693037906e-15,0,1,0.15483178972349332,0,1,0.00051233300000000002,0.00064593199999999999
4,0,0,388,1,ket,0,0,3,0.8024931824464191,-2.5160863927837601e-18,0.80249318244641887,3.8662906085604157e-17,2.814113928332156e-16,1.5078616808239919e-15,0,1,0.66003531604707377,0,1,0.000221122,0.000664042
4,0,0,389,8,bra,0,0,4,1.2461165052536363,-1.022168837132791e-16,1.2461165052536367,-6.7654840409296417e-17,3.5745622838612399e-16,3.4178317148891326e-15,0,1,0.23679579712863452,0,1,0.00050619700000000001,0.00066166300000000005
4,0,0,390,1,ket,0,0,3,1.2902397685994704,1.9049995283939655e-17,1.2902397685994702,2.8310527346102053e-18,1.725541000334208e-16,1.6748839959529361e-15,0,1,0.11576558621924189,0,1,0.00022275999999999999,0.000637731
4,0,0,391,8,bra,0,0,4,0.77504974217736256,-6.047024341865368e-18,0.77504974217736278,3.0380834453917063e-18,2.8673048557673812e-16,3.9019786693037906e-15,0,1,0.28147785547967197,0,1,0.00052190799999999996,0.00063903099999999997
4,0,0,392,2,ket,0,1,3,0.74760630190830613,-3.021759247670817e-17,0.74760630190830668,1.1898555155503854e-17,7.4465248385087138e-16,1.5924898695662614e-15,0,1,0.69891577589729714,0,1,0.00025410500000000002,0.000656619
4,0,0,393,7,bra,0,1,4,0.7358144025144866,7.4246089276113155e-17,0.73581440251448604,2.6517651535029646e-18,7.6066645596008853e-16,2.1194508066441692e-15,0,1,0.61709516157664712,0,1,0.00048935999999999999,0.00066410899999999997
4,0,0,394,8,bra,0,0,4,1.458814642205591,7.8517269463980493e-17,1.4588146422055916,2.216271624687253e-17,4.5825790848472388e-16,2.7148788453018464e-15,0,1,0.10923830008733776,0,1,0.00051234399999999997,0.00065201199999999999
4,0,0,395,2,ket,0,1,3,1.2461165052536363,1.3484150515108327e-16,1.246116505253636,-5.6578436453772827e-17,2.3526248050369089e-16,2.0066171721928964e-15,0,1,0.48175756918095947,0,1,0.00026223499999999999,0.000638482
4,0,0,396,8,bra,0,0,4,0.70976023140052902,1.9212880775130835e-17,0.7097602314005288,-3.2522611076232111e-18,3.1444161818876623e-16,4.4671276120317011e-15,0,1,0.18950572379613964,0,1,0.00050283900000000004,0.00064592499999999999
4,0,0,397,8,bra,0,0,4,1.4089265018790331,3.0631954283946351e-16,1.4089265018790329,6.4559786007156473e-18,2.6482899921215085e-16,3.1181856909512446e-15,0,1,0.53996679274557768,0,1,0.00050317099999999996,0.00064990100000000004
4,0,0,398,7,bra,0,1,4,1.2902397685994713,-1.1688577753193783e-16,1.2902397685994709,8.7378773773571445e-18,3.5769744597449668e-16,2.83138296057806e-15,0,1,0.35694033466193265,0,1,0.00046850400000000001,0.00064218499999999998
4,0,0,399,6,bra,1,0,3,0.71716730658738859,-2.2915419554353755e-17,0.71716730658738903,5.8242598301786737e-18,6.2052214693112901e-16,2.6382442789100132e-15,0,1,0.51668531782716898,0,1,0.000433275,0.00063606000000000003
4,0,0,400,8,bra,0,0,4,0.77504974217736256,2.2141620479937945e-17,0.77504974217736256,-2.0867011211275274e-17,5.5491447001050816e-17,3.0509498072412229e-15,0,1,0.042818304950985119,0,1,0.00050991000000000003,0.00063250399999999999
4,0,0,401,1,ket,0,0,3,0.82493675220229534,1.1490691487196477e-17,0.82493675220229545,3.8559634979865363e-17,1.3852526079549746e-16,1.3029457513664179e-15,0,1,0.010193789878250445,0,1,0.00021958500000000001,0.000663264
4,0,0,402,7,bra,0,1,4,0.66683837625872544,-4.946962786430569e-17,0.66683837625872511,-4.0368089654735644e-17,4.996581667093366e-16,2.7295115056320624e-15,0,1,0.63731157326453536,0,1,0.00046634900000000002,0.00066487800000000004
4,0,0,403,3,ket,1,0,4,0.76704484337462464,6.6018937864253939e-17,0.76704484337462497,4.5930529019165071e-17,4.3500997470431496e-16,3.13783393578037e-15,0,0,0.93645222551690044,0,1,0.00031900199999999998,0.00064735599999999997
4,0,0,404,3,ket,1,0,4,0.7670448433746252,-6.3000941678056799e-17,0.76704484337462497,4.5930529019165071e-17,3.2243934540861672e-16,2.9387037774036055e-15,0,1,0.76285187358109541,0,1,0.000216336,0.00065869300000000002
4,0,0,405,6,bra,1,0,4,1.3037047424769654,1.072287142273303e-16,1.3037047424769661,-5.0928198269044484e-18,5.1816725628630505e-16,2.8106742978016115e-15,0,1,0.44903210553926709,0,1,0.00044058999999999998,0.00064963200000000003
4,0,0,406,1,ket,0,0,3,1.2902397685994704,6.8341858305775232e-17,1.2902397685994715,-1.1154747618362506e-16,8.7170025294752838e-16,1.6236490273398897e-15,0,1,0.62583920203010268,0,1,0.000222788,0.00065122300000000004
4,0,0,407,2,ket,0,1,3,0.77504974217736233,4.2337890515546191e-18,0.77504974217736267,4.8589735682195216e-17,4.3353019055332876e-16,6.818737520452977e-15,0,1,0.030655321742190378,0,1,0.00026427299999999998,0.00064464800000000005
4,0,0,408,2,ket,0,1,3,1.2902397685994713,-4.5967890608777731e-17,1.2902397685994709,-8.0888239697728262e-17,3.4525369772033937e-16,7.1217272248802805e-15,0,1,0.2618324388368285,0,1,0.00025587,0.00065305699999999996
4,0,0,409,1,ket,0,0,3,0.77504974217736278,6.0073442174536189e-18,0.77504974217736233,6.7006803511024165e-17,5.7836163054031755e-16,1.4100809661516072e-15,0,0,0.8614218475312454,0,1,0.00022762699999999999,0.00064979399999999998
4,0,0,410,2,ket,0,1,3,0.77504974217736233,4.2337890515546191e-18,0.77504974217736267,4.8589735682195216e-17,4.3353019055332876e-16,6.818737520452977e-15,0,0,0.93910280407117741,0,1,0.00016320700000000001,0.00064723600000000004
4,0,0,411,6,bra,1,0,3,0.76704484337462531,4.4521429782112996e-17,0.76704484337462508,3.7991364557598321e-17,2.8960576005439444e-16,4.9673791651206642e-15,0,1,0.7570683254481535,0,1,0.00030051200000000001,0.000647172
4,0,0,412,1,ket,0,0,3,0.77504974217736278,-3.2423237134252297e-17,0.775049742177362,3.1646630874296276e-17,1.0061194895759038e-15,1.2415493587465424e-15,0,1,0.33378049672896437,0,1,0.000230635,0.00064409600000000003
4,0,0,413,8,bra,0,0,4,1.2440666750225886,-2.935372644020224e-17,1.2440666750225895,-1.1279194973573584e-16,7.1707493709670476e-16,2.3594304299635129e-15,0,1,0.19437140289469845,0,1,0.00050250999999999996,0.00065982699999999998
4,0,0,414,2,ket,0,1,3,0.80381543857514159,7.6641682861731876e-18,0.80381543857514126,4.9313430155403286e-17,4.1758451389489053e-16,1.4031676550528986e-15,0,1,0.051096136827643843,0,1,0.00025543799999999998,0.000656454
4,0,0,415,7,bra,0,1,4,1.2902397685994706,1.7344950818114697e-17,1.2902397685994711,1.8417078638525509e-17,3.4419223064636617e-16,2.4835090786949611e-15,0,1,0.42832855234422457,0,1,0.00048563499999999999,0.00063873399999999996
4,0,0,416,2,ket,0,1,3,1.408926501879032,2.1666730902116001e-17,1.408926501879032,-2.4586503700419664e-17,3.2828706494518679e-17,2.1617030796268209e-15,0,1,0.85038154486757034,0,1,0.00025565199999999998,0.00065762299999999997
4,0,0,417,3,ket,1,0,4,1.3037047424769654,-3.2982715805054179e-17,1.3037047424769661,2.2264478882684979e-17,5.127088115206793e-16,4.8897630376080328e-15,0,1,0.80509692488620055,0,1,0.00031239100000000002,0.00064298299999999997
4,0,0,418,2,ket,0,1,3,0.70976023140052924,1.5465554478749887e-17,0.70976023140052924,-8.6952614299383708e-18,3.404081384077141e-17,2.3302241855229448e-15,0,1,0.59031633568680997,0,1,0.000254314,0.00065364799999999995
4,0,0,419,1,ket,0,0,3,1.4089265018790325,2.6490984408404307e-17,1.4089265018790313,-5.1191244248138986e-17,7.8991871827291375e-16,2.0160411857676655e-15,0,1,0.73085550897862561,0,1,0.00022251000000000001,0.00064383599999999995
4,0,0,420,8,bra,0,0,4,0.72516273215242966,4.0062288865010904e-18,0.7251627321524301,2.2448727596868139e-17,6.1292724064998794e-16,3.4245891790185384e-15,0,1,0.71406044046775574,0,1,0.00050735799999999996,0.00066412299999999997
4,0,0,421,1,ket,0,0,3,0.75858763828350451,4.1179613102921552e-18,0.75858763828350484,-3.893956452445995e-17,4.4271552649493938e-16,1.2963191199733135e-15,0,1,0.32703612550632016,0,1,0.00022003800000000001,0.00065172500000000003
4,0,0,422,1,ket,0,0,3,1.3182392508566991,1.2636654552866806e-17,1.3182392508566991,6.7667412144443807e-17,4.1745652434346454e-17,1.3373273998816786e-15,0,1,0.44295049929351865,0,1,0.00022297699999999999,0.00065944699999999996
4,0,0,423,1,ket,0,0,3,0.75858763828350451,4.1179613102921552e-18,0.75858763828350484,-3.893956452445995e-17,4.4271552649493938e-16,1.2963191199733135e-15,0,0,0.78288542031438024,0,1,0.00021874399999999999,0.00065093900000000001
4,0,0,424,3,ket,1,0,4,0.72388599206869297,1.6876476155817181e-17,0.72388599206869297,4.9579223172930789e-17,4.51766540248375e-17,3.9449823044487448e-15,0,0,0.89377583773599922,0,1,0.00022044799999999999,0.00065917700000000005
4,0,0,425,3,ket,1,0,4,0.72388599206869297,-1.563620480219823e-17,0.72388599206869297,4.9579223172930789e-17,9.0090744522848029e-17,4.6500874512838801e-15,0,1,0.040948912916236507,0,1,0.00021541600000000001,0.00065958900000000003
4,0,0,426,6,bra,1,0,4,1.3814330032029483,-1.1310514817597056e-16,1.3814330032029485,-8.5786692141801991e-17,1.6194691056725522e-16,1.5033050181341054e-15,0,1,0.45131948282463902,0,1,0.000425239,0.00065561099999999995
4,0,0,427,7,bra,0,1,4,0.75858763828350473,2.393076650582833e-17,0.75858763828350473,-7.7264635567578788e-19,3.2565008464152939e-17,2.7464438256882257e-15,0,1,0.52370395815076998,0,1,0.00048379500000000003,0.00065265500000000003
4,0,0,428,2,ket,0,1,3,1.2902397685994713,-4.5967890608777731e-17,1.2902397685994709,-8.0888239697728262e-17,3.4525369772033937e-16,7.1217272248802805e-15,0,1,0.48624914818664555,0,1,0.00027016399999999998,0.00062938700000000002
4,0,0,429,2,ket,0,1,3,0.77504974217736233,4.2337890515546191e-18,0.77504974217736267,4.8589735682195216e-17,4.3353019055332876e-16,6.818737520452977e-15,0,1,0.2898436868081995,0,1,0.00025621599999999997,0.00066093200000000003
4,0,0,430,7,bra,0,1,4,1.3182392508566991,-6.4321444697528063e-17,1.3182392508566991,1.3426698533974213e-18,4.9811985577164087e-17,4.4557886515772872e-15,0,1,0.1570611511068635,0,1,0.00048677099999999999,0.00064277699999999998
4,0,0,431,8,bra,0,0,4,1.3790008168674055,-9.493479192142369e-18,1.3790008168674053,2.0562217561900082e-17,1.6248686805103958e-16,3.4415587304851168e-15,0,1,0.31818408678619642,0,1,0.00051302699999999999,0.00064292699999999995
4,0,0,432,1,ket,0,0,3,0.70976023140052902,4.2196871433774888e-18,0.70976023140052891,-4.1043679365570777e-17,1.6892273156380815e-16,2.0460730821384062e-15,0,1,0.17711321056776724,0,1,0.00022065,0.00065901200000000005
4,0,0,433,7,bra,0,1,4,0.77504974217736289,-2.7028513342979751e-17,0.77504974217736267,1.0188891933899723e-17,2.9048722406889941e-16,1.7364045310473514e-15,0,0,0.79001750422971506,0,1,0.00048474,0.00065291800000000005
4,0,0,434,3,ket,1,0,3,1.3943747725456963,2.4344978198113057e-17,1.394374772545697,8.5646442381527115e-17,4.7974801170446111e-16,2.5470602630191864e-15,0,1,0.13278010454207509,0,1,0.00044701300000000001,0.00063938099999999996
4,0,0,435,2,ket,0,1,3,1.408926501879032,-9.9235357411840809e-17,1.4089265018790329,-3.0057663078322574e-17,6.3230294280795868e-16,1.8399316618621925e-15,0,1,0.0035096238033127895,0,1,0.00025378899999999998,0.00066501400000000001
4,0,0,436,8,bra,0,0,4,0.80249318244641898,3.6094876805439751e-17,0.80249318244641843,4.3569399778482214e-17,6.917963218141448e-16,3.3625378437043536e-15,0,0,0.96151353075421442,0,1,0.00051616200000000002,0.00065533500000000005
4,0,0,437,3,ket,1,0,4,0.71716730658738892,-1.8340507217055201e-17,0.71716730658738836,1.8303205794154833e-17,7.7571808521725659e-16,1.810776819826649e-15,0,0,0.77332059590900648,0,1,0.00052007300000000002,0.00064891700000000005
4,0,0,438,2,ket,0,1,3,0.70976023140052913,-8.4401779691319937e-18,0.7097602314005288,1.5141835910799715e-17,4.7044154251454859e-16,2.2577802115175307e-15,0,1,0.33765780082347679,0,1,0.00027422500000000001,0.00064787999999999998
4,0,0,439,3,ket,1,0,3,0.71716730658738892,-4.6450675837243745e-17,0.71716730658738848,-4.4050444407720227e-17,6.1923583542889957e-16,2.7075937657468963e-15,0,1,0.18407815431685665,0,1,0.00030464199999999999,0.00065572700000000005
4,0,0,440,3,ket,1,0,3,1.3943747725456968,1.5375507174137962e-16,1.394374772545697,8.5646442381527115e-17,1.6656601229749814e-16,2.5617075403609599e-15,0,1,0.73492372071680923,0,1,0.00030598700000000002,0.000649685
4,0,0,441,6,bra,1,0,3,0.71716730658738859,-6.405166539286461e-17,0.71716730658738881,-1.3999212985474374e-17,3.1738204226473611e-16,4.7269348308523149e-15,0,1,0.20012586152016201,0,1,0.00043155500000000002,0.00064131699999999997
4,0,0,442,6,bra,1,0,3,1.3943747725456965,-1.2792607281276529e-16,1.3943747725456965,2.7218403910972216e-17,1.1126454650387265e-16,4.5095076485805629e-15,0,1,0.89856992301492422,0,1,0.00042712700000000002,0.00064844999999999996
4,0,0,443,8,bra,0,0,4,0.77504974217736267,-1.2038531459775524e-17,0.77504974217736267,-2.7181634858077179e-18,1.2025509417994142e-17,6.009272518052578e-15,0,1,0.55392430264495496,0,1,0.00050408199999999999,0.00065219900000000001
4,0,0,444,2,ket,0,1,3,1.4588146422055912,5.9976433818705635e-17,1.4588146422055908,5.319698435795427e-17,3.0445331531387039e-16,1.4435173631630996e-15,0,1,0.75703675232393142,0,1,0.00025374300000000001,0.00066427700000000001
4,0,0,445,3,ket,1,0,4,0.73722454174415308,6.2412086846494887e-17,0.73722454174415364,-2.3368978670264088e-17,7.6191204767291645e-16,1.5911963234566579e-15,0,1,0.088928570603746468,0,1,0.00030988000000000001,0.00066213600000000002
4,0,0,446,2,ket,0,1,3,0.66683837625872588,2.2141038450252499e-17,0.66683837625872544,2.6648378627915675e-18,6.6660243254722721e-16,2.6616042262136816e-15,0,1,0.56762388270395137,0,1,0.00025561799999999999,0.00066419999999999999
4,0,0,447,6,bra,1,0,3,0.76704484337462508,-1.214120140870038e-17,0.76704484337462497,1.5025430361415045e-18,1.4582917129871768e-16,2.121545424179428e-15,0,0,0.85246475283093515,0,1,0.00043330300000000001,0.00064246799999999999
4,0,0,448,7,bra,0,1,4,0.70976023140052957,-1.2074972909587672e-17,0.70976023140052891,-2.3473437028883888e-17,9.3867097626485597e-16,3.1201885889746648e-15,0,0,0.80648577357254692,0,1,0.000179867,0.00064882700000000004
4,0,0,449,7,bra,0,1,4,0.70976023140052913,-3.7817063430614578e-17,0.70976023140052891,-2.3473437028883888e-17,3.1349658266520792e-16,3.1872233206778673e-15,0,1,0.11552257649232445,0,1,0.00021502700000000001,0.00064881400000000005
4,0,0,450,2,ket,0,1,3,1.408926501879032,-5.5418735818353187e-17,1.4089265018790322,4.5161084634331612e-17,1.7301285627313014e-16,1.838176279228586e-15,0,1,0.11735501840415329,0,1,0.00025422999999999998,0.00066343000000000001
4,0,0,451,6,bra,1,0,4,0.76704484337462508,-4.7687748624410703e-17,0.76704484337462475,2.9964002271259091e-18,4.3921974864515542e-16,2.5602487588035914e-15,0,0,0.97142747804182883,0,1,0.000433843,0.00064788699999999999
4,0,0,452,1,ket,0,0,3,1.2902397685994704,2.7311897260131685e-17,1.2902397685994715,-1.1154747618362506e-16,8.671823340407407e-16,1.4273654247311306e-15,0,1,0.89137699325948183,0,1,0.00050454999999999999,0.00065036800000000002
4,0,0,453,2,ket,0,1,3,0.77504974217736233,4.2337890515546191e-18,0.77504974217736267,4.8589735682195216e-17,4.3353019055332876e-16,6.818737520452977e-15,0,1,0.31714359441859419,0,1,0.00025606000000000001,0.00064849500000000002
4,0,0,454,6,bra,1,0,4,0.76704484337462486,4.8635834915871355e-18,0.76704484337462475,1.4927681584172608e-17,1.4533377296041899e-16,1.894183921303289e-15,0,1,0.45848247209593695,0,1,0.00042864699999999999,0.000655022
4,0,0,455,3,ket,1,0,4,1.3037047424769657,5.7467686652515436e-17,1.3037047424769657,-2.535563212633013e-17,6.3529199580486238e-17,2.2383923967252692e-15,0,1,0.66891401756471724,0,1,0.00030666599999999998,0.00065795600000000001
4,0,0,456,3,ket,1,0,4,0.76704484337462542,-1.2708355807532056e-16,0.76704484337462508,1.4918183726212178e-17,4.7203845147581859e-16,2.2475190266663263e-15,0,0,0.87417459684923648,0,1,0.00031677799999999998,0.00064115400000000001
4,0,0,457,8,bra,0,0,4,1.4996137529013651,-2.6247117239410606e-17,1.4996137529013649,-2.7320793719423531e-17,1.480695947957992e-16,2.296005189559387e-15,0,1,0.60016210261857217,0,1,0.00033506900000000001,0.00066151899999999995
4,0,0,458,2,ket,0,1,3,1.2122141453030746,2.8802292620035227e-17,1.2122141453030753,3.3538978327514477e-17,5.4953215795020704e-16,5.2769879453486301e-15,0,1,0.93205136045134651,0,1,0.000254703,0.00063053700000000002
4,0,0,459,3,ket,1,0,3,0.76704484337462542,-2.1174388922003166e-17,0.76704484337462508,-6.6571234446324146e-17,4.3823572594311179e-16,1.5740539894838058e-15,0,1,0.3964719422146662,0,1,0.00030529800000000002,0.00064905099999999999
4,0,0,460,1,ket,0,0,3,0.68436043643282407,-3.2852371003166395e-17,0.68436043643282363,9.8088105033102422e-18,6.5189860717115008e-16,1.6739328594843919e-15,0,0,0.93238879491583204,0,1,0.00022164799999999999,0.00064804299999999995
4,0,0,461,7,bra,0,1,4,1.2902397685994711,-5.9827131196556475e-17,1.2902397685994706,5.477172715075233e-17,3.5546668029716715e-16,5.2362740239433345e-15,0,1,0.62488978901653147,0,1,0.00038899399999999998,0.00064389000000000004
4,0,0,462,3,ket,1,0,3,1.3037047424769654,-8.6308405693562608e-17,1.3037047424769661,5.6559297788501549e-17,5.2257400055924371e-16,1.4441196446500171e-15,0,1,0.5401559308190067,0,1,0.00030607799999999999,0.00063783199999999996
4,0,0,463,3,ket,1,0,3,0.76704484337462542,-2.2939120977795516e-18,0.76704484337462475,-3.3277103549637834e-17,8.6938068326241485e-16,1.5953834520802754e-15,0,1,0.70943927989995725,0,1,0.00030307000000000001,0.00065190300000000001
4,0,0,464,7,bra,0,1,4,0.77504974217736256,6.7609909412633738e-17,0.77504974217736278,-3.2901491676139356e-17,3.1447552624580716e-16,3.964752230908636e-15,0,1,0.44576246635155486,0,1,0.00048569200000000002,0.00065368200000000005
4,0,0,465,1,ket,0,0,3,0.68436043643282407,-3.2852371003166395e-17,0.68436043643282363,9.8088105033102422e-18,6.5189860717115008e-16,1.6739328594843919e-15,0,1,0.20910942918839887,0,1,0.00022139999999999999,0.00064234800000000005
4,0,0,466,2,ket,0,1,3,0.80381543857514159,7.6641682861731876e-18,0.80381543857514126,4.9313430155403286e-17,4.1758451389489053e-16,1.4031676550528986e-15,0,1,0.22045421481862795,0,1,0.00025507600000000002,0.00066470799999999997
4,0,0,467,7,bra,0,1,4,1.2902397685994706,1.7344950818114697e-17,1.2902397685994711,1.8417078638525509e-17,3.4419223064636617e-16,2.4835090786949611e-15,0,1,0.54852733892225347,0,1,0.00048076899999999998,0.00063623399999999995
4,0,0,468,6,bra,1,0,3,1.3037047424769659,2.0683058789138014e-17,1.3037047424769654,-7.108623773152895e-17,3.4783333832919183e-16,1.2161926806055567e-15,0,1,0.27861818150098278,0,1,0.00043578099999999999,0.00064227700000000002
4,0,0,469,3,ket,1,0,3,1.3943747725456968,1.5375507174137962e-16,1.394374772545697,8.5646442381527115e-17,1.6656601229749814e-16,2.5617075403609599e-15,0,1,0.16200962830497176,0,1,0.00030745700000000002,0.00065332699999999999
4,0,0,470,1,ket,0,0,3,1.4089265018790322,3.6460192960758544e-17,1.4089265018790329,-2.4019251772939067e-17,4.7473994989872545e-16,1.6088691971711195e-15,0,1,0.092805565886853431,0,1,0.00022169,0.000647337
4,0,0,471,8,bra,0,0,4,0.74760630190830624,9.2672702079053644e-17,0.74760630190830635,1.3265357830495198e-17,1.8257894784207974e-16,3.4452159462168901e-15,0,0,0.86001235840107837,0,1,0.00050108100000000001,0.00065835399999999999
4,0,0,472,8,bra,0,0,4,0.74760630190830624,2.3846970934297852e-18,0.74760630190830635,1.3265357830495198e-17,1.4921517338705204e-16,2.2058616197200451e-15,0,0,0.96013304130024035,0,1,0.00023808499999999999,0.00066392700000000003
4,0,0,473,1,ket,0,0,3,0.7097602314005288,1.6206089740056647e-17,0.7097602314005288,1.2099928331032621e-17,5.7852796301669023e-18,1.0989286319572751e-15,0,0,0.79163171923540288,0,1,0.000623312,0.00064684699999999998
4,0,0,474,8,bra,0,0,4,0.74760630190830635,1.8110344758942546e-16,0.74760630190830635,1.3265357830495198e-17,2.2450063533508783e-16,2.77270790531427e-15,0,1,0.21919801760633073,0,1,0.00041690500000000002,0.00066237700000000002
4,0,0,475,8,bra,0,0,4,1.3376024218194051,1.4420740416952839e-16,1.3376024218194054,-2.3734116091690809e-17,2.081357438136131e-16,3.3355861370318037e-15,0,1,0.75868896550193043,0,1,0.000498815,0.00066251600000000004
4,0,0,476,2,ket,0,1,3,1.2902397685994709,-5.3566029337677709e-17,1.2902397685994702,-2.6986880964238264e-18,5.1778992953156453e-16,1.7452336200516957e-15,0,1,0.0088418025724446691,0,1,0.00025519300000000002,0.00064839200000000002
4,0,0,477,7,bra,0,1,4,0.77504974217736256,8.197670969060199e-17,0.77504974217736278,-5.2488613150168588e-18,3.0780293406582491e-16,2.8712164978532515e-15,0,1,0.22883602866557079,0,1,0.00048304700000000001,0.00063617100000000005
4,0,0,478,8,bra,0,0,4,0.70976023140052902,1.9212880775130835e-17,0.7097602314005288,-3.2522611076232111e-18,3.1444161818876623e-16,4.4671276120317011e-15,0,0,0.99969405640655151,0,1,0.00050427800000000004,0.00064883200000000001
4,0,0,479,8,bra,0,0,4,0.70976023140052868,-5.9573973749838455e-17,0.7097602314005288,-3.2522611076232111e-18,1.7539910983705244e-16,2.5782688880157677e-15,0,1,0.68703725686716532,0,1,0.00023997600000000001,0.00064878799999999997
4,0,0,480,6,bra,1,0,3,0.71716730658738836,-6.6584091373457425e-21,0.71716730658738903,3.0228917142510641e-18,9.2884979245090044e-16,2.8357374487658554e-15,0,1,0.6858750314299813,0,1,0.00042850100000000002,0.00063127599999999995
4,0,0,481,6,bra,1,0,3,1.3943747725456968,1.1565790524946028e-17,1.3943747725456961,-5.8773509441558479e-18,4.7789315231933851e-16,2.7457892074094338e-15,0,1,0.36701269773206502,0,1,0.000436594,0.00063627599999999996
4,0,0,482,7,bra,0,1,4,1.4089265018790327,-1.3043368417575667e-16,1.4089265018790329,2.1520426025401516e-17,1.9096884571313954e-16,2.6218979945371124e-15,0,1,0.98190773306844648,0,1,0.000475971,0.000647227
4,0,0,483,1,ket,0,0,3,0.8024931824464191,-2.5160863927837601e-18,0.80249318244641887,3.8662906085604157e-17,2.814113928332156e-16,1.5078616808239919e-15,0,1,0.16182655240447902,0,1,0.00021948599999999999,0.00067014600000000004
4,0,0,484,3,ket,1,0,4,0.73722454174415308,6.2412086846494887e-17,0.73722454174415364,-2.3368978670264088e-17,7.6191204767291645e-16,1.5911963234566579e-15,0,1,0.34197442616712881,0,1,0.00031965500000000002,0.00065115400000000003
4,0,0,485,6,bra,1,0,4,0.80498374044281562,6.3125139414855203e-17,0.80498374044281518,3.2959287614667005e-17,5.5294604498890917e-16,2.154301260741226e-15,0,1,0.29489387315950799,0,1,0.000430414,0.00065488099999999995
4,0,0,486,6,bra,1,0,4,1.2422611162927433,7.3894681182323227e-17,1.2422611162927439,-5.0863190605423727e-17,5.4555024726572558e-16,2.1630874223035364e-15,0,1,0.89402995796427254,0,1,0.000422037,0.00066419199999999997
4,0,0,487,8,bra,0,0,4,1.2122141453030757,1.1992737352273214e-16,1.2122141453030744,3.5488423437530314e-18,1.103221756235333e-15,1.0278848524363269e-14,0,1,0.9328444813522917,0,1,0.00051895100000000003,0.00065663400000000002
4,0,0,488,8,bra,0,0,4,0.82493675220229512,-6.3783349401198328e-17,0.82493675220229579,-2.4150604812499249e-18,8.1091629139391944e-16,9.50759896353582e-15,0,1,0.30574004111817327,0,1,0.00051355300000000003,0.00065587399999999998
4,0,0,489,3,ket,1,0,4,1.356438836984676,-1.5254499188694931e-17,1.3564388369846754,4.2997198891424568e-17,4.9296431717999901e-16,1.615671455580277e-15,0,1,0.75191567680625504,0,1,0.00031438700000000001,0.00065072100000000005
4,0,0,490,1,ket,0,0,3,1.246116505253636,2.9298791398022617e-17,1.246116505253636,-6.0036005872933869e-17,7.1690565765175526e-17,1.389573676572609e-15,0,1,0.025659458596186856,0,1,0.000221881,0.00064710600000000005
4,0,0,491,1,ket,0,0,3,0.8024931824464191,-2.5160863927837601e-18,0.80249318244641887,3.8662906085604157e-17,2.814113928332156e-16,1.5078616808239919e-15,0,1,0.3484258259979508,0,1,0.00021992,0.00065843900000000003
4,0,0,492,3,ket,1,0,4,0.73722454174415308,6.2412086846494887e-17,0.73722454174415364,-2.3368978670264088e-17,7.6191204767291645e-16,1.5911963234566579e-15,0,0,0.77532511195474585,0,1,0.00031000400000000001,0.00066057799999999999
4,0,0,493,2,ket,0,1,3,0.6854880469859379,5.0868646729033041e-17,0.68548804698593768,-2.4996936456534696e-17,3.4230703477950113e-16,1.7114943632657555e-15,0,1,0.14173851063067949,0,1,0.00027593000000000002,0.00065178199999999995
4,0,0,494,7,bra,0,1,4,0.70976023140052924,-5.8964577808526719e-17,0.70976023140052902,-3.501743946597738e-17,3.1465865673586694e-16,2.4350079134056522e-15,0,0,0.84622461585145958,0,1,0.00048667399999999998,0.000649802
4,0,0,495,3,ket,1,0,3,0.71716730658738914,-3.2772004943722105e-17,0.7171673065873887,6.2849201985760682e-18,6.2161701174652333e-16,2.6893404193722394e-15,0,0,0.87146019635488459,0,1,0.00047215100000000003,0.00064588500000000001
4,0,0,496,1,ket,0,0,3,1.3590383615524735,7.503972938780958e-17,1.3590383615524737,5.7119671435133792e-18,1.7116211090785278e-16,1.2986235045570887e-15,0,1,0.10009801685061497,0,1,0.000327707,0.00066081899999999999
4,0,0,497,8,bra,0,0,4,1.3376024218194051,1.4420740416952839e-16,1.3376024218194054,-2.3734116091690809e-17,2.081357438136131e-16,3.3355861370318037e-15,0,1,0.31134254931641075,0,1,0.00051819400000000003,0.00064918400000000002
4,0,0,498,6,bra,1,0,4,0.71716730658738903,-3.9953350614173564e-17,0.71716730658738792,-2.7830214554444093e-17,1.54815926778917e-15,3.5385588003839105e-15,0,1,0.066623226176053429,0,1,0.00043616599999999998,0.000641312
4,0,0,499,7,bra,0,1,4,0.82493675220229534,1.1471558103497503e-16,0.82493675220229568,1.4950081310508345e-17,4.21471918453815e-16,2.5084766937401492e-15,0,1,0.29749604348888797,0,1,0.00047445400000000002,0.00066051800000000002
