L,step,index,uniform,audit_accept,fast_accept,audit_hash,fast_hash,audit_z2,fast_z2,green_error,S_pi_error,S_pi_dq_error,R_CDW_error,trust_alarm,trajectory_mismatch
2,0,1,0.49317142672062786,1,1,9452702881223064141,9452702881223064141,1,1,0,0,0,0,0,0
2,1,1,0.67590421485368024,1,1,8328609032179481123,8328609032179481123,1,1,0,0,0,0,0,0
2,2,1,0.34768040207539364,1,1,9452702881223064141,9452702881223064141,1,1,0,0,0,0,0,0
2,3,6,0.14727950371130938,1,1,15746636093974198755,15746636093974198755,1,1,0,0,0,0,0,0
2,4,2,0.71768304207404565,1,1,6760776472996493041,6760776472996493041,1,1,0,0,0,0,0,0
2,5,5,0.85271918075564712,1,1,15746636093974198755,15746636093974198755,1,1,0,0,0,0,0,0
2,6,1,0.25065416190945455,1,1,14018142408418167053,14018142408418167053,1,1,0,0,0,0,0,0
2,7,2,0.5233666870631275,1,1,10372813846320169319,10372813846320169319,1,1,0,0,0,0,0,0
2,8,6,0.50302999914938906,1,1,16594958442696156137,16594958442696156137,1,1,0,0,0,0,0,0
2,9,5,0.47177791506585776,1,1,8328609032179481123,8328609032179481123,1,1,0,0,0,0,0,0
2,10,1,0.58193737330219675,1,1,9452702881223064141,9452702881223064141,1,1,0,0,0,0,0,0
2,11,5,0.83234087856771288,1,1,8057407222669743007,8057407222669743007,1,1,0,0,0,0,0,0
2,12,2,0.86872591269814903,0,0,8057407222669743007,8057407222669743007,1,1,0,0,0,0,0,0
2,13,6,0.82028168606393315,0,0,8057407222669743007,8057407222669743007,1,1,0,0,0,0,0,0
2,14,1,0.70709057812708009,1,1,16594958442696156137,16594958442696156137,1,1,0,0,0,0,0,0
2,15,6,0.73909261009162708,1,1,10372813846320169319,10372813846320169319,1,1,0,0,0,0,0,0
2,16,5,0.6401798842928722,1,1,14018142408418167053,14018142408418167053,1,1,0,0,0,0,0,0
2,17,1,0.2716770519428634,1,1,15746636093974198755,15746636093974198755,1,1,0,0,0,0,0,0
2,18,1,0.081987180816317853,1,1,14018142408418167053,14018142408418167053,1,1,0,0,0,0,0,0
2,19,5,0.019547485283749808,1,1,10372813846320169319,10372813846320169319,1,1,0,0,0,0,0,0
2,20,6,0.8150102403309718,1,1,16594958442696156137,16594958442696156137,1,1,0,0,0,0,0,0
2,21,5,0.71700051431265388,1,1,8328609032179481123,8328609032179481123,1,1,0,0,0,0,0,0
2,22,1,0.50866479243123763,1,1,9452702881223064141,9452702881223064141,1,1,0,0,0,0,0,0
2,23,6,0.72832387669903853,1,1,15746636093974198755,15746636093974198755,1,1,0,0,0,0,0,0
2,24,5,0.57754250736620916,1,1,6760776472996493041,6760776472996493041,1,1,0,0,0,0,0,0
2,25,5,0.33902121858784323,1,1,15746636093974198755,15746636093974198755,1,1,0,0,0,0,0,0
2,26,5,0.73496653104233323,1,1,6760776472996493041,6760776472996493041,1,1,0,0,0,0,0,0
2,27,2,0.14916486503380599,1,1,15746636093974198755,15746636093974198755,1,1,0,0,0,0,0,0
2,28,1,0.99781742650170213,1,1,14018142408418167053,14018142408418167053,1,1,0,0,0,0,0,0
2,29,1,0.42431763068487116,1,1,15746636093974198755,15746636093974198755,1,1,0,0,0,0,0,0
2,30,2,0.73767908294444906,1,1,6760776472996493041,6760776472996493041,1,1,0,0,0,0,0,0
2,31,5,0.45048508008497168,1,1,15746636093974198755,15746636093974198755,1,1,0,0,0,0,0,0
2,32,6,0.33729475045730528,1,1,9452702881223064141,9452702881223064141,1,1,0,0,0,0,0,0
2,33,1,0.59096140863098601,1,1,8328609032179481123,8328609032179481123,1,1,0,0,0,0,0,0
2,34,2,0.21113504240196487,1,1,16594958442696156137,16594958442696156137,1,1,0,0,0,0,0,0
2,35,2,0.66902667834972618,1,1,8328609032179481123,8328609032179481123,1,1,0,0,0,0,0,0
2,36,1,0.29016015746500745,1,1,9452702881223064141,9452702881223064141,1,1,0,0,0,0,0,0
2,37,2,0.26993057830355721,1,1,8057407222669743007,8057407222669743007,1,1,0,0,0,0,0,0
2,38,1,0.15627092670427342,1,1,16594958442696156137,16594958442696156137,1,1,0,0,0,0,0,0
2,39,1,0.3134855412944948,1,1,8057407222669743007,8057407222669743007,1,1,0,0,0,0,0,0
2,40,6,0.95723544230302837,1,1,6760776472996493041,6760776472996493041,1,1,0,0,0,0,0,0
2,41,2,0.67909138869190033,1,1,15746636093974198755,15746636093974198755,1,1,0,0,0,0,0,0
2,42,6,0.12289048601124694,1,1,9452702881223064141,9452702881223064141,1,1,0,0,0,0,0,0
2,43,2,0.24495845176383294,1,1,8057407222669743007,8057407222669743007,1,1,0,0,0,0,0,0
2,44,6,0.47970127515890276,1,1,6760776472996493041,6760776472996493041,1,1,0,0,0,0,0,0
2,45,2,0.84668906034166858,1,1,15746636093974198755,15746636093974198755,1,1,0,0,0,0,0,0
2,46,2,0.88865470891553833,1,1,6760776472996493041,6760776472996493041,1,1,0,0,0,0,0,0
2,47,5,0.51680129044947598,1,1,15746636093974198755,15746636093974198755,1,1,0,0,0,0,0,0
2,48,2,0.63017913850701512,1,1,6760776472996493041,6760776472996493041,1,1,0,0,0,0,0,0
2,49,2,0.32085440903014545,1,1,15746636093974198755,15746636093974198755,1,1,0,0,0,0,0,0
2,50,5,0.60218825287064381,1,1,6760776472996493041,6760776472996493041,1,1,0,0,0,0,0,0
2,51,6,0.7766084338124436,1,1,8057407222669743007,8057407222669743007,1,1,0,0,0,0,0,0
2,52,2,0.43946132574248209,1,1,9452702881223064141,9452702881223064141,1,1,0,0,0,0,0,0
2,53,5,0.16546944461267721,1,1,8057407222669743007,8057407222669743007,1,1,0,0,0,0,0,0
2,54,6,0.29528720837219624,1,1,6760776472996493041,6760776472996493041,1,1,0,0,0,0,0,0
2,55,1,0.75361086606019756,1,1,10372813846320169319,10372813846320169319,1,1,0,0,0,0,0,0
2,56,1,0.04021120215442673,1,1,6760776472996493041,6760776472996493041,1,1,0,0,0,0,0,0
2,57,2,0.97220194040752606,0,0,6760776472996493041,6760776472996493041,1,1,0,0,0,0,0,0
2,58,5,0.90712800301557228,1,1,15746636093974198755,15746636093974198755,1,1,0,0,0,0,0,0
2,59,6,0.97362268695766474,1,1,9452702881223064141,9452702881223064141,1,1,0,0,0,0,0,0
2,60,1,0.28286791467344041,1,1,8328609032179481123,8328609032179481123,1,1,0,0,0,0,0,0
2,61,5,0.49049343145466745,1,1,16594958442696156137,16594958442696156137,1,1,0,0,0,0,0,0
2,62,1,0.35454758893499683,1,1,8057407222669743007,8057407222669743007,1,1,0,0,0,0,0,0
2,63,1,0.86950330479156235,0,0,8057407222669743007,8057407222669743007,1,1,0,0,0,0,0,0
2,64,2,0.3503039921657537,1,1,9452702881223064141,9452702881223064141,1,1,0,0,0,0,0,0
2,65,6,0.4957591887861485,1,1,15746636093974198755,15746636093974198755,1,1,0,0,0,0,0,0
2,66,1,0.2782272014885338,1,1,14018142408418167053,14018142408418167053,1,1,0,0,0,0,0,0
2,67,2,0.2654159046806906,1,1,10372813846320169319,10372813846320169319,1,1,0,0,0,0,0,0
2,68,2,0.12920512095198128,1,1,14018142408418167053,14018142408418167053,1,1,0,0,0,0,0,0
2,69,5,0.4028526349949374,1,1,10372813846320169319,10372813846320169319,1,1,0,0,0,0,0,0
2,70,2,0.18414760692355989,1,1,14018142408418167053,14018142408418167053,1,1,0,0,0,0,0,0
2,71,5,0.96950193375635563,0,0,14018142408418167053,14018142408418167053,1,1,0,0,0,0,0,0
2,72,6,0.074907956514325719,1,1,8328609032179481123,8328609032179481123,1,1,0,0,0,0,0,0
2,73,1,0.45114055121244512,1,1,9452702881223064141,9452702881223064141,1,1,0,0,0,0,0,0
2,74,2,0.92596503352586834,0,0,9452702881223064141,9452702881223064141,1,1,0,0,0,0,0,0
2,75,5,0.5306402134375775,1,1,8057407222669743007,8057407222669743007,1,1,0,0,0,0,0,0
2,76,1,0.44217026099727708,1,1,16594958442696156137,16594958442696156137,1,1,0,0,0,0,0,0
2,77,6,0.0070009225499104407,1,1,10372813846320169319,10372813846320169319,1,1,0,0,0,0,0,0
2,78,2,0.34830122605098318,1,1,14018142408418167053,14018142408418167053,1,1,0,0,0,0,0,0
2,79,1,0.94659939626593015,0,0,14018142408418167053,14018142408418167053,1,1,0,0,0,0,0,0
2,80,6,0.40874914565270914,1,1,8328609032179481123,8328609032179481123,1,1,0,0,0,0,0,0
2,81,1,0.28204609950228759,1,1,9452702881223064141,9452702881223064141,1,1,0,0,0,0,0,0
2,82,1,0.72406776417432428,1,1,8328609032179481123,8328609032179481123,1,1,0,0,0,0,0,0
2,83,6,0.23284654798244264,1,1,14018142408418167053,14018142408418167053,1,1,0,0,0,0,0,0
2,84,1,0.41956865022566003,1,1,15746636093974198755,15746636093974198755,1,1,0,0,0,0,0,0
2,85,1,0.75484009080525061,1,1,14018142408418167053,14018142408418167053,1,1,0,0,0,0,0,0
2,86,6,0.53280439785929168,1,1,8328609032179481123,8328609032179481123,1,1,0,0,0,0,0,0
2,87,1,0.99688214311798351,1,1,9452702881223064141,9452702881223064141,1,1,0,0,0,0,0,0
2,88,2,0.082429047175811468,1,1,8057407222669743007,8057407222669743007,1,1,0,0,0,0,0,0
2,89,5,0.8044191541548773,0,0,8057407222669743007,8057407222669743007,1,1,0,0,0,0,0,0
2,90,6,0.54898883130610288,1,1,6760776472996493041,6760776472996493041,1,1,0,0,0,0,0,0
2,91,5,0.080576111375861251,1,1,15746636093974198755,15746636093974198755,1,1,0,0,0,0,0,0
2,92,6,0.69620903972005299,1,1,9452702881223064141,9452702881223064141,1,1,0,0,0,0,0,0
2,93,6,0.1397563007283196,1,1,15746636093974198755,15746636093974198755,1,1,0,0,0,0,0,0
2,94,5,0.50381551971865657,1,1,6760776472996493041,6760776472996493041,1,1,0,0,0,0,0,0
2,95,6,0.12189892060709501,1,1,8057407222669743007,8057407222669743007,1,1,0,0,0,0,0,0
2,96,5,0.93218113967919392,0,0,8057407222669743007,8057407222669743007,1,1,0,0,0,0,0,0
2,97,5,0.12710130542090328,1,1,9452702881223064141,9452702881223064141,1,1,0,0,0,0,0,0
2,98,2,0.90930078304927642,0,0,9452702881223064141,9452702881223064141,1,1,0,0,0,0,0,0
2,99,2,0.35592665923102229,1,1,8057407222669743007,8057407222669743007,1,1,0,0,0,0,0,0
2,100,2,0.85346312962691318,1,1,9452702881223064141,9452702881223064141,1,1,0,0,0,0,0,0
2,101,2,0.88378600772179672,0,0,9452702881223064141,9452702881223064141,1,1,0,0,0,0,0,0
2,102,5,0.98588373757329384,1,1,8057407222669743007,8057407222669743007,1,1,0,0,0,0,0,0
2,103,6,0.51635388238995694,1,1,6760776472996493041,6760776472996493041,1,1,0,0,0,0,0,0
2,104,6,0.62081996805620232,1,1,8057407222669743007,8057407222669743007,1,1,0,0,0,0,0,0
2,105,6,0.30744545013038116,1,1,6760776472996493041,6760776472996493041,1,1,0,0,0,0,0,0
2,106,1,0.31830885649370455,1,1,10372813846320169319,10372813846320169319,1,1,0,0,0,0,0,0
2,107,2,0.28879383753320786,1,1,14018142408418167053,14018142408418167053,1,1,0,0,0,0,0,0
2,108,6,0.30537056738429275,1,1,8328609032179481123,8328609032179481123,1,1,0,0,0,0,0,0
2,109,2,0.29216307071474046,1,1,16594958442696156137,16594958442696156137,1,1,0,0,0,0,0,0
2,110,6,0.054632085533431678,1,1,10372813846320169319,10372813846320169319,1,1,0,0,0,0,0,0
2,111,5,0.70787087112432812,1,1,14018142408418167053,14018142408418167053,1,1,0,0,0,0,0,0
2,112,2,0.22091445666254622,1,1,10372813846320169319,10372813846320169319,1,1,0,0,0,0,0,0
2,113,5,0.604869869763484,1,1,14018142408418167053,14018142408418167053,1,1,0,0,0,0,0,0
2,114,5,0.14959187300916096,1,1,10372813846320169319,10372813846320169319,1,1,0,0,0,0,0,0
2,115,6,0.95373067683634893,0,0,10372813846320169319,10372813846320169319,1,1,0,0,0,0,0,0
2,116,1,0.19623249594225539,1,1,6760776472996493041,6760776472996493041,1,1,0,0,0,0,0,0
2,117,1,0.080077332084360256,1,1,10372813846320169319,10372813846320169319,1,1,0,0,0,0,0,0
2,118,5,0.78997044253529536,0,0,10372813846320169319,10372813846320169319,1,1,0,0,0,0,0,0
2,119,6,0.40339735066029181,1,1,16594958442696156137,16594958442696156137,1,1,0,0,0,0,0,0
2,120,5,0.70356848967266383,1,1,8328609032179481123,8328609032179481123,1,1,0,0,0,0,0,0
2,121,1,0.35607605681388893,1,1,9452702881223064141,9452702881223064141,1,1,0,0,0,0,0,0
2,122,2,0.13746942482127092,1,1,8057407222669743007,8057407222669743007,1,1,0,0,0,0,0,0
2,123,6,0.74336778665462555,0,0,8057407222669743007,8057407222669743007,1,1,0,0,0,0,0,0
2,124,5,0.10430220268031784,1,1,9452702881223064141,9452702881223064141,1,1,0,0,0,0,0,0
2,125,5,0.78983955224229752,1,1,8057407222669743007,8057407222669743007,1,1,0,0,0,0,0,0
2,126,5,0.86077749775091761,0,0,8057407222669743007,8057407222669743007,1,1,0,0,0,0,0,0
2,127,5,0.44661888999018889,1,1,9452702881223064141,9452702881223064141,1,1,0,0,0,0,0,0
2,128,5,0.2331466363609806,1,1,8057407222669743007,8057407222669743007,1,1,0,0,0,0,0,0
2,129,5,0.68039660081327025,1,1,9452702881223064141,9452702881223064141,1,1,0,0,0,0,0,0
2,130,5,0.66405691468558459,1,1,8057407222669743007,8057407222669743007,1,1,0,0,0,0,0,0
2,131,6,0.82826531370422518,0,0,8057407222669743007,8057407222669743007,1,1,0,0,0,0,0,0
2,132,5,0.031675641351724924,1,1,9452702881223064141,9452702881223064141,1,1,0,0,0,0,0,0
2,133,1,0.087111909375719346,1,1,8328609032179481123,8328609032179481123,1,1,0,0,0,0,0,0
2,134,1,0.24538270543694604,1,1,9452702881223064141,9452702881223064141,1,1,0,0,0,0,0,0
2,135,6,0.65539158023839883,1,1,15746636093974198755,15746636093974198755,1,1,0,0,0,0,0,0
2,136,2,0.27668685616038818,1,1,6760776472996493041,6760776472996493041,1,1,0,0,0,0,0,0
2,137,2,0.21406663751665986,1,1,15746636093974198755,15746636093974198755,1,1,0,0,0,0,0,0
2,138,1,0.15796369347575037,1,1,14018142408418167053,14018142408418167053,1,1,0,0,0,0,0,0
2,139,2,0.38932293098958187,1,1,10372813846320169319,10372813846320169319,1,1,0,0,0,0,0,0
2,140,1,0.14872294397760111,1,1,6760776472996493041,6760776472996493041,1,1,0,0,0,0,0,0
2,141,2,0.90249138653152783,1,1,15746636093974198755,15746636093974198755,1,1,0,0,0,0,0,0
2,142,2,0.34753742052708186,1,1,6760776472996493041,6760776472996493041,1,1,0,0,0,0,0,0
2,143,2,0.60834718557808987,1,1,15746636093974198755,15746636093974198755,1,1,0,0,0,0,0,0
2,144,2,0.14004341328472811,1,1,6760776472996493041,6760776472996493041,1,1,0,0,0,0,0,0
2,145,5,0.40372814722779793,1,1,15746636093974198755,15746636093974198755,1,1,0,0,0,0,0,0
2,146,6,0.60266642975503826,1,1,9452702881223064141,9452702881223064141,1,1,0,0,0,0,0,0
2,147,2,0.93048514581086073,1,1,8057407222669743007,8057407222669743007,1,1,0,0,0,0,0,0
2,148,5,0.49474231326223528,1,1,9452702881223064141,9452702881223064141,1,1,0,0,0,0,0,0
2,149,6,0.95952697928946784,0,0,9452702881223064141,9452702881223064141,1,1,0,0,0,0,0,0
2,150,5,0.048601805724421847,1,1,8057407222669743007,8057407222669743007,1,1,0,0,0,0,0,0
2,151,2,0.38575099910663835,1,1,9452702881223064141,9452702881223064141,1,1,0,0,0,0,0,0
2,152,2,0.25509655747866866,1,1,8057407222669743007,8057407222669743007,1,1,0,0,0,0,0,0
2,153,1,0.82960457748021543,0,0,8057407222669743007,8057407222669743007,1,1,0,0,0,0,0,0
2,154,1,0.74919338479969289,0,0,8057407222669743007,8057407222669743007,1,1,0,0,0,0,0,0
2,155,5,0.24756957961556711,1,1,9452702881223064141,9452702881223064141,1,1,0,0,0,0,0,0
2,156,6,0.54303724910971596,1,1,15746636093974198755,15746636093974198755,1,1,0,0,0,0,0,0
2,157,1,0.29670111163553819,1,1,14018142408418167053,14018142408418167053,1,1,0,0,0,0,0,0
2,158,1,0.047795042137609024,1,1,15746636093974198755,15746636093974198755,1,1,0,0,0,0,0,0
2,159,1,0.70093940415248157,1,1,14018142408418167053,14018142408418167053,1,1,0,0,0,0,0,0
2,160,2,0.66880122114908214,1,1,10372813846320169319,10372813846320169319,1,1,0,0,0,0,0,0
2,161,1,0.17102795716050812,1,1,6760776472996493041,6760776472996493041,1,1,0,0,0,0,0,0
2,162,6,0.87414402372455546,0,0,6760776472996493041,6760776472996493041,1,1,0,0,0,0,0,0
2,163,1,0.65301621028954737,1,1,10372813846320169319,10372813846320169319,1,1,0,0,0,0,0,0
2,164,1,0.31887595058367108,1,1,6760776472996493041,6760776472996493041,1,1,0,0,0,0,0,0
2,165,5,0.51680001761579397,1,1,15746636093974198755,15746636093974198755,1,1,0,0,0,0,0,0
2,166,2,0.037207197436392898,1,1,6760776472996493041,6760776472996493041,1,1,0,0,0,0,0,0
2,167,2,0.98906672807407492,0,0,6760776472996493041,6760776472996493041,1,1,0,0,0,0,0,0
2,168,6,0.90726362247994341,1,1,8057407222669743007,8057407222669743007,1,1,0,0,0,0,0,0
2,169,6,0.15075660085539341,1,1,6760776472996493041,6760776472996493041,1,1,0,0,0,0,0,0
2,170,2,0.90480705589134247,0,0,6760776472996493041,6760776472996493041,1,1,0,0,0,0,0,0
2,171,6,0.13092850763308925,1,1,8057407222669743007,8057407222669743007,1,1,0,0,0,0,0,0
2,172,5,0.68328835034873936,1,1,9452702881223064141,9452702881223064141,1,1,0,0,0,0,0,0
2,173,6,0.557304629612144,1,1,15746636093974198755,15746636093974198755,1,1,0,0,0,0,0,0
2,174,1,0.53117439447006776,1,1,14018142408418167053,14018142408418167053,1,1,0,0,0,0,0,0
2,175,2,0.36607380298443609,1,1,10372813846320169319,10372813846320169319,1,1,0,0,0,0,0,0
2,176,2,0.40558563181171087,1,1,14018142408418167053,14018142408418167053,1,1,0,0,0,0,0,0
2,177,6,0.30708082462567071,1,1,8328609032179481123,8328609032179481123,1,1,0,0,0,0,0,0
2,178,6,0.6882772110971076,1,1,14018142408418167053,14018142408418167053,1,1,0,0,0,0,0,0
2,179,1,0.19849922874003584,1,1,15746636093974198755,15746636093974198755,1,1,0,0,0,0,0,0
2,180,2,0.95064663167797514,1,1,6760776472996493041,6760776472996493041,1,1,0,0,0,0,0,0
2,181,1,0.59005556215247068,1,1,10372813846320169319,10372813846320169319,1,1,0,0,0,0,0,0
2,182,6,0.38298721794631263,1,1,16594958442696156137,16594958442696156137,1,1,0,0,0,0,0,0
2,183,5,0.8842048386094703,1,1,8328609032179481123,8328609032179481123,1,1,0,0,0,0,0,0
2,184,6,0.6832780498987403,1,1,14018142408418167053,14018142408418167053,1,1,0,0,0,0,0,0
2,185,1,0.22172636230311193,1,1,15746636093974198755,15746636093974198755,1,1,0,0,0,0,0,0
2,186,2,0.85003647102795399,1,1,6760776472996493041,6760776472996493041,1,1,0,0,0,0,0,0
2,187,6,0.89195947777885598,1,1,8057407222669743007,8057407222669743007,1,1,0,0,0,0,0,0
2,188,5,0.29750782872675274,1,1,9452702881223064141,9452702881223064141,1,1,0,0,0,0,0,0
2,189,6,0.052600547424798853,1,1,15746636093974198755,15746636093974198755,1,1,0,0,0,0,0,0
2,190,5,0.427632779093783,1,1,6760776472996493041,6760776472996493041,1,1,0,0,0,0,0,0
2,191,6,0.39636117137941806,1,1,8057407222669743007,8057407222669743007,1,1,0,0,0,0,0,0
2,192,2,0.63421809643585381,1,1,9452702881223064141,9452702881223064141,1,1,0,0,0,0,0,0
2,193,6,0.99366378216165141,0,0,9452702881223064141,9452702881223064141,1,1,0,0,0,0,0,0
2,194,1,0.69295468012466455,1,1,8328609032179481123,8328609032179481123,1,1,0,0,0,0,0,0
2,195,1,0.271462667202026,1,1,9452702881223064141,9452702881223064141,1,1,0,0,0,0,0,0
2,196,5,0.38461202675235351,1,1,8057407222669743007,8057407222669743007,1,1,0,0,0,0,0,0
2,197,5,0.8267359272827276,1,1,9452702881223064141,9452702881223064141,1,1,0,0,0,0,0,0
2,198,2,0.62333193520381225,1,1,8057407222669743007,8057407222669743007,1,1,0,0,0,0,0,0
2,199,5,0.63121967371899712,1,1,9452702881223064141,9452702881223064141,1,1,0,0,0,0,0,0
2,200,6,0.31387585029886766,1,1,15746636093974198755,15746636093974198755,1,1,0,0,0,0,0,0
2,201,5,0.82692284873940314,1,1,6760776472996493041,6760776472996493041,1,1,0,0,0,0,0,0
2,202,5,0.22580585135921902,1,1,15746636093974198755,15746636093974198755,1,1,0,0,0,0,0,0
2,203,1,0.97448091820608462,1,1,14018142408418167053,14018142408418167053,1,1,0,0,0,0,0,0
2,204,5,0.52823562155141457,1,1,10372813846320169319,10372813846320169319,1,1,0,0,0,0,0,0
2,205,6,0.025851585579137422,1,1,16594958442696156137,16594958442696156137,1,1,0,0,0,0,0,0
2,206,1,0.85395255978017648,1,1,8057407222669743007,8057407222669743007,1,1,0,0,0,0,0,0
2,207,1,0.30411139790392655,1,1,16594958442696156137,16594958442696156137,1,1,0,0,0,0,0,0
2,208,2,0.24718462959337451,1,1,8328609032179481123,8328609032179481123,1,1,0,0,0,0,0,0
2,209,6,0.33721748974073151,1,1,14018142408418167053,14018142408418167053,1,1,0,0,0,0,0,0
2,210,6,0.18029178227536982,1,1,8328609032179481123,8328609032179481123,1,1,0,0,0,0,0,0
2,211,5,0.46021563753993938,1,1,16594958442696156137,16594958442696156137,1,1,0,0,0,0,0,0
2,212,1,0.85885588166359383,1,1,8057407222669743007,8057407222669743007,1,1,0,0,0,0,0,0
2,213,5,0.44006211595160982,1,1,9452702881223064141,9452702881223064141,1,1,0,0,0,0,0,0
2,214,6,0.67763586654726216,1,1,15746636093974198755,15746636093974198755,1,1,0,0,0,0,0,0
2,215,6,0.28419875920684584,1,1,9452702881223064141,9452702881223064141,1,1,0,0,0,0,0,0
2,216,5,0.57369689688126968,1,1,8057407222669743007,8057407222669743007,1,1,0,0,0,0,0,0
2,217,2,0.36681893017950923,1,1,9452702881223064141,9452702881223064141,1,1,0,0,0,0,0,0
2,218,2,0.19140070023462658,1,1,8057407222669743007,8057407222669743007,1,1,0,0,0,0,0,0
2,219,1,0.49857184791953585,1,1,16594958442696156137,16594958442696156137,1,1,0,0,0,0,0,0
2,220,2,0.40540890453791306,1,1,8328609032179481123,8328609032179481123,1,1,0,0,0,0,0,0
2,221,1,0.96218600445779068,1,1,9452702881223064141,9452702881223064141,1,1,0,0,0,0,0,0
2,222,1,0.15742724131977898,1,1,8328609032179481123,8328609032179481123,1,1,0,0,0,0,0,0
2,223,1,0.42307272666310358,1,1,9452702881223064141,9452702881223064141,1,1,0,0,0,0,0,0
2,224,2,0.28268408517211041,1,1,8057407222669743007,8057407222669743007,1,1,0,0,0,0,0,0
2,225,6,0.91868215431158518,1,1,6760776472996493041,6760776472996493041,1,1,0,0,0,0,0,0
2,226,6,0.9805239629546002,0,0,6760776472996493041,6760776472996493041,1,1,0,0,0,0,0,0
2,227,5,0.4863053251096352,1,1,15746636093974198755,15746636093974198755,1,1,0,0,0,0,0,0
2,228,5,0.26589908279309338,1,1,6760776472996493041,6760776472996493041,1,1,0,0,0,0,0,0
2,229,2,0.26231254265332632,1,1,15746636093974198755,15746636093974198755,1,1,0,0,0,0,0,0
2,230,6,0.59685050595247169,1,1,9452702881223064141,9452702881223064141,1,1,0,0,0,0,0,0
2,231,1,0.26379937415411814,1,1,8328609032179481123,8328609032179481123,1,1,0,0,0,0,0,0
2,232,6,0.030822642883147296,1,1,14018142408418167053,14018142408418167053,1,1,0,0,0,0,0,0
2,233,1,0.61418290777832851,1,1,15746636093974198755,15746636093974198755,1,1,0,0,0,0,0,0
2,234,2,0.76367550428896791,1,1,6760776472996493041,6760776472996493041,1,1,0,0,0,0,0,0
2,235,5,0.37133921420104943,1,1,15746636093974198755,15746636093974198755,1,1,0,0,0,0,0,0
2,236,1,0.14262517299801336,1,1,14018142408418167053,14018142408418167053,1,1,0,0,0,0,0,0
2,237,6,0.58467569562483579,1,1,8328609032179481123,8328609032179481123,1,1,0,0,0,0,0,0
2,238,1,0.48058756342081366,1,1,9452702881223064141,9452702881223064141,1,1,0,0,0,0,0,0
2,239,2,0.40885593722491287,1,1,8057407222669743007,8057407222669743007,1,1,0,0,0,0,0,0
2,240,1,0.14019291633260458,1,1,16594958442696156137,16594958442696156137,1,1,0,0,0,0,0,0
2,241,5,0.96249525458239671,0,0,16594958442696156137,16594958442696156137,1,1,0,0,0,0,0,0
2,242,1,0.59667110010897406,1,1,8057407222669743007,8057407222669743007,1,1,0,0,0,0,0,0
2,243,5,0.66427436116996019,1,1,9452702881223064141,9452702881223064141,1,1,0,0,0,0,0,0
2,244,5,0.7991483463857908,1,1,8057407222669743007,8057407222669743007,1,1,0,0,0,0,0,0
2,245,1,0.5922310985524819,1,1,16594958442696156137,16594958442696156137,1,1,0,0,0,0,0,0
2,246,2,0.29885876948234269,1,1,8328609032179481123,8328609032179481123,1,1,0,0,0,0,0,0
2,247,2,0.65621759740440855,1,1,16594958442696156137,16594958442696156137,1,1,0,0,0,0,0,0
2,248,1,0.1817248466220498,1,1,8057407222669743007,8057407222669743007,1,1,0,0,0,0,0,0
2,249,1,0.34408935270317154,1,1,16594958442696156137,16594958442696156137,1,1,0,0,0,0,0,0
2,250,1,0.062159720540291528,1,1,8057407222669743007,8057407222669743007,1,1,0,0,0,0,0,0
2,251,6,0.69777473750973473,1,1,6760776472996493041,6760776472996493041,1,1,0,0,0,0,0,0
2,252,2,0.2337847116194369,1,1,15746636093974198755,15746636093974198755,1,1,0,0,0,0,0,0
2,253,5,0.65399835111412807,1,1,6760776472996493041,6760776472996493041,1,1,0,0,0,0,0,0
2,254,2,0.84755663514165824,1,1,15746636093974198755,15746636093974198755,1,1,0,0,0,0,0,0
2,255,1,0.28611244013526815,1,1,14018142408418167053,14018142408418167053,1,1,0,0,0,0,0,0
2,256,2,0.58614953612383125,1,1,10372813846320169319,10372813846320169319,1,1,0,0,0,0,0,0
2,257,1,0.88014959591576813,0,0,10372813846320169319,10372813846320169319,1,1,0,0,0,0,0,0
2,258,5,0.066648924124011397,1,1,14018142408418167053,14018142408418167053,1,1,0,0,0,0,0,0
2,259,1,0.98209176313523439,0,0,14018142408418167053,14018142408418167053,1,1,0,0,0,0,0,0
2,260,6,0.12133620327674269,1,1,8328609032179481123,8328609032179481123,1,1,0,0,0,0,0,0
2,261,5,0.6737504971183087,1,1,16594958442696156137,16594958442696156137,1,1,0,0,0,0,0,0
2,262,5,0.035961230066138161,1,1,8328609032179481123,8328609032179481123,1,1,0,0,0,0,0,0
2,263,6,0.75291596790503201,1,1,14018142408418167053,14018142408418167053,1,1,0,0,0,0,0,0
2,264,1,0.21248012150245307,1,1,15746636093974198755,15746636093974198755,1,1,0,0,0,0,0,0
2,265,1,0.98687050170313395,1,1,14018142408418167053,14018142408418167053,1,1,0,0,0,0,0,0
2,266,5,0.55127101875728934,1,1,10372813846320169319,10372813846320169319,1,1,0,0,0,0,0,0
2,267,2,0.78227475543532998,0,0,10372813846320169319,10372813846320169319,1,1,0,0,0,0,0,0
2,268,1,0.12869676691951423,1,1,6760776472996493041,6760776472996493041,1,1,0,0,0,0,0,0
2,269,1,0.2641117716865452,1,1,10372813846320169319,10372813846320169319,1,1,0,0,0,0,0,0
2,270,6,0.61365252960553029,1,1,16594958442696156137,16594958442696156137,1,1,0,0,0,0,0,0
2,271,1,0.25591372557296721,1,1,8057407222669743007,8057407222669743007,1,1,0,0,0,0,0,0
2,272,2,0.22131098810518923,1,1,9452702881223064141,9452702881223064141,1,1,0,0,0,0,0,0
2,273,1,0.62175281113867575,1,1,8328609032179481123,8328609032179481123,1,1,0,0,0,0,0,0
2,274,6,0.51606829997663239,1,1,14018142408418167053,14018142408418167053,1,1,0,0,0,0,0,0
2,275,6,0.20859833015124382,1,1,8328609032179481123,8328609032179481123,1,1,0,0,0,0,0,0
2,276,2,0.86652460812787102,1,1,16594958442696156137,16594958442696156137,1,1,0,0,0,0,0,0
2,277,2,0.054462604984037682,1,1,8328609032179481123,8328609032179481123,1,1,0,0,0,0,0,0
2,278,5,0.28638652384051894,1,1,16594958442696156137,16594958442696156137,1,1,0,0,0,0,0,0
2,279,6,0.19684786942110388,1,1,10372813846320169319,10372813846320169319,1,1,0,0,0,0,0,0
2,280,1,0.4832366478203442,1,1,6760776472996493041,6760776472996493041,1,1,0,0,0,0,0,0
2,281,1,0.66383226370761494,1,1,10372813846320169319,10372813846320169319,1,1,0,0,0,0,0,0
2,282,5,0.83591844533228166,1,1,14018142408418167053,14018142408418167053,1,1,0,0,0,0,0,0
2,283,5,0.8509650725260004,1,1,10372813846320169319,10372813846320169319,1,1,0,0,0,0,0,0
2,284,5,0.57044281072570258,1,1,14018142408418167053,14018142408418167053,1,1,0,0,0,0,0,0
2,285,1,0.43813733160592055,1,1,15746636093974198755,15746636093974198755,1,1,0,0,0,0,0,0
2,286,1,0.89168681349001133,1,1,14018142408418167053,14018142408418167053,1,1,0,0,0,0,0,0
2,287,6,0.20728697578725139,1,1,8328609032179481123,8328609032179481123,1,1,0,0,0,0,0,0
2,288,2,0.29714533224216116,1,1,16594958442696156137,16594958442696156137,1,1,0,0,0,0,0,0
2,289,1,0.0096806965622227899,1,1,8057407222669743007,8057407222669743007,1,1,0,0,0,0,0,0
2,290,5,0.28958682731207763,1,1,9452702881223064141,9452702881223064141,1,1,0,0,0,0,0,0
2,291,1,0.48822503234839265,1,1,8328609032179481123,8328609032179481123,1,1,0,0,0,0,0,0
2,292,1,0.2539923219432858,1,1,9452702881223064141,9452702881223064141,1,1,0,0,0,0,0,0
2,293,6,0.19542985665093718,1,1,15746636093974198755,15746636093974198755,1,1,0,0,0,0,0,0
2,294,5,0.69810961845244313,1,1,6760776472996493041,6760776472996493041,1,1,0,0,0,0,0,0
2,295,2,0.85009242167060561,1,1,15746636093974198755,15746636093974198755,1,1,0,0,0,0,0,0
2,296,5,0.73134278985884327,1,1,6760776472996493041,6760776472996493041,1,1,0,0,0,0,0,0
2,297,5,0.45599565310308754,1,1,15746636093974198755,15746636093974198755,1,1,0,0,0,0,0,0
2,298,1,0.20927874956264256,1,1,14018142408418167053,14018142408418167053,1,1,0,0,0,0,0,0
2,299,1,0.0083845685327629312,1,1,15746636093974198755,15746636093974198755,1,1,0,0,0,0,0,0
2,300,5,0.19648668946877818,1,1,6760776472996493041,6760776472996493041,1,1,0,0,0,0,0,0
2,301,2,0.75002372449081678,1,1,15746636093974198755,15746636093974198755,1,1,0,0,0,0,0,0
2,302,6,0.47193628903871726,1,1,9452702881223064141,9452702881223064141,1,1,0,0,0,0,0,0
2,303,1,0.71097554349437608,1,1,8328609032179481123,8328609032179481123,1,1,0,0,0,0,0,0
2,304,5,0.4763304697063806,1,1,16594958442696156137,16594958442696156137,1,1,0,0,0,0,0,0
2,305,1,0.12336880689718471,1,1,8057407222669743007,8057407222669743007,1,1,0,0,0,0,0,0
2,306,5,0.1692236362047389,1,1,9452702881223064141,9452702881223064141,1,1,0,0,0,0,0,0
2,307,2,0.045819888678861088,1,1,8057407222669743007,8057407222669743007,1,1,0,0,0,0,0,0
2,308,6,0.57927989142027692,1,1,6760776472996493041,6760776472996493041,1,1,0,0,0,0,0,0
2,309,6,0.98341822258979372,1,1,8057407222669743007,8057407222669743007,1,1,0,0,0,0,0,0
2,310,2,0.88606544293945877,0,0,8057407222669743007,8057407222669743007,1,1,0,0,0,0,0,0
2,311,2,0.3809082353717404,1,1,9452702881223064141,9452702881223064141,1,1,0,0,0,0,0,0
2,312,2,0.62524753578417547,1,1,8057407222669743007,8057407222669743007,1,1,0,0,0,0,0,0
2,313,6,0.68022907781071607,1,1,6760776472996493041,6760776472996493041,1,1,0,0,0,0,0,0
2,314,1,0.076211421893542894,1,1,10372813846320169319,10372813846320169319,1,1,0,0,0,0,0,0
2,315,6,0.90312782284281601,1,1,16594958442696156137,16594958442696156137,1,1,0,0,0,0,0,0
2,316,1,0.01045956669953354,1,1,8057407222669743007,8057407222669743007,1,1,0,0,0,0,0,0
2,317,1,0.72506062892486578,0,0,8057407222669743007,8057407222669743007,1,1,0,0,0,0,0,0
2,318,1,0.046295836094938446,1,1,16594958442696156137,16594958442696156137,1,1,0,0,0,0,0,0
2,319,2,0.23656664159673971,1,1,8328609032179481123,8328609032179481123,1,1,0,0,0,0,0,0
2,320,2,0.048275220246438162,1,1,16594958442696156137,16594958442696156137,1,1,0,0,0,0,0,0
2,321,6,0.13233167209405283,1,1,10372813846320169319,10372813846320169319,1,1,0,0,0,0,0,0
2,322,1,0.068337523249277027,1,1,6760776472996493041,6760776472996493041,1,1,0,0,0,0,0,0
2,323,5,0.14471037907116346,1,1,15746636093974198755,15746636093974198755,1,1,0,0,0,0,0,0
2,324,1,0.64169651989639465,1,1,14018142408418167053,14018142408418167053,1,1,0,0,0,0,0,0
2,325,6,0.35821996916499915,1,1,8328609032179481123,8328609032179481123,1,1,0,0,0,0,0,0
2,326,6,0.97838323966237239,1,1,14018142408418167053,14018142408418167053,1,1,0,0,0,0,0,0
2,327,2,0.72217966333677452,1,1,10372813846320169319,10372813846320169319,1,1,0,0,0,0,0,0
2,328,1,0.69583947232440435,1,1,6760776472996493041,6760776472996493041,1,1,0,0,0,0,0,0
2,329,1,0.41238252070893167,1,1,10372813846320169319,10372813846320169319,1,1,0,0,0,0,0,0
2,330,5,0.00021959006520278857,1,1,14018142408418167053,14018142408418167053,1,1,0,0,0,0,0,0
2,331,2,0.91696274289807012,0,0,14018142408418167053,14018142408418167053,1,1,0,0,0,0,0,0
2,332,6,0.64379441027839945,1,1,8328609032179481123,8328609032179481123,1,1,0,0,0,0,0,0
2,333,1,0.6508734058311143,1,1,9452702881223064141,9452702881223064141,1,1,0,0,0,0,0,0
2,334,1,0.44467906919830535,1,1,8328609032179481123,8328609032179481123,1,1,0,0,0,0,0,0
2,335,5,0.26419123652715731,1,1,16594958442696156137,16594958442696156137,1,1,0,0,0,0,0,0
2,336,6,0.32814028309243815,1,1,10372813846320169319,10372813846320169319,1,1,0,0,0,0,0,0
2,337,1,0.54844349923916313,1,1,6760776472996493041,6760776472996493041,1,1,0,0,0,0,0,0
2,338,6,0.05291022140773885,1,1,8057407222669743007,8057407222669743007,1,1,0,0,0,0,0,0
2,339,6,0.65774331113476281,1,1,6760776472996493041,6760776472996493041,1,1,0,0,0,0,0,0
2,340,6,0.70250237120958703,1,1,8057407222669743007,8057407222669743007,1,1,0,0,0,0,0,0
2,341,1,0.058952282363946396,1,1,16594958442696156137,16594958442696156137,1,1,0,0,0,0,0,0
2,342,2,0.11184706734648898,1,1,8328609032179481123,8328609032179481123,1,1,0,0,0,0,0,0
2,343,5,0.16330407268341199,1,1,16594958442696156137,16594958442696156137,1,1,0,0,0,0,0,0
2,344,2,0.91279796102689936,0,0,16594958442696156137,16594958442696156137,1,1,0,0,0,0,0,0
2,345,1,0.59001499906602073,1,1,8057407222669743007,8057407222669743007,1,1,0,0,0,0,0,0
2,346,1,0.0073197665579629971,1,1,16594958442696156137,16594958442696156137,1,1,0,0,0,0,0,0
2,347,6,0.89075480165417165,0,0,16594958442696156137,16594958442696156137,1,1,0,0,0,0,0,0
2,348,5,0.12272399808019317,1,1,8328609032179481123,8328609032179481123,1,1,0,0,0,0,0,0
2,349,2,0.7797612360420777,1,1,16594958442696156137,16594958442696156137,1,1,0,0,0,0,0,0
2,350,6,0.57324535237867369,1,1,10372813846320169319,10372813846320169319,1,1,0,0,0,0,0,0
2,351,5,0.95485615711615113,0,0,10372813846320169319,10372813846320169319,1,1,0,0,0,0,0,0
2,352,5,0.5705042423412594,1,1,14018142408418167053,14018142408418167053,1,1,0,0,0,0,0,0
2,353,6,0.76377001962643609,1,1,8328609032179481123,8328609032179481123,1,1,0,0,0,0,0,0
2,354,6,0.64968003938173968,1,1,14018142408418167053,14018142408418167053,1,1,0,0,0,0,0,0
2,355,5,0.22866675491740718,1,1,10372813846320169319,10372813846320169319,1,1,0,0,0,0,0,0
2,356,1,0.1933617024921124,1,1,6760776472996493041,6760776472996493041,1,1,0,0,0,0,0,0
2,357,1,0.24999846027739869,1,1,10372813846320169319,10372813846320169319,1,1,0,0,0,0,0,0
2,358,5,0.64789319526288902,1,1,14018142408418167053,14018142408418167053,1,1,0,0,0,0,0,0
2,359,5,0.79095153401902774,1,1,10372813846320169319,10372813846320169319,1,1,0,0,0,0,0,0
2,360,5,0.41950437687338327,1,1,14018142408418167053,14018142408418167053,1,1,0,0,0,0,0,0
2,361,1,0.88524058248026594,0,0,14018142408418167053,14018142408418167053,1,1,0,0,0,0,0,0
2,362,2,0.78472591603647024,1,1,10372813846320169319,10372813846320169319,1,1,0,0,0,0,0,0
2,363,6,0.79459144816841043,1,1,16594958442696156137,16594958442696156137,1,1,0,0,0,0,0,0
2,364,6,0.34959443923806521,1,1,10372813846320169319,10372813846320169319,1,1,0,0,0,0,0,0
2,365,2,0.48894025377494754,1,1,14018142408418167053,14018142408418167053,1,1,0,0,0,0,0,0
2,366,5,0.83856269379141202,1,1,10372813846320169319,10372813846320169319,1,1,0,0,0,0,0,0
2,367,6,0.65283888530940815,1,1,16594958442696156137,16594958442696156137,1,1,0,0,0,0,0,0
2,368,1,0.48756864562966101,1,1,8057407222669743007,8057407222669743007,1,1,0,0,0,0,0,0
2,369,2,0.88013005425296587,1,1,9452702881223064141,9452702881223064141,1,1,0,0,0,0,0,0
2,370,6,0.6720593830466266,1,1,15746636093974198755,15746636093974198755,1,1,0,0,0,0,0,0
2,371,6,0.70197913174696647,1,1,9452702881223064141,9452702881223064141,1,1,0,0,0,0,0,0
2,372,2,0.50549939441589076,1,1,8057407222669743007,8057407222669743007,1,1,0,0,0,0,0,0
2,373,5,0.47530978247622108,1,1,9452702881223064141,9452702881223064141,1,1,0,0,0,0,0,0
2,374,2,0.63690970692895754,1,1,8057407222669743007,8057407222669743007,1,1,0,0,0,0,0,0
2,375,5,0.99513150020390828,0,0,8057407222669743007,8057407222669743007,1,1,0,0,0,0,0,0
2,376,6,0.69586958522811782,1,1,6760776472996493041,6760776472996493041,1,1,0,0,0,0,0,0
2,377,2,0.091123093649496181,1,1,15746636093974198755,15746636093974198755,1,1,0,0,0,0,0,0
2,378,5,0.21728565703974706,1,1,6760776472996493041,6760776472996493041,1,1,0,0,0,0,0,0
2,379,5,0.61294977586459087,1,1,15746636093974198755,15746636093974198755,1,1,0,0,0,0,0,0
2,380,1,0.39572424198906614,1,1,14018142408418167053,14018142408418167053,1,1,0,0,0,0,0,0
2,381,5,0.69097969557099759,1,1,10372813846320169319,10372813846320169319,1,1,0,0,0,0,0,0
2,382,2,0.31689456720703196,1,1,14018142408418167053,14018142408418167053,1,1,0,0,0,0,0,0
2,383,1,0.81538605979703049,1,1,15746636093974198755,15746636093974198755,1,1,0,0,0,0,0,0
2,384,5,0.75044807412487002,1,1,6760776472996493041,6760776472996493041,1,1,0,0,0,0,0,0
2,385,5,0.48884731935875514,1,1,15746636093974198755,15746636093974198755,1,1,0,0,0,0,0,0
2,386,6,0.25675777513118742,1,1,9452702881223064141,9452702881223064141,1,1,0,0,0,0,0,0
2,387,5,0.569366415417907,1,1,8057407222669743007,8057407222669743007,1,1,0,0,0,0,0,0
2,388,1,0.012697090917774195,1,1,16594958442696156137,16594958442696156137,1,1,0,0,0,0,0,0
2,389,1,0.57206567654387819,1,1,8057407222669743007,8057407222669743007,1,1,0,0,0,0,0,0
2,390,6,0.74918986639749763,0,0,8057407222669743007,8057407222669743007,1,1,0,0,0,0,0,0
2,391,6,0.59121345144844861,1,1,6760776472996493041,6760776472996493041,1,1,0,0,0,0,0,0
2,392,1,0.03444796654293647,1,1,10372813846320169319,10372813846320169319,1,1,0,0,0,0,0,0
2,393,1,0.3457212289193945,1,1,6760776472996493041,6760776472996493041,1,1,0,0,0,0,0,0
2,394,5,0.94451169265675017,0,0,6760776472996493041,6760776472996493041,1,1,0,0,0,0,0,0
2,395,6,0.93784848494654682,1,1,8057407222669743007,8057407222669743007,1,1,0,0,0,0,0,0
2,396,5,0.4045319513342725,1,1,9452702881223064141,9452702881223064141,1,1,0,0,0,0,0,0
2,397,5,0.34502914256991973,1,1,8057407222669743007,8057407222669743007,1,1,0,0,0,0,0,0
2,398,1,0.03526930878124257,1,1,16594958442696156137,16594958442696156137,1,1,0,0,0,0,0,0
2,399,1,0.41417077263059315,1,1,8057407222669743007,8057407222669743007,1,1,0,0,0,0,0,0
2,400,1,0.11498436909399277,1,1,16594958442696156137,16594958442696156137,1,1,0,0,0,0,0,0
2,401,5,0.98706897271924587,0,0,16594958442696156137,16594958442696156137,1,1,0,0,0,0,0,0
2,402,5,0.16236235276704231,1,1,8328609032179481123,8328609032179481123,1,1,0,0,0,0,0,0
2,403,2,0.72605096050671225,1,1,16594958442696156137,16594958442696156137,1,1,0,0,0,0,0,0
2,404,6,0.90784081763058599,1,1,10372813846320169319,10372813846320169319,1,1,0,0,0,0,0,0
2,405,6,0.99233004029426042,0,0,10372813846320169319,10372813846320169319,1,1,0,0,0,0,0,0
2,406,2,0.56290501318341746,1,1,14018142408418167053,14018142408418167053,1,1,0,0,0,0,0,0
2,407,1,0.55742707523000645,1,1,15746636093974198755,15746636093974198755,1,1,0,0,0,0,0,0
2,408,5,0.94781009722544396,1,1,6760776472996493041,6760776472996493041,1,1,0,0,0,0,0,0
2,409,5,0.48916570804597537,1,1,15746636093974198755,15746636093974198755,1,1,0,0,0,0,0,0
2,410,2,0.051353534057289693,1,1,6760776472996493041,6760776472996493041,1,1,0,0,0,0,0,0
2,411,5,0.50019583028576531,1,1,15746636093974198755,15746636093974198755,1,1,0,0,0,0,0,0
2,412,5,0.072956849698681575,1,1,6760776472996493041,6760776472996493041,1,1,0,0,0,0,0,0
2,413,2,0.52071157741669971,1,1,15746636093974198755,15746636093974198755,1,1,0,0,0,0,0,0
2,414,5,0.59653494870797841,1,1,6760776472996493041,6760776472996493041,1,1,0,0,0,0,0,0
2,415,5,0.174446537843503,1,1,15746636093974198755,15746636093974198755,1,1,0,0,0,0,0,0
2,416,2,0.17288513258829763,1,1,6760776472996493041,6760776472996493041,1,1,0,0,0,0,0,0
2,417,5,0.34191899384703373,1,1,15746636093974198755,15746636093974198755,1,1,0,0,0,0,0,0
2,418,1,0.25660859408882569,1,1,14018142408418167053,14018142408418167053,1,1,0,0,0,0,0,0
2,419,6,0.48728158171437347,1,1,8328609032179481123,8328609032179481123,1,1,0,0,0,0,0,0
2,420,5,0.45478242588383144,1,1,16594958442696156137,16594958442696156137,1,1,0,0,0,0,0,0
2,421,5,0.76079061573359397,1,1,8328609032179481123,8328609032179481123,1,1,0,0,0,0,0,0
2,422,2,0.37353286133698915,1,1,16594958442696156137,16594958442696156137,1,1,0,0,0,0,0,0
2,423,6,0.82394153205719645,1,1,10372813846320169319,10372813846320169319,1,1,0,0,0,0,0,0
2,424,5,0.7368626613350393,1,1,14018142408418167053,14018142408418167053,1,1,0,0,0,0,0,0
2,425,6,0.13532163970982852,1,1,8328609032179481123,8328609032179481123,1,1,0,0,0,0,0,0
2,426,6,0.19406179589047934,1,1,14018142408418167053,14018142408418167053,1,1,0,0,0,0,0,0
2,427,5,0.88386685304076484,0,0,14018142408418167053,14018142408418167053,1,1,0,0,0,0,0,0
2,428,2,0.47968470752345876,1,1,10372813846320169319,10372813846320169319,1,1,0,0,0,0,0,0
2,429,2,0.44510380173986097,1,1,14018142408418167053,14018142408418167053,1,1,0,0,0,0,0,0
2,430,5,0.84174570556618467,1,1,10372813846320169319,10372813846320169319,1,1,0,0,0,0,0,0
2,431,5,0.68774187938747688,1,1,14018142408418167053,14018142408418167053,1,1,0,0,0,0,0,0
2,432,1,0.76272181940869188,1,1,15746636093974198755,15746636093974198755,1,1,0,0,0,0,0,0
2,433,1,0.32117061010862852,1,1,14018142408418167053,14018142408418167053,1,1,0,0,0,0,0,0
2,434,2,0.030015631992826843,1,1,10372813846320169319,10372813846320169319,1,1,0,0,0,0,0,0
2,435,5,0.74627484291381385,0,0,10372813846320169319,10372813846320169319,1,1,0,0,0,0,0,0
2,436,1,0.43270277301180066,1,1,6760776472996493041,6760776472996493041,1,1,0,0,0,0,0,0
2,437,1,0.4367031819384925,1,1,10372813846320169319,10372813846320169319,1,1,0,0,0,0,0,0
2,438,6,0.18899896390314064,1,1,16594958442696156137,16594958442696156137,1,1,0,0,0,0,0,0
2,439,1,0.57669760433798911,1,1,8057407222669743007,8057407222669743007,1,1,0,0,0,0,0,0
2,440,6,0.93378359514828346,1,1,6760776472996493041,6760776472996493041,1,1,0,0,0,0,0,0
2,441,2,0.77536459412188674,1,1,15746636093974198755,15746636093974198755,1,1,0,0,0,0,0,0
2,442,1,0.59233531566906894,1,1,14018142408418167053,14018142408418167053,1,1,0,0,0,0,0,0
2,443,1,0.64846344553105295,1,1,15746636093974198755,15746636093974198755,1,1,0,0,0,0,0,0
2,444,2,0.52840807159896386,1,1,6760776472996493041,6760776472996493041,1,1,0,0,0,0,0,0
2,445,1,0.54669574911859098,1,1,10372813846320169319,10372813846320169319,1,1,0,0,0,0,0,0
2,446,6,0.072498513284603258,1,1,16594958442696156137,16594958442696156137,1,1,0,0,0,0,0,0
2,447,1,0.58936443926565585,1,1,8057407222669743007,8057407222669743007,1,1,0,0,0,0,0,0
2,448,5,0.0011890899475670508,1,1,9452702881223064141,9452702881223064141,1,1,0,0,0,0,0,0
2,449,6,0.51890312607060596,1,1,15746636093974198755,15746636093974198755,1,1,0,0,0,0,0,0
2,450,6,0.59254706951003022,1,1,9452702881223064141,9452702881223064141,1,1,0,0,0,0,0,0
2,451,1,0.296727838047532,1,1,8328609032179481123,8328609032179481123,1,1,0,0,0,0,0,0
2,452,6,0.53886366531208885,1,1,14018142408418167053,14018142408418167053,1,1,0,0,0,0,0,0
2,453,2,0.49716819497908804,1,1,10372813846320169319,10372813846320169319,1,1,0,0,0,0,0,0
2,454,2,0.10248557159875388,1,1,14018142408418167053,14018142408418167053,1,1,0,0,0,0,0,0
2,455,1,0.58512332247242183,1,1,15746636093974198755,15746636093974198755,1,1,0,0,0,0,0,0
2,456,2,0.71415657508435504,1,1,6760776472996493041,6760776472996493041,1,1,0,0,0,0,0,0
2,457,6,0.048849915903438797,1,1,8057407222669743007,8057407222669743007,1,1,0,0,0,0,0,0
2,458,6,0.039412184291462204,1,1,6760776472996493041,6760776472996493041,1,1,0,0,0,0,0,0
2,459,2,0.64792681213239944,1,1,15746636093974198755,15746636093974198755,1,1,0,0,0,0,0,0
2,460,1,0.51505251095234661,1,1,14018142408418167053,14018142408418167053,1,1,0,0,0,0,0,0
2,461,1,0.90709962510276643,0,0,14018142408418167053,14018142408418167053,1,1,0,0,0,0,0,0
2,462,2,0.78581197814059911,1,1,10372813846320169319,10372813846320169319,1,1,0,0,0,0,0,0
2,463,6,0.8933784408402935,1,1,16594958442696156137,16594958442696156137,1,1,0,0,0,0,0,0
2,464,2,0.55388792268830767,1,1,8328609032179481123,8328609032179481123,1,1,0,0,0,0,0,0
2,465,2,0.57497802432861034,1,1,16594958442696156137,16594958442696156137,1,1,0,0,0,0,0,0
2,466,2,0.89990470810224832,1,1,8328609032179481123,8328609032179481123,1,1,0,0,0,0,0,0
2,467,1,0.87844738181864979,1,1,9452702881223064141,9452702881223064141,1,1,0,0,0,0,0,0
2,468,2,0.45853979605186101,1,1,8057407222669743007,8057407222669743007,1,1,0,0,0,0,0,0
2,469,6,0.32382182288320827,1,1,6760776472996493041,6760776472996493041,1,1,0,0,0,0,0,0
2,470,1,0.76445646670503653,1,1,10372813846320169319,10372813846320169319,1,1,0,0,0,0,0,0
2,471,6,0.82728033375930643,1,1,16594958442696156137,16594958442696156137,1,1,0,0,0,0,0,0
2,472,1,0.61889212984248598,1,1,8057407222669743007,8057407222669743007,1,1,0,0,0,0,0,0
2,473,6,0.87886393757721026,0,0,8057407222669743007,8057407222669743007,1,1,0,0,0,0,0,0
2,474,2,0.11670619413013945,1,1,9452702881223064141,9452702881223064141,1,1,0,0,0,0,0,0
2,475,6,0.55505403760515082,1,1,15746636093974198755,15746636093974198755,1,1,0,0,0,0,0,0
2,476,5,0.49798037310952098,1,1,6760776472996493041,6760776472996493041,1,1,0,0,0,0,0,0
2,477,6,0.33892280624432419,1,1,8057407222669743007,8057407222669743007,1,1,0,0,0,0,0,0
2,478,5,0.34175913547628822,1,1,9452702881223064141,9452702881223064141,1,1,0,0,0,0,0,0
2,479,1,0.21136532983840567,1,1,8328609032179481123,8328609032179481123,1,1,0,0,0,0,0,0
2,480,5,0.55089884186162585,1,1,16594958442696156137,16594958442696156137,1,1,0,0,0,0,0,0
2,481,2,0.17323927519985072,1,1,8328609032179481123,8328609032179481123,1,1,0,0,0,0,0,0
2,482,1,0.51332639346208409,1,1,9452702881223064141,9452702881223064141,1,1,0,0,0,0,0,0
2,483,2,0.62705328216515588,1,1,8057407222669743007,8057407222669743007,1,1,0,0,0,0,0,0
2,484,6,0.5670389562057464,1,1,6760776472996493041,6760776472996493041,1,1,0,0,0,0,0,0
2,485,1,0.80380190887531033,1,1,10372813846320169319,10372813846320169319,1,1,0,0,0,0,0,0
2,486,6,0.24549311649637215,1,1,16594958442696156137,16594958442696156137,1,1,0,0,0,0,0,0
2,487,1,0.8030524374991056,1,1,8057407222669743007,8057407222669743007,1,1,0,0,0,0,0,0
2,488,6,0.69530128690189585,1,1,6760776472996493041,6760776472996493041,1,1,0,0,0,0,0,0
2,489,1,0.81860121659137042,1,1,10372813846320169319,10372813846320169319,1,1,0,0,0,0,0,0
2,490,2,0.56866497472586564,1,1,14018142408418167053,14018142408418167053,1,1,0,0,0,0,0,0
2,491,5,0.2777022229329712,1,1,10372813846320169319,10372813846320169319,1,1,0,0,0,0,0,0
2,492,6,0.23118745753613715,1,1,16594958442696156137,16594958442696156137,1,1,0,0,0,0,0,0
2,493,6,0.23655859706292137,1,1,10372813846320169319,10372813846320169319,1,1,0,0,0,0,0,0
2,494,2,0.094840480265566338,1,1,14018142408418167053,14018142408418167053,1,1,0,0,0,0,0,0
2,495,6,0.96526072122261153,0,0,14018142408418167053,14018142408418167053,1,1,0,0,0,0,0,0
2,496,2,0.33670534803072844,1,1,10372813846320169319,10372813846320169319,1,1,0,0,0,0,0,0
2,497,2,0.044381043361809439,1,1,14018142408418167053,14018142408418167053,1,1,0,0,0,0,0,0
2,498,6,0.78790361981905888,1,1,8328609032179481123,8328609032179481123,1,1,0,0,0,0,0,0
2,499,2,0.041205500143689282,1,1,16594958442696156137,16594958442696156137,1,1,0,0,0,0,0,0
2,500,1,0.07070462068189394,1,1,8057407222669743007,8057407222669743007,1,1,0,0,0,0,0,0
2,501,2,0.87578675602169398,0,0,8057407222669743007,8057407222669743007,1,1,0,0,0,0,0,0
2,502,2,0.93051972745700806,0,0,8057407222669743007,8057407222669743007,1,1,0,0,0,0,0,0
2,503,1,0.38170564321084205,1,1,16594958442696156137,16594958442696156137,1,1,0,0,0,0,0,0
2,504,1,0.71695198973972474,1,1,8057407222669743007,8057407222669743007,1,1,0,0,0,0,0,0
2,505,2,0.09239825745997951,1,1,9452702881223064141,9452702881223064141,1,1,0,0,0,0,0,0
2,506,1,0.16519080606100983,1,1,8328609032179481123,8328609032179481123,1,1,0,0,0,0,0,0
2,507,1,0.83519273962026142,1,1,9452702881223064141,9452702881223064141,1,1,0,0,0,0,0,0
2,508,6,0.89191213912977119,0,0,9452702881223064141,9452702881223064141,1,1,0,0,0,0,0,0
2,509,2,0.056814015392837466,1,1,8057407222669743007,8057407222669743007,1,1,0,0,0,0,0,0
2,510,2,0.79743870991162635,0,0,8057407222669743007,8057407222669743007,1,1,0,0,0,0,0,0
2,511,6,0.23433662253346299,1,1,6760776472996493041,6760776472996493041,1,1,0,0,0,0,0,0
2,512,5,0.15274140573078959,1,1,15746636093974198755,15746636093974198755,1,1,0,0,0,0,0,0
2,513,6,0.053789790548321649,1,1,9452702881223064141,9452702881223064141,1,1,0,0,0,0,0,0
2,514,1,0.61336535179549379,1,1,8328609032179481123,8328609032179481123,1,1,0,0,0,0,0,0
2,515,2,0.88562343053198589,1,1,16594958442696156137,16594958442696156137,1,1,0,0,0,0,0,0
2,516,6,0.079409625598767589,1,1,10372813846320169319,10372813846320169319,1,1,0,0,0,0,0,0
2,517,6,0.18462585181563371,1,1,16594958442696156137,16594958442696156137,1,1,0,0,0,0,0,0
2,518,2,0.3612338968241991,1,1,8328609032179481123,8328609032179481123,1,1,0,0,0,0,0,0
2,519,5,0.66000644568673739,1,1,16594958442696156137,16594958442696156137,1,1,0,0,0,0,0,0
2,520,5,0.13931952134701697,1,1,8328609032179481123,8328609032179481123,1,1,0,0,0,0,0,0
2,521,1,0.36072673502795499,1,1,9452702881223064141,9452702881223064141,1,1,0,0,0,0,0,0
2,522,1,0.8962254011599381,0,0,9452702881223064141,9452702881223064141,1,1,0,0,0,0,0,0
2,523,6,0.83456166432717793,1,1,15746636093974198755,15746636093974198755,1,1,0,0,0,0,0,0
2,524,5,0.64747070969208398,1,1,6760776472996493041,6760776472996493041,1,1,0,0,0,0,0,0
2,525,6,0.84752870133058189,1,1,8057407222669743007,8057407222669743007,1,1,0,0,0,0,0,0
2,526,1,0.58575147631145152,1,1,16594958442696156137,16594958442696156137,1,1,0,0,0,0,0,0
2,527,6,0.35316957624427137,1,1,10372813846320169319,10372813846320169319,1,1,0,0,0,0,0,0
2,528,5,0.16856008132248995,1,1,14018142408418167053,14018142408418167053,1,1,0,0,0,0,0,0
2,529,5,0.0764928387199591,1,1,10372813846320169319,10372813846320169319,1,1,0,0,0,0,0,0
2,530,6,0.87632938060301424,1,1,16594958442696156137,16594958442696156137,1,1,0,0,0,0,0,0
2,531,2,0.59377487672925744,1,1,8328609032179481123,8328609032179481123,1,1,0,0,0,0,0,0
2,532,5,0.38907758979410251,1,1,16594958442696156137,16594958442696156137,1,1,0,0,0,0,0,0
2,533,6,0.39178122781919639,1,1,10372813846320169319,10372813846320169319,1,1,0,0,0,0,0,0
2,534,1,0.74961287191868886,0,0,10372813846320169319,10372813846320169319,1,1,0,0,0,0,0,0
2,535,1,0.77299245206402678,0,0,10372813846320169319,10372813846320169319,1,1,0,0,0,0,0,0
2,536,6,0.68489453723362481,1,1,16594958442696156137,16594958442696156137,1,1,0,0,0,0,0,0
2,537,5,0.74177972326350639,1,1,8328609032179481123,8328609032179481123,1,1,0,0,0,0,0,0
2,538,1,0.54076186661849546,1,1,9452702881223064141,9452702881223064141,1,1,0,0,0,0,0,0
2,539,5,0.89595898370176574,0,0,9452702881223064141,9452702881223064141,1,1,0,0,0,0,0,0
2,540,1,0.12325345361799971,1,1,8328609032179481123,8328609032179481123,1,1,0,0,0,0,0,0
2,541,5,0.97908280198443287,1,1,16594958442696156137,16594958442696156137,1,1,0,0,0,0,0,0
2,542,2,0.77433188860070479,1,1,8328609032179481123,8328609032179481123,1,1,0,0,0,0,0,0
2,543,6,0.11282551359549571,1,1,14018142408418167053,14018142408418167053,1,1,0,0,0,0,0,0
2,544,5,0.99524883340337356,0,0,14018142408418167053,14018142408418167053,1,1,0,0,0,0,0,0
2,545,1,0.21405037620635511,1,1,15746636093974198755,15746636093974198755,1,1,0,0,0,0,0,0
2,546,5,0.024663263816364332,1,1,6760776472996493041,6760776472996493041,1,1,0,0,0,0,0,0
2,547,6,0.4904768243787937,1,1,8057407222669743007,8057407222669743007,1,1,0,0,0,0,0,0
2,548,2,0.3368496042136217,1,1,9452702881223064141,9452702881223064141,1,1,0,0,0,0,0,0
2,549,5,0.11308488647882695,1,1,8057407222669743007,8057407222669743007,1,1,0,0,0,0,0,0
2,550,6,0.22734163740504024,1,1,6760776472996493041,6760776472996493041,1,1,0,0,0,0,0,0
2,551,2,0.01235413706380519,1,1,15746636093974198755,15746636093974198755,1,1,0,0,0,0,0,0
2,552,5,0.6306819287182327,1,1,6760776472996493041,6760776472996493041,1,1,0,0,0,0,0,0
2,553,1,0.74010249348969925,1,1,10372813846320169319,10372813846320169319,1,1,0,0,0,0,0,0
2,554,1,0.73863688118767945,1,1,6760776472996493041,6760776472996493041,1,1,0,0,0,0,0,0
2,555,5,0.13424852127375028,1,1,15746636093974198755,15746636093974198755,1,1,0,0,0,0,0,0
2,556,1,0.20186373033111127,1,1,14018142408418167053,14018142408418167053,1,1,0,0,0,0,0,0
2,557,6,0.12599542368569558,1,1,8328609032179481123,8328609032179481123,1,1,0,0,0,0,0,0
2,558,1,0.041322485842933541,1,1,9452702881223064141,9452702881223064141,1,1,0,0,0,0,0,0
2,559,2,0.44195956788140284,1,1,8057407222669743007,8057407222669743007,1,1,0,0,0,0,0,0
2,560,6,0.3049194098889173,1,1,6760776472996493041,6760776472996493041,1,1,0,0,0,0,0,0
2,561,1,0.46334910365438892,1,1,10372813846320169319,10372813846320169319,1,1,0,0,0,0,0,0
2,562,2,0.12456722766105056,1,1,14018142408418167053,14018142408418167053,1,1,0,0,0,0,0,0
2,563,5,0.60756605528431618,1,1,10372813846320169319,10372813846320169319,1,1,0,0,0,0,0,0
2,564,5,0.47720393106866216,1,1,14018142408418167053,14018142408418167053,1,1,0,0,0,0,0,0
2,565,1,0.020591075189624546,1,1,15746636093974198755,15746636093974198755,1,1,0,0,0,0,0,0
2,566,6,0.41070616337513988,1,1,9452702881223064141,9452702881223064141,1,1,0,0,0,0,0,0
2,567,2,0.61060984732183299,1,1,8057407222669743007,8057407222669743007,1,1,0,0,0,0,0,0
2,568,5,0.7010228238438857,1,1,9452702881223064141,9452702881223064141,1,1,0,0,0,0,0,0
2,569,5,0.41698616592191778,1,1,8057407222669743007,8057407222669743007,1,1,0,0,0,0,0,0
2,570,5,0.069595608378527365,1,1,9452702881223064141,9452702881223064141,1,1,0,0,0,0,0,0
2,571,6,0.49619329578547139,1,1,15746636093974198755,15746636093974198755,1,1,0,0,0,0,0,0
2,572,2,0.66159503115299212,1,1,6760776472996493041,6760776472996493041,1,1,0,0,0,0,0,0
2,573,2,0.45676739199882554,1,1,15746636093974198755,15746636093974198755,1,1,0,0,0,0,0,0
2,574,2,0.67197182347303741,1,1,6760776472996493041,6760776472996493041,1,1,0,0,0,0,0,0
2,575,5,0.51507031972654627,1,1,15746636093974198755,15746636093974198755,1,1,0,0,0,0,0,0
2,576,1,0.87755990767969705,1,1,14018142408418167053,14018142408418167053,1,1,0,0,0,0,0,0
2,577,6,0.23184721166679573,1,1,8328609032179481123,8328609032179481123,1,1,0,0,0,0,0,0
2,578,5,0.95001535843689966,1,1,16594958442696156137,16594958442696156137,1,1,0,0,0,0,0,0
2,579,2,0.69284747247882639,1,1,8328609032179481123,8328609032179481123,1,1,0,0,0,0,0,0
2,580,2,0.4899022312866626,1,1,16594958442696156137,16594958442696156137,1,1,0,0,0,0,0,0
2,581,1,0.23053010382979158,1,1,8057407222669743007,8057407222669743007,1,1,0,0,0,0,0,0
2,582,6,0.9925879978655342,0,0,8057407222669743007,8057407222669743007,1,1,0,0,0,0,0,0
2,583,2,0.38941123872709305,1,1,9452702881223064141,9452702881223064141,1,1,0,0,0,0,0,0
2,584,1,0.0031460278371296139,1,1,8328609032179481123,8328609032179481123,1,1,0,0,0,0,0,0
2,585,1,0.70962435082625397,1,1,9452702881223064141,9452702881223064141,1,1,0,0,0,0,0,0
2,586,1,0.53635047129743441,1,1,8328609032179481123,8328609032179481123,1,1,0,0,0,0,0,0
2,587,6,0.48547963358921303,1,1,14018142408418167053,14018142408418167053,1,1,0,0,0,0,0,0
2,588,1,0.44919329276320952,1,1,15746636093974198755,15746636093974198755,1,1,0,0,0,0,0,0
2,589,2,0.27989297651213074,1,1,6760776472996493041,6760776472996493041,1,1,0,0,0,0,0,0
2,590,6,0.84544381413485581,1,1,8057407222669743007,8057407222669743007,1,1,0,0,0,0,0,0
2,591,5,0.3222653217705857,1,1,9452702881223064141,9452702881223064141,1,1,0,0,0,0,0,0
2,592,1,0.47788937039787222,1,1,8328609032179481123,8328609032179481123,1,1,0,0,0,0,0,0
2,593,2,0.41394829334245509,1,1,16594958442696156137,16594958442696156137,1,1,0,0,0,0,0,0
2,594,6,0.73367820778289738,1,1,10372813846320169319,10372813846320169319,1,1,0,0,0,0,0,0
2,595,5,0.19955148270122386,1,1,14018142408418167053,14018142408418167053,1,1,0,0,0,0,0,0
2,596,2,0.65403646664276194,1,1,10372813846320169319,10372813846320169319,1,1,0,0,0,0,0,0
2,597,2,0.5815353653872114,1,1,14018142408418167053,14018142408418167053,1,1,0,0,0,0,0,0
2,598,1,0.81987485191953846,1,1,15746636093974198755,15746636093974198755,1,1,0,0,0,0,0,0
2,599,6,0.0025486354989746559,1,1,9452702881223064141,9452702881223064141,1,1,0,0,0,0,0,0
2,600,2,0.72208858804214393,1,1,8057407222669743007,8057407222669743007,1,1,0,0,0,0,0,0
2,601,6,0.50019299605340906,1,1,6760776472996493041,6760776472996493041,1,1,0,0,0,0,0,0
2,602,5,0.79128303658283017,1,1,15746636093974198755,15746636093974198755,1,1,0,0,0,0,0,0
2,603,6,0.5567839492036758,1,1,9452702881223064141,9452702881223064141,1,1,0,0,0,0,0,0
2,604,6,0.61650862315003341,1,1,15746636093974198755,15746636093974198755,1,1,0,0,0,0,0,0
2,605,2,0.99700834984634057,1,1,6760776472996493041,6760776472996493041,1,1,0,0,0,0,0,0
2,606,6,0.041892030681703767,1,1,8057407222669743007,8057407222669743007,1,1,0,0,0,0,0,0
2,607,5,0.35389213489212795,1,1,9452702881223064141,9452702881223064141,1,1,0,0,0,0,0,0
2,608,6,0.44487068387143136,1,1,15746636093974198755,15746636093974198755,1,1,0,0,0,0,0,0
2,609,2,0.4495773337640615,1,1,6760776472996493041,6760776472996493041,1,1,0,0,0,0,0,0
2,610,1,0.15255573822641727,1,1,10372813846320169319,10372813846320169319,1,1,0,0,0,0,0,0
2,611,2,0.81500426596517062,1,1,14018142408418167053,14018142408418167053,1,1,0,0,0,0,0,0
2,612,1,0.28372193963961634,1,1,15746636093974198755,15746636093974198755,1,1,0,0,0,0,0,0
2,613,5,0.23517820098654654,1,1,6760776472996493041,6760776472996493041,1,1,0,0,0,0,0,0
2,614,1,0.14274896842278204,1,1,10372813846320169319,10372813846320169319,1,1,0,0,0,0,0,0
2,615,2,0.030334116094644821,1,1,14018142408418167053,14018142408418167053,1,1,0,0,0,0,0,0
2,616,2,0.78174203645375284,1,1,10372813846320169319,10372813846320169319,1,1,0,0,0,0,0,0
2,617,6,0.55562864986775629,1,1,16594958442696156137,16594958442696156137,1,1,0,0,0,0,0,0
2,618,2,0.63444255610354117,1,1,8328609032179481123,8328609032179481123,1,1,0,0,0,0,0,0
2,619,2,0.9130171141724891,1,1,16594958442696156137,16594958442696156137,1,1,0,0,0,0,0,0
2,620,5,0.90335321735993424,1,1,8328609032179481123,8328609032179481123,1,1,0,0,0,0,0,0
2,621,2,0.96480967686806618,1,1,16594958442696156137,16594958442696156137,1,1,0,0,0,0,0,0
2,622,6,0.98363831308889182,0,0,16594958442696156137,16594958442696156137,1,1,0,0,0,0,0,0
2,623,6,0.22918002493612144,1,1,10372813846320169319,10372813846320169319,1,1,0,0,0,0,0,0
2,624,1,0.01023333703475437,1,1,6760776472996493041,6760776472996493041,1,1,0,0,0,0,0,0
2,625,1,0.82158113986462844,1,1,10372813846320169319,10372813846320169319,1,1,0,0,0,0,0,0
2,626,5,0.40919374586709822,1,1,14018142408418167053,14018142408418167053,1,1,0,0,0,0,0,0
2,627,6,0.46475243194175442,1,1,8328609032179481123,8328609032179481123,1,1,0,0,0,0,0,0
2,628,2,0.3669560178097776,1,1,16594958442696156137,16594958442696156137,1,1,0,0,0,0,0,0
2,629,5,0.1309036768812073,1,1,8328609032179481123,8328609032179481123,1,1,0,0,0,0,0,0
2,630,1,0.26595911666770733,1,1,9452702881223064141,9452702881223064141,1,1,0,0,0,0,0,0
2,631,6,0.51010725563945136,1,1,15746636093974198755,15746636093974198755,1,1,0,0,0,0,0,0
2,632,6,0.096582894882736095,1,1,9452702881223064141,9452702881223064141,1,1,0,0,0,0,0,0
2,633,5,0.94466432910089315,0,0,9452702881223064141,9452702881223064141,1,1,0,0,0,0,0,0
2,634,1,0.6709707612568816,1,1,8328609032179481123,8328609032179481123,1,1,0,0,0,0,0,0
2,635,5,0.73666029977606062,1,1,16594958442696156137,16594958442696156137,1,1,0,0,0,0,0,0
2,636,1,0.89583054883522217,0,0,16594958442696156137,16594958442696156137,1,1,0,0,0,0,0,0
2,637,5,0.60130150809280813,1,1,8328609032179481123,8328609032179481123,1,1,0,0,0,0,0,0
2,638,1,0.63525334086499341,1,1,9452702881223064141,9452702881223064141,1,1,0,0,0,0,0,0
2,639,6,0.40623314072765793,1,1,15746636093974198755,15746636093974198755,1,1,0,0,0,0,0,0
2,640,6,0.69807060136021903,1,1,9452702881223064141,9452702881223064141,1,1,0,0,0,0,0,0
2,641,5,0.51114193140606323,1,1,8057407222669743007,8057407222669743007,1,1,0,0,0,0,0,0
2,642,1,0.68847215492556668,1,1,16594958442696156137,16594958442696156137,1,1,0,0,0,0,0,0
2,643,6,0.45768890607785023,1,1,10372813846320169319,10372813846320169319,1,1,0,0,0,0,0,0
2,644,2,0.084933375284161422,1,1,14018142408418167053,14018142408418167053,1,1,0,0,0,0,0,0
2,645,1,0.20863010898057494,1,1,15746636093974198755,15746636093974198755,1,1,0,0,0,0,0,0
2,646,5,0.78068989972617331,1,1,6760776472996493041,6760776472996493041,1,1,0,0,0,0,0,0
2,647,6,0.68757899536225331,1,1,8057407222669743007,8057407222669743007,1,1,0,0,0,0,0,0
2,648,1,0.083924384049761477,1,1,16594958442696156137,16594958442696156137,1,1,0,0,0,0,0,0
2,649,1,0.6005030685527557,1,1,8057407222669743007,8057407222669743007,1,1,0,0,0,0,0,0
2,650,6,0.3126507038805052,1,1,6760776472996493041,6760776472996493041,1,1,0,0,0,0,0,0
2,651,5,0.31229011352579961,1,1,15746636093974198755,15746636093974198755,1,1,0,0,0,0,0,0
2,652,2,0.059706969129549863,1,1,6760776472996493041,6760776472996493041,1,1,0,0,0,0,0,0
2,653,2,0.99777287854667518,0,0,6760776472996493041,6760776472996493041,1,1,0,0,0,0,0,0
2,654,6,0.97863746030605259,0,0,6760776472996493041,6760776472996493041,1,1,0,0,0,0,0,0
2,655,2,0.60801592444971597,1,1,15746636093974198755,15746636093974198755,1,1,0,0,0,0,0,0
2,656,5,0.94843672712154825,1,1,6760776472996493041,6760776472996493041,1,1,0,0,0,0,0,0
2,657,6,0.48721867870073893,1,1,8057407222669743007,8057407222669743007,1,1,0,0,0,0,0,0
2,658,5,0.9673927515469315,0,0,8057407222669743007,8057407222669743007,1,1,0,0,0,0,0,0
2,659,5,0.29059030247507994,1,1,9452702881223064141,9452702881223064141,1,1,0,0,0,0,0,0
2,660,6,0.60081209648452016,1,1,15746636093974198755,15746636093974198755,1,1,0,0,0,0,0,0
2,661,1,0.89267511225599316,1,1,14018142408418167053,14018142408418167053,1,1,0,0,0,0,0,0
2,662,1,0.37175186977576297,1,1,15746636093974198755,15746636093974198755,1,1,0,0,0,0,0,0
2,663,6,0.61252953252293607,1,1,9452702881223064141,9452702881223064141,1,1,0,0,0,0,0,0
2,664,5,0.41479555393529643,1,1,8057407222669743007,8057407222669743007,1,1,0,0,0,0,0,0
2,665,6,0.16405410799376544,1,1,6760776472996493041,6760776472996493041,1,1,0,0,0,0,0,0
2,666,2,0.83053852628662506,1,1,15746636093974198755,15746636093974198755,1,1,0,0,0,0,0,0
2,667,6,0.88780521789701361,1,1,9452702881223064141,9452702881223064141,1,1,0,0,0,0,0,0
2,668,6,0.96606007287016293,0,0,9452702881223064141,9452702881223064141,1,1,0,0,0,0,0,0
2,669,5,0.83081629131020918,1,1,8057407222669743007,8057407222669743007,1,1,0,0,0,0,0,0
2,670,2,0.39389542874745276,1,1,9452702881223064141,9452702881223064141,1,1,0,0,0,0,0,0
2,671,1,0.31982773931964947,1,1,8328609032179481123,8328609032179481123,1,1,0,0,0,0,0,0
2,672,1,0.60030585549062687,1,1,9452702881223064141,9452702881223064141,1,1,0,0,0,0,0,0
2,673,1,0.3572844558571901,1,1,8328609032179481123,8328609032179481123,1,1,0,0,0,0,0,0
2,674,5,0.42944563632298999,1,1,16594958442696156137,16594958442696156137,1,1,0,0,0,0,0,0
2,675,5,0.67700171523385999,1,1,8328609032179481123,8328609032179481123,1,1,0,0,0,0,0,0
2,676,5,0.7827221615308213,1,1,16594958442696156137,16594958442696156137,1,1,0,0,0,0,0,0
2,677,5,0.54009067474664929,1,1,8328609032179481123,8328609032179481123,1,1,0,0,0,0,0,0
2,678,1,0.85500946045851112,1,1,9452702881223064141,9452702881223064141,1,1,0,0,0,0,0,0
2,679,6,0.88377614259149251,1,1,15746636093974198755,15746636093974198755,1,1,0,0,0,0,0,0
2,680,1,0.2570500191478115,1,1,14018142408418167053,14018142408418167053,1,1,0,0,0,0,0,0
2,681,1,0.59536437117061236,1,1,15746636093974198755,15746636093974198755,1,1,0,0,0,0,0,0
2,682,6,0.95462140515713723,1,1,9452702881223064141,9452702881223064141,1,1,0,0,0,0,0,0
2,683,2,0.10278010962896789,1,1,8057407222669743007,8057407222669743007,1,1,0,0,0,0,0,0
2,684,5,0.059909322573155642,1,1,9452702881223064141,9452702881223064141,1,1,0,0,0,0,0,0
2,685,2,0.13495137994735201,1,1,8057407222669743007,8057407222669743007,1,1,0,0,0,0,0,0
2,686,6,0.42764678834134984,1,1,6760776472996493041,6760776472996493041,1,1,0,0,0,0,0,0
2,687,2,0.92366052739645699,0,0,6760776472996493041,6760776472996493041,1,1,0,0,0,0,0,0
2,688,6,0.68017813279826944,1,1,8057407222669743007,8057407222669743007,1,1,0,0,0,0,0,0
2,689,6,0.89026530414330152,0,0,8057407222669743007,8057407222669743007,1,1,0,0,0,0,0,0
2,690,2,0.070525691676438837,1,1,9452702881223064141,9452702881223064141,1,1,0,0,0,0,0,0
2,691,2,0.93186425780289295,1,1,8057407222669743007,8057407222669743007,1,1,0,0,0,0,0,0
2,692,6,0.31506159796801292,1,1,6760776472996493041,6760776472996493041,1,1,0,0,0,0,0,0
2,693,6,0.9615841343659729,1,1,8057407222669743007,8057407222669743007,1,1,0,0,0,0,0,0
2,694,6,0.45590795928793759,1,1,6760776472996493041,6760776472996493041,1,1,0,0,0,0,0,0
2,695,2,0.93346798542822895,0,0,6760776472996493041,6760776472996493041,1,1,0,0,0,0,0,0
2,696,1,0.41467991620860339,1,1,10372813846320169319,10372813846320169319,1,1,0,0,0,0,0,0
2,697,1,0.94194619039531213,1,1,6760776472996493041,6760776472996493041,1,1,0,0,0,0,0,0
2,698,6,0.8349875839129689,1,1,8057407222669743007,8057407222669743007,1,1,0,0,0,0,0,0
2,699,5,0.59125687441886177,1,1,9452702881223064141,9452702881223064141,1,1,0,0,0,0,0,0
2,700,6,0.78942036127390147,1,1,15746636093974198755,15746636093974198755,1,1,0,0,0,0,0,0
2,701,1,0.78066340274867574,1,1,14018142408418167053,14018142408418167053,1,1,0,0,0,0,0,0
2,702,2,0.82033243841585146,1,1,10372813846320169319,10372813846320169319,1,1,0,0,0,0,0,0
2,703,6,0.01208594329037066,1,1,16594958442696156137,16594958442696156137,1,1,0,0,0,0,0,0
2,704,1,0.19755125098772169,1,1,8057407222669743007,8057407222669743007,1,1,0,0,0,0,0,0
2,705,6,0.52128427456251747,1,1,6760776472996493041,6760776472996493041,1,1,0,0,0,0,0,0
2,706,6,0.46743164809492543,1,1,8057407222669743007,8057407222669743007,1,1,0,0,0,0,0,0
2,707,1,0.25322910559546041,1,1,16594958442696156137,16594958442696156137,1,1,0,0,0,0,0,0
2,708,1,0.47712882481531826,1,1,8057407222669743007,8057407222669743007,1,1,0,0,0,0,0,0
2,709,1,0.5200666041765144,1,1,16594958442696156137,16594958442696156137,1,1,0,0,0,0,0,0
2,710,1,0.12895217301200834,1,1,8057407222669743007,8057407222669743007,1,1,0,0,0,0,0,0
2,711,2,0.27184234281846847,1,1,9452702881223064141,9452702881223064141,1,1,0,0,0,0,0,0
2,712,1,0.94927409522760242,0,0,9452702881223064141,9452702881223064141,1,1,0,0,0,0,0,0
2,713,6,0.7898853254500724,1,1,15746636093974198755,15746636093974198755,1,1,0,0,0,0,0,0
2,714,2,0.84178251688711314,1,1,6760776472996493041,6760776472996493041,1,1,0,0,0,0,0,0
2,715,5,0.29364714411628029,1,1,15746636093974198755,15746636093974198755,1,1,0,0,0,0,0,0
2,716,5,0.019425378961449968,1,1,6760776472996493041,6760776472996493041,1,1,0,0,0,0,0,0
2,717,1,0.51287709886860589,1,1,10372813846320169319,10372813846320169319,1,1,0,0,0,0,0,0
2,718,6,0.18039702177279865,1,1,16594958442696156137,16594958442696156137,1,1,0,0,0,0,0,0
2,719,2,0.97642726625736398,0,0,16594958442696156137,16594958442696156137,1,1,0,0,0,0,0,0
2,720,5,0.59307741212729059,1,1,8328609032179481123,8328609032179481123,1,1,0,0,0,0,0,0
2,721,5,0.42678334219515823,1,1,16594958442696156137,16594958442696156137,1,1,0,0,0,0,0,0
2,722,5,0.78710128797533174,1,1,8328609032179481123,8328609032179481123,1,1,0,0,0,0,0,0
2,723,5,0.79831828835529883,1,1,16594958442696156137,16594958442696156137,1,1,0,0,0,0,0,0
2,724,5,0.099909958952977565,1,1,8328609032179481123,8328609032179481123,1,1,0,0,0,0,0,0
2,725,1,0.63736852010180856,1,1,9452702881223064141,9452702881223064141,1,1,0,0,0,0,0,0
2,726,5,0.48156484809588107,1,1,8057407222669743007,8057407222669743007,1,1,0,0,0,0,0,0
2,727,1,0.43753569758883176,1,1,16594958442696156137,16594958442696156137,1,1,0,0,0,0,0,0
2,728,6,0.3502961299318112,1,1,10372813846320169319,10372813846320169319,1,1,0,0,0,0,0,0
2,729,1,0.90862767182483384,0,0,10372813846320169319,10372813846320169319,1,1,0,0,0,0,0,0
2,730,6,0.50214886335377862,1,1,16594958442696156137,16594958442696156137,1,1,0,0,0,0,0,0
2,731,6,0.27506649153837498,1,1,10372813846320169319,10372813846320169319,1,1,0,0,0,0,0,0
2,732,2,0.0015555913627274601,1,1,14018142408418167053,14018142408418167053,1,1,0,0,0,0,0,0
2,733,5,0.93275302736370136,0,0,14018142408418167053,14018142408418167053,1,1,0,0,0,0,0,0
2,734,1,0.28888219643742191,1,1,15746636093974198755,15746636093974198755,1,1,0,0,0,0,0,0
2,735,6,0.70081479401234825,1,1,9452702881223064141,9452702881223064141,1,1,0,0,0,0,0,0
2,736,2,0.97844011606781167,0,0,9452702881223064141,9452702881223064141,1,1,0,0,0,0,0,0
2,737,1,0.79966992739188281,1,1,8328609032179481123,8328609032179481123,1,1,0,0,0,0,0,0
2,738,1,0.5564033706636573,1,1,9452702881223064141,9452702881223064141,1,1,0,0,0,0,0,0
2,739,5,0.77422407103022384,1,1,8057407222669743007,8057407222669743007,1,1,0,0,0,0,0,0
2,740,5,0.47621041481026599,1,1,9452702881223064141,9452702881223064141,1,1,0,0,0,0,0,0
2,741,1,0.39495751870079288,1,1,8328609032179481123,8328609032179481123,1,1,0,0,0,0,0,0
2,742,6,0.21981835601586816,1,1,14018142408418167053,14018142408418167053,1,1,0,0,0,0,0,0
2,743,5,0.92275795961877771,0,0,14018142408418167053,14018142408418167053,1,1,0,0,0,0,0,0
2,744,6,0.68400843859804716,1,1,8328609032179481123,8328609032179481123,1,1,0,0,0,0,0,0
2,745,2,0.14706018775468946,1,1,16594958442696156137,16594958442696156137,1,1,0,0,0,0,0,0
2,746,2,0.67416407291990699,1,1,8328609032179481123,8328609032179481123,1,1,0,0,0,0,0,0
2,747,5,0.69587589213247592,1,1,16594958442696156137,16594958442696156137,1,1,0,0,0,0,0,0
2,748,6,0.58583032106626498,1,1,10372813846320169319,10372813846320169319,1,1,0,0,0,0,0,0
2,749,1,0.73813942141803768,1,1,6760776472996493041,6760776472996493041,1,1,0,0,0,0,0,0
2,750,1,0.31345558544848473,1,1,10372813846320169319,10372813846320169319,1,1,0,0,0,0,0,0
2,751,1,0.15180182186942626,1,1,6760776472996493041,6760776472996493041,1,1,0,0,0,0,0,0
2,752,2,0.99530465534933077,0,0,6760776472996493041,6760776472996493041,1,1,0,0,0,0,0,0
2,753,6,0.89937277414261285,1,1,8057407222669743007,8057407222669743007,1,1,0,0,0,0,0,0
2,754,6,0.89255641050754375,0,0,8057407222669743007,8057407222669743007,1,1,0,0,0,0,0,0
2,755,2,0.50276058313492955,1,1,9452702881223064141,9452702881223064141,1,1,0,0,0,0,0,0
2,756,1,0.10659521581088793,1,1,8328609032179481123,8328609032179481123,1,1,0,0,0,0,0,0
2,757,5,0.2296967357485992,1,1,16594958442696156137,16594958442696156137,1,1,0,0,0,0,0,0
2,758,6,0.72227348013694259,1,1,10372813846320169319,10372813846320169319,1,1,0,0,0,0,0,0
2,759,5,0.049970526755102551,1,1,14018142408418167053,14018142408418167053,1,1,0,0,0,0,0,0
2,760,1,0.24171719008388087,1,1,15746636093974198755,15746636093974198755,1,1,0,0,0,0,0,0
2,761,6,0.7201061733795745,1,1,9452702881223064141,9452702881223064141,1,1,0,0,0,0,0,0
2,762,5,0.7201266985650977,1,1,8057407222669743007,8057407222669743007,1,1,0,0,0,0,0,0
2,763,1,0.38573674576120398,1,1,16594958442696156137,16594958442696156137,1,1,0,0,0,0,0,0
2,764,2,0.40706855362184513,1,1,8328609032179481123,8328609032179481123,1,1,0,0,0,0,0,0
2,765,2,0.3652575596363814,1,1,16594958442696156137,16594958442696156137,1,1,0,0,0,0,0,0
2,766,2,0.68710936888377283,1,1,8328609032179481123,8328609032179481123,1,1,0,0,0,0,0,0
2,767,6,0.93897448013501084,1,1,14018142408418167053,14018142408418167053,1,1,0,0,0,0,0,0
2,768,1,0.77325851281570079,1,1,15746636093974198755,15746636093974198755,1,1,0,0,0,0,0,0
2,769,2,0.66515135009513571,1,1,6760776472996493041,6760776472996493041,1,1,0,0,0,0,0,0
2,770,6,0.068071328860746516,1,1,8057407222669743007,8057407222669743007,1,1,0,0,0,0,0,0
2,771,1,0.095572627588869974,1,1,16594958442696156137,16594958442696156137,1,1,0,0,0,0,0,0
2,772,6,0.86387368623464811,1,1,10372813846320169319,10372813846320169319,1,1,0,0,0,0,0,0
2,773,6,0.56741763006606039,1,1,16594958442696156137,16594958442696156137,1,1,0,0,0,0,0,0
2,774,5,0.10649090259192025,1,1,8328609032179481123,8328609032179481123,1,1,0,0,0,0,0,0
2,775,5,0.62246250486869414,1,1,16594958442696156137,16594958442696156137,1,1,0,0,0,0,0,0
2,776,6,0.91974003787666492,1,1,10372813846320169319,10372813846320169319,1,1,0,0,0,0,0,0
2,777,2,0.69126760953630839,1,1,14018142408418167053,14018142408418167053,1,1,0,0,0,0,0,0
2,778,2,0.44899037892393318,1,1,10372813846320169319,10372813846320169319,1,1,0,0,0,0,0,0
2,779,6,0.77258829779124749,0,0,10372813846320169319,10372813846320169319,1,1,0,0,0,0,0,0
2,780,2,0.77715925515601769,0,0,10372813846320169319,10372813846320169319,1,1,0,0,0,0,0,0
2,781,5,0.50934075951430968,1,1,14018142408418167053,14018142408418167053,1,1,0,0,0,0,0,0
2,782,2,0.4469426112446846,1,1,10372813846320169319,10372813846320169319,1,1,0,0,0,0,0,0
2,783,2,0.71090696400611486,1,1,14018142408418167053,14018142408418167053,1,1,0,0,0,0,0,0
2,784,1,0.87266042919589759,1,1,15746636093974198755,15746636093974198755,1,1,0,0,0,0,0,0
2,785,5,0.56782069903100041,1,1,6760776472996493041,6760776472996493041,1,1,0,0,0,0,0,0
2,786,6,0.58472573498978009,1,1,8057407222669743007,8057407222669743007,1,1,0,0,0,0,0,0
2,787,5,0.46080849976401694,1,1,9452702881223064141,9452702881223064141,1,1,0,0,0,0,0,0
2,788,2,0.9906036048193857,1,1,8057407222669743007,8057407222669743007,1,1,0,0,0,0,0,0
2,789,1,0.48214676689657704,1,1,16594958442696156137,16594958442696156137,1,1,0,0,0,0,0,0
2,790,2,0.53685896524145271,1,1,8328609032179481123,8328609032179481123,1,1,0,0,0,0,0,0
2,791,2,0.66692229697328576,1,1,16594958442696156137,16594958442696156137,1,1,0,0,0,0,0,0
2,792,2,0.52509350235890007,1,1,8328609032179481123,8328609032179481123,1,1,0,0,0,0,0,0
2,793,2,0.71202885934249316,1,1,16594958442696156137,16594958442696156137,1,1,0,0,0,0,0,0
2,794,6,0.20179926685184663,1,1,10372813846320169319,10372813846320169319,1,1,0,0,0,0,0,0
2,795,1,0.1158164227001429,1,1,6760776472996493041,6760776472996493041,1,1,0,0,0,0,0,0
2,796,5,0.16803636287731699,1,1,15746636093974198755,15746636093974198755,1,1,0,0,0,0,0,0
2,797,5,0.028151396749333694,1,1,6760776472996493041,6760776472996493041,1,1,0,0,0,0,0,0
2,798,1,0.70586826128023417,1,1,10372813846320169319,10372813846320169319,1,1,0,0,0,0,0,0
2,799,5,0.20080004948963329,1,1,14018142408418167053,14018142408418167053,1,1,0,0,0,0,0,0
2,800,6,0.2900904842570976,1,1,8328609032179481123,8328609032179481123,1,1,0,0,0,0,0,0
2,801,1,0.10032458563967095,1,1,9452702881223064141,9452702881223064141,1,1,0,0,0,0,0,0
2,802,2,0.33053989865146016,1,1,8057407222669743007,8057407222669743007,1,1,0,0,0,0,0,0
2,803,2,0.5136450537639603,1,1,9452702881223064141,9452702881223064141,1,1,0,0,0,0,0,0
2,804,6,0.74635629964714401,1,1,15746636093974198755,15746636093974198755,1,1,0,0,0,0,0,0
2,805,6,0.81660361817390281,1,1,9452702881223064141,9452702881223064141,1,1,0,0,0,0,0,0
2,806,6,0.54270311527957527,1,1,15746636093974198755,15746636093974198755,1,1,0,0,0,0,0,0
2,807,2,0.27529572863912649,1,1,6760776472996493041,6760776472996493041,1,1,0,0,0,0,0,0
2,808,2,0.99421329706880057,0,0,6760776472996493041,6760776472996493041,1,1,0,0,0,0,0,0
2,809,2,0.17693901518361629,1,1,15746636093974198755,15746636093974198755,1,1,0,0,0,0,0,0
2,810,6,0.66615869106508652,1,1,9452702881223064141,9452702881223064141,1,1,0,0,0,0,0,0
2,811,2,0.73395039574085397,1,1,8057407222669743007,8057407222669743007,1,1,0,0,0,0,0,0
2,812,1,0.66363303311157018,1,1,16594958442696156137,16594958442696156137,1,1,0,0,0,0,0,0
2,813,5,0.67912562310166014,1,1,8328609032179481123,8328609032179481123,1,1,0,0,0,0,0,0
2,814,5,0.76629449361204793,1,1,16594958442696156137,16594958442696156137,1,1,0,0,0,0,0,0
2,815,6,0.2115180561758338,1,1,10372813846320169319,10372813846320169319,1,1,0,0,0,0,0,0
2,816,2,0.089607802186483815,1,1,14018142408418167053,14018142408418167053,1,1,0,0,0,0,0,0
2,817,1,0.61049049785933995,1,1,15746636093974198755,15746636093974198755,1,1,0,0,0,0,0,0
2,818,1,0.19327841756434103,1,1,14018142408418167053,14018142408418167053,1,1,0,0,0,0,0,0
2,819,2,0.47603158648255617,1,1,10372813846320169319,10372813846320169319,1,1,0,0,0,0,0,0
2,820,5,0.78682317563894288,0,0,10372813846320169319,10372813846320169319,1,1,0,0,0,0,0,0
2,821,1,0.70670082699799663,1,1,6760776472996493041,6760776472996493041,1,1,0,0,0,0,0,0
2,822,1,0.45138794095664336,1,1,10372813846320169319,10372813846320169319,1,1,0,0,0,0,0,0
2,823,1,0.25303170020017846,1,1,6760776472996493041,6760776472996493041,1,1,0,0,0,0,0,0
2,824,2,0.30614347045225954,1,1,15746636093974198755,15746636093974198755,1,1,0,0,0,0,0,0
2,825,6,0.25694539524711002,1,1,9452702881223064141,9452702881223064141,1,1,0,0,0,0,0,0
2,826,2,0.14017504817171791,1,1,8057407222669743007,8057407222669743007,1,1,0,0,0,0,0,0
2,827,6,0.21131629598991811,1,1,6760776472996493041,6760776472996493041,1,1,0,0,0,0,0,0
2,828,2,0.81380298481608748,1,1,15746636093974198755,15746636093974198755,1,1,0,0,0,0,0,0
2,829,6,0.11100167841124724,1,1,9452702881223064141,9452702881223064141,1,1,0,0,0,0,0,0
2,830,5,0.028404787104645498,1,1,8057407222669743007,8057407222669743007,1,1,0,0,0,0,0,0
2,831,5,0.63260462058838796,1,1,9452702881223064141,9452702881223064141,1,1,0,0,0,0,0,0
2,832,1,0.86257994045651076,1,1,8328609032179481123,8328609032179481123,1,1,0,0,0,0,0,0
2,833,2,0.287292101678706,1,1,16594958442696156137,16594958442696156137,1,1,0,0,0,0,0,0
2,834,2,0.28037813251363042,1,1,8328609032179481123,8328609032179481123,1,1,0,0,0,0,0,0
2,835,5,0.60362180687337808,1,1,16594958442696156137,16594958442696156137,1,1,0,0,0,0,0,0
2,836,2,0.44005567223308645,1,1,8328609032179481123,8328609032179481123,1,1,0,0,0,0,0,0
2,837,6,0.054187179434645259,1,1,14018142408418167053,14018142408418167053,1,1,0,0,0,0,0,0
2,838,6,0.86543127057419411,1,1,8328609032179481123,8328609032179481123,1,1,0,0,0,0,0,0
2,839,5,0.46362236633696124,1,1,16594958442696156137,16594958442696156137,1,1,0,0,0,0,0,0
2,840,5,0.51832925252197726,1,1,8328609032179481123,8328609032179481123,1,1,0,0,0,0,0,0
2,841,6,0.31706912730134873,1,1,14018142408418167053,14018142408418167053,1,1,0,0,0,0,0,0
2,842,5,0.98855383315112211,1,1,10372813846320169319,10372813846320169319,1,1,0,0,0,0,0,0
2,843,6,0.55074443313708743,1,1,16594958442696156137,16594958442696156137,1,1,0,0,0,0,0,0
2,844,1,0.87611488782314373,0,0,16594958442696156137,16594958442696156137,1,1,0,0,0,0,0,0
2,845,5,0.83956025833597858,1,1,8328609032179481123,8328609032179481123,1,1,0,0,0,0,0,0
2,846,1,0.32516629285778254,1,1,9452702881223064141,9452702881223064141,1,1,0,0,0,0,0,0
2,847,6,0.15466039325913364,1,1,15746636093974198755,15746636093974198755,1,1,0,0,0,0,0,0
2,848,6,0.69623583797967192,1,1,9452702881223064141,9452702881223064141,1,1,0,0,0,0,0,0
2,849,6,0.50364877082311343,1,1,15746636093974198755,15746636093974198755,1,1,0,0,0,0,0,0
2,850,5,0.58168734932983546,1,1,6760776472996493041,6760776472996493041,1,1,0,0,0,0,0,0
2,851,5,0.82565266669224591,1,1,15746636093974198755,15746636093974198755,1,1,0,0,0,0,0,0
2,852,2,0.26685568973366436,1,1,6760776472996493041,6760776472996493041,1,1,0,0,0,0,0,0
2,853,2,0.35916058820402996,1,1,15746636093974198755,15746636093974198755,1,1,0,0,0,0,0,0
2,854,1,0.48811356398007444,1,1,14018142408418167053,14018142408418167053,1,1,0,0,0,0,0,0
2,855,6,0.38236428589604815,1,1,8328609032179481123,8328609032179481123,1,1,0,0,0,0,0,0
2,856,5,0.081284893950347173,1,1,16594958442696156137,16594958442696156137,1,1,0,0,0,0,0,0
2,857,2,0.98434771562587509,0,0,16594958442696156137,16594958442696156137,1,1,0,0,0,0,0,0
2,858,6,0.48628589413696172,1,1,10372813846320169319,10372813846320169319,1,1,0,0,0,0,0,0
2,859,2,0.93886218787220121,0,0,10372813846320169319,10372813846320169319,1,1,0,0,0,0,0,0
2,860,2,0.84094329726742179,0,0,10372813846320169319,10372813846320169319,1,1,0,0,0,0,0,0
2,861,1,0.30641293851212126,1,1,6760776472996493041,6760776472996493041,1,1,0,0,0,0,0,0
2,862,5,0.7636383450879789,1,1,15746636093974198755,15746636093974198755,1,1,0,0,0,0,0,0
2,863,2,0.42155833326454623,1,1,6760776472996493041,6760776472996493041,1,1,0,0,0,0,0,0
2,864,6,0.15158877884247871,1,1,8057407222669743007,8057407222669743007,1,1,0,0,0,0,0,0
2,865,1,0.52171484271746693,1,1,16594958442696156137,16594958442696156137,1,1,0,0,0,0,0,0
2,866,6,0.46296799722943166,1,1,10372813846320169319,10372813846320169319,1,1,0,0,0,0,0,0
2,867,5,0.32989487976044995,1,1,14018142408418167053,14018142408418167053,1,1,0,0,0,0,0,0
2,868,5,0.15659552327048767,1,1,10372813846320169319,10372813846320169319,1,1,0,0,0,0,0,0
2,869,6,0.97912360541454746,1,1,16594958442696156137,16594958442696156137,1,1,0,0,0,0,0,0
2,870,6,0.96243053572035875,0,0,16594958442696156137,16594958442696156137,1,1,0,0,0,0,0,0
2,871,2,0.66766016236401537,1,1,8328609032179481123,8328609032179481123,1,1,0,0,0,0,0,0
2,872,5,0.9916195001890159,1,1,16594958442696156137,16594958442696156137,1,1,0,0,0,0,0,0
2,873,2,0.71868653319445652,1,1,8328609032179481123,8328609032179481123,1,1,0,0,0,0,0,0
2,874,5,0.90514741978398494,1,1,16594958442696156137,16594958442696156137,1,1,0,0,0,0,0,0
2,875,6,0.82950006628699624,1,1,10372813846320169319,10372813846320169319,1,1,0,0,0,0,0,0
2,876,5,0.94304396561171322,1,1,14018142408418167053,14018142408418167053,1,1,0,0,0,0,0,0
2,877,2,0.28743938000892066,1,1,10372813846320169319,10372813846320169319,1,1,0,0,0,0,0,0
2,878,6,0.69186455371094169,1,1,16594958442696156137,16594958442696156137,1,1,0,0,0,0,0,0
2,879,6,0.53859399935397023,1,1,10372813846320169319,10372813846320169319,1,1,0,0,0,0,0,0
2,880,5,0.86591372610259243,0,0,10372813846320169319,10372813846320169319,1,1,0,0,0,0,0,0
2,881,6,0.09531803863076091,1,1,16594958442696156137,16594958442696156137,1,1,0,0,0,0,0,0
2,882,5,0.93771750624144434,0,0,16594958442696156137,16594958442696156137,1,1,0,0,0,0,0,0
2,883,1,0.089875917245789333,1,1,8057407222669743007,8057407222669743007,1,1,0,0,0,0,0,0
2,884,5,0.69803555458996391,1,1,9452702881223064141,9452702881223064141,1,1,0,0,0,0,0,0
2,885,2,0.85571693842985741,1,1,8057407222669743007,8057407222669743007,1,1,0,0,0,0,0,0
2,886,1,0.78892402864824851,0,0,8057407222669743007,8057407222669743007,1,1,0,0,0,0,0,0
2,887,6,0.3586894333289411,1,1,6760776472996493041,6760776472996493041,1,1,0,0,0,0,0,0
2,888,6,0.80750304601934431,1,1,8057407222669743007,8057407222669743007,1,1,0,0,0,0,0,0
2,889,2,0.93276974156787085,0,0,8057407222669743007,8057407222669743007,1,1,0,0,0,0,0,0
2,890,2,0.74566545659662753,0,0,8057407222669743007,8057407222669743007,1,1,0,0,0,0,0,0
2,891,2,0.25404575799029666,1,1,9452702881223064141,9452702881223064141,1,1,0,0,0,0,0,0
2,892,1,0.96614116875101719,0,0,9452702881223064141,9452702881223064141,1,1,0,0,0,0,0,0
2,893,6,0.75739884698239646,1,1,15746636093974198755,15746636093974198755,1,1,0,0,0,0,0,0
2,894,1,0.79299923070948475,1,1,14018142408418167053,14018142408418167053,1,1,0,0,0,0,0,0
2,895,5,0.38611905510554706,1,1,10372813846320169319,10372813846320169319,1,1,0,0,0,0,0,0
2,896,6,0.32544586526639863,1,1,16594958442696156137,16594958442696156137,1,1,0,0,0,0,0,0
2,897,1,0.51931701816460119,1,1,8057407222669743007,8057407222669743007,1,1,0,0,0,0,0,0
2,898,1,0.32118310643981735,1,1,16594958442696156137,16594958442696156137,1,1,0,0,0,0,0,0
2,899,1,0.36299380598580172,1,1,8057407222669743007,8057407222669743007,1,1,0,0,0,0,0,0
2,900,5,0.72720921705129049,1,1,9452702881223064141,9452702881223064141,1,1,0,0,0,0,0,0
2,901,1,0.045882697160964679,1,1,8328609032179481123,8328609032179481123,1,1,0,0,0,0,0,0
2,902,6,0.65341955338633129,1,1,14018142408418167053,14018142408418167053,1,1,0,0,0,0,0,0
2,903,1,0.95045834057842571,0,0,14018142408418167053,14018142408418167053,1,1,0,0,0,0,0,0
2,904,5,0.44112560439243231,1,1,10372813846320169319,10372813846320169319,1,1,0,0,0,0,0,0
2,905,6,0.57215545412945346,1,1,16594958442696156137,16594958442696156137,1,1,0,0,0,0,0,0
2,906,6,0.98808638857088826,1,1,10372813846320169319,10372813846320169319,1,1,0,0,0,0,0,0
2,907,1,0.19685882476365288,1,1,6760776472996493041,6760776472996493041,1,1,0,0,0,0,0,0
2,908,1,0.88228424777106051,1,1,10372813846320169319,10372813846320169319,1,1,0,0,0,0,0,0
2,909,6,0.11979766739273813,1,1,16594958442696156137,16594958442696156137,1,1,0,0,0,0,0,0
2,910,2,0.99716804224266242,0,0,16594958442696156137,16594958442696156137,1,1,0,0,0,0,0,0
2,911,6,0.82139175931865072,1,1,10372813846320169319,10372813846320169319,1,1,0,0,0,0,0,0
2,912,2,0.49267655561990087,1,1,14018142408418167053,14018142408418167053,1,1,0,0,0,0,0,0
2,913,2,0.8370887862168821,1,1,10372813846320169319,10372813846320169319,1,1,0,0,0,0,0,0
2,914,1,0.048933014484037439,1,1,6760776472996493041,6760776472996493041,1,1,0,0,0,0,0,0
2,915,2,0.35515325304248196,1,1,15746636093974198755,15746636093974198755,1,1,0,0,0,0,0,0
2,916,1,0.72329589173086173,1,1,14018142408418167053,14018142408418167053,1,1,0,0,0,0,0,0
2,917,6,0.72970785629364687,1,1,8328609032179481123,8328609032179481123,1,1,0,0,0,0,0,0
2,918,5,0.40327946568286632,1,1,16594958442696156137,16594958442696156137,1,1,0,0,0,0,0,0
2,919,1,0.37329936896217925,1,1,8057407222669743007,8057407222669743007,1,1,0,0,0,0,0,0
2,920,5,0.70156528388733863,1,1,9452702881223064141,9452702881223064141,1,1,0,0,0,0,0,0
2,921,2,0.55129459805527026,1,1,8057407222669743007,8057407222669743007,1,1,0,0,0,0,0,0
2,922,5,0.6700770020201996,1,1,9452702881223064141,9452702881223064141,1,1,0,0,0,0,0,0
2,923,5,0.14220630808498219,1,1,8057407222669743007,8057407222669743007,1,1,0,0,0,0,0,0
2,924,5,0.077337476857984713,1,1,9452702881223064141,9452702881223064141,1,1,0,0,0,0,0,0
2,925,6,0.85892453080365028,1,1,15746636093974198755,15746636093974198755,1,1,0,0,0,0,0,0
2,926,1,0.59270835645128173,1,1,14018142408418167053,14018142408418167053,1,1,0,0,0,0,0,0
2,927,6,0.34645916621787926,1,1,8328609032179481123,8328609032179481123,1,1,0,0,0,0,0,0
2,928,6,0.19852196395862917,1,1,14018142408418167053,14018142408418167053,1,1,0,0,0,0,0,0
2,929,1,0.81728617278012961,1,1,15746636093974198755,15746636093974198755,1,1,0,0,0,0,0,0
2,930,5,0.39555897910886473,1,1,6760776472996493041,6760776472996493041,1,1,0,0,0,0,0,0
2,931,2,0.83872080246739045,1,1,15746636093974198755,15746636093974198755,1,1,0,0,0,0,0,0
2,932,5,0.75092407130292405,1,1,6760776472996493041,6760776472996493041,1,1,0,0,0,0,0,0
2,933,5,0.00062812464158310943,1,1,15746636093974198755,15746636093974198755,1,1,0,0,0,0,0,0
2,934,5,0.063439465740006015,1,1,6760776472996493041,6760776472996493041,1,1,0,0,0,0,0,0
2,935,5,0.078027341247991447,1,1,15746636093974198755,15746636093974198755,1,1,0,0,0,0,0,0
2,936,6,0.62567551746751526,1,1,9452702881223064141,9452702881223064141,1,1,0,0,0,0,0,0
2,937,5,0.8025627065708657,1,1,8057407222669743007,8057407222669743007,1,1,0,0,0,0,0,0
2,938,6,0.18917204357555253,1,1,6760776472996493041,6760776472996493041,1,1,0,0,0,0,0,0
2,939,6,0.11559482642737845,1,1,8057407222669743007,8057407222669743007,1,1,0,0,0,0,0,0
2,940,5,0.82254358937310856,0,0,8057407222669743007,8057407222669743007,1,1,0,0,0,0,0,0
2,941,1,0.97047920362447238,0,0,8057407222669743007,8057407222669743007,1,1,0,0,0,0,0,0
2,942,5,0.44921701855186125,1,1,9452702881223064141,9452702881223064141,1,1,0,0,0,0,0,0
2,943,2,0.33239819828343936,1,1,8057407222669743007,8057407222669743007,1,1,0,0,0,0,0,0
2,944,1,0.49446013026740798,1,1,16594958442696156137,16594958442696156137,1,1,0,0,0,0,0,0
2,945,5,0.35727535424939882,1,1,8328609032179481123,8328609032179481123,1,1,0,0,0,0,0,0
2,946,5,0.55903249132434318,1,1,16594958442696156137,16594958442696156137,1,1,0,0,0,0,0,0
2,947,6,0.39297168166284535,1,1,10372813846320169319,10372813846320169319,1,1,0,0,0,0,0,0
2,948,1,0.31680502074390088,1,1,6760776472996493041,6760776472996493041,1,1,0,0,0,0,0,0
2,949,2,0.4691644620403837,1,1,15746636093974198755,15746636093974198755,1,1,0,0,0,0,0,0
2,950,1,0.98089687851874208,1,1,14018142408418167053,14018142408418167053,1,1,0,0,0,0,0,0
2,951,6,0.82460938775976056,1,1,8328609032179481123,8328609032179481123,1,1,0,0,0,0,0,0
2,952,5,0.96617186519375375,1,1,16594958442696156137,16594958442696156137,1,1,0,0,0,0,0,0
2,953,1,0.060229720935678653,1,1,8057407222669743007,8057407222669743007,1,1,0,0,0,0,0,0
2,954,2,0.46193932464050907,1,1,9452702881223064141,9452702881223064141,1,1,0,0,0,0,0,0
2,955,1,0.21745756708707226,1,1,8328609032179481123,8328609032179481123,1,1,0,0,0,0,0,0
2,956,1,0.40130305295803093,1,1,9452702881223064141,9452702881223064141,1,1,0,0,0,0,0,0
2,957,1,0.74713392322756789,1,1,8328609032179481123,8328609032179481123,1,1,0,0,0,0,0,0
2,958,1,0.086687612935992239,1,1,9452702881223064141,9452702881223064141,1,1,0,0,0,0,0,0
2,959,1,0.17892224237959173,1,1,8328609032179481123,8328609032179481123,1,1,0,0,0,0,0,0
2,960,1,0.71498872283124271,1,1,9452702881223064141,9452702881223064141,1,1,0,0,0,0,0,0
2,961,1,0.25947843522143554,1,1,8328609032179481123,8328609032179481123,1,1,0,0,0,0,0,0
2,962,5,0.12066253685301979,1,1,16594958442696156137,16594958442696156137,1,1,0,0,0,0,0,0
2,963,5,0.98266125657038383,0,0,16594958442696156137,16594958442696156137,1,1,0,0,0,0,0,0
2,964,1,0.12919589840131276,1,1,8057407222669743007,8057407222669743007,1,1,0,0,0,0,0,0
2,965,1,0.3723457061612398,1,1,16594958442696156137,16594958442696156137,1,1,0,0,0,0,0,0
2,966,6,0.055171672649845474,1,1,10372813846320169319,10372813846320169319,1,1,0,0,0,0,0,0
2,967,2,0.49192284059569186,1,1,14018142408418167053,14018142408418167053,1,1,0,0,0,0,0,0
2,968,1,0.45534806956502283,1,1,15746636093974198755,15746636093974198755,1,1,0,0,0,0,0,0
2,969,2,0.15635037934474991,1,1,6760776472996493041,6760776472996493041,1,1,0,0,0,0,0,0
2,970,1,0.3627485800508029,1,1,10372813846320169319,10372813846320169319,1,1,0,0,0,0,0,0
2,971,6,0.8044005977412072,0,0,10372813846320169319,10372813846320169319,1,1,0,0,0,0,0,0
2,972,2,0.81486236349413688,0,0,10372813846320169319,10372813846320169319,1,1,0,0,0,0,0,0
2,973,5,0.85386913375103168,0,0,10372813846320169319,10372813846320169319,1,1,0,0,0,0,0,0
2,974,6,0.98272589552338629,0,0,10372813846320169319,10372813846320169319,1,1,0,0,0,0,0,0
2,975,2,0.14749723092744305,1,1,14018142408418167053,14018142408418167053,1,1,0,0,0,0,0,0
2,976,5,0.28109115440667043,1,1,10372813846320169319,10372813846320169319,1,1,0,0,0,0,0,0
2,977,1,0.94699033667182642,1,1,6760776472996493041,6760776472996493041,1,1,0,0,0,0,0,0
2,978,6,0.37177841086183172,1,1,8057407222669743007,8057407222669743007,1,1,0,0,0,0,0,0
2,979,2,0.10360241687426487,1,1,9452702881223064141,9452702881223064141,1,1,0,0,0,0,0,0
2,980,1,0.81812329578055765,1,1,8328609032179481123,8328609032179481123,1,1,0,0,0,0,0,0
2,981,5,0.19204099328460941,1,1,16594958442696156137,16594958442696156137,1,1,0,0,0,0,0,0
2,982,6,0.62393503410189755,1,1,10372813846320169319,10372813846320169319,1,1,0,0,0,0,0,0
2,983,5,0.45733169096629306,1,1,14018142408418167053,14018142408418167053,1,1,0,0,0,0,0,0
2,984,5,0.66438873648301278,1,1,10372813846320169319,10372813846320169319,1,1,0,0,0,0,0,0
2,985,6,0.21564255509500105,1,1,16594958442696156137,16594958442696156137,1,1,0,0,0,0,0,0
2,986,1,0.18075429024788561,1,1,8057407222669743007,8057407222669743007,1,1,0,0,0,0,0,0
2,987,5,0.79756424601969944,1,1,9452702881223064141,9452702881223064141,1,1,0,0,0,0,0,0
2,988,6,0.30326529540045305,1,1,15746636093974198755,15746636093974198755,1,1,0,0,0,0,0,0
2,989,6,0.31946729648532757,1,1,9452702881223064141,9452702881223064141,1,1,0,0,0,0,0,0
2,990,1,0.23969733449549224,1,1,8328609032179481123,8328609032179481123,1,1,0,0,0,0,0,0
2,991,6,0.47440531170393185,1,1,14018142408418167053,14018142408418167053,1,1,0,0,0,0,0,0
2,992,1,0.84777939069272967,1,1,15746636093974198755,15746636093974198755,1,1,0,0,0,0,0,0
2,993,2,0.024056253554088171,1,1,6760776472996493041,6760776472996493041,1,1,0,0,0,0,0,0
2,994,5,0.96589741888459502,0,0,6760776472996493041,6760776472996493041,1,1,0,0,0,0,0,0
2,995,6,0.98489701481229752,1,1,8057407222669743007,8057407222669743007,1,1,0,0,0,0,0,0
2,996,5,0.8590329746741362,0,0,8057407222669743007,8057407222669743007,1,1,0,0,0,0,0,0
2,997,6,0.27228928473927222,1,1,6760776472996493041,6760776472996493041,1,1,0,0,0,0,0,0
2,998,6,0.35387145094924194,1,1,8057407222669743007,8057407222669743007,1,1,0,0,0,0,0,0
2,999,2,0.14731498886432334,1,1,9452702881223064141,9452702881223064141,1,1,0,0,0,0,0,0
4,0,8,0.4296445938839108,1,1,7183508471783135985,7183508471783135985,1,1,0,0,0,0,0,0
4,1,3,0.15669578948254301,1,1,1237489757887272319,1237489757887272319,1,1,0,0,0,0,0,0
4,2,8,0.25632481985091266,1,1,11002233109305616737,11002233109305616737,1,1,0,0,0,0,0,0
4,3,2,0.32443893330088336,1,1,3219704462631363439,3219704462631363439,1,1,0,0,0,0,0,0
4,4,7,0.65972453189479974,1,1,10382359413315590709,10382359413315590709,1,1,0,0,0,0,0,0
4,5,6,0.24614823180000481,1,1,3219704462631363439,3219704462631363439,1,1,0,0,0,0,0,0
4,6,6,0.97438808591562465,0,0,3219704462631363439,3219704462631363439,1,1,0,0,0,0,0,0
4,7,8,0.42993331183359235,1,1,7183508471783135985,7183508471783135985,1,1,0,0,0,0,0,0
4,8,6,0.56692006633056569,1,1,2169044916910194667,2169044916910194667,1,1,0,0,0,0,0,0
4,9,7,0.27662784230676124,1,1,7183508471783135985,7183508471783135985,1,1,0,0,0,0,0,0
4,10,7,0.77492212800619398,0,0,7183508471783135985,7183508471783135985,1,1,0,0,0,0,0,0
4,11,8,0.22665494550925741,1,1,3219704462631363439,3219704462631363439,1,1,0,0,0,0,0,0
4,12,2,0.66189921408059049,1,1,11002233109305616737,11002233109305616737,1,1,0,0,0,0,0,0
4,13,1,0.47432017486129863,1,1,16693991032587868299,16693991032587868299,1,1,0,0,0,0,0,0
4,14,2,0.89755982433934667,0,0,16693991032587868299,16693991032587868299,1,1,0,0,0,0,0,0
4,15,1,0.21934248398863146,1,1,11002233109305616737,11002233109305616737,1,1,0,0,0,0,0,0
4,16,7,0.89803026708557687,0,0,11002233109305616737,11002233109305616737,1,1,0,0,0,0,0,0
4,17,1,0.52057545877108424,1,1,16693991032587868299,16693991032587868299,1,1,0,0,0,0,0,0
4,18,8,0.47716729245435352,1,1,18037322958414427413,18037322958414427413,1,1,0,0,0,0,0,0
4,19,6,0.83198048404265024,1,1,13268626734905361287,13268626734905361287,1,1,0,0,0,0,0,0
4,20,1,0.7061457643621023,1,1,17151402702690075293,17151402702690075293,1,1,0,0,0,0,0,0
4,21,3,0.1609690095313176,1,1,2169044916910194667,2169044916910194667,1,1,0,0,0,0,0,0
4,22,6,0.56588771738863985,1,1,7183508471783135985,7183508471783135985,1,1,0,0,0,0,0,0
4,23,2,0.21798631478245598,1,1,1237489757887272319,1237489757887272319,1,1,0,0,0,0,0,0
4,24,3,0.86902184641513591,1,1,7183508471783135985,7183508471783135985,1,1,0,0,0,0,0,0
4,25,6,0.32436121411354951,1,1,2169044916910194667,2169044916910194667,1,1,0,0,0,0,0,0
4,26,6,0.061879599108489641,1,1,7183508471783135985,7183508471783135985,1,1,0,0,0,0,0,0
4,27,3,0.91770468491232038,0,0,7183508471783135985,7183508471783135985,1,1,0,0,0,0,0,0
4,28,2,0.25037177776846564,1,1,1237489757887272319,1237489757887272319,1,1,0,0,0,0,0,0
4,29,8,0.62566496072885347,1,1,11002233109305616737,11002233109305616737,1,1,0,0,0,0,0,0
4,30,8,0.9422623817326935,0,0,11002233109305616737,11002233109305616737,1,1,0,0,0,0,0,0
4,31,2,0.81595268423567135,0,0,11002233109305616737,11002233109305616737,1,1,0,0,0,0,0,0
4,32,1,0.013983510446516677,1,1,16693991032587868299,16693991032587868299,1,1,0,0,0,0,0,0
4,33,3,0.13456869128981172,1,1,3816093543505886853,3816093543505886853,1,1,0,0,0,0,0,0
4,34,8,0.13457628564673485,1,1,15639091434731188379,15639091434731188379,1,1,0,0,0,0,0,0
4,35,1,0.84875647757448092,1,1,7183508471783135985,7183508471783135985,1,1,0,0,0,0,0,0
4,36,8,0.93247565204869398,1,1,3219704462631363439,3219704462631363439,1,1,0,0,0,0,0,0
4,37,8,0.24488154732969844,1,1,7183508471783135985,7183508471783135985,1,1,0,0,0,0,0,0
4,38,2,0.61123734014142661,1,1,1237489757887272319,1237489757887272319,1,1,0,0,0,0,0,0
4,39,7,0.91200216500247988,0,0,1237489757887272319,1237489757887272319,1,1,0,0,0,0,0,0
4,40,2,0.077136288195685465,1,1,7183508471783135985,7183508471783135985,1,1,0,0,0,0,0,0
4,41,1,0.84664026670536396,1,1,15639091434731188379,15639091434731188379,1,1,0,0,0,0,0,0
4,42,7,0.76137164754530229,0,0,15639091434731188379,15639091434731188379,1,1,0,0,0,0,0,0
4,43,1,0.75974091759367923,1,1,7183508471783135985,7183508471783135985,1,1,0,0,0,0,0,0
4,44,1,0.27840801913507862,1,1,15639091434731188379,15639091434731188379,1,1,0,0,0,0,0,0
4,45,2,0.88680827310892318,0,0,15639091434731188379,15639091434731188379,1,1,0,0,0,0,0,0
4,46,8,0.69347965198961448,1,1,3816093543505886853,3816093543505886853,1,1,0,0,0,0,0,0
4,47,8,0.22623917653987261,1,1,15639091434731188379,15639091434731188379,1,1,0,0,0,0,0,0
4,48,8,0.15470801177986282,1,1,3816093543505886853,3816093543505886853,1,1,0,0,0,0,0,0
4,49,1,0.63622713342022064,1,1,3219704462631363439,3219704462631363439,1,1,0,0,0,0,0,0
4,50,8,0.66789963160408272,1,1,7183508471783135985,7183508471783135985,1,1,0,0,0,0,0,0
4,51,6,0.71479455011589521,1,1,2169044916910194667,2169044916910194667,1,1,0,0,0,0,0,0
4,52,6,0.11838930594145994,1,1,7183508471783135985,7183508471783135985,1,1,0,0,0,0,0,0
4,53,8,0.83210559156941233,1,1,3219704462631363439,3219704462631363439,1,1,0,0,0,0,0,0
4,54,7,0.69763715623408462,1,1,10382359413315590709,10382359413315590709,1,1,0,0,0,0,0,0
4,55,6,0.40331770602500999,1,1,3219704462631363439,3219704462631363439,1,1,0,0,0,0,0,0
4,56,8,0.14765743853587454,1,1,7183508471783135985,7183508471783135985,1,1,0,0,0,0,0,0
4,57,2,0.37623356138519537,1,1,1237489757887272319,1237489757887272319,1,1,0,0,0,0,0,0
4,58,8,0.92232659191068289,1,1,11002233109305616737,11002233109305616737,1,1,0,0,0,0,0,0
4,59,2,0.89917530312416349,1,1,3219704462631363439,3219704462631363439,1,1,0,0,0,0,0,0
4,60,1,0.92940059694262933,1,1,3816093543505886853,3816093543505886853,1,1,0,0,0,0,0,0
4,61,1,0.20426136367329459,1,1,3219704462631363439,3219704462631363439,1,1,0,0,0,0,0,0
4,62,1,0.94142333950269097,1,1,3816093543505886853,3816093543505886853,1,1,0,0,0,0,0,0
4,63,1,0.82752918418437826,0,0,3816093543505886853,3816093543505886853,1,1,0,0,0,0,0,0
4,64,6,0.97993591569703875,0,0,3816093543505886853,3816093543505886853,1,1,0,0,0,0,0,0
4,65,2,0.51341975038670939,1,1,16693991032587868299,16693991032587868299,1,1,0,0,0,0,0,0
4,66,8,0.44313214438883075,1,1,18037322958414427413,18037322958414427413,1,1,0,0,0,0,0,0
4,67,7,0.92903876124402285,1,1,13268626734905361287,13268626734905361287,1,1,0,0,0,0,0,0
4,68,6,0.18446396408335777,1,1,18037322958414427413,18037322958414427413,1,1,0,0,0,0,0,0
4,69,7,0.49044321027782478,1,1,13268626734905361287,13268626734905361287,1,1,0,0,0,0,0,0
4,70,8,0.12074301340198287,1,1,8839967791199184345,8839967791199184345,1,1,0,0,0,0,0,0
4,71,2,0.60595971128554382,1,1,17753116489191708831,17753116489191708831,1,1,0,0,0,0,0,0
4,72,1,0.86794962449169799,0,0,17753116489191708831,17753116489191708831,1,1,0,0,0,0,0,0
4,73,3,0.11294706915239101,1,1,8839967791199184345,8839967791199184345,1,1,0,0,0,0,0,0
4,74,8,0.57726467039939888,1,1,13268626734905361287,13268626734905361287,1,1,0,0,0,0,0,0
4,75,2,0.71792736580320382,1,1,4608747164479310401,4608747164479310401,1,1,0,0,0,0,0,0
4,76,7,0.0072416597551111864,1,1,15639091434731188379,15639091434731188379,1,1,0,0,0,0,0,0
4,77,2,0.48339939883592542,1,1,18037322958414427413,18037322958414427413,1,1,0,0,0,0,0,0
4,78,6,0.45903103754558539,1,1,13268626734905361287,13268626734905361287,1,1,0,0,0,0,0,0
4,79,3,0.031532372243271246,1,1,4608747164479310401,4608747164479310401,1,1,0,0,0,0,0,0
4,80,1,0.17898571875925054,1,1,2169044916910194667,2169044916910194667,1,1,0,0,0,0,0,0
4,81,6,0.026622111692035592,1,1,7183508471783135985,7183508471783135985,1,1,0,0,0,0,0,0
4,82,6,0.95799120469872256,1,1,2169044916910194667,2169044916910194667,1,1,0,0,0,0,0,0
4,83,8,0.95968808133469086,1,1,10382359413315590709,10382359413315590709,1,1,0,0,0,0,0,0
4,84,3,0.62592323153901541,1,1,12868287706271536899,12868287706271536899,1,1,0,0,0,0,0,0
4,85,7,0.41711077260645651,1,1,11002233109305616737,11002233109305616737,1,1,0,0,0,0,0,0
4,86,3,0.12144314613832194,1,1,3219704462631363439,3219704462631363439,1,1,0,0,0,0,0,0
4,87,8,0.32385599772773943,1,1,7183508471783135985,7183508471783135985,1,1,0,0,0,0,0,0
4,88,6,0.67094890023304854,1,1,2169044916910194667,2169044916910194667,1,1,0,0,0,0,0,0
4,89,2,0.1035356550172041,1,1,17151402702690075293,17151402702690075293,1,1,0,0,0,0,0,0
4,90,2,0.95890909837508909,1,1,2169044916910194667,2169044916910194667,1,1,0,0,0,0,0,0
4,91,1,0.34138082436633166,1,1,4608747164479310401,4608747164479310401,1,1,0,0,0,0,0,0
4,92,8,0.57930127172982482,1,1,17753116489191708831,17753116489191708831,1,1,0,0,0,0,0,0
4,93,1,0.13969326297042428,1,1,10382359413315590709,10382359413315590709,1,1,0,0,0,0,0,0
4,94,6,0.68624927104248512,1,1,3219704462631363439,3219704462631363439,1,1,0,0,0,0,0,0
4,95,3,0.99138456140438269,1,1,11002233109305616737,11002233109305616737,1,1,0,0,0,0,0,0
4,96,8,0.32576494253930016,1,1,1237489757887272319,1237489757887272319,1,1,0,0,0,0,0,0
4,97,2,0.56070348546323034,1,1,7183508471783135985,7183508471783135985,1,1,0,0,0,0,0,0
4,98,7,0.70848400752626728,1,1,2169044916910194667,2169044916910194667,1,1,0,0,0,0,0,0
4,99,2,0.27136788724777477,1,1,17151402702690075293,17151402702690075293,1,1,0,0,0,0,0,0
4,100,1,0.59156777562049778,1,1,13268626734905361287,13268626734905361287,1,1,0,0,0,0,0,0
4,101,7,0.48925920987407878,1,1,18037322958414427413,18037322958414427413,1,1,0,0,0,0,0,0
4,102,7,0.84831602191227373,1,1,13268626734905361287,13268626734905361287,1,1,0,0,0,0,0,0
4,103,7,0.82156100185332859,0,0,13268626734905361287,13268626734905361287,1,1,0,0,0,0,0,0
4,104,6,0.91792313917400525,0,0,13268626734905361287,13268626734905361287,1,1,0,0,0,0,0,0
4,105,7,0.43233693822241492,1,1,18037322958414427413,18037322958414427413,1,1,0,0,0,0,0,0
4,106,1,0.5559824526868723,1,1,1237489757887272319,1237489757887272319,1,1,0,0,0,0,0,0
4,107,2,0.64674877569191169,1,1,7183508471783135985,7183508471783135985,1,1,0,0,0,0,0,0
4,108,7,0.11632128155457279,1,1,2169044916910194667,2169044916910194667,1,1,0,0,0,0,0,0
4,109,3,0.68405796865234891,1,1,17151402702690075293,17151402702690075293,1,1,0,0,0,0,0,0
4,110,2,0.061446378819722258,1,1,2169044916910194667,2169044916910194667,1,1,0,0,0,0,0,0
4,111,7,0.066955013854034739,1,1,7183508471783135985,7183508471783135985,1,1,0,0,0,0,0,0
4,112,6,0.64069759167807094,1,1,2169044916910194667,2169044916910194667,1,1,0,0,0,0,0,0
4,113,6,0.065789272702119345,1,1,7183508471783135985,7183508471783135985,1,1,0,0,0,0,0,0
4,114,6,0.8270928563858897,0,0,7183508471783135985,7183508471783135985,1,1,0,0,0,0,0,0
4,115,7,0.28204594217297574,1,1,2169044916910194667,2169044916910194667,1,1,0,0,0,0,0,0
4,116,6,0.17698077508425905,1,1,7183508471783135985,7183508471783135985,1,1,0,0,0,0,0,0
4,117,6,0.76691167042789621,1,1,2169044916910194667,2169044916910194667,1,1,0,0,0,0,0,0
4,118,3,0.29460081776758151,1,1,17151402702690075293,17151402702690075293,1,1,0,0,0,0,0,0
4,119,6,0.26999962306667741,1,1,1237489757887272319,1237489757887272319,1,1,0,0,0,0,0,0
4,120,7,0.7370837539853764,0,0,1237489757887272319,1237489757887272319,1,1,0,0,0,0,0,0
4,121,2,0.99991599166877843,0,0,1237489757887272319,1237489757887272319,1,1,0,0,0,0,0,0
4,122,8,0.61681841226528367,1,1,11002233109305616737,11002233109305616737,1,1,0,0,0,0,0,0
4,123,2,0.080183020219467438,1,1,3219704462631363439,3219704462631363439,1,1,0,0,0,0,0,0
4,124,3,0.52279246623918008,1,1,11002233109305616737,11002233109305616737,1,1,0,0,0,0,0,0
4,125,2,0.42278826416670195,1,1,3219704462631363439,3219704462631363439,1,1,0,0,0,0,0,0
4,126,1,0.60183330861773121,1,1,3816093543505886853,3816093543505886853,1,1,0,0,0,0,0,0
4,127,7,0.42553041531358399,1,1,17753116489191708831,17753116489191708831,1,1,0,0,0,0,0,0
4,128,8,0.34177173817535994,1,1,4608747164479310401,4608747164479310401,1,1,0,0,0,0,0,0
4,129,7,0.53392126193024869,1,1,15639091434731188379,15639091434731188379,1,1,0,0,0,0,0,0
4,130,8,0.72550619722177201,1,1,3816093543505886853,3816093543505886853,1,1,0,0,0,0,0,0
4,131,3,0.14777478889903925,1,1,16693991032587868299,16693991032587868299,1,1,0,0,0,0,0,0
4,132,6,0.33700534136500138,1,1,8839967791199184345,8839967791199184345,1,1,0,0,0,0,0,0
4,133,2,0.79204691863041676,1,1,17753116489191708831,17753116489191708831,1,1,0,0,0,0,0,0
4,134,3,0.92530767944888137,0,0,17753116489191708831,17753116489191708831,1,1,0,0,0,0,0,0
4,135,2,0.21239429108413094,1,1,8839967791199184345,8839967791199184345,1,1,0,0,0,0,0,0
4,136,2,0.42341835276427248,1,1,17753116489191708831,17753116489191708831,1,1,0,0,0,0,0,0
4,137,8,0.086741057608096889,1,1,4608747164479310401,4608747164479310401,1,1,0,0,0,0,0,0
4,138,8,0.60907793116783571,1,1,17753116489191708831,17753116489191708831,1,1,0,0,0,0,0,0
4,139,6,0.10150474548444065,1,1,3816093543505886853,3816093543505886853,1,1,0,0,0,0,0,0
4,140,3,0.38441570519837159,1,1,16693991032587868299,16693991032587868299,1,1,0,0,0,0,0,0
4,141,2,0.97480932740630111,1,1,3816093543505886853,3816093543505886853,1,1,0,0,0,0,0,0
4,142,6,0.73694126140335336,1,1,17753116489191708831,17753116489191708831,1,1,0,0,0,0,0,0
4,143,1,0.97314439064804992,0,0,17753116489191708831,17753116489191708831,1,1,0,0,0,0,0,0
4,144,2,0.43871027565385423,1,1,8839967791199184345,8839967791199184345,1,1,0,0,0,0,0,0
4,145,2,0.44912205969931723,1,1,17753116489191708831,17753116489191708831,1,1,0,0,0,0,0,0
4,146,1,0.40377971788441003,1,1,10382359413315590709,10382359413315590709,1,1,0,0,0,0,0,0
4,147,7,0.23082083743581641,1,1,3219704462631363439,3219704462631363439,1,1,0,0,0,0,0,0
4,148,3,0.9136869447165572,1,1,11002233109305616737,11002233109305616737,1,1,0,0,0,0,0,0
4,149,2,0.7451496550635559,1,1,3219704462631363439,3219704462631363439,1,1,0,0,0,0,0,0
4,150,1,0.21090086157769597,1,1,3816093543505886853,3816093543505886853,1,1,0,0,0,0,0,0
4,151,8,0.22533338775391279,1,1,15639091434731188379,15639091434731188379,1,1,0,0,0,0,0,0
4,152,8,0.2344272451574041,1,1,3816093543505886853,3816093543505886853,1,1,0,0,0,0,0,0
4,153,1,0.26754515538903878,1,1,3219704462631363439,3219704462631363439,1,1,0,0,0,0,0,0
4,154,6,0.085756004883005443,1,1,10382359413315590709,10382359413315590709,1,1,0,0,0,0,0,0
4,155,6,0.46942035893841205,1,1,3219704462631363439,3219704462631363439,1,1,0,0,0,0,0,0
4,156,1,0.69342283272537708,1,1,3816093543505886853,3816093543505886853,1,1,0,0,0,0,0,0
4,157,1,0.14065303739774565,1,1,3219704462631363439,3219704462631363439,1,1,0,0,0,0,0,0
4,158,8,0.69752035363544718,1,1,7183508471783135985,7183508471783135985,1,1,0,0,0,0,0,0
4,159,2,0.47990934588824435,1,1,1237489757887272319,1237489757887272319,1,1,0,0,0,0,0,0
4,160,7,0.18854100767753104,1,1,17151402702690075293,17151402702690075293,1,1,0,0,0,0,0,0
4,161,3,0.60117399076999722,1,1,2169044916910194667,2169044916910194667,1,1,0,0,0,0,0,0
4,162,2,0.33034453139081649,1,1,17151402702690075293,17151402702690075293,1,1,0,0,0,0,0,0
4,163,6,0.8882361901943896,0,0,17151402702690075293,17151402702690075293,1,1,0,0,0,0,0,0
4,164,2,0.76378935376924439,1,1,2169044916910194667,2169044916910194667,1,1,0,0,0,0,0,0
4,165,1,0.88061762447837533,1,1,4608747164479310401,4608747164479310401,1,1,0,0,0,0,0,0
4,166,8,0.68073110606020015,1,1,17753116489191708831,17753116489191708831,1,1,0,0,0,0,0,0
4,167,8,0.45002315618816607,1,1,4608747164479310401,4608747164479310401,1,1,0,0,0,0,0,0
4,168,6,0.61663709616362095,1,1,15639091434731188379,15639091434731188379,1,1,0,0,0,0,0,0
4,169,2,0.72110883244335688,0,0,15639091434731188379,15639091434731188379,1,1,0,0,0,0,0,0
4,170,2,0.37034367157180453,1,1,18037322958414427413,18037322958414427413,1,1,0,0,0,0,0,0
4,171,7,0.60324173469769227,1,1,13268626734905361287,13268626734905361287,1,1,0,0,0,0,0,0
4,172,1,0.36460618859635996,1,1,17151402702690075293,17151402702690075293,1,1,0,0,0,0,0,0
4,173,3,0.98823487759315154,1,1,2169044916910194667,2169044916910194667,1,1,0,0,0,0,0,0
4,174,6,0.24834618066204506,1,1,7183508471783135985,7183508471783135985,1,1,0,0,0,0,0,0
4,175,8,0.94205888203803945,1,1,3219704462631363439,3219704462631363439,1,1,0,0,0,0,0,0
4,176,7,0.34200174001998274,1,1,10382359413315590709,10382359413315590709,1,1,0,0,0,0,0,0
4,177,1,0.60425270531783137,1,1,17753116489191708831,17753116489191708831,1,1,0,0,0,0,0,0
4,178,2,0.66313704313958965,1,1,8839967791199184345,8839967791199184345,1,1,0,0,0,0,0,0
4,179,7,0.29201391098528962,1,1,16693991032587868299,16693991032587868299,1,1,0,0,0,0,0,0
4,180,1,0.78384597372451414,0,0,16693991032587868299,16693991032587868299,1,1,0,0,0,0,0,0
4,181,2,0.39946741445356626,1,1,3816093543505886853,3816093543505886853,1,1,0,0,0,0,0,0
4,182,7,0.70309021105498759,1,1,17753116489191708831,17753116489191708831,1,1,0,0,0,0,0,0
4,183,3,0.41637104027867611,1,1,8839967791199184345,8839967791199184345,1,1,0,0,0,0,0,0
4,184,6,0.081466672882556379,1,1,16693991032587868299,16693991032587868299,1,1,0,0,0,0,0,0
4,185,7,0.011715346791317846,1,1,8839967791199184345,8839967791199184345,1,1,0,0,0,0,0,0
4,186,6,0.48890386693554411,1,1,16693991032587868299,16693991032587868299,1,1,0,0,0,0,0,0
4,187,8,0.61475379203770675,1,1,18037322958414427413,18037322958414427413,1,1,0,0,0,0,0,0
4,188,1,0.12511767697741444,1,1,1237489757887272319,1237489757887272319,1,1,0,0,0,0,0,0
4,189,1,0.39439020358435878,1,1,18037322958414427413,18037322958414427413,1,1,0,0,0,0,0,0
4,190,3,0.40415549602791717,1,1,15639091434731188379,15639091434731188379,1,1,0,0,0,0,0,0
4,191,6,0.80062043910398706,0,0,15639091434731188379,15639091434731188379,1,1,0,0,0,0,0,0
4,192,1,0.60846627572990952,1,1,7183508471783135985,7183508471783135985,1,1,0,0,0,0,0,0
4,193,1,0.80792155643261643,1,1,15639091434731188379,15639091434731188379,1,1,0,0,0,0,0,0
4,194,3,0.7944012530751231,0,0,15639091434731188379,15639091434731188379,1,1,0,0,0,0,0,0
4,195,8,0.79001617319493422,1,1,3816093543505886853,3816093543505886853,1,1,0,0,0,0,0,0
4,196,7,0.20184884709532713,1,1,17753116489191708831,17753116489191708831,1,1,0,0,0,0,0,0
4,197,2,0.18499203716282542,1,1,8839967791199184345,8839967791199184345,1,1,0,0,0,0,0,0
4,198,1,0.37991060729975495,1,1,12868287706271536899,12868287706271536899,1,1,0,0,0,0,0,0
4,199,2,0.90491821234585601,0,0,12868287706271536899,12868287706271536899,1,1,0,0,0,0,0,0
4,200,3,0.71966018466429804,1,1,10382359413315590709,10382359413315590709,1,1,0,0,0,0,0,0
4,201,2,0.3502404330691799,1,1,12868287706271536899,12868287706271536899,1,1,0,0,0,0,0,0
4,202,3,0.072665803073489535,1,1,10382359413315590709,10382359413315590709,1,1,0,0,0,0,0,0
4,203,2,0.57174211067423442,1,1,12868287706271536899,12868287706271536899,1,1,0,0,0,0,0,0
4,204,7,0.55246737859441852,1,1,11002233109305616737,11002233109305616737,1,1,0,0,0,0,0,0
4,205,3,0.14094707521913585,1,1,3219704462631363439,3219704462631363439,1,1,0,0,0,0,0,0
4,206,3,0.48779315731226514,1,1,11002233109305616737,11002233109305616737,1,1,0,0,0,0,0,0
4,207,3,0.08707850932724126,1,1,3219704462631363439,3219704462631363439,1,1,0,0,0,0,0,0
4,208,8,0.63807789232622725,1,1,7183508471783135985,7183508471783135985,1,1,0,0,0,0,0,0
4,209,2,0.91686577539999126,0,0,7183508471783135985,7183508471783135985,1,1,0,0,0,0,0,0
4,210,3,0.34509654334076789,1,1,1237489757887272319,1237489757887272319,1,1,0,0,0,0,0,0
4,211,2,0.70063106669216391,1,1,7183508471783135985,7183508471783135985,1,1,0,0,0,0,0,0
4,212,6,0.98082877920635514,0,0,7183508471783135985,7183508471783135985,1,1,0,0,0,0,0,0
4,213,7,0.70426760516848874,1,1,2169044916910194667,2169044916910194667,1,1,0,0,0,0,0,0
4,214,7,0.50846984173381637,1,1,7183508471783135985,7183508471783135985,1,1,0,0,0,0,0,0
4,215,6,0.52884152583721533,1,1,2169044916910194667,2169044916910194667,1,1,0,0,0,0,0,0
4,216,8,0.99336769092342103,1,1,10382359413315590709,10382359413315590709,1,1,0,0,0,0,0,0
4,217,7,0.77812042225339306,1,1,3219704462631363439,3219704462631363439,1,1,0,0,0,0,0,0
4,218,7,0.86685590422451575,0,0,3219704462631363439,3219704462631363439,1,1,0,0,0,0,0,0
4,219,6,0.48654282306743529,1,1,10382359413315590709,10382359413315590709,1,1,0,0,0,0,0,0
4,220,7,0.10689991686114557,1,1,3219704462631363439,3219704462631363439,1,1,0,0,0,0,0,0
4,221,2,0.77155465063155504,1,1,11002233109305616737,11002233109305616737,1,1,0,0,0,0,0,0
4,222,2,0.15791568949621124,1,1,3219704462631363439,3219704462631363439,1,1,0,0,0,0,0,0
4,223,7,0.32674364219472873,1,1,10382359413315590709,10382359413315590709,1,1,0,0,0,0,0,0
4,224,7,0.84506063362081152,0,0,10382359413315590709,10382359413315590709,1,1,0,0,0,0,0,0
4,225,2,0.52956304334252802,1,1,12868287706271536899,12868287706271536899,1,1,0,0,0,0,0,0
4,226,2,0.75273970277873536,0,0,12868287706271536899,12868287706271536899,1,1,0,0,0,0,0,0
4,227,1,0.14926811903491685,1,1,8839967791199184345,8839967791199184345,1,1,0,0,0,0,0,0
4,228,2,0.6675952726931611,1,1,17753116489191708831,17753116489191708831,1,1,0,0,0,0,0,0
4,229,3,0.72852280492181265,1,1,8839967791199184345,8839967791199184345,1,1,0,0,0,0,0,0
4,230,2,0.23402628741861398,1,1,17753116489191708831,17753116489191708831,1,1,0,0,0,0,0,0
4,231,2,0.4505258631050823,1,1,8839967791199184345,8839967791199184345,1,1,0,0,0,0,0,0
4,232,8,0.14771534027696362,1,1,13268626734905361287,13268626734905361287,1,1,0,0,0,0,0,0
4,233,2,0.79686468931762955,1,1,4608747164479310401,4608747164479310401,1,1,0,0,0,0,0,0
4,234,8,0.73689244561923528,1,1,17753116489191708831,17753116489191708831,1,1,0,0,0,0,0,0
4,235,3,0.67647047313451336,1,1,8839967791199184345,8839967791199184345,1,1,0,0,0,0,0,0
4,236,7,0.68195534263871038,1,1,16693991032587868299,16693991032587868299,1,1,0,0,0,0,0,0
4,237,2,0.58579805730076495,1,1,3816093543505886853,3816093543505886853,1,1,0,0,0,0,0,0
4,238,8,0.26880891467033702,1,1,15639091434731188379,15639091434731188379,1,1,0,0,0,0,0,0
4,239,2,0.78552212233949348,1,1,18037322958414427413,18037322958414427413,1,1,0,0,0,0,0,0
4,240,8,0.10212780996422317,1,1,16693991032587868299,16693991032587868299,1,1,0,0,0,0,0,0
4,241,7,0.47844143052112775,1,1,8839967791199184345,8839967791199184345,1,1,0,0,0,0,0,0
4,242,3,0.33016738730209144,1,1,17753116489191708831,17753116489191708831,1,1,0,0,0,0,0,0
4,243,6,0.55672250119197175,1,1,3816093543505886853,3816093543505886853,1,1,0,0,0,0,0,0
4,244,6,0.18748833791332831,1,1,17753116489191708831,17753116489191708831,1,1,0,0,0,0,0,0
4,245,6,0.67776788929925424,1,1,3816093543505886853,3816093543505886853,1,1,0,0,0,0,0,0
4,246,3,0.074466968454301438,1,1,16693991032587868299,16693991032587868299,1,1,0,0,0,0,0,0
4,247,3,0.43884806087518968,1,1,3816093543505886853,3816093543505886853,1,1,0,0,0,0,0,0
4,248,3,0.023211788336952768,1,1,16693991032587868299,16693991032587868299,1,1,0,0,0,0,0,0
4,249,2,0.94082382332237668,0,0,16693991032587868299,16693991032587868299,1,1,0,0,0,0,0,0
4,250,3,0.57159540507959061,1,1,3816093543505886853,3816093543505886853,1,1,0,0,0,0,0,0
4,251,6,0.55102902227151962,1,1,17753116489191708831,17753116489191708831,1,1,0,0,0,0,0,0
4,252,6,0.86952797276916105,0,0,17753116489191708831,17753116489191708831,1,1,0,0,0,0,0,0
4,253,2,0.1306073574843257,1,1,8839967791199184345,8839967791199184345,1,1,0,0,0,0,0,0
4,254,2,0.6743988274128766,1,1,17753116489191708831,17753116489191708831,1,1,0,0,0,0,0,0
4,255,2,0.051616017086797722,1,1,8839967791199184345,8839967791199184345,1,1,0,0,0,0,0,0
4,256,8,0.45160623438224079,1,1,13268626734905361287,13268626734905361287,1,1,0,0,0,0,0,0
4,257,8,0.35569618870473485,1,1,8839967791199184345,8839967791199184345,1,1,0,0,0,0,0,0
4,258,2,0.63115943560850229,1,1,17753116489191708831,17753116489191708831,1,1,0,0,0,0,0,0
4,259,1,0.93174228675417858,0,0,17753116489191708831,17753116489191708831,1,1,0,0,0,0,0,0
4,260,8,0.76952202097912681,1,1,4608747164479310401,4608747164479310401,1,1,0,0,0,0,0,0
4,261,8,0.6629919250456191,1,1,17753116489191708831,17753116489191708831,1,1,0,0,0,0,0,0
4,262,2,0.079982873173084945,1,1,8839967791199184345,8839967791199184345,1,1,0,0,0,0,0,0
4,263,6,0.66857477417671674,1,1,16693991032587868299,16693991032587868299,1,1,0,0,0,0,0,0
4,264,3,0.39526071091263765,1,1,3816093543505886853,3816093543505886853,1,1,0,0,0,0,0,0
4,265,8,0.48591800426139531,1,1,15639091434731188379,15639091434731188379,1,1,0,0,0,0,0,0
4,266,8,0.56400418856685097,1,1,3816093543505886853,3816093543505886853,1,1,0,0,0,0,0,0
4,267,8,0.94688458940368514,0,0,3816093543505886853,3816093543505886853,1,1,0,0,0,0,0,0
4,268,1,0.68607095920543704,1,1,3219704462631363439,3219704462631363439,1,1,0,0,0,0,0,0
4,269,1,0.29399896403870651,1,1,3816093543505886853,3816093543505886853,1,1,0,0,0,0,0,0
4,270,6,0.45418467132331891,1,1,17753116489191708831,17753116489191708831,1,1,0,0,0,0,0,0
4,271,1,0.039364052186704163,1,1,10382359413315590709,10382359413315590709,1,1,0,0,0,0,0,0
4,272,6,0.76782624131884369,0,0,10382359413315590709,10382359413315590709,1,1,0,0,0,0,0,0
4,273,3,0.18432568703213675,1,1,12868287706271536899,12868287706271536899,1,1,0,0,0,0,0,0
4,274,2,0.55757589691987597,1,1,10382359413315590709,10382359413315590709,1,1,0,0,0,0,0,0
4,275,8,0.19253456342133557,1,1,2169044916910194667,2169044916910194667,1,1,0,0,0,0,0,0
4,276,8,0.8695408921777662,1,1,10382359413315590709,10382359413315590709,1,1,0,0,0,0,0,0
4,277,2,0.15348936623695369,1,1,12868287706271536899,12868287706271536899,1,1,0,0,0,0,0,0
4,278,3,0.29620208599242709,1,1,10382359413315590709,10382359413315590709,1,1,0,0,0,0,0,0
4,279,8,0.82977894001611485,0,0,10382359413315590709,10382359413315590709,1,1,0,0,0,0,0,0
4,280,7,0.22855955689110211,1,1,3219704462631363439,3219704462631363439,1,1,0,0,0,0,0,0
4,281,3,0.04961845016531987,1,1,11002233109305616737,11002233109305616737,1,1,0,0,0,0,0,0
4,282,1,0.3927158892823116,1,1,16693991032587868299,16693991032587868299,1,1,0,0,0,0,0,0
4,283,8,0.99064819462447951,0,0,16693991032587868299,16693991032587868299,1,1,0,0,0,0,0,0
4,284,7,0.26430567569900776,1,1,8839967791199184345,8839967791199184345,1,1,0,0,0,0,0,0
4,285,3,0.83408091685615526,1,1,17753116489191708831,17753116489191708831,1,1,0,0,0,0,0,0
4,286,2,0.71727464980574951,1,1,8839967791199184345,8839967791199184345,1,1,0,0,0,0,0,0
4,287,2,0.76178719379782456,1,1,17753116489191708831,17753116489191708831,1,1,0,0,0,0,0,0
4,288,1,0.24770417631390237,1,1,10382359413315590709,10382359413315590709,1,1,0,0,0,0,0,0
4,289,1,0.68855421846226439,1,1,17753116489191708831,17753116489191708831,1,1,0,0,0,0,0,0
4,290,2,0.34386025846589979,1,1,8839967791199184345,8839967791199184345,1,1,0,0,0,0,0,0
4,291,7,0.56895400937400376,1,1,16693991032587868299,16693991032587868299,1,1,0,0,0,0,0,0
4,292,6,0.89101895968452871,0,0,16693991032587868299,16693991032587868299,1,1,0,0,0,0,0,0
4,293,2,0.87644771274270705,0,0,16693991032587868299,16693991032587868299,1,1,0,0,0,0,0,0
4,294,8,0.60159290652272901,1,1,18037322958414427413,18037322958414427413,1,1,0,0,0,0,0,0
4,295,1,0.51130156122857873,1,1,1237489757887272319,1237489757887272319,1,1,0,0,0,0,0,0
4,296,2,0.48824157793121015,1,1,7183508471783135985,7183508471783135985,1,1,0,0,0,0,0,0
4,297,2,0.65967621635213536,1,1,1237489757887272319,1237489757887272319,1,1,0,0,0,0,0,0
4,298,2,0.59734112272302953,1,1,7183508471783135985,7183508471783135985,1,1,0,0,0,0,0,0
4,299,8,0.26165820761154746,1,1,3219704462631363439,3219704462631363439,1,1,0,0,0,0,0,0
4,300,7,0.82448760525246756,1,1,10382359413315590709,10382359413315590709,1,1,0,0,0,0,0,0
4,301,7,0.92658493049996871,0,0,10382359413315590709,10382359413315590709,1,1,0,0,0,0,0,0
4,302,6,0.61288982675922699,1,1,3219704462631363439,3219704462631363439,1,1,0,0,0,0,0,0
4,303,6,0.85588308593669793,1,1,10382359413315590709,10382359413315590709,1,1,0,0,0,0,0,0
4,304,3,0.7639330287414442,0,0,10382359413315590709,10382359413315590709,1,1,0,0,0,0,0,0
4,305,8,0.31379835129572409,1,1,2169044916910194667,2169044916910194667,1,1,0,0,0,0,0,0
4,306,1,0.77978757952467492,1,1,4608747164479310401,4608747164479310401,1,1,0,0,0,0,0,0
4,307,2,0.202107693285908,1,1,13268626734905361287,13268626734905361287,1,1,0,0,0,0,0,0
4,308,3,0.19761884966987134,1,1,4608747164479310401,4608747164479310401,1,1,0,0,0,0,0,0
4,309,6,0.7342066966067855,1,1,15639091434731188379,15639091434731188379,1,1,0,0,0,0,0,0
4,310,6,0.77206963880892077,1,1,4608747164479310401,4608747164479310401,1,1,0,0,0,0,0,0
4,311,1,0.56328120488001421,1,1,2169044916910194667,2169044916910194667,1,1,0,0,0,0,0,0
4,312,2,0.96425840480087532,0,0,2169044916910194667,2169044916910194667,1,1,0,0,0,0,0,0
4,313,1,0.83490476137531522,1,1,4608747164479310401,4608747164479310401,1,1,0,0,0,0,0,0
4,314,7,0.04717642414250392,1,1,15639091434731188379,15639091434731188379,1,1,0,0,0,0,0,0
4,315,6,0.069315075792820716,1,1,4608747164479310401,4608747164479310401,1,1,0,0,0,0,0,0
4,316,8,0.4787547118873659,1,1,17753116489191708831,17753116489191708831,1,1,0,0,0,0,0,0
4,317,6,0.32008397681973128,1,1,3816093543505886853,3816093543505886853,1,1,0,0,0,0,0,0
4,318,8,0.21451825781864797,1,1,15639091434731188379,15639091434731188379,1,1,0,0,0,0,0,0
4,319,7,0.089414246394293587,1,1,4608747164479310401,4608747164479310401,1,1,0,0,0,0,0,0
4,320,2,0.5922984858271535,1,1,13268626734905361287,13268626734905361287,1,1,0,0,0,0,0,0
4,321,7,0.9700724818533073,0,0,13268626734905361287,13268626734905361287,1,1,0,0,0,0,0,0
4,322,2,0.1936870808117083,1,1,4608747164479310401,4608747164479310401,1,1,0,0,0,0,0,0
4,323,3,0.51836472621982799,1,1,13268626734905361287,13268626734905361287,1,1,0,0,0,0,0,0
4,324,3,0.85553146946055714,0,0,13268626734905361287,13268626734905361287,1,1,0,0,0,0,0,0
4,325,3,0.2687667222558156,1,1,4608747164479310401,4608747164479310401,1,1,0,0,0,0,0,0
4,326,1,0.6224638930528773,1,1,2169044916910194667,2169044916910194667,1,1,0,0,0,0,0,0
4,327,3,0.034690014990611494,1,1,17151402702690075293,17151402702690075293,1,1,0,0,0,0,0,0
4,328,1,0.25164857782936051,1,1,13268626734905361287,13268626734905361287,1,1,0,0,0,0,0,0
4,329,6,0.43768292037319145,1,1,18037322958414427413,18037322958414427413,1,1,0,0,0,0,0,0
4,330,6,0.36420616386037613,1,1,13268626734905361287,13268626734905361287,1,1,0,0,0,0,0,0
4,331,3,0.99826020366178336,0,0,13268626734905361287,13268626734905361287,1,1,0,0,0,0,0,0
4,332,2,0.3948179096272304,1,1,4608747164479310401,4608747164479310401,1,1,0,0,0,0,0,0
4,333,2,0.41018628062500673,1,1,13268626734905361287,13268626734905361287,1,1,0,0,0,0,0,0
4,334,2,0.54612971240762442,1,1,4608747164479310401,4608747164479310401,1,1,0,0,0,0,0,0
4,335,6,0.79263211742817097,0,0,4608747164479310401,4608747164479310401,1,1,0,0,0,0,0,0
4,336,8,0.29990870563108463,1,1,17753116489191708831,17753116489191708831,1,1,0,0,0,0,0,0
4,337,6,0.66129468893071808,1,1,3816093543505886853,3816093543505886853,1,1,0,0,0,0,0,0
4,338,6,0.61872793454775799,1,1,17753116489191708831,17753116489191708831,1,1,0,0,0,0,0,0
4,339,3,0.37060083082146689,1,1,8839967791199184345,8839967791199184345,1,1,0,0,0,0,0,0
4,340,8,0.85880707486992458,0,0,8839967791199184345,8839967791199184345,1,1,0,0,0,0,0,0
4,341,3,0.74284736327076473,1,1,17753116489191708831,17753116489191708831,1,1,0,0,0,0,0,0
4,342,3,0.078321209377515799,1,1,8839967791199184345,8839967791199184345,1,1,0,0,0,0,0,0
4,343,7,0.98721801384210917,0,0,8839967791199184345,8839967791199184345,1,1,0,0,0,0,0,0
4,344,8,0.3904158269112093,1,1,13268626734905361287,13268626734905361287,1,1,0,0,0,0,0,0
4,345,7,0.023250595851020746,1,1,18037322958414427413,18037322958414427413,1,1,0,0,0,0,0,0
4,346,2,0.47615297744594576,1,1,15639091434731188379,15639091434731188379,1,1,0,0,0,0,0,0
4,347,6,0.18825945748342124,1,1,4608747164479310401,4608747164479310401,1,1,0,0,0,0,0,0
4,348,7,0.8007717451120393,1,1,15639091434731188379,15639091434731188379,1,1,0,0,0,0,0,0
4,349,8,0.87504882373638748,1,1,3816093543505886853,3816093543505886853,1,1,0,0,0,0,0,0
4,350,8,0.94636054345559162,0,0,3816093543505886853,3816093543505886853,1,1,0,0,0,0,0,0
4,351,6,0.91835614812729138,1,1,17753116489191708831,17753116489191708831,1,1,0,0,0,0,0,0
4,352,1,0.1840523284862528,1,1,10382359413315590709,10382359413315590709,1,1,0,0,0,0,0,0
4,353,8,0.26296143040107189,1,1,2169044916910194667,2169044916910194667,1,1,0,0,0,0,0,0
4,354,6,0.45807145622102458,1,1,7183508471783135985,7183508471783135985,1,1,0,0,0,0,0,0
4,355,2,0.69328929339021084,0,0,7183508471783135985,7183508471783135985,1,1,0,0,0,0,0,0
4,356,7,0.64494360086443447,1,1,2169044916910194667,2169044916910194667,1,1,0,0,0,0,0,0
4,357,3,0.98251914466530132,1,1,17151402702690075293,17151402702690075293,1,1,0,0,0,0,0,0
4,358,8,0.35341063078431539,1,1,12868287706271536899,12868287706271536899,1,1,0,0,0,0,0,0
4,359,3,0.74168814375378933,1,1,10382359413315590709,10382359413315590709,1,1,0,0,0,0,0,0
4,360,7,0.5648208363731988,1,1,3219704462631363439,3219704462631363439,1,1,0,0,0,0,0,0
4,361,6,0.84429521389519169,1,1,10382359413315590709,10382359413315590709,1,1,0,0,0,0,0,0
4,362,2,0.59753211853447341,1,1,12868287706271536899,12868287706271536899,1,1,0,0,0,0,0,0
4,363,1,0.36927664993200732,1,1,8839967791199184345,8839967791199184345,1,1,0,0,0,0,0,0
4,364,8,0.82512963142696127,0,0,8839967791199184345,8839967791199184345,1,1,0,0,0,0,0,0
4,365,2,0.8750868565557558,1,1,17753116489191708831,17753116489191708831,1,1,0,0,0,0,0,0
4,366,8,0.024289279621594283,1,1,4608747164479310401,4608747164479310401,1,1,0,0,0,0,0,0
4,367,6,0.50226050954452317,1,1,15639091434731188379,15639091434731188379,1,1,0,0,0,0,0,0
4,368,6,0.8631177446000653,1,1,4608747164479310401,4608747164479310401,1,1,0,0,0,0,0,0
4,369,6,0.46446952746698117,1,1,15639091434731188379,15639091434731188379,1,1,0,0,0,0,0,0
4,370,8,0.85795133229504739,1,1,3816093543505886853,3816093543505886853,1,1,0,0,0,0,0,0
4,371,7,0.50555133957489762,1,1,17753116489191708831,17753116489191708831,1,1,0,0,0,0,0,0
4,372,7,0.96377561135564416,1,1,3816093543505886853,3816093543505886853,1,1,0,0,0,0,0,0
4,373,6,0.37953562809893093,1,1,17753116489191708831,17753116489191708831,1,1,0,0,0,0,0,0
4,374,6,0.34554291646925078,1,1,3816093543505886853,3816093543505886853,1,1,0,0,0,0,0,0
4,375,6,0.41918851925885242,1,1,17753116489191708831,17753116489191708831,1,1,0,0,0,0,0,0
4,376,8,0.2362512146748062,1,1,4608747164479310401,4608747164479310401,1,1,0,0,0,0,0,0
4,377,6,0.67366810788969467,1,1,15639091434731188379,15639091434731188379,1,1,0,0,0,0,0,0
4,378,2,0.77434464426329264,0,0,15639091434731188379,15639091434731188379,1,1,0,0,0,0,0,0
4,379,7,0.64981866506576802,1,1,4608747164479310401,4608747164479310401,1,1,0,0,0,0,0,0
4,380,7,0.136992552045787,1,1,15639091434731188379,15639091434731188379,1,1,0,0,0,0,0,0
4,381,8,0.28728682144825746,1,1,3816093543505886853,3816093543505886853,1,1,0,0,0,0,0,0
4,382,3,0.46526191388056792,1,1,16693991032587868299,16693991032587868299,1,1,0,0,0,0,0,0
4,383,1,0.9585297008486815,0,0,16693991032587868299,16693991032587868299,1,1,0,0,0,0,0,0
4,384,7,0.46573655360002891,1,1,8839967791199184345,8839967791199184345,1,1,0,0,0,0,0,0
4,385,7,0.22050564823977273,1,1,16693991032587868299,16693991032587868299,1,1,0,0,0,0,0,0
4,386,3,0.98717365208742225,0,0,16693991032587868299,16693991032587868299,1,1,0,0,0,0,0,0
4,387,2,0.023811075509897566,1,1,3816093543505886853,3816093543505886853,1,1,0,0,0,0,0,0
4,388,7,0.15459208651678824,1,1,17753116489191708831,17753116489191708831,1,1,0,0,0,0,0,0
4,389,7,0.73948266712618216,1,1,3816093543505886853,3816093543505886853,1,1,0,0,0,0,0,0
4,390,8,0.059234245910601405,1,1,15639091434731188379,15639091434731188379,1,1,0,0,0,0,0,0
4,391,6,0.76883128625426023,1,1,4608747164479310401,4608747164479310401,1,1,0,0,0,0,0,0
4,392,3,0.21082764501816775,1,1,13268626734905361287,13268626734905361287,1,1,0,0,0,0,0,0
4,393,8,0.22469171142754971,1,1,8839967791199184345,8839967791199184345,1,1,0,0,0,0,0,0
4,394,3,0.26020307101288825,1,1,17753116489191708831,17753116489191708831,1,1,0,0,0,0,0,0
4,395,8,0.84128601602033226,0,0,17753116489191708831,17753116489191708831,1,1,0,0,0,0,0,0
4,396,1,0.33900092063577103,1,1,10382359413315590709,10382359413315590709,1,1,0,0,0,0,0,0
4,397,7,0.89066083294864618,0,0,10382359413315590709,10382359413315590709,1,1,0,0,0,0,0,0
4,398,7,0.21965615496326399,1,1,3219704462631363439,3219704462631363439,1,1,0,0,0,0,0,0
4,399,8,0.29006670186413552,1,1,7183508471783135985,7183508471783135985,1,1,0,0,0,0,0,0
4,400,2,0.14029144116757125,1,1,1237489757887272319,1237489757887272319,1,1,0,0,0,0,0,0
4,401,3,0.1005246723237895,1,1,7183508471783135985,7183508471783135985,1,1,0,0,0,0,0,0
4,402,3,0.76238106090292834,1,1,1237489757887272319,1237489757887272319,1,1,0,0,0,0,0,0
4,403,1,0.533647612318216,1,1,18037322958414427413,18037322958414427413,1,1,0,0,0,0,0,0
4,404,3,0.60537687503581217,1,1,15639091434731188379,15639091434731188379,1,1,0,0,0,0,0,0
4,405,2,0.34722146463488951,1,1,18037322958414427413,18037322958414427413,1,1,0,0,0,0,0,0
4,406,1,0.21836528568128771,1,1,1237489757887272319,1237489757887272319,1,1,0,0,0,0,0,0
4,407,1,0.49207175795852975,1,1,18037322958414427413,18037322958414427413,1,1,0,0,0,0,0,0
4,408,6,0.89051231452643398,0,0,18037322958414427413,18037322958414427413,1,1,0,0,0,0,0,0
4,409,2,0.77669032384419256,1,1,15639091434731188379,15639091434731188379,1,1,0,0,0,0,0,0
4,410,1,0.22249571481414709,1,1,7183508471783135985,7183508471783135985,1,1,0,0,0,0,0,0
4,411,7,0.27129680230884246,1,1,2169044916910194667,2169044916910194667,1,1,0,0,0,0,0,0
4,412,7,0.83820787469413827,0,0,2169044916910194667,2169044916910194667,1,1,0,0,0,0,0,0
4,413,8,0.47388744474337552,1,1,10382359413315590709,10382359413315590709,1,1,0,0,0,0,0,0
4,414,8,0.81146065906890374,1,1,2169044916910194667,2169044916910194667,1,1,0,0,0,0,0,0
4,415,8,0.75050214111630187,1,1,10382359413315590709,10382359413315590709,1,1,0,0,0,0,0,0
4,416,6,0.81964180878008852,0,0,10382359413315590709,10382359413315590709,1,1,0,0,0,0,0,0
4,417,7,0.53577229128715331,1,1,3219704462631363439,3219704462631363439,1,1,0,0,0,0,0,0
4,418,7,0.80763296330716905,1,1,10382359413315590709,10382359413315590709,1,1,0,0,0,0,0,0
4,419,7,0.12964029219717879,1,1,3219704462631363439,3219704462631363439,1,1,0,0,0,0,0,0
4,420,6,0.41104385400366822,1,1,10382359413315590709,10382359413315590709,1,1,0,0,0,0,0,0
4,421,8,0.81053628223228869,1,1,2169044916910194667,2169044916910194667,1,1,0,0,0,0,0,0
4,422,8,0.95843355241576034,1,1,10382359413315590709,10382359413315590709,1,1,0,0,0,0,0,0
4,423,3,0.97284017150123636,1,1,12868287706271536899,12868287706271536899,1,1,0,0,0,0,0,0
4,424,3,0.33921214586346221,1,1,10382359413315590709,10382359413315590709,1,1,0,0,0,0,0,0
4,425,2,0.45297988122258603,1,1,12868287706271536899,12868287706271536899,1,1,0,0,0,0,0,0
4,426,8,0.59344936423217598,1,1,17151402702690075293,17151402702690075293,1,1,0,0,0,0,0,0
4,427,7,0.66736764649190239,1,1,1237489757887272319,1237489757887272319,1,1,0,0,0,0,0,0
4,428,7,0.12316492997715324,1,1,17151402702690075293,17151402702690075293,1,1,0,0,0,0,0,0
4,429,6,0.1007491818682376,1,1,1237489757887272319,1237489757887272319,1,1,0,0,0,0,0,0
4,430,3,0.00064688831868763659,1,1,7183508471783135985,7183508471783135985,1,1,0,0,0,0,0,0
4,431,3,0.23695056777933335,1,1,1237489757887272319,1237489757887272319,1,1,0,0,0,0,0,0
4,432,1,0.084847367842844829,1,1,18037322958414427413,18037322958414427413,1,1,0,0,0,0,0,0
4,433,2,0.78961323991460752,1,1,15639091434731188379,15639091434731188379,1,1,0,0,0,0,0,0
4,434,6,0.91680962020783996,0,0,15639091434731188379,15639091434731188379,1,1,0,0,0,0,0,0
4,435,3,0.8238784046006753,1,1,18037322958414427413,18037322958414427413,1,1,0,0,0,0,0,0
4,436,1,0.72181167214808228,1,1,1237489757887272319,1237489757887272319,1,1,0,0,0,0,0,0
4,437,7,0.3193271604373572,1,1,17151402702690075293,17151402702690075293,1,1,0,0,0,0,0,0
4,438,8,0.9421441774934699,1,1,12868287706271536899,12868287706271536899,1,1,0,0,0,0,0,0
4,439,2,0.38349477669026266,1,1,10382359413315590709,10382359413315590709,1,1,0,0,0,0,0,0
4,440,6,0.038058965601379828,1,1,3219704462631363439,3219704462631363439,1,1,0,0,0,0,0,0
4,441,3,0.57621031153448887,1,1,11002233109305616737,11002233109305616737,1,1,0,0,0,0,0,0
4,442,7,0.13370227208930632,1,1,12868287706271536899,12868287706271536899,1,1,0,0,0,0,0,0
4,443,3,0.28288578363911809,1,1,10382359413315590709,10382359413315590709,1,1,0,0,0,0,0,0
4,444,1,0.59827575760075091,1,1,17753116489191708831,17753116489191708831,1,1,0,0,0,0,0,0
4,445,6,0.85966683439638802,1,1,3816093543505886853,3816093543505886853,1,1,0,0,0,0,0,0
4,446,7,0.93359135854328978,1,1,17753116489191708831,17753116489191708831,1,1,0,0,0,0,0,0
4,447,6,0.70850127478346214,1,1,3816093543505886853,3816093543505886853,1,1,0,0,0,0,0,0
4,448,2,0.64896497494117056,1,1,16693991032587868299,16693991032587868299,1,1,0,0,0,0,0,0
4,449,1,0.83235382187410156,0,0,16693991032587868299,16693991032587868299,1,1,0,0,0,0,0,0
4,450,2,0.39639074663803109,1,1,3816093543505886853,3816093543505886853,1,1,0,0,0,0,0,0
4,451,8,0.98823567365395004,0,0,3816093543505886853,3816093543505886853,1,1,0,0,0,0,0,0
4,452,3,0.25197692154453305,1,1,16693991032587868299,16693991032587868299,1,1,0,0,0,0,0,0
4,453,7,0.8988488430594973,0,0,16693991032587868299,16693991032587868299,1,1,0,0,0,0,0,0
4,454,6,0.55483542623637783,1,1,8839967791199184345,8839967791199184345,1,1,0,0,0,0,0,0
4,455,2,0.39403963612796478,1,1,17753116489191708831,17753116489191708831,1,1,0,0,0,0,0,0
4,456,1,0.30034568596198397,1,1,10382359413315590709,10382359413315590709,1,1,0,0,0,0,0,0
4,457,7,0.013024697376872648,1,1,3219704462631363439,3219704462631363439,1,1,0,0,0,0,0,0
4,458,6,0.26196223342368613,1,1,10382359413315590709,10382359413315590709,1,1,0,0,0,0,0,0
4,459,1,0.9729854819622118,1,1,17753116489191708831,17753116489191708831,1,1,0,0,0,0,0,0
4,460,3,0.026278174309838215,1,1,8839967791199184345,8839967791199184345,1,1,0,0,0,0,0,0
4,461,2,0.71046121356531122,1,1,17753116489191708831,17753116489191708831,1,1,0,0,0,0,0,0
4,462,7,0.62210065702546768,1,1,3816093543505886853,3816093543505886853,1,1,0,0,0,0,0,0
4,463,3,0.29596226091297972,1,1,16693991032587868299,16693991032587868299,1,1,0,0,0,0,0,0
4,464,1,0.75292970908745238,0,0,16693991032587868299,16693991032587868299,1,1,0,0,0,0,0,0
4,465,1,0.88909547157933044,0,0,16693991032587868299,16693991032587868299,1,1,0,0,0,0,0,0
4,466,1,0.74404763426087461,0,0,16693991032587868299,16693991032587868299,1,1,0,0,0,0,0,0
4,467,2,0.7997520801746083,1,1,3816093543505886853,3816093543505886853,1,1,0,0,0,0,0,0
4,468,7,0.47602440969200593,1,1,17753116489191708831,17753116489191708831,1,1,0,0,0,0,0,0
4,469,8,0.057920466052571312,1,1,4608747164479310401,4608747164479310401,1,1,0,0,0,0,0,0
4,470,6,0.56505105257186083,1,1,15639091434731188379,15639091434731188379,1,1,0,0,0,0,0,0
4,471,2,0.10862442265449417,1,1,18037322958414427413,18037322958414427413,1,1,0,0,0,0,0,0
4,472,8,0.18549757995164515,1,1,16693991032587868299,16693991032587868299,1,1,0,0,0,0,0,0
4,473,6,0.960337644608239,0,0,16693991032587868299,16693991032587868299,1,1,0,0,0,0,0,0
4,474,6,0.67771508602470432,1,1,8839967791199184345,8839967791199184345,1,1,0,0,0,0,0,0
4,475,8,0.9753639938759654,0,0,8839967791199184345,8839967791199184345,1,1,0,0,0,0,0,0
4,476,1,0.45455476821036045,1,1,12868287706271536899,12868287706271536899,1,1,0,0,0,0,0,0
4,477,7,0.24888573468670436,1,1,11002233109305616737,11002233109305616737,1,1,0,0,0,0,0,0
4,478,2,0.648438546708202,1,1,3219704462631363439,3219704462631363439,1,1,0,0,0,0,0,0
4,479,6,0.55990065351131002,1,1,10382359413315590709,10382359413315590709,1,1,0,0,0,0,0,0
4,480,6,0.63019572068852847,1,1,3219704462631363439,3219704462631363439,1,1,0,0,0,0,0,0
4,481,1,0.50863485230916017,1,1,3816093543505886853,3816093543505886853,1,1,0,0,0,0,0,0
4,482,2,0.54284165906142579,1,1,16693991032587868299,16693991032587868299,1,1,0,0,0,0,0,0
4,483,6,0.21833790392515207,1,1,8839967791199184345,8839967791199184345,1,1,0,0,0,0,0,0
4,484,3,0.65988601643028422,1,1,17753116489191708831,17753116489191708831,1,1,0,0,0,0,0,0
4,485,8,0.70062726397526909,1,1,4608747164479310401,4608747164479310401,1,1,0,0,0,0,0,0
4,486,3,0.34149378701334887,1,1,13268626734905361287,13268626734905361287,1,1,0,0,0,0,0,0
4,487,3,0.95556468187043553,1,1,4608747164479310401,4608747164479310401,1,1,0,0,0,0,0,0
4,488,6,0.28596650363264359,1,1,15639091434731188379,15639091434731188379,1,1,0,0,0,0,0,0
4,489,6,0.42957428154677629,1,1,4608747164479310401,4608747164479310401,1,1,0,0,0,0,0,0
4,490,7,0.13003998368929232,1,1,15639091434731188379,15639091434731188379,1,1,0,0,0,0,0,0
4,491,1,0.27068497898107619,1,1,7183508471783135985,7183508471783135985,1,1,0,0,0,0,0,0
4,492,1,0.54878201309209584,1,1,15639091434731188379,15639091434731188379,1,1,0,0,0,0,0,0
4,493,2,0.27566814007900914,1,1,18037322958414427413,18037322958414427413,1,1,0,0,0,0,0,0
4,494,8,0.99432442982334912,1,1,16693991032587868299,16693991032587868299,1,1,0,0,0,0,0,0
4,495,3,0.81417014525325571,0,0,16693991032587868299,16693991032587868299,1,1,0,0,0,0,0,0
4,496,8,0.3615361894845191,1,1,18037322958414427413,18037322958414427413,1,1,0,0,0,0,0,0
4,497,3,0.20791831132394389,1,1,15639091434731188379,15639091434731188379,1,1,0,0,0,0,0,0
4,498,8,0.21074353463552342,1,1,3816093543505886853,3816093543505886853,1,1,0,0,0,0,0,0
4,499,8,0.26806461338382903,1,1,15639091434731188379,15639091434731188379,1,1,0,0,0,0,0,0
4,500,8,0.2838457692946868,1,1,3816093543505886853,3816093543505886853,1,1,0,0,0,0,0,0
4,501,1,0.18236952779768967,1,1,3219704462631363439,3219704462631363439,1,1,0,0,0,0,0,0
4,502,3,0.13021163986660977,1,1,11002233109305616737,11002233109305616737,1,1,0,0,0,0,0,0
4,503,1,0.12929823074683325,1,1,16693991032587868299,16693991032587868299,1,1,0,0,0,0,0,0
4,504,6,0.40857766687886432,1,1,8839967791199184345,8839967791199184345,1,1,0,0,0,0,0,0
4,505,7,0.59428207540591438,1,1,16693991032587868299,16693991032587868299,1,1,0,0,0,0,0,0
4,506,2,0.60438322355484875,1,1,3816093543505886853,3816093543505886853,1,1,0,0,0,0,0,0
4,507,1,0.5887084938689634,1,1,3219704462631363439,3219704462631363439,1,1,0,0,0,0,0,0
4,508,6,0.15028664001646452,1,1,10382359413315590709,10382359413315590709,1,1,0,0,0,0,0,0
4,509,8,0.67923581551901735,1,1,2169044916910194667,2169044916910194667,1,1,0,0,0,0,0,0
4,510,8,0.90329638525742961,1,1,10382359413315590709,10382359413315590709,1,1,0,0,0,0,0,0
4,511,6,0.60672512887415264,1,1,3219704462631363439,3219704462631363439,1,1,0,0,0,0,0,0
4,512,3,0.33207972742730801,1,1,11002233109305616737,11002233109305616737,1,1,0,0,0,0,0,0
4,513,6,0.46281828173724299,1,1,12868287706271536899,12868287706271536899,1,1,0,0,0,0,0,0
4,514,6,0.060654937464282771,1,1,11002233109305616737,11002233109305616737,1,1,0,0,0,0,0,0
4,515,6,0.83060692547977411,1,1,12868287706271536899,12868287706271536899,1,1,0,0,0,0,0,0
4,516,6,0.087033558899467942,1,1,11002233109305616737,11002233109305616737,1,1,0,0,0,0,0,0
4,517,2,0.57071969571216763,1,1,3219704462631363439,3219704462631363439,1,1,0,0,0,0,0,0
4,518,2,0.019167694130254275,1,1,11002233109305616737,11002233109305616737,1,1,0,0,0,0,0,0
4,519,8,0.48766465902712863,1,1,1237489757887272319,1237489757887272319,1,1,0,0,0,0,0,0
4,520,8,0.074320448961518876,1,1,11002233109305616737,11002233109305616737,1,1,0,0,0,0,0,0
4,521,3,0.11332369674557975,1,1,3219704462631363439,3219704462631363439,1,1,0,0,0,0,0,0
4,522,8,0.87634831998755092,0,0,3219704462631363439,3219704462631363439,1,1,0,0,0,0,0,0
4,523,6,0.21704849601976992,1,1,10382359413315590709,10382359413315590709,1,1,0,0,0,0,0,0
4,524,7,0.49447436530651778,1,1,3219704462631363439,3219704462631363439,1,1,0,0,0,0,0,0
4,525,7,0.71356135042961288,1,1,10382359413315590709,10382359413315590709,1,1,0,0,0,0,0,0
4,526,6,0.74046580592855193,1,1,3219704462631363439,3219704462631363439,1,1,0,0,0,0,0,0
4,527,1,0.0048632382191006558,1,1,3816093543505886853,3816093543505886853,1,1,0,0,0,0,0,0
4,528,7,0.12676189012275216,1,1,17753116489191708831,17753116489191708831,1,1,0,0,0,0,0,0
4,529,7,0.64738833223770498,1,1,3816093543505886853,3816093543505886853,1,1,0,0,0,0,0,0
4,530,3,0.69535520549144259,1,1,16693991032587868299,16693991032587868299,1,1,0,0,0,0,0,0
4,531,3,0.33781802262225108,1,1,3816093543505886853,3816093543505886853,1,1,0,0,0,0,0,0
4,532,3,0.29744561865446384,1,1,16693991032587868299,16693991032587868299,1,1,0,0,0,0,0,0
4,533,1,0.95823610240082691,0,0,16693991032587868299,16693991032587868299,1,1,0,0,0,0,0,0
4,534,1,0.091822199457653506,1,1,11002233109305616737,11002233109305616737,1,1,0,0,0,0,0,0
4,535,1,0.058637100539312217,1,1,16693991032587868299,16693991032587868299,1,1,0,0,0,0,0,0
4,536,1,0.11547170847947631,1,1,11002233109305616737,11002233109305616737,1,1,0,0,0,0,0,0
4,537,2,0.10593426169652448,1,1,3219704462631363439,3219704462631363439,1,1,0,0,0,0,0,0
4,538,8,0.41213529535916316,1,1,7183508471783135985,7183508471783135985,1,1,0,0,0,0,0,0
4,539,3,0.93522229217653075,1,1,1237489757887272319,1237489757887272319,1,1,0,0,0,0,0,0
4,540,7,0.45686286691184469,1,1,17151402702690075293,17151402702690075293,1,1,0,0,0,0,0,0
4,541,7,0.084920479712412275,1,1,1237489757887272319,1237489757887272319,1,1,0,0,0,0,0,0
4,542,8,0.25821749559615681,1,1,11002233109305616737,11002233109305616737,1,1,0,0,0,0,0,0
4,543,8,0.7058576132635761,1,1,1237489757887272319,1237489757887272319,1,1,0,0,0,0,0,0
4,544,6,0.22299365850015501,1,1,17151402702690075293,17151402702690075293,1,1,0,0,0,0,0,0
4,545,6,0.38651930655724642,1,1,1237489757887272319,1237489757887272319,1,1,0,0,0,0,0,0
4,546,8,0.80947803224443715,1,1,11002233109305616737,11002233109305616737,1,1,0,0,0,0,0,0
4,547,7,0.8168118858928396,0,0,11002233109305616737,11002233109305616737,1,1,0,0,0,0,0,0
4,548,6,0.22976674233759714,1,1,12868287706271536899,12868287706271536899,1,1,0,0,0,0,0,0
4,549,3,0.75854003360185507,0,0,12868287706271536899,12868287706271536899,1,1,0,0,0,0,0,0
4,550,6,0.43387529137347391,1,1,11002233109305616737,11002233109305616737,1,1,0,0,0,0,0,0
4,551,7,0.32363000810475456,1,1,12868287706271536899,12868287706271536899,1,1,0,0,0,0,0,0
4,552,6,0.64080345984942555,1,1,11002233109305616737,11002233109305616737,1,1,0,0,0,0,0,0
4,553,8,0.03364042844292571,1,1,1237489757887272319,1237489757887272319,1,1,0,0,0,0,0,0
4,554,2,0.86298327353674642,0,0,1237489757887272319,1237489757887272319,1,1,0,0,0,0,0,0
4,555,8,0.42591462587568207,1,1,11002233109305616737,11002233109305616737,1,1,0,0,0,0,0,0
4,556,6,0.37435085633306475,1,1,12868287706271536899,12868287706271536899,1,1,0,0,0,0,0,0
4,557,2,0.50490891449268216,1,1,10382359413315590709,10382359413315590709,1,1,0,0,0,0,0,0
4,558,1,0.18027344765759831,1,1,17753116489191708831,17753116489191708831,1,1,0,0,0,0,0,0
4,559,8,0.58997981448706405,1,1,4608747164479310401,4608747164479310401,1,1,0,0,0,0,0,0
4,560,1,0.46118776841337772,1,1,2169044916910194667,2169044916910194667,1,1,0,0,0,0,0,0
4,561,6,0.36287460125137139,1,1,7183508471783135985,7183508471783135985,1,1,0,0,0,0,0,0
4,562,8,0.14710516495289103,1,1,3219704462631363439,3219704462631363439,1,1,0,0,0,0,0,0
4,563,1,0.71165296907613229,1,1,3816093543505886853,3816093543505886853,1,1,0,0,0,0,0,0
4,564,8,0.63079555901159745,1,1,15639091434731188379,15639091434731188379,1,1,0,0,0,0,0,0
4,565,8,0.6107877643699271,1,1,3816093543505886853,3816093543505886853,1,1,0,0,0,0,0,0
4,566,1,0.89012727077090326,0,0,3816093543505886853,3816093543505886853,1,1,0,0,0,0,0,0
4,567,6,0.09318131214724458,1,1,17753116489191708831,17753116489191708831,1,1,0,0,0,0,0,0
4,568,8,0.012523654455134198,1,1,4608747164479310401,4608747164479310401,1,1,0,0,0,0,0,0
4,569,7,0.61806412368690167,1,1,15639091434731188379,15639091434731188379,1,1,0,0,0,0,0,0
4,570,2,0.29768973642848179,1,1,18037322958414427413,18037322958414427413,1,1,0,0,0,0,0,0
4,571,6,0.54150807799252132,1,1,13268626734905361287,13268626734905361287,1,1,0,0,0,0,0,0
4,572,8,0.61414519350496455,1,1,8839967791199184345,8839967791199184345,1,1,0,0,0,0,0,0
4,573,7,0.044578404739668752,1,1,16693991032587868299,16693991032587868299,1,1,0,0,0,0,0,0
4,574,1,0.4238760897173377,1,1,11002233109305616737,11002233109305616737,1,1,0,0,0,0,0,0
4,575,6,0.70091597014049767,1,1,12868287706271536899,12868287706271536899,1,1,0,0,0,0,0,0
4,576,8,0.86975085607037306,0,0,12868287706271536899,12868287706271536899,1,1,0,0,0,0,0,0
4,577,6,0.0024207044659768345,1,1,11002233109305616737,11002233109305616737,1,1,0,0,0,0,0,0
4,578,3,0.58381372780530583,1,1,3219704462631363439,3219704462631363439,1,1,0,0,0,0,0,0
4,579,1,0.93057556879733982,1,1,3816093543505886853,3816093543505886853,1,1,0,0,0,0,0,0
4,580,6,0.15029754363210845,1,1,17753116489191708831,17753116489191708831,1,1,0,0,0,0,0,0
4,581,7,0.56469779715139434,1,1,3816093543505886853,3816093543505886853,1,1,0,0,0,0,0,0
4,582,6,0.48184407860811346,1,1,17753116489191708831,17753116489191708831,1,1,0,0,0,0,0,0
4,583,1,0.16104303778988019,1,1,10382359413315590709,10382359413315590709,1,1,0,0,0,0,0,0
4,584,3,0.62560270976041576,1,1,12868287706271536899,12868287706271536899,1,1,0,0,0,0,0,0
4,585,1,0.84591351678108517,1,1,8839967791199184345,8839967791199184345,1,1,0,0,0,0,0,0
4,586,8,0.89000580612757485,0,0,8839967791199184345,8839967791199184345,1,1,0,0,0,0,0,0
4,587,6,0.42346639721320251,1,1,16693991032587868299,16693991032587868299,1,1,0,0,0,0,0,0
4,588,2,0.072238475929693707,1,1,3816093543505886853,3816093543505886853,1,1,0,0,0,0,0,0
4,589,1,0.19595095545312996,1,1,3219704462631363439,3219704462631363439,1,1,0,0,0,0,0,0
4,590,2,0.64174438800594036,1,1,11002233109305616737,11002233109305616737,1,1,0,0,0,0,0,0
4,591,8,0.47422494246496977,1,1,1237489757887272319,1237489757887272319,1,1,0,0,0,0,0,0
4,592,2,0.8325515309184639,0,0,1237489757887272319,1237489757887272319,1,1,0,0,0,0,0,0
4,593,3,0.61568813650752807,1,1,7183508471783135985,7183508471783135985,1,1,0,0,0,0,0,0
4,594,3,0.87840511761396289,1,1,1237489757887272319,1237489757887272319,1,1,0,0,0,0,0,0
4,595,3,0.58895451551838529,1,1,7183508471783135985,7183508471783135985,1,1,0,0,0,0,0,0
4,596,7,0.95051303155819789,0,0,7183508471783135985,7183508471783135985,1,1,0,0,0,0,0,0
4,597,2,0.093126448779802945,1,1,1237489757887272319,1237489757887272319,1,1,0,0,0,0,0,0
4,598,6,0.71616319433305364,1,1,17151402702690075293,17151402702690075293,1,1,0,0,0,0,0,0
4,599,7,0.43673915581297906,1,1,1237489757887272319,1237489757887272319,1,1,0,0,0,0,0,0
4,600,3,0.21615331717980185,1,1,7183508471783135985,7183508471783135985,1,1,0,0,0,0,0,0
4,601,8,0.12006603626394126,1,1,3219704462631363439,3219704462631363439,1,1,0,0,0,0,0,0
4,602,6,0.80214142294625401,0,0,3219704462631363439,3219704462631363439,1,1,0,0,0,0,0,0
4,603,2,0.75354179498929297,1,1,11002233109305616737,11002233109305616737,1,1,0,0,0,0,0,0
4,604,1,0.45311587648924539,1,1,16693991032587868299,16693991032587868299,1,1,0,0,0,0,0,0
4,605,8,0.71992005596444164,1,1,18037322958414427413,18037322958414427413,1,1,0,0,0,0,0,0
4,606,7,0.60388930827630438,1,1,13268626734905361287,13268626734905361287,1,1,0,0,0,0,0,0
4,607,1,0.16139329562664215,1,1,17151402702690075293,17151402702690075293,1,1,0,0,0,0,0,0
4,608,8,0.98630521797782966,1,1,12868287706271536899,12868287706271536899,1,1,0,0,0,0,0,0
4,609,8,0.13691419434177554,1,1,17151402702690075293,17151402702690075293,1,1,0,0,0,0,0,0
4,610,8,0.4936956465418314,1,1,12868287706271536899,12868287706271536899,1,1,0,0,0,0,0,0
4,611,7,0.12849261233053313,1,1,11002233109305616737,11002233109305616737,1,1,0,0,0,0,0,0
4,612,6,0.93269606545870387,0,0,11002233109305616737,11002233109305616737,1,1,0,0,0,0,0,0
4,613,3,0.010937590704293182,1,1,3219704462631363439,3219704462631363439,1,1,0,0,0,0,0,0
4,614,1,0.74521145198184091,1,1,3816093543505886853,3816093543505886853,1,1,0,0,0,0,0,0
4,615,2,0.087063366936403208,1,1,16693991032587868299,16693991032587868299,1,1,0,0,0,0,0,0
4,616,3,0.74876650392313848,1,1,3816093543505886853,3816093543505886853,1,1,0,0,0,0,0,0
4,617,6,0.43483225557322386,1,1,17753116489191708831,17753116489191708831,1,1,0,0,0,0,0,0
4,618,1,0.49623181924893178,1,1,10382359413315590709,10382359413315590709,1,1,0,0,0,0,0,0
4,619,1,0.26668210507512785,1,1,17753116489191708831,17753116489191708831,1,1,0,0,0,0,0,0
4,620,8,0.49215403331907098,1,1,4608747164479310401,4608747164479310401,1,1,0,0,0,0,0,0
4,621,7,0.020165753931711095,1,1,15639091434731188379,15639091434731188379,1,1,0,0,0,0,0,0
4,622,6,0.43693182197500147,1,1,4608747164479310401,4608747164479310401,1,1,0,0,0,0,0,0
4,623,8,0.42192562286035812,1,1,17753116489191708831,17753116489191708831,1,1,0,0,0,0,0,0
4,624,2,0.5477365513633361,1,1,8839967791199184345,8839967791199184345,1,1,0,0,0,0,0,0
4,625,6,0.23499994724918202,1,1,16693991032587868299,16693991032587868299,1,1,0,0,0,0,0,0
4,626,8,0.26545951348726404,1,1,18037322958414427413,18037322958414427413,1,1,0,0,0,0,0,0
4,627,1,0.50722583203151927,1,1,1237489757887272319,1237489757887272319,1,1,0,0,0,0,0,0
4,628,8,0.30756027271271325,1,1,11002233109305616737,11002233109305616737,1,1,0,0,0,0,0,0
4,629,7,0.43412997931858893,1,1,12868287706271536899,12868287706271536899,1,1,0,0,0,0,0,0
4,630,8,0.67290724987287254,1,1,17151402702690075293,17151402702690075293,1,1,0,0,0,0,0,0
4,631,8,0.2614331986676301,1,1,12868287706271536899,12868287706271536899,1,1,0,0,0,0,0,0
4,632,2,0.71368346231823188,1,1,10382359413315590709,10382359413315590709,1,1,0,0,0,0,0,0
4,633,8,0.85803213780397392,0,0,10382359413315590709,10382359413315590709,1,1,0,0,0,0,0,0
4,634,6,0.80938856027075601,1,1,3219704462631363439,3219704462631363439,1,1,0,0,0,0,0,0
4,635,7,0.090118189726177841,1,1,10382359413315590709,10382359413315590709,1,1,0,0,0,0,0,0
4,636,2,0.081843263235019725,1,1,12868287706271536899,12868287706271536899,1,1,0,0,0,0,0,0
4,637,3,0.4635832234388188,1,1,10382359413315590709,10382359413315590709,1,1,0,0,0,0,0,0
4,638,3,0.80346144308951217,1,1,12868287706271536899,12868287706271536899,1,1,0,0,0,0,0,0
4,639,1,0.79650401312659591,1,1,8839967791199184345,8839967791199184345,1,1,0,0,0,0,0,0
4,640,7,0.18418614375227543,1,1,16693991032587868299,16693991032587868299,1,1,0,0,0,0,0,0
4,641,6,0.45533219649378115,1,1,8839967791199184345,8839967791199184345,1,1,0,0,0,0,0,0
4,642,7,0.5423930139327765,1,1,16693991032587868299,16693991032587868299,1,1,0,0,0,0,0,0
4,643,2,0.12293741730236901,1,1,3816093543505886853,3816093543505886853,1,1,0,0,0,0,0,0
4,644,1,0.78839919348778442,0,0,3816093543505886853,3816093543505886853,1,1,0,0,0,0,0,0
4,645,6,0.15773021555232658,1,1,17753116489191708831,17753116489191708831,1,1,0,0,0,0,0,0
4,646,1,0.83216006788535513,0,0,17753116489191708831,17753116489191708831,1,1,0,0,0,0,0,0
4,647,1,0.1759841530744457,1,1,10382359413315590709,10382359413315590709,1,1,0,0,0,0,0,0
4,648,3,0.41197115704120935,1,1,12868287706271536899,12868287706271536899,1,1,0,0,0,0,0,0
4,649,2,0.87103074864135388,1,1,10382359413315590709,10382359413315590709,1,1,0,0,0,0,0,0
4,650,7,0.34929342941608271,1,1,3219704462631363439,3219704462631363439,1,1,0,0,0,0,0,0
4,651,2,0.26519741923729379,1,1,11002233109305616737,11002233109305616737,1,1,0,0,0,0,0,0
4,652,2,0.60918541352539413,1,1,3219704462631363439,3219704462631363439,1,1,0,0,0,0,0,0
4,653,1,0.19893439443596866,1,1,3816093543505886853,3816093543505886853,1,1,0,0,0,0,0,0
4,654,3,0.34815667678966777,1,1,16693991032587868299,16693991032587868299,1,1,0,0,0,0,0,0
4,655,7,0.29174836780444491,1,1,8839967791199184345,8839967791199184345,1,1,0,0,0,0,0,0
4,656,3,0.046422897408702077,1,1,17753116489191708831,17753116489191708831,1,1,0,0,0,0,0,0
4,657,8,0.87972716444127463,0,0,17753116489191708831,17753116489191708831,1,1,0,0,0,0,0,0
4,658,8,0.99410006370482951,0,0,17753116489191708831,17753116489191708831,1,1,0,0,0,0,0,0
4,659,2,0.24831187768368312,1,1,8839967791199184345,8839967791199184345,1,1,0,0,0,0,0,0
4,660,1,0.32881498878867405,1,1,12868287706271536899,12868287706271536899,1,1,0,0,0,0,0,0
4,661,8,0.82035029868204756,0,0,12868287706271536899,12868287706271536899,1,1,0,0,0,0,0,0
4,662,3,0.54703062443359141,1,1,10382359413315590709,10382359413315590709,1,1,0,0,0,0,0,0
4,663,2,0.39727285068558371,1,1,12868287706271536899,12868287706271536899,1,1,0,0,0,0,0,0
4,664,7,0.46298533998252284,1,1,11002233109305616737,11002233109305616737,1,1,0,0,0,0,0,0
4,665,8,0.64142743787688739,1,1,1237489757887272319,1237489757887272319,1,1,0,0,0,0,0,0
4,666,6,0.7231755965653518,1,1,17151402702690075293,17151402702690075293,1,1,0,0,0,0,0,0
4,667,3,0.50626597571911935,1,1,2169044916910194667,2169044916910194667,1,1,0,0,0,0,0,0
4,668,3,0.27020219790484062,1,1,17151402702690075293,17151402702690075293,1,1,0,0,0,0,0,0
4,669,2,0.27091489479007602,1,1,2169044916910194667,2169044916910194667,1,1,0,0,0,0,0,0
4,670,2,0.43964116409155984,1,1,17151402702690075293,17151402702690075293,1,1,0,0,0,0,0,0
4,671,7,0.43634724361205696,1,1,1237489757887272319,1237489757887272319,1,1,0,0,0,0,0,0
4,672,3,0.87712697015132735,0,0,1237489757887272319,1237489757887272319,1,1,0,0,0,0,0,0
4,673,1,0.86378095040128333,1,1,18037322958414427413,18037322958414427413,1,1,0,0,0,0,0,0
4,674,8,0.11555305856295377,1,1,16693991032587868299,16693991032587868299,1,1,0,0,0,0,0,0
4,675,1,0.017233238638459342,1,1,11002233109305616737,11002233109305616737,1,1,0,0,0,0,0,0
4,676,2,0.41031357055970918,1,1,3219704462631363439,3219704462631363439,1,1,0,0,0,0,0,0
4,677,1,0.46227424852316618,1,1,3816093543505886853,3816093543505886853,1,1,0,0,0,0,0,0
4,678,3,0.78036696347120993,1,1,16693991032587868299,16693991032587868299,1,1,0,0,0,0,0,0
4,679,2,0.56083645244395741,1,1,3816093543505886853,3816093543505886853,1,1,0,0,0,0,0,0
4,680,7,0.92251315601886863,0,0,3816093543505886853,3816093543505886853,1,1,0,0,0,0,0,0
4,681,3,0.67080429049210677,1,1,16693991032587868299,16693991032587868299,1,1,0,0,0,0,0,0
4,682,1,0.63102605344249019,1,1,11002233109305616737,11002233109305616737,1,1,0,0,0,0,0,0
4,683,7,0.70989057706017478,1,1,12868287706271536899,12868287706271536899,1,1,0,0,0,0,0,0
4,684,7,0.07713301075986119,1,1,11002233109305616737,11002233109305616737,1,1,0,0,0,0,0,0
4,685,2,0.058611868147470741,1,1,3219704462631363439,3219704462631363439,1,1,0,0,0,0,0,0
4,686,2,0.48665064328000551,1,1,11002233109305616737,11002233109305616737,1,1,0,0,0,0,0,0
4,687,1,0.24383061992761867,1,1,16693991032587868299,16693991032587868299,1,1,0,0,0,0,0,0
4,688,3,0.84974201312671827,0,0,16693991032587868299,16693991032587868299,1,1,0,0,0,0,0,0
4,689,3,0.60426033222005138,1,1,3816093543505886853,3816093543505886853,1,1,0,0,0,0,0,0
4,690,6,0.18634500763925299,1,1,17753116489191708831,17753116489191708831,1,1,0,0,0,0,0,0
4,691,2,0.62429053071522678,1,1,8839967791199184345,8839967791199184345,1,1,0,0,0,0,0,0
4,692,1,0.85629068872816438,0,0,8839967791199184345,8839967791199184345,1,1,0,0,0,0,0,0
4,693,8,0.011724656607724444,1,1,13268626734905361287,13268626734905361287,1,1,0,0,0,0,0,0
4,694,7,0.82448786716592981,0,0,13268626734905361287,13268626734905361287,1,1,0,0,0,0,0,0
4,695,3,0.12507305571912675,1,1,4608747164479310401,4608747164479310401,1,1,0,0,0,0,0,0
4,696,3,0.4721992482621567,1,1,13268626734905361287,13268626734905361287,1,1,0,0,0,0,0,0
4,697,7,0.11131594050968543,1,1,18037322958414427413,18037322958414427413,1,1,0,0,0,0,0,0
4,698,7,0.9134940746071637,1,1,13268626734905361287,13268626734905361287,1,1,0,0,0,0,0,0
4,699,6,0.95635532412433044,0,0,13268626734905361287,13268626734905361287,1,1,0,0,0,0,0,0
4,700,2,0.98759460720343095,1,1,4608747164479310401,4608747164479310401,1,1,0,0,0,0,0,0
4,701,7,0.84868594355830052,0,0,4608747164479310401,4608747164479310401,1,1,0,0,0,0,0,0
4,702,7,0.48152086475764572,1,1,15639091434731188379,15639091434731188379,1,1,0,0,0,0,0,0
4,703,7,0.21763098057822636,1,1,4608747164479310401,4608747164479310401,1,1,0,0,0,0,0,0
4,704,3,0.25667498599776256,1,1,13268626734905361287,13268626734905361287,1,1,0,0,0,0,0,0
4,705,2,0.40193527034096271,1,1,4608747164479310401,4608747164479310401,1,1,0,0,0,0,0,0
4,706,7,0.93449253407078869,0,0,4608747164479310401,4608747164479310401,1,1,0,0,0,0,0,0
4,707,7,0.11280042496172678,1,1,15639091434731188379,15639091434731188379,1,1,0,0,0,0,0,0
4,708,6,0.62816332070430669,1,1,4608747164479310401,4608747164479310401,1,1,0,0,0,0,0,0
4,709,6,0.29715154295763724,1,1,15639091434731188379,15639091434731188379,1,1,0,0,0,0,0,0
4,710,8,0.82072169329389966,1,1,3816093543505886853,3816093543505886853,1,1,0,0,0,0,0,0
4,711,2,0.62895319872177757,1,1,16693991032587868299,16693991032587868299,1,1,0,0,0,0,0,0
4,712,6,0.052372451185687084,1,1,8839967791199184345,8839967791199184345,1,1,0,0,0,0,0,0
4,713,1,0.90409626977082247,0,0,8839967791199184345,8839967791199184345,1,1,0,0,0,0,0,0
4,714,1,0.70213710007362473,1,1,12868287706271536899,12868287706271536899,1,1,0,0,0,0,0,0
4,715,8,0.45749585595879411,1,1,17151402702690075293,17151402702690075293,1,1,0,0,0,0,0,0
4,716,7,0.14312538208384029,1,1,1237489757887272319,1237489757887272319,1,1,0,0,0,0,0,0
4,717,7,0.24378658199207742,1,1,17151402702690075293,17151402702690075293,1,1,0,0,0,0,0,0
4,718,6,0.82237672069297763,1,1,1237489757887272319,1237489757887272319,1,1,0,0,0,0,0,0
4,719,6,0.4369568031122078,1,1,17151402702690075293,17151402702690075293,1,1,0,0,0,0,0,0
4,720,1,0.2707872080073484,1,1,13268626734905361287,13268626734905361287,1,1,0,0,0,0,0,0
4,721,3,0.52859836274011085,1,1,4608747164479310401,4608747164479310401,1,1,0,0,0,0,0,0
4,722,6,0.94398382605462516,1,1,15639091434731188379,15639091434731188379,1,1,0,0,0,0,0,0
4,723,1,0.023287348159086899,1,1,7183508471783135985,7183508471783135985,1,1,0,0,0,0,0,0
4,724,2,0.25410144489694458,1,1,1237489757887272319,1237489757887272319,1,1,0,0,0,0,0,0
4,725,7,0.93477087089812871,1,1,17151402702690075293,17151402702690075293,1,1,0,0,0,0,0,0
4,726,8,0.18694424069891094,1,1,12868287706271536899,12868287706271536899,1,1,0,0,0,0,0,0
4,727,8,0.1115605533860933,1,1,17151402702690075293,17151402702690075293,1,1,0,0,0,0,0,0
4,728,7,0.21665519170279968,1,1,1237489757887272319,1237489757887272319,1,1,0,0,0,0,0,0
4,729,7,0.1148812491874974,1,1,17151402702690075293,17151402702690075293,1,1,0,0,0,0,0,0
4,730,1,0.16579569982587353,1,1,13268626734905361287,13268626734905361287,1,1,0,0,0,0,0,0
4,731,7,0.6397966460901422,1,1,18037322958414427413,18037322958414427413,1,1,0,0,0,0,0,0
4,732,6,0.93926505401486438,0,0,18037322958414427413,18037322958414427413,1,1,0,0,0,0,0,0
4,733,8,0.48047173412081523,1,1,16693991032587868299,16693991032587868299,1,1,0,0,0,0,0,0
4,734,7,0.25504727318397863,1,1,8839967791199184345,8839967791199184345,1,1,0,0,0,0,0,0
4,735,2,0.95063964951691915,1,1,17753116489191708831,17753116489191708831,1,1,0,0,0,0,0,0
4,736,6,0.021494736710905217,1,1,3816093543505886853,3816093543505886853,1,1,0,0,0,0,0,0
4,737,1,0.49492900609008256,1,1,3219704462631363439,3219704462631363439,1,1,0,0,0,0,0,0
4,738,6,0.29146877214533612,1,1,10382359413315590709,10382359413315590709,1,1,0,0,0,0,0,0
4,739,8,0.14955150891033761,1,1,2169044916910194667,2169044916910194667,1,1,0,0,0,0,0,0
4,740,7,0.89716146055746759,0,0,2169044916910194667,2169044916910194667,1,1,0,0,0,0,0,0
4,741,7,0.47262044732542274,1,1,7183508471783135985,7183508471783135985,1,1,0,0,0,0,0,0
4,742,1,0.20034568683938481,1,1,15639091434731188379,15639091434731188379,1,1,0,0,0,0,0,0
4,743,2,0.59077771750363195,1,1,18037322958414427413,18037322958414427413,1,1,0,0,0,0,0,0
4,744,2,0.060723001977281171,1,1,15639091434731188379,15639091434731188379,1,1,0,0,0,0,0,0
4,745,6,0.2493824397420458,1,1,4608747164479310401,4608747164479310401,1,1,0,0,0,0,0,0
4,746,7,0.88115557256483812,1,1,15639091434731188379,15639091434731188379,1,1,0,0,0,0,0,0
4,747,8,0.66480184774580531,1,1,3816093543505886853,3816093543505886853,1,1,0,0,0,0,0,0
4,748,6,0.17122803393946801,1,1,17753116489191708831,17753116489191708831,1,1,0,0,0,0,0,0
4,749,8,0.71106015416633006,1,1,4608747164479310401,4608747164479310401,1,1,0,0,0,0,0,0
4,750,3,0.027952426441072632,1,1,13268626734905361287,13268626734905361287,1,1,0,0,0,0,0,0
4,751,6,0.72692760848828364,1,1,18037322958414427413,18037322958414427413,1,1,0,0,0,0,0,0
4,752,2,0.81308084073951004,0,0,18037322958414427413,18037322958414427413,1,1,0,0,0,0,0,0
4,753,6,0.82482171704198282,1,1,13268626734905361287,13268626734905361287,1,1,0,0,0,0,0,0
4,754,3,0.1726618190260501,1,1,4608747164479310401,4608747164479310401,1,1,0,0,0,0,0,0
4,755,8,0.85741699343327338,1,1,17753116489191708831,17753116489191708831,1,1,0,0,0,0,0,0
4,756,1,0.68601662575622868,1,1,10382359413315590709,10382359413315590709,1,1,0,0,0,0,0,0
4,757,8,0.2923397953176945,1,1,2169044916910194667,2169044916910194667,1,1,0,0,0,0,0,0
4,758,8,0.31295137812845691,1,1,10382359413315590709,10382359413315590709,1,1,0,0,0,0,0,0
4,759,3,0.93504322615869206,1,1,12868287706271536899,12868287706271536899,1,1,0,0,0,0,0,0
4,760,7,0.26823599058563757,1,1,11002233109305616737,11002233109305616737,1,1,0,0,0,0,0,0
4,761,8,0.77729343435768172,0,0,11002233109305616737,11002233109305616737,1,1,0,0,0,0,0,0
4,762,3,0.15443713141646212,1,1,3219704462631363439,3219704462631363439,1,1,0,0,0,0,0,0
4,763,6,0.5096503548593857,1,1,10382359413315590709,10382359413315590709,1,1,0,0,0,0,0,0
4,764,2,0.27048365294862581,1,1,12868287706271536899,12868287706271536899,1,1,0,0,0,0,0,0
4,765,7,0.73678110098222949,1,1,11002233109305616737,11002233109305616737,1,1,0,0,0,0,0,0
4,766,2,0.61743912695750647,1,1,3219704462631363439,3219704462631363439,1,1,0,0,0,0,0,0
4,767,2,0.17512859091269056,1,1,11002233109305616737,11002233109305616737,1,1,0,0,0,0,0,0
4,768,3,0.5045570975094591,1,1,3219704462631363439,3219704462631363439,1,1,0,0,0,0,0,0
4,769,1,0.11442477519635712,1,1,3816093543505886853,3816093543505886853,1,1,0,0,0,0,0,0
4,770,3,0.056080267759432763,1,1,16693991032587868299,16693991032587868299,1,1,0,0,0,0,0,0
4,771,6,0.69554740637115697,1,1,8839967791199184345,8839967791199184345,1,1,0,0,0,0,0,0
4,772,1,0.32253716183796893,1,1,12868287706271536899,12868287706271536899,1,1,0,0,0,0,0,0
4,773,7,0.46040259185402332,1,1,11002233109305616737,11002233109305616737,1,1,0,0,0,0,0,0
4,774,2,0.26971217771297901,1,1,3219704462631363439,3219704462631363439,1,1,0,0,0,0,0,0
4,775,7,0.48745523847502309,1,1,10382359413315590709,10382359413315590709,1,1,0,0,0,0,0,0
4,776,1,0.20805773259479926,1,1,17753116489191708831,17753116489191708831,1,1,0,0,0,0,0,0
4,777,6,0.2409721553097405,1,1,3816093543505886853,3816093543505886853,1,1,0,0,0,0,0,0
4,778,3,0.71531281871240138,1,1,16693991032587868299,16693991032587868299,1,1,0,0,0,0,0,0
4,779,2,0.19731889684811879,1,1,3816093543505886853,3816093543505886853,1,1,0,0,0,0,0,0
4,780,7,0.57314715664095239,1,1,17753116489191708831,17753116489191708831,1,1,0,0,0,0,0,0
4,781,6,0.83736512275433905,1,1,3816093543505886853,3816093543505886853,1,1,0,0,0,0,0,0
4,782,6,0.28927688862779138,1,1,17753116489191708831,17753116489191708831,1,1,0,0,0,0,0,0
4,783,3,0.47863696225902591,1,1,8839967791199184345,8839967791199184345,1,1,0,0,0,0,0,0
4,784,8,0.88202752234904658,0,0,8839967791199184345,8839967791199184345,1,1,0,0,0,0,0,0
4,785,3,0.92121633274843784,1,1,17753116489191708831,17753116489191708831,1,1,0,0,0,0,0,0
4,786,1,0.95153862078047091,0,0,17753116489191708831,17753116489191708831,1,1,0,0,0,0,0,0
4,787,3,0.9197535345549428,0,0,17753116489191708831,17753116489191708831,1,1,0,0,0,0,0,0
4,788,3,0.48571385562920777,1,1,8839967791199184345,8839967791199184345,1,1,0,0,0,0,0,0
4,789,8,0.72461219445574088,0,0,8839967791199184345,8839967791199184345,1,1,0,0,0,0,0,0
4,790,2,0.042071012597769519,1,1,17753116489191708831,17753116489191708831,1,1,0,0,0,0,0,0
4,791,6,0.77083466023362524,1,1,3816093543505886853,3816093543505886853,1,1,0,0,0,0,0,0
4,792,1,0.26718450370755759,1,1,3219704462631363439,3219704462631363439,1,1,0,0,0,0,0,0
4,793,6,0.25497298641447774,1,1,10382359413315590709,10382359413315590709,1,1,0,0,0,0,0,0
4,794,1,0.77820389411253166,1,1,17753116489191708831,17753116489191708831,1,1,0,0,0,0,0,0
4,795,7,0.22473132514576644,1,1,3816093543505886853,3816093543505886853,1,1,0,0,0,0,0,0
4,796,2,0.24901054986809779,1,1,16693991032587868299,16693991032587868299,1,1,0,0,0,0,0,0
4,797,7,0.16590640009027205,1,1,8839967791199184345,8839967791199184345,1,1,0,0,0,0,0,0
4,798,7,0.97397901517160834,1,1,16693991032587868299,16693991032587868299,1,1,0,0,0,0,0,0
4,799,8,0.77095880578898535,0,0,16693991032587868299,16693991032587868299,1,1,0,0,0,0,0,0
4,800,3,0.22248994374522266,1,1,3816093543505886853,3816093543505886853,1,1,0,0,0,0,0,0
4,801,2,0.36660162429453219,1,1,16693991032587868299,16693991032587868299,1,1,0,0,0,0,0,0
4,802,8,0.27350023254255912,1,1,18037322958414427413,18037322958414427413,1,1,0,0,0,0,0,0
4,803,8,0.54337642705266109,1,1,16693991032587868299,16693991032587868299,1,1,0,0,0,0,0,0
4,804,3,0.51567645625532987,1,1,3816093543505886853,3816093543505886853,1,1,0,0,0,0,0,0
4,805,8,0.27267607477300704,1,1,15639091434731188379,15639091434731188379,1,1,0,0,0,0,0,0
4,806,1,0.81458019016849137,1,1,7183508471783135985,7183508471783135985,1,1,0,0,0,0,0,0
4,807,1,0.6216193988918659,1,1,15639091434731188379,15639091434731188379,1,1,0,0,0,0,0,0
4,808,3,0.25698565109497934,1,1,18037322958414427413,18037322958414427413,1,1,0,0,0,0,0,0
4,809,7,0.67020308933810191,1,1,13268626734905361287,13268626734905361287,1,1,0,0,0,0,0,0
4,810,6,0.069413654138364714,1,1,18037322958414427413,18037322958414427413,1,1,0,0,0,0,0,0
4,811,3,0.1536390580004019,1,1,15639091434731188379,15639091434731188379,1,1,0,0,0,0,0,0
4,812,6,0.32819053572532431,1,1,4608747164479310401,4608747164479310401,1,1,0,0,0,0,0,0
4,813,2,0.22663984822335517,1,1,13268626734905361287,13268626734905361287,1,1,0,0,0,0,0,0
4,814,3,0.94824169505923783,1,1,4608747164479310401,4608747164479310401,1,1,0,0,0,0,0,0
4,815,6,0.56586161461969364,1,1,15639091434731188379,15639091434731188379,1,1,0,0,0,0,0,0
4,816,1,0.70342216368129107,1,1,7183508471783135985,7183508471783135985,1,1,0,0,0,0,0,0
4,817,6,0.88798977275484325,0,0,7183508471783135985,7183508471783135985,1,1,0,0,0,0,0,0
4,818,2,0.60811722233807819,1,1,1237489757887272319,1237489757887272319,1,1,0,0,0,0,0,0
4,819,3,0.98223429059366907,0,0,1237489757887272319,1237489757887272319,1,1,0,0,0,0,0,0
4,820,7,0.13505626944058352,1,1,17151402702690075293,17151402702690075293,1,1,0,0,0,0,0,0
4,821,6,0.85523976375403732,0,0,17151402702690075293,17151402702690075293,1,1,0,0,0,0,0,0
4,822,8,0.96915233823772595,1,1,12868287706271536899,12868287706271536899,1,1,0,0,0,0,0,0
4,823,8,0.95649009688783826,0,0,12868287706271536899,12868287706271536899,1,1,0,0,0,0,0,0
4,824,2,0.32249865673449396,1,1,10382359413315590709,10382359413315590709,1,1,0,0,0,0,0,0
4,825,7,0.3875554659239554,1,1,3219704462631363439,3219704462631363439,1,1,0,0,0,0,0,0
4,826,2,0.18915798003321008,1,1,11002233109305616737,11002233109305616737,1,1,0,0,0,0,0,0
4,827,6,0.086512605005203982,1,1,12868287706271536899,12868287706271536899,1,1,0,0,0,0,0,0
4,828,1,0.18952498435290607,1,1,8839967791199184345,8839967791199184345,1,1,0,0,0,0,0,0
4,829,2,0.97923151266146602,0,0,8839967791199184345,8839967791199184345,1,1,0,0,0,0,0,0
4,830,2,0.16718300553079676,1,1,17753116489191708831,17753116489191708831,1,1,0,0,0,0,0,0
4,831,1,0.76871519542833711,0,0,17753116489191708831,17753116489191708831,1,1,0,0,0,0,0,0
4,832,6,0.76416420887644831,1,1,3816093543505886853,3816093543505886853,1,1,0,0,0,0,0,0
4,833,2,0.87262310563477929,1,1,16693991032587868299,16693991032587868299,1,1,0,0,0,0,0,0
4,834,1,0.14699548920994127,1,1,11002233109305616737,11002233109305616737,1,1,0,0,0,0,0,0
4,835,6,0.75633205908436407,0,0,11002233109305616737,11002233109305616737,1,1,0,0,0,0,0,0
4,836,2,0.31109684456558345,1,1,3219704462631363439,3219704462631363439,1,1,0,0,0,0,0,0
4,837,2,0.80558609255264635,1,1,11002233109305616737,11002233109305616737,1,1,0,0,0,0,0,0
4,838,2,0.43066487363177075,1,1,3219704462631363439,3219704462631363439,1,1,0,0,0,0,0,0
4,839,6,0.91771911213757695,0,0,3219704462631363439,3219704462631363439,1,1,0,0,0,0,0,0
4,840,7,0.37652288081459939,1,1,10382359413315590709,10382359413315590709,1,1,0,0,0,0,0,0
4,841,3,0.27628233820987264,1,1,12868287706271536899,12868287706271536899,1,1,0,0,0,0,0,0
4,842,8,0.2758052285872401,1,1,17151402702690075293,17151402702690075293,1,1,0,0,0,0,0,0
4,843,7,0.42162632307061626,1,1,1237489757887272319,1237489757887272319,1,1,0,0,0,0,0,0
4,844,1,0.46908816702751649,1,1,18037322958414427413,18037322958414427413,1,1,0,0,0,0,0,0
4,845,3,0.84792737711171151,1,1,15639091434731188379,15639091434731188379,1,1,0,0,0,0,0,0
4,846,3,0.063317695813920466,1,1,18037322958414427413,18037322958414427413,1,1,0,0,0,0,0,0
4,847,2,0.24591603872035722,1,1,15639091434731188379,15639091434731188379,1,1,0,0,0,0,0,0
4,848,2,0.086306981050210854,1,1,18037322958414427413,18037322958414427413,1,1,0,0,0,0,0,0
4,849,7,0.15391521783630338,1,1,13268626734905361287,13268626734905361287,1,1,0,0,0,0,0,0
4,850,8,0.89169187056066446,1,1,8839967791199184345,8839967791199184345,1,1,0,0,0,0,0,0
4,851,8,0.47063329936035003,1,1,13268626734905361287,13268626734905361287,1,1,0,0,0,0,0,0
4,852,7,0.47974705139579316,1,1,18037322958414427413,18037322958414427413,1,1,0,0,0,0,0,0
4,853,3,0.1441119743684518,1,1,15639091434731188379,15639091434731188379,1,1,0,0,0,0,0,0
4,854,6,0.42596347256174333,1,1,4608747164479310401,4608747164479310401,1,1,0,0,0,0,0,0
4,855,8,0.84393675641929056,1,1,17753116489191708831,17753116489191708831,1,1,0,0,0,0,0,0
4,856,6,0.85725013981116016,1,1,3816093543505886853,3816093543505886853,1,1,0,0,0,0,0,0
4,857,8,0.59524056301690409,1,1,15639091434731188379,15639091434731188379,1,1,0,0,0,0,0,0
4,858,6,0.89456833376486344,0,0,15639091434731188379,15639091434731188379,1,1,0,0,0,0,0,0
4,859,7,0.60506787897328529,1,1,4608747164479310401,4608747164479310401,1,1,0,0,0,0,0,0
4,860,7,0.1644305937579294,1,1,15639091434731188379,15639091434731188379,1,1,0,0,0,0,0,0
4,861,3,0.99795283935243451,0,0,15639091434731188379,15639091434731188379,1,1,0,0,0,0,0,0
4,862,6,0.86348470977390035,0,0,15639091434731188379,15639091434731188379,1,1,0,0,0,0,0,0
4,863,1,0.44671861259761203,1,1,7183508471783135985,7183508471783135985,1,1,0,0,0,0,0,0
4,864,1,0.31168866534643458,1,1,15639091434731188379,15639091434731188379,1,1,0,0,0,0,0,0
4,865,7,0.73952106245310478,1,1,4608747164479310401,4608747164479310401,1,1,0,0,0,0,0,0
4,866,7,0.82789955983758134,0,0,4608747164479310401,4608747164479310401,1,1,0,0,0,0,0,0
4,867,8,0.45046268628651265,1,1,17753116489191708831,17753116489191708831,1,1,0,0,0,0,0,0
4,868,3,0.86759071537067556,0,0,17753116489191708831,17753116489191708831,1,1,0,0,0,0,0,0
4,869,6,0.21276628997020625,1,1,3816093543505886853,3816093543505886853,1,1,0,0,0,0,0,0
4,870,6,0.77366728984942812,1,1,17753116489191708831,17753116489191708831,1,1,0,0,0,0,0,0
4,871,8,0.16460243688264548,1,1,4608747164479310401,4608747164479310401,1,1,0,0,0,0,0,0
4,872,2,0.7212054912604523,1,1,13268626734905361287,13268626734905361287,1,1,0,0,0,0,0,0
4,873,7,0.62083708168082297,1,1,18037322958414427413,18037322958414427413,1,1,0,0,0,0,0,0
4,874,7,0.72629633083264689,1,1,13268626734905361287,13268626734905361287,1,1,0,0,0,0,0,0
4,875,2,0.82586777813526524,0,0,13268626734905361287,13268626734905361287,1,1,0,0,0,0,0,0
4,876,3,0.023830717258037547,1,1,4608747164479310401,4608747164479310401,1,1,0,0,0,0,0,0
4,877,1,0.29824825119287368,1,1,2169044916910194667,2169044916910194667,1,1,0,0,0,0,0,0
4,878,3,0.2586391758085258,1,1,17151402702690075293,17151402702690075293,1,1,0,0,0,0,0,0
4,879,2,0.64262604334539486,1,1,2169044916910194667,2169044916910194667,1,1,0,0,0,0,0,0
4,880,8,0.73575516313322586,1,1,10382359413315590709,10382359413315590709,1,1,0,0,0,0,0,0
4,881,6,0.34562785053525308,1,1,3219704462631363439,3219704462631363439,1,1,0,0,0,0,0,0
4,882,2,0.87951936040714485,1,1,11002233109305616737,11002233109305616737,1,1,0,0,0,0,0,0
4,883,8,0.19021388045902093,1,1,1237489757887272319,1237489757887272319,1,1,0,0,0,0,0,0
4,884,6,0.63890658641680254,1,1,17151402702690075293,17151402702690075293,1,1,0,0,0,0,0,0
4,885,7,0.0102139591926477,1,1,1237489757887272319,1237489757887272319,1,1,0,0,0,0,0,0
4,886,2,0.15999628140481983,1,1,7183508471783135985,7183508471783135985,1,1,0,0,0,0,0,0
4,887,1,0.42964609207542148,1,1,15639091434731188379,15639091434731188379,1,1,0,0,0,0,0,0
4,888,8,0.65356426005007495,1,1,3816093543505886853,3816093543505886853,1,1,0,0,0,0,0,0
4,889,7,0.23911147009507389,1,1,17753116489191708831,17753116489191708831,1,1,0,0,0,0,0,0
4,890,1,0.66403654451706784,1,1,10382359413315590709,10382359413315590709,1,1,0,0,0,0,0,0
4,891,6,0.32980345616321893,1,1,3219704462631363439,3219704462631363439,1,1,0,0,0,0,0,0
4,892,2,0.40741240713940247,1,1,11002233109305616737,11002233109305616737,1,1,0,0,0,0,0,0
4,893,6,0.41279765552440467,1,1,12868287706271536899,12868287706271536899,1,1,0,0,0,0,0,0
4,894,2,0.67799677785179635,1,1,10382359413315590709,10382359413315590709,1,1,0,0,0,0,0,0
4,895,3,0.10214657315655683,1,1,12868287706271536899,12868287706271536899,1,1,0,0,0,0,0,0
4,896,8,0.67310869088349956,1,1,17151402702690075293,17151402702690075293,1,1,0,0,0,0,0,0
4,897,1,0.21016799662238375,1,1,13268626734905361287,13268626734905361287,1,1,0,0,0,0,0,0
4,898,2,0.088978944603356674,1,1,4608747164479310401,4608747164479310401,1,1,0,0,0,0,0,0
4,899,1,0.66360417964461593,1,1,2169044916910194667,2169044916910194667,1,1,0,0,0,0,0,0
4,900,1,0.94986713583897586,1,1,4608747164479310401,4608747164479310401,1,1,0,0,0,0,0,0
4,901,1,0.13171981277849737,1,1,2169044916910194667,2169044916910194667,1,1,0,0,0,0,0,0
4,902,2,0.64967499786923744,1,1,17151402702690075293,17151402702690075293,1,1,0,0,0,0,0,0
4,903,6,0.67175946317518354,1,1,1237489757887272319,1237489757887272319,1,1,0,0,0,0,0,0
4,904,1,0.86311570139552818,1,1,18037322958414427413,18037322958414427413,1,1,0,0,0,0,0,0
4,905,8,0.96746924733067829,1,1,16693991032587868299,16693991032587868299,1,1,0,0,0,0,0,0
4,906,1,0.98625033458217759,0,0,16693991032587868299,16693991032587868299,1,1,0,0,0,0,0,0
4,907,1,0.98752893873215708,0,0,16693991032587868299,16693991032587868299,1,1,0,0,0,0,0,0
4,908,6,0.60771844811407028,1,1,8839967791199184345,8839967791199184345,1,1,0,0,0,0,0,0
4,909,8,0.01673089998720724,1,1,13268626734905361287,13268626734905361287,1,1,0,0,0,0,0,0
4,910,3,0.23793516995610972,1,1,4608747164479310401,4608747164479310401,1,1,0,0,0,0,0,0
4,911,3,0.81122875542207795,0,0,4608747164479310401,4608747164479310401,1,1,0,0,0,0,0,0
4,912,7,0.80892532645165649,0,0,4608747164479310401,4608747164479310401,1,1,0,0,0,0,0,0
4,913,1,0.97404207941605403,0,0,4608747164479310401,4608747164479310401,1,1,0,0,0,0,0,0
4,914,7,0.93749163768388821,0,0,4608747164479310401,4608747164479310401,1,1,0,0,0,0,0,0
4,915,8,0.087611209727663231,1,1,17753116489191708831,17753116489191708831,1,1,0,0,0,0,0,0
4,916,8,0.72661867177739414,1,1,4608747164479310401,4608747164479310401,1,1,0,0,0,0,0,0
4,917,8,0.091269055167003177,1,1,17753116489191708831,17753116489191708831,1,1,0,0,0,0,0,0
4,918,8,0.89585839146001234,0,0,17753116489191708831,17753116489191708831,1,1,0,0,0,0,0,0
4,919,6,0.67649803654106044,1,1,3816093543505886853,3816093543505886853,1,1,0,0,0,0,0,0
4,920,2,0.048510895684640509,1,1,16693991032587868299,16693991032587868299,1,1,0,0,0,0,0,0
4,921,6,0.93070045422128311,1,1,8839967791199184345,8839967791199184345,1,1,0,0,0,0,0,0
4,922,6,0.27050977510638968,1,1,16693991032587868299,16693991032587868299,1,1,0,0,0,0,0,0
4,923,8,0.39814722566795624,1,1,18037322958414427413,18037322958414427413,1,1,0,0,0,0,0,0
4,924,6,0.83566525318118345,1,1,13268626734905361287,13268626734905361287,1,1,0,0,0,0,0,0
4,925,8,0.18905630454860972,1,1,8839967791199184345,8839967791199184345,1,1,0,0,0,0,0,0
4,926,7,0.74397648186079857,1,1,16693991032587868299,16693991032587868299,1,1,0,0,0,0,0,0
4,927,3,0.67858600434851546,1,1,3816093543505886853,3816093543505886853,1,1,0,0,0,0,0,0
4,928,7,0.87970595054749678,1,1,17753116489191708831,17753116489191708831,1,1,0,0,0,0,0,0
4,929,1,0.87419841433463941,0,0,17753116489191708831,17753116489191708831,1,1,0,0,0,0,0,0
4,930,1,0.63915909604848398,1,1,10382359413315590709,10382359413315590709,1,1,0,0,0,0,0,0
4,931,3,0.55071419874818561,1,1,12868287706271536899,12868287706271536899,1,1,0,0,0,0,0,0
4,932,2,0.44288719309972335,1,1,10382359413315590709,10382359413315590709,1,1,0,0,0,0,0,0
4,933,6,0.23838012005943801,1,1,3219704462631363439,3219704462631363439,1,1,0,0,0,0,0,0
4,934,8,0.97884654665806481,0,0,3219704462631363439,3219704462631363439,1,1,0,0,0,0,0,0
4,935,8,0.12058244252657124,1,1,7183508471783135985,7183508471783135985,1,1,0,0,0,0,0,0
4,936,1,0.0089854271750324823,1,1,15639091434731188379,15639091434731188379,1,1,0,0,0,0,0,0
4,937,2,0.90061102309064223,1,1,18037322958414427413,18037322958414427413,1,1,0,0,0,0,0,0
4,938,7,0.94674218297465795,0,0,18037322958414427413,18037322958414427413,1,1,0,0,0,0,0,0
4,939,1,0.39193266395038029,1,1,1237489757887272319,1237489757887272319,1,1,0,0,0,0,0,0
4,940,3,0.36431179996822843,1,1,7183508471783135985,7183508471783135985,1,1,0,0,0,0,0,0
4,941,1,0.66550299977959937,1,1,15639091434731188379,15639091434731188379,1,1,0,0,0,0,0,0
4,942,6,0.96173988846780178,1,1,4608747164479310401,4608747164479310401,1,1,0,0,0,0,0,0
4,943,7,0.59577187846610147,1,1,15639091434731188379,15639091434731188379,1,1,0,0,0,0,0,0
4,944,1,0.022610936539766827,1,1,7183508471783135985,7183508471783135985,1,1,0,0,0,0,0,0
4,945,8,0.58781448794062163,1,1,3219704462631363439,3219704462631363439,1,1,0,0,0,0,0,0
4,946,1,0.8205606115754398,1,1,3816093543505886853,3816093543505886853,1,1,0,0,0,0,0,0
4,947,7,0.28670452537617641,1,1,17753116489191708831,17753116489191708831,1,1,0,0,0,0,0,0
4,948,2,0.78419403031880297,1,1,8839967791199184345,8839967791199184345,1,1,0,0,0,0,0,0
4,949,6,0.6674756265529791,1,1,16693991032587868299,16693991032587868299,1,1,0,0,0,0,0,0
4,950,7,0.10952082385587464,1,1,8839967791199184345,8839967791199184345,1,1,0,0,0,0,0,0
4,951,3,0.53985935988495681,1,1,17753116489191708831,17753116489191708831,1,1,0,0,0,0,0,0
4,952,3,0.28305359525757817,1,1,8839967791199184345,8839967791199184345,1,1,0,0,0,0,0,0
4,953,3,0.22426415417088655,1,1,17753116489191708831,17753116489191708831,1,1,0,0,0,0,0,0
4,954,2,0.061167061987783315,1,1,8839967791199184345,8839967791199184345,1,1,0,0,0,0,0,0
4,955,2,0.34202073104011288,1,1,17753116489191708831,17753116489191708831,1,1,0,0,0,0,0,0
4,956,8,0.073391401869259063,1,1,4608747164479310401,4608747164479310401,1,1,0,0,0,0,0,0
4,957,3,0.097765425982087512,1,1,13268626734905361287,13268626734905361287,1,1,0,0,0,0,0,0
4,958,3,0.99225757170703854,1,1,4608747164479310401,4608747164479310401,1,1,0,0,0,0,0,0
4,959,1,0.4978673806900934,1,1,2169044916910194667,2169044916910194667,1,1,0,0,0,0,0,0
4,960,8,0.83500293293759587,1,1,10382359413315590709,10382359413315590709,1,1,0,0,0,0,0,0
4,961,3,0.77042472658593464,1,1,12868287706271536899,12868287706271536899,1,1,0,0,0,0,0,0
4,962,8,0.51372895219314119,1,1,17151402702690075293,17151402702690075293,1,1,0,0,0,0,0,0
4,963,8,0.060326346367734381,1,1,12868287706271536899,12868287706271536899,1,1,0,0,0,0,0,0
4,964,2,0.075512684979993278,1,1,10382359413315590709,10382359413315590709,1,1,0,0,0,0,0,0
4,965,7,0.67129877411087246,1,1,3219704462631363439,3219704462631363439,1,1,0,0,0,0,0,0
4,966,6,0.53899804184247535,1,1,10382359413315590709,10382359413315590709,1,1,0,0,0,0,0,0
4,967,3,0.71418967588615967,1,1,12868287706271536899,12868287706271536899,1,1,0,0,0,0,0,0
4,968,2,0.32902166227491236,1,1,10382359413315590709,10382359413315590709,1,1,0,0,0,0,0,0
4,969,8,0.66316108446078259,1,1,2169044916910194667,2169044916910194667,1,1,0,0,0,0,0,0
4,970,6,0.59200432779232992,1,1,7183508471783135985,7183508471783135985,1,1,0,0,0,0,0,0
4,971,3,0.86587374824130769,0,0,7183508471783135985,7183508471783135985,1,1,0,0,0,0,0,0
4,972,3,0.22083113359246989,1,1,1237489757887272319,1237489757887272319,1,1,0,0,0,0,0,0
4,973,1,0.41884096390753417,1,1,18037322958414427413,18037322958414427413,1,1,0,0,0,0,0,0
4,974,6,0.70288891775670737,1,1,13268626734905361287,13268626734905361287,1,1,0,0,0,0,0,0
4,975,6,0.66471151491975211,1,1,18037322958414427413,18037322958414427413,1,1,0,0,0,0,0,0
4,976,2,0.81458786577565967,1,1,15639091434731188379,15639091434731188379,1,1,0,0,0,0,0,0
4,977,7,0.10976249749833161,1,1,4608747164479310401,4608747164479310401,1,1,0,0,0,0,0,0
4,978,6,0.90534485280784749,1,1,15639091434731188379,15639091434731188379,1,1,0,0,0,0,0,0
4,979,6,0.14425233208724603,1,1,4608747164479310401,4608747164479310401,1,1,0,0,0,0,0,0
4,980,6,0.028252525010843004,1,1,15639091434731188379,15639091434731188379,1,1,0,0,0,0,0,0
4,981,2,0.60849020887986116,1,1,18037322958414427413,18037322958414427413,1,1,0,0,0,0,0,0
4,982,7,0.80006936901884118,1,1,13268626734905361287,13268626734905361287,1,1,0,0,0,0,0,0
4,983,2,0.86948752622529901,1,1,4608747164479310401,4608747164479310401,1,1,0,0,0,0,0,0
4,984,6,0.73550864536137084,1,1,15639091434731188379,15639091434731188379,1,1,0,0,0,0,0,0
4,985,7,0.27402866894226263,1,1,4608747164479310401,4608747164479310401,1,1,0,0,0,0,0,0
4,986,6,0.80888836376920936,1,1,15639091434731188379,15639091434731188379,1,1,0,0,0,0,0,0
4,987,6,0.049310184873805729,1,1,4608747164479310401,4608747164479310401,1,1,0,0,0,0,0,0
4,988,8,0.52361169459971091,1,1,17753116489191708831,17753116489191708831,1,1,0,0,0,0,0,0
4,989,8,0.63627500254868785,1,1,4608747164479310401,4608747164479310401,1,1,0,0,0,0,0,0
4,990,7,0.69567107072122036,1,1,15639091434731188379,15639091434731188379,1,1,0,0,0,0,0,0
4,991,6,0.12982388375179907,1,1,4608747164479310401,4608747164479310401,1,1,0,0,0,0,0,0
4,992,3,0.16344176020576312,1,1,13268626734905361287,13268626734905361287,1,1,0,0,0,0,0,0
4,993,7,0.69586077708693428,1,1,18037322958414427413,18037322958414427413,1,1,0,0,0,0,0,0
4,994,2,0.93098117967844818,0,0,18037322958414427413,18037322958414427413,1,1,0,0,0,0,0,0
4,995,1,0.38459114856956989,1,1,1237489757887272319,1237489757887272319,1,1,0,0,0,0,0,0
4,996,2,0.35880641265177143,1,1,7183508471783135985,7183508471783135985,1,1,0,0,0,0,0,0
4,997,7,0.049446110616253626,1,1,2169044916910194667,2169044916910194667,1,1,0,0,0,0,0,0
4,998,3,0.15908060154257322,1,1,17151402702690075293,17151402702690075293,1,1,0,0,0,0,0,0
4,999,7,0.24716034966960379,1,1,1237489757887272319,1237489757887272319,1,1,0,0,0,0,0,0
