task_index,source_dataset,archive_csv,archive_root,archive_result_dir,archive_measurements,archive_measurements_sha256,archive_source_commit,archive_executable_sha256,archive_job_id,archive_status,archive_qc_status,L,theta,V,seed,beta_trial,dt,delta,mu,boundary,hs_scheme,burn,measurements,threads,diagnostic_stride,sign_stride,legacy_average_sign,legacy_average_sign_err,legacy_runtime_seconds
0,LV,/home/sunxr/new-pfqmc-zeroT-sign-20260827/reproduction/projector_kitaev/zeroT_sign_L6_L12_L18_20260827/per_seed.csv,/home/sunxr/new-pfqmc-zeroT-sign-20260827/reproduction/projector_kitaev/zeroT_sign_L6_L12_L18_20260827,raw/main/L6/V2/seed_2026142900,/home/sunxr/new-pfqmc-zeroT-sign-20260827/reproduction/projector_kitaev/zeroT_sign_L6_L12_L18_20260827/raw/main/L6/V2/seed_2026142900/measurements.csv,e45ab5084f80051214c2317e2a24ececc6ce9887a4ca8753f830e93c1a418be0,b7c43d2bcb8e6b4952bb742f7368fbad24b96919,9eece40eeb4305429971d6451f7930befba461c7750ad9ee06cbd9384dae4ff2,153657[0].mgt,complete,,6,6,2,2026142900,8,0.1,1,0,0,0,500,4000,1,200,20,0.935,0.005104177855340398,50.633068917
1,LV,/home/sunxr/new-pfqmc-zeroT-sign-20260827/reproduction/projector_kitaev/zeroT_sign_L6_L12_L18_20260827/per_seed.csv,/home/sunxr/new-pfqmc-zeroT-sign-20260827/reproduction/projector_kitaev/zeroT_sign_L6_L12_L18_20260827,raw/main/L6/V2/seed_2026142901,/home/sunxr/new-pfqmc-zeroT-sign-20260827/reproduction/projector_kitaev/zeroT_sign_L6_L12_L18_20260827/raw/main/L6/V2/seed_2026142901/measurements.csv,775ebf38bd622152b22aa9f7a7dea62c11bb7b5e006625968dbf69cf25710818,b7c43d2bcb8e6b4952bb742f7368fbad24b96919,9eece40eeb4305429971d6451f7930befba461c7750ad9ee06cbd9384dae4ff2,153657[1].mgt,complete,,6,6,2,2026142901,8,0.1,1,0,0,0,500,4000,1,200,20,0.9485,0.004369451368668366,50.319792054
2,LV,/home/sunxr/new-pfqmc-zeroT-sign-20260827/reproduction/projector_kitaev/zeroT_sign_L6_L12_L18_20260827/per_seed.csv,/home/sunxr/new-pfqmc-zeroT-sign-20260827/reproduction/projector_kitaev/zeroT_sign_L6_L12_L18_20260827,raw/main/L6/V2/seed_2026142902,/home/sunxr/new-pfqmc-zeroT-sign-20260827/reproduction/projector_kitaev/zeroT_sign_L6_L12_L18_20260827/raw/main/L6/V2/seed_2026142902/measurements.csv,d684bd263979850287e26c8507d5e5a1471d832f8f7b560b45434c1b4391f10f,b7c43d2bcb8e6b4952bb742f7368fbad24b96919,9eece40eeb4305429971d6451f7930befba461c7750ad9ee06cbd9384dae4ff2,153657[2].mgt,complete,,6,6,2,2026142902,8,0.1,1,0,0,0,500,4000,1,200,20,0.9455,0.006344288770224755,57.153301045
3,LV,/home/sunxr/new-pfqmc-zeroT-sign-20260827/reproduction/projector_kitaev/zeroT_sign_L6_L12_L18_20260827/per_seed.csv,/home/sunxr/new-pfqmc-zeroT-sign-20260827/reproduction/projector_kitaev/zeroT_sign_L6_L12_L18_20260827,raw/main/L6/V2/seed_2026142903,/home/sunxr/new-pfqmc-zeroT-sign-20260827/reproduction/projector_kitaev/zeroT_sign_L6_L12_L18_20260827/raw/main/L6/V2/seed_2026142903/measurements.csv,6c585dec2b3b7783189c96cd16fe7aea6ca5bc380665865e08989677fbd8c9ee,b7c43d2bcb8e6b4952bb742f7368fbad24b96919,9eece40eeb4305429971d6451f7930befba461c7750ad9ee06cbd9384dae4ff2,153657[3].mgt,complete,,6,6,2,2026142903,8,0.1,1,0,0,0,500,4000,1,200,20,0.9495,0.0037328555458677687,53.961127048
4,LV,/home/sunxr/new-pfqmc-zeroT-sign-20260827/reproduction/projector_kitaev/zeroT_sign_L6_L12_L18_20260827/per_seed.csv,/home/sunxr/new-pfqmc-zeroT-sign-20260827/reproduction/projector_kitaev/zeroT_sign_L6_L12_L18_20260827,raw/main/L6/V3/seed_2026143000,/home/sunxr/new-pfqmc-zeroT-sign-20260827/reproduction/projector_kitaev/zeroT_sign_L6_L12_L18_20260827/raw/main/L6/V3/seed_2026143000/measurements.csv,1eaf52c88a130cdd8fb3c91a3d7af0bbf5aa572c37664a068359d3b6a1329eba,b7c43d2bcb8e6b4952bb742f7368fbad24b96919,9eece40eeb4305429971d6451f7930befba461c7750ad9ee06cbd9384dae4ff2,153657[4].mgt,complete,,6,6,3,2026143000,8,0.1,1,0,0,0,500,4000,1,200,20,0.7325,0.009621111654776917,53.159481972
5,LV,/home/sunxr/new-pfqmc-zeroT-sign-20260827/reproduction/projector_kitaev/zeroT_sign_L6_L12_L18_20260827/per_seed.csv,/home/sunxr/new-pfqmc-zeroT-sign-20260827/reproduction/projector_kitaev/zeroT_sign_L6_L12_L18_20260827,raw/main/L6/V3/seed_2026143001,/home/sunxr/new-pfqmc-zeroT-sign-20260827/reproduction/projector_kitaev/zeroT_sign_L6_L12_L18_20260827/raw/main/L6/V3/seed_2026143001/measurements.csv,bccda5ff56a85b389b8d6243c790679c9844ef0675c6b5a98a3c69ecc22b0d08,b7c43d2bcb8e6b4952bb742f7368fbad24b96919,9eece40eeb4305429971d6451f7930befba461c7750ad9ee06cbd9384dae4ff2,153657[5].mgt,complete,,6,6,3,2026143001,8,0.1,1,0,0,0,500,4000,1,200,20,0.761,0.008268519882822536,52.485736248
6,LV,/home/sunxr/new-pfqmc-zeroT-sign-20260827/reproduction/projector_kitaev/zeroT_sign_L6_L12_L18_20260827/per_seed.csv,/home/sunxr/new-pfqmc-zeroT-sign-20260827/reproduction/projector_kitaev/zeroT_sign_L6_L12_L18_20260827,raw/main/L6/V3/seed_2026143002,/home/sunxr/new-pfqmc-zeroT-sign-20260827/reproduction/projector_kitaev/zeroT_sign_L6_L12_L18_20260827/raw/main/L6/V3/seed_2026143002/measurements.csv,4965ba94a3ec1527f7729ee6cff29a18c42012203f65367df6ef42055aea2b17,b7c43d2bcb8e6b4952bb742f7368fbad24b96919,9eece40eeb4305429971d6451f7930befba461c7750ad9ee06cbd9384dae4ff2,153657[6].mgt,complete,,6,6,3,2026143002,8,0.1,1,0,0,0,500,4000,1,200,20,0.748,0.010172201541973418,51.432121979
7,LV,/home/sunxr/new-pfqmc-zeroT-sign-20260827/reproduction/projector_kitaev/zeroT_sign_L6_L12_L18_20260827/per_seed.csv,/home/sunxr/new-pfqmc-zeroT-sign-20260827/reproduction/projector_kitaev/zeroT_sign_L6_L12_L18_20260827,raw/main/L6/V3/seed_2026143003,/home/sunxr/new-pfqmc-zeroT-sign-20260827/reproduction/projector_kitaev/zeroT_sign_L6_L12_L18_20260827/raw/main/L6/V3/seed_2026143003/measurements.csv,da647f6ef530ee4866823d6462346e0a0fadf9e3b2968aa99eb3a44b77a033ad,b7c43d2bcb8e6b4952bb742f7368fbad24b96919,9eece40eeb4305429971d6451f7930befba461c7750ad9ee06cbd9384dae4ff2,153657[7].mgt,complete,,6,6,3,2026143003,8,0.1,1,0,0,0,500,4000,1,200,20,0.763,0.00920811998641474,57.334516213
8,LV,/home/sunxr/new-pfqmc-zeroT-sign-20260827/reproduction/projector_kitaev/zeroT_sign_L6_L12_L18_20260827/per_seed.csv,/home/sunxr/new-pfqmc-zeroT-sign-20260827/reproduction/projector_kitaev/zeroT_sign_L6_L12_L18_20260827,raw/main/L6/V4/seed_2026143100,/home/sunxr/new-pfqmc-zeroT-sign-20260827/reproduction/projector_kitaev/zeroT_sign_L6_L12_L18_20260827/raw/main/L6/V4/seed_2026143100/measurements.csv,c538d650e3a4faa74f33936e9272a2e64d8d2a4bc1cfcf7722e93a2e516e5277,b7c43d2bcb8e6b4952bb742f7368fbad24b96919,9eece40eeb4305429971d6451f7930befba461c7750ad9ee06cbd9384dae4ff2,153657[8].mgt,complete,,6,6,4,2026143100,8,0.1,1,0,0,0,500,4000,1,200,20,0.628,0.012087401009228359,50.806308045
9,LV,/home/sunxr/new-pfqmc-zeroT-sign-20260827/reproduction/projector_kitaev/zeroT_sign_L6_L12_L18_20260827/per_seed.csv,/home/sunxr/new-pfqmc-zeroT-sign-20260827/reproduction/projector_kitaev/zeroT_sign_L6_L12_L18_20260827,raw/main/L6/V4/seed_2026143101,/home/sunxr/new-pfqmc-zeroT-sign-20260827/reproduction/projector_kitaev/zeroT_sign_L6_L12_L18_20260827/raw/main/L6/V4/seed_2026143101/measurements.csv,e4be98f98042f01b9fecf4a3678913b0758789abaf4c13e815efb371e2c8a64c,b7c43d2bcb8e6b4952bb742f7368fbad24b96919,9eece40eeb4305429971d6451f7930befba461c7750ad9ee06cbd9384dae4ff2,153657[9].mgt,complete,,6,6,4,2026143101,8,0.1,1,0,0,0,500,4000,1,200,20,0.592,0.01545111135502114,51.639250636
10,LV,/home/sunxr/new-pfqmc-zeroT-sign-20260827/reproduction/projector_kitaev/zeroT_sign_L6_L12_L18_20260827/per_seed.csv,/home/sunxr/new-pfqmc-zeroT-sign-20260827/reproduction/projector_kitaev/zeroT_sign_L6_L12_L18_20260827,raw/main/L6/V4/seed_2026143102,/home/sunxr/new-pfqmc-zeroT-sign-20260827/reproduction/projector_kitaev/zeroT_sign_L6_L12_L18_20260827/raw/main/L6/V4/seed_2026143102/measurements.csv,9d768986957a7215fada9696339576fd77faac5392d835cbdb430b26d5d02984,b7c43d2bcb8e6b4952bb742f7368fbad24b96919,9eece40eeb4305429971d6451f7930befba461c7750ad9ee06cbd9384dae4ff2,153657[10].mgt,complete,,6,6,4,2026143102,8,0.1,1,0,0,0,500,4000,1,200,20,0.591,0.011673181138607283,52.742130292
11,LV,/home/sunxr/new-pfqmc-zeroT-sign-20260827/reproduction/projector_kitaev/zeroT_sign_L6_L12_L18_20260827/per_seed.csv,/home/sunxr/new-pfqmc-zeroT-sign-20260827/reproduction/projector_kitaev/zeroT_sign_L6_L12_L18_20260827,raw/main/L6/V4/seed_2026143103,/home/sunxr/new-pfqmc-zeroT-sign-20260827/reproduction/projector_kitaev/zeroT_sign_L6_L12_L18_20260827/raw/main/L6/V4/seed_2026143103/measurements.csv,3e1dfca8be41c7aeb8a5ff63d9d79d38758ed0a50944b15c114e3c8f6ebcd2b1,b7c43d2bcb8e6b4952bb742f7368fbad24b96919,9eece40eeb4305429971d6451f7930befba461c7750ad9ee06cbd9384dae4ff2,153657[11].mgt,complete,,6,6,4,2026143103,8,0.1,1,0,0,0,500,4000,1,200,20,0.621,0.011582654908821297,52.660682062
12,LV,/home/sunxr/new-pfqmc-zeroT-sign-20260827/reproduction/projector_kitaev/zeroT_sign_L6_L12_L18_20260827/per_seed.csv,/home/sunxr/new-pfqmc-zeroT-sign-20260827/reproduction/projector_kitaev/zeroT_sign_L6_L12_L18_20260827,raw/main/L6/V5/seed_2026143200,/home/sunxr/new-pfqmc-zeroT-sign-20260827/reproduction/projector_kitaev/zeroT_sign_L6_L12_L18_20260827/raw/main/L6/V5/seed_2026143200/measurements.csv,384583cdba784296b7599a8ab31b7f9c6ac0624d5a2a7a60d89bdcf4eabe84e3,b7c43d2bcb8e6b4952bb742f7368fbad24b96919,9eece40eeb4305429971d6451f7930befba461c7750ad9ee06cbd9384dae4ff2,153657[12].mgt,complete,,6,6,5,2026143200,8,0.1,1,0,0,0,500,4000,1,200,20,0.589,0.011023897486346362,52.634699446
13,LV,/home/sunxr/new-pfqmc-zeroT-sign-20260827/reproduction/projector_kitaev/zeroT_sign_L6_L12_L18_20260827/per_seed.csv,/home/sunxr/new-pfqmc-zeroT-sign-20260827/reproduction/projector_kitaev/zeroT_sign_L6_L12_L18_20260827,raw/main/L6/V5/seed_2026143201,/home/sunxr/new-pfqmc-zeroT-sign-20260827/reproduction/projector_kitaev/zeroT_sign_L6_L12_L18_20260827/raw/main/L6/V5/seed_2026143201/measurements.csv,14207560d447913674cedb128f4197d05d1bd54c6edaa2f53b6c2e70a18e3da8,b7c43d2bcb8e6b4952bb742f7368fbad24b96919,9eece40eeb4305429971d6451f7930befba461c7750ad9ee06cbd9384dae4ff2,153657[13].mgt,complete,,6,6,5,2026143201,8,0.1,1,0,0,0,500,4000,1,200,20,0.556,0.012256040401197666,52.518535647
14,LV,/home/sunxr/new-pfqmc-zeroT-sign-20260827/reproduction/projector_kitaev/zeroT_sign_L6_L12_L18_20260827/per_seed.csv,/home/sunxr/new-pfqmc-zeroT-sign-20260827/reproduction/projector_kitaev/zeroT_sign_L6_L12_L18_20260827,raw/main/L6/V5/seed_2026143202,/home/sunxr/new-pfqmc-zeroT-sign-20260827/reproduction/projector_kitaev/zeroT_sign_L6_L12_L18_20260827/raw/main/L6/V5/seed_2026143202/measurements.csv,8578d96530d790f87677402ff4f02db960e96b749b6494a72115cea89144486b,b7c43d2bcb8e6b4952bb742f7368fbad24b96919,9eece40eeb4305429971d6451f7930befba461c7750ad9ee06cbd9384dae4ff2,153657[14].mgt,complete,,6,6,5,2026143202,8,0.1,1,0,0,0,500,4000,1,200,20,0.5655,0.010624574294877344,51.283765631
15,LV,/home/sunxr/new-pfqmc-zeroT-sign-20260827/reproduction/projector_kitaev/zeroT_sign_L6_L12_L18_20260827/per_seed.csv,/home/sunxr/new-pfqmc-zeroT-sign-20260827/reproduction/projector_kitaev/zeroT_sign_L6_L12_L18_20260827,raw/main/L6/V5/seed_2026143203,/home/sunxr/new-pfqmc-zeroT-sign-20260827/reproduction/projector_kitaev/zeroT_sign_L6_L12_L18_20260827/raw/main/L6/V5/seed_2026143203/measurements.csv,e2762e8da13328ecfbe164b1cc8ce8230870de45f92c4aafb422ee239827fa17,b7c43d2bcb8e6b4952bb742f7368fbad24b96919,9eece40eeb4305429971d6451f7930befba461c7750ad9ee06cbd9384dae4ff2,153657[15].mgt,complete,,6,6,5,2026143203,8,0.1,1,0,0,0,500,4000,1,200,20,0.588,0.014116060282342831,52.062815602
16,LV,/home/sunxr/new-pfqmc-zeroT-sign-20260827/reproduction/projector_kitaev/zeroT_sign_L6_L12_L18_20260827/per_seed.csv,/home/sunxr/new-pfqmc-zeroT-sign-20260827/reproduction/projector_kitaev/zeroT_sign_L6_L12_L18_20260827,raw/main/L6/V6/seed_2026143300,/home/sunxr/new-pfqmc-zeroT-sign-20260827/reproduction/projector_kitaev/zeroT_sign_L6_L12_L18_20260827/raw/main/L6/V6/seed_2026143300/measurements.csv,084dd8b47d3ae419f598e29ddb64a41a11777d50ea2a0a3277c0dedb987bb61a,b7c43d2bcb8e6b4952bb742f7368fbad24b96919,9eece40eeb4305429971d6451f7930befba461c7750ad9ee06cbd9384dae4ff2,153657[16].mgt,complete,,6,6,6,2026143300,8,0.1,1,0,0,0,500,4000,1,200,20,0.589,0.01139944596991681,51.477635923
17,LV,/home/sunxr/new-pfqmc-zeroT-sign-20260827/reproduction/projector_kitaev/zeroT_sign_L6_L12_L18_20260827/per_seed.csv,/home/sunxr/new-pfqmc-zeroT-sign-20260827/reproduction/projector_kitaev/zeroT_sign_L6_L12_L18_20260827,raw/main/L6/V6/seed_2026143301,/home/sunxr/new-pfqmc-zeroT-sign-20260827/reproduction/projector_kitaev/zeroT_sign_L6_L12_L18_20260827/raw/main/L6/V6/seed_2026143301/measurements.csv,9fd9c36fd05bb4c1070d796f73f30bc4fac03d9e980e5b5c4cc51ba5fc309c48,b7c43d2bcb8e6b4952bb742f7368fbad24b96919,9eece40eeb4305429971d6451f7930befba461c7750ad9ee06cbd9384dae4ff2,153657[17].mgt,complete,,6,6,6,2026143301,8,0.1,1,0,0,0,500,4000,1,200,20,0.5845,0.01242821492877354,54.941790348
18,LV,/home/sunxr/new-pfqmc-zeroT-sign-20260827/reproduction/projector_kitaev/zeroT_sign_L6_L12_L18_20260827/per_seed.csv,/home/sunxr/new-pfqmc-zeroT-sign-20260827/reproduction/projector_kitaev/zeroT_sign_L6_L12_L18_20260827,raw/main/L6/V6/seed_2026143302,/home/sunxr/new-pfqmc-zeroT-sign-20260827/reproduction/projector_kitaev/zeroT_sign_L6_L12_L18_20260827/raw/main/L6/V6/seed_2026143302/measurements.csv,2603f176e9e207df1cdd78a1c361aaa84c7a9e3aca4212277303bd67bd9b6464,b7c43d2bcb8e6b4952bb742f7368fbad24b96919,9eece40eeb4305429971d6451f7930befba461c7750ad9ee06cbd9384dae4ff2,153657[18].mgt,complete,,6,6,6,2026143302,8,0.1,1,0,0,0,500,4000,1,200,20,0.5725,0.01452538612585783,53.204841754
19,LV,/home/sunxr/new-pfqmc-zeroT-sign-20260827/reproduction/projector_kitaev/zeroT_sign_L6_L12_L18_20260827/per_seed.csv,/home/sunxr/new-pfqmc-zeroT-sign-20260827/reproduction/projector_kitaev/zeroT_sign_L6_L12_L18_20260827,raw/main/L6/V6/seed_2026143303,/home/sunxr/new-pfqmc-zeroT-sign-20260827/reproduction/projector_kitaev/zeroT_sign_L6_L12_L18_20260827/raw/main/L6/V6/seed_2026143303/measurements.csv,368a80c7f86d1b79812d8512f74693591c6f8a9b7f4f93aef49e3473d356da32,b7c43d2bcb8e6b4952bb742f7368fbad24b96919,9eece40eeb4305429971d6451f7930befba461c7750ad9ee06cbd9384dae4ff2,153657[19].mgt,complete,,6,6,6,2026143303,8,0.1,1,0,0,0,500,4000,1,200,20,0.593,0.01218497780919302,49.246954819
20,LV,/home/sunxr/new-pfqmc-zeroT-sign-20260827/reproduction/projector_kitaev/zeroT_sign_L6_L12_L18_20260827/per_seed.csv,/home/sunxr/new-pfqmc-zeroT-sign-20260827/reproduction/projector_kitaev/zeroT_sign_L6_L12_L18_20260827,raw/control/L6/V2/seed_2126142900,/home/sunxr/new-pfqmc-zeroT-sign-20260827/reproduction/projector_kitaev/zeroT_sign_L6_L12_L18_20260827/raw/control/L6/V2/seed_2126142900/measurements.csv,cbebd0d10207cd3ef2048d27df983de9d40ddb6f52f141dcf823432df38ecb92,b7c43d2bcb8e6b4952bb742f7368fbad24b96919,9eece40eeb4305429971d6451f7930befba461c7750ad9ee06cbd9384dae4ff2,153660[0].mgt,complete,,6,6,2,2126142900,8,0.1,1,0,1,1,500,4000,1,200,20,1,0,61.449388062
21,LV,/home/sunxr/new-pfqmc-zeroT-sign-20260827/reproduction/projector_kitaev/zeroT_sign_L6_L12_L18_20260827/per_seed.csv,/home/sunxr/new-pfqmc-zeroT-sign-20260827/reproduction/projector_kitaev/zeroT_sign_L6_L12_L18_20260827,raw/control/L6/V2/seed_2126142901,/home/sunxr/new-pfqmc-zeroT-sign-20260827/reproduction/projector_kitaev/zeroT_sign_L6_L12_L18_20260827/raw/control/L6/V2/seed_2126142901/measurements.csv,2fa3598e493c5cc8abcb4aafb994c3f7e66b62e74108cff8a51d962788ed2149,b7c43d2bcb8e6b4952bb742f7368fbad24b96919,9eece40eeb4305429971d6451f7930befba461c7750ad9ee06cbd9384dae4ff2,153660[1].mgt,complete,,6,6,2,2126142901,8,0.1,1,0,1,1,500,4000,1,200,20,1,0,59.57360663
22,LV,/home/sunxr/new-pfqmc-zeroT-sign-20260827/reproduction/projector_kitaev/zeroT_sign_L6_L12_L18_20260827/per_seed.csv,/home/sunxr/new-pfqmc-zeroT-sign-20260827/reproduction/projector_kitaev/zeroT_sign_L6_L12_L18_20260827,raw/control/L6/V4/seed_2126143100,/home/sunxr/new-pfqmc-zeroT-sign-20260827/reproduction/projector_kitaev/zeroT_sign_L6_L12_L18_20260827/raw/control/L6/V4/seed_2126143100/measurements.csv,c2d747c86f7911b9ba926f93c2f664043ed596510bcf8988b2b0f95aa730c741,b7c43d2bcb8e6b4952bb742f7368fbad24b96919,9eece40eeb4305429971d6451f7930befba461c7750ad9ee06cbd9384dae4ff2,153660[2].mgt,complete,,6,6,4,2126143100,8,0.1,1,0,1,1,500,4000,1,200,20,1,0,57.56095978
23,LV,/home/sunxr/new-pfqmc-zeroT-sign-20260827/reproduction/projector_kitaev/zeroT_sign_L6_L12_L18_20260827/per_seed.csv,/home/sunxr/new-pfqmc-zeroT-sign-20260827/reproduction/projector_kitaev/zeroT_sign_L6_L12_L18_20260827,raw/control/L6/V4/seed_2126143101,/home/sunxr/new-pfqmc-zeroT-sign-20260827/reproduction/projector_kitaev/zeroT_sign_L6_L12_L18_20260827/raw/control/L6/V4/seed_2126143101/measurements.csv,4a6fd67dc11ddb6226e15b82d58f68132887bad238f9a6be702a3fab1ac91243,b7c43d2bcb8e6b4952bb742f7368fbad24b96919,9eece40eeb4305429971d6451f7930befba461c7750ad9ee06cbd9384dae4ff2,153660[3].mgt,complete,,6,6,4,2126143101,8,0.1,1,0,1,1,500,4000,1,200,20,1,0,57.839072163
24,LV,/home/sunxr/new-pfqmc-zeroT-sign-20260827/reproduction/projector_kitaev/zeroT_sign_L6_L12_L18_20260827/per_seed.csv,/home/sunxr/new-pfqmc-zeroT-sign-20260827/reproduction/projector_kitaev/zeroT_sign_L6_L12_L18_20260827,raw/control/L6/V6/seed_2126143300,/home/sunxr/new-pfqmc-zeroT-sign-20260827/reproduction/projector_kitaev/zeroT_sign_L6_L12_L18_20260827/raw/control/L6/V6/seed_2126143300/measurements.csv,198ffd462039c48b563f1ac5c254052559ab1928eca265e0bb59ab28f7b8fd3a,b7c43d2bcb8e6b4952bb742f7368fbad24b96919,9eece40eeb4305429971d6451f7930befba461c7750ad9ee06cbd9384dae4ff2,153660[4].mgt,complete,,6,6,6,2126143300,8,0.1,1,0,1,1,500,4000,1,200,20,1,0,57.044058725
25,LV,/home/sunxr/new-pfqmc-zeroT-sign-20260827/reproduction/projector_kitaev/zeroT_sign_L6_L12_L18_20260827/per_seed.csv,/home/sunxr/new-pfqmc-zeroT-sign-20260827/reproduction/projector_kitaev/zeroT_sign_L6_L12_L18_20260827,raw/control/L6/V6/seed_2126143301,/home/sunxr/new-pfqmc-zeroT-sign-20260827/reproduction/projector_kitaev/zeroT_sign_L6_L12_L18_20260827/raw/control/L6/V6/seed_2126143301/measurements.csv,2168a10bdb32ae8fa2a3d92a9fdecbb9895d1bb08da36f1bdbbb3ad4e56fe8eb,b7c43d2bcb8e6b4952bb742f7368fbad24b96919,9eece40eeb4305429971d6451f7930befba461c7750ad9ee06cbd9384dae4ff2,153660[5].mgt,complete,,6,6,6,2126143301,8,0.1,1,0,1,1,500,4000,1,200,20,1,0,57.902713383
26,Ltheta,/home/sunxr/new-pfqmc-zeroT-L-theta-20260827/reproduction/projector_kitaev/zeroT_sign_L_theta_20260827/all_seeds_L_theta.csv,/home/sunxr/new-pfqmc-zeroT-L-theta-20260827/reproduction/projector_kitaev/zeroT_sign_L_theta_20260827,raw/L6/theta12/V2/seed_1926154900,/home/sunxr/new-pfqmc-zeroT-L-theta-20260827/reproduction/projector_kitaev/zeroT_sign_L_theta_20260827/raw/L6/theta12/V2/seed_1926154900/measurements.csv,f49a055a565482e6b54f70a767bac779fc37906a995508a734865cec0faec4ef,25b5ecec6a92af3853997b713f81920b5ddedacb,e141fd9d61e6cf07d6af8feca93b8725d67d994519de9e29c722416e30fe9b97,153661[0].mgt,complete,clean,6,12,2,1926154900,8,0.1,1,0,0,0,500,4000,1,200,20,0.8845,0.008094019884750524,100.062512773
27,Ltheta,/home/sunxr/new-pfqmc-zeroT-L-theta-20260827/reproduction/projector_kitaev/zeroT_sign_L_theta_20260827/all_seeds_L_theta.csv,/home/sunxr/new-pfqmc-zeroT-L-theta-20260827/reproduction/projector_kitaev/zeroT_sign_L_theta_20260827,raw/L6/theta12/V2/seed_1926154901,/home/sunxr/new-pfqmc-zeroT-L-theta-20260827/reproduction/projector_kitaev/zeroT_sign_L_theta_20260827/raw/L6/theta12/V2/seed_1926154901/measurements.csv,4c8b65bd092f3e6b2008e451373cc7dddf6f802a0e6e09ea52d90e869a1447ca,25b5ecec6a92af3853997b713f81920b5ddedacb,e141fd9d61e6cf07d6af8feca93b8725d67d994519de9e29c722416e30fe9b97,153661[1].mgt,complete,clean,6,12,2,1926154901,8,0.1,1,0,0,0,500,4000,1,200,20,0.8985,0.005816265758063425,102.263190319
28,Ltheta,/home/sunxr/new-pfqmc-zeroT-L-theta-20260827/reproduction/projector_kitaev/zeroT_sign_L_theta_20260827/all_seeds_L_theta.csv,/home/sunxr/new-pfqmc-zeroT-L-theta-20260827/reproduction/projector_kitaev/zeroT_sign_L_theta_20260827,raw/L6/theta12/V2/seed_1926154902,/home/sunxr/new-pfqmc-zeroT-L-theta-20260827/reproduction/projector_kitaev/zeroT_sign_L_theta_20260827/raw/L6/theta12/V2/seed_1926154902/measurements.csv,d0ff1585aece89ee68aa0f171b573707384678732aa026c7c63da62f68e6f987,25b5ecec6a92af3853997b713f81920b5ddedacb,e141fd9d61e6cf07d6af8feca93b8725d67d994519de9e29c722416e30fe9b97,153661[2].mgt,complete,clean,6,12,2,1926154902,8,0.1,1,0,0,0,500,4000,1,200,20,0.8905,0.006938640849770601,97.531622034
29,Ltheta,/home/sunxr/new-pfqmc-zeroT-L-theta-20260827/reproduction/projector_kitaev/zeroT_sign_L_theta_20260827/all_seeds_L_theta.csv,/home/sunxr/new-pfqmc-zeroT-L-theta-20260827/reproduction/projector_kitaev/zeroT_sign_L_theta_20260827,raw/L6/theta12/V2/seed_1926154903,/home/sunxr/new-pfqmc-zeroT-L-theta-20260827/reproduction/projector_kitaev/zeroT_sign_L_theta_20260827/raw/L6/theta12/V2/seed_1926154903/measurements.csv,be4c432667257b1eb8b1f41ba3f327fdb8bf5f9fcf6bd14a5553aad5b50ef918,25b5ecec6a92af3853997b713f81920b5ddedacb,e141fd9d61e6cf07d6af8feca93b8725d67d994519de9e29c722416e30fe9b97,153661[3].mgt,complete,clean,6,12,2,1926154903,8,0.1,1,0,0,0,500,4000,1,200,20,0.892,0.007663996483902066,104.899776995
30,Ltheta,/home/sunxr/new-pfqmc-zeroT-L-theta-20260827/reproduction/projector_kitaev/zeroT_sign_L_theta_20260827/all_seeds_L_theta.csv,/home/sunxr/new-pfqmc-zeroT-L-theta-20260827/reproduction/projector_kitaev/zeroT_sign_L_theta_20260827,raw/L6/theta12/V3/seed_1926155000,/home/sunxr/new-pfqmc-zeroT-L-theta-20260827/reproduction/projector_kitaev/zeroT_sign_L_theta_20260827/raw/L6/theta12/V3/seed_1926155000/measurements.csv,bee72a56ec2aaf8e43ed1c1fded02df8fb88e9b6d086a19144ec8bab5b0d30b9,25b5ecec6a92af3853997b713f81920b5ddedacb,e141fd9d61e6cf07d6af8feca93b8725d67d994519de9e29c722416e30fe9b97,153661[4].mgt,complete,clean,6,12,3,1926155000,8,0.1,1,0,0,0,500,4000,1,200,20,0.569,0.015759708787050335,99.695722472
31,Ltheta,/home/sunxr/new-pfqmc-zeroT-L-theta-20260827/reproduction/projector_kitaev/zeroT_sign_L_theta_20260827/all_seeds_L_theta.csv,/home/sunxr/new-pfqmc-zeroT-L-theta-20260827/reproduction/projector_kitaev/zeroT_sign_L_theta_20260827,raw/L6/theta12/V3/seed_1926155001,/home/sunxr/new-pfqmc-zeroT-L-theta-20260827/reproduction/projector_kitaev/zeroT_sign_L_theta_20260827/raw/L6/theta12/V3/seed_1926155001/measurements.csv,e5411da2eb60c330772ccb7c0b1d564f214e66233f63ec364c8e7d58643cd468,25b5ecec6a92af3853997b713f81920b5ddedacb,e141fd9d61e6cf07d6af8feca93b8725d67d994519de9e29c722416e30fe9b97,153661[5].mgt,complete,clean,6,12,3,1926155001,8,0.1,1,0,0,0,500,4000,1,200,20,0.526,0.017582886416537023,102.468916725
32,Ltheta,/home/sunxr/new-pfqmc-zeroT-L-theta-20260827/reproduction/projector_kitaev/zeroT_sign_L_theta_20260827/all_seeds_L_theta.csv,/home/sunxr/new-pfqmc-zeroT-L-theta-20260827/reproduction/projector_kitaev/zeroT_sign_L_theta_20260827,raw/L6/theta12/V3/seed_1926155002,/home/sunxr/new-pfqmc-zeroT-L-theta-20260827/reproduction/projector_kitaev/zeroT_sign_L_theta_20260827/raw/L6/theta12/V3/seed_1926155002/measurements.csv,223da6d2d9f3209179cd20ca138574f19683a8d2bcf0529b86e0768410234e73,25b5ecec6a92af3853997b713f81920b5ddedacb,e141fd9d61e6cf07d6af8feca93b8725d67d994519de9e29c722416e30fe9b97,153661[6].mgt,complete,clean,6,12,3,1926155002,8,0.1,1,0,0,0,500,4000,1,200,20,0.581,0.010782539491916404,99.460094607
33,Ltheta,/home/sunxr/new-pfqmc-zeroT-L-theta-20260827/reproduction/projector_kitaev/zeroT_sign_L_theta_20260827/all_seeds_L_theta.csv,/home/sunxr/new-pfqmc-zeroT-L-theta-20260827/reproduction/projector_kitaev/zeroT_sign_L_theta_20260827,raw/L6/theta12/V3/seed_1926155003,/home/sunxr/new-pfqmc-zeroT-L-theta-20260827/reproduction/projector_kitaev/zeroT_sign_L_theta_20260827/raw/L6/theta12/V3/seed_1926155003/measurements.csv,14bf515588885337b0aa7b4cbaf05ea3a77b197a1b847e9842749fa653205cf6,25b5ecec6a92af3853997b713f81920b5ddedacb,e141fd9d61e6cf07d6af8feca93b8725d67d994519de9e29c722416e30fe9b97,153661[7].mgt,complete,clean,6,12,3,1926155003,8,0.1,1,0,0,0,500,4000,1,200,20,0.556,0.013443840303472189,102.791823406
34,Ltheta,/home/sunxr/new-pfqmc-zeroT-L-theta-20260827/reproduction/projector_kitaev/zeroT_sign_L_theta_20260827/all_seeds_L_theta.csv,/home/sunxr/new-pfqmc-zeroT-L-theta-20260827/reproduction/projector_kitaev/zeroT_sign_L_theta_20260827,raw/L6/theta12/V4/seed_1926155100,/home/sunxr/new-pfqmc-zeroT-L-theta-20260827/reproduction/projector_kitaev/zeroT_sign_L_theta_20260827/raw/L6/theta12/V4/seed_1926155100/measurements.csv,2ddd9b5d045a7e312652e33df3f40bb4d59857c7cb90858a4940ac4e11b591cb,25b5ecec6a92af3853997b713f81920b5ddedacb,e141fd9d61e6cf07d6af8feca93b8725d67d994519de9e29c722416e30fe9b97,153661[8].mgt,complete,clean,6,12,4,1926155100,8,0.1,1,0,0,0,500,4000,1,200,20,0.425,0.014299429506470751,97.760832568
35,Ltheta,/home/sunxr/new-pfqmc-zeroT-L-theta-20260827/reproduction/projector_kitaev/zeroT_sign_L_theta_20260827/all_seeds_L_theta.csv,/home/sunxr/new-pfqmc-zeroT-L-theta-20260827/reproduction/projector_kitaev/zeroT_sign_L_theta_20260827,raw/L6/theta12/V4/seed_1926155101,/home/sunxr/new-pfqmc-zeroT-L-theta-20260827/reproduction/projector_kitaev/zeroT_sign_L_theta_20260827/raw/L6/theta12/V4/seed_1926155101/measurements.csv,e55ce1ecdcc3f0767e991f5997111fd634d767eaba318d138ad934eb7471d208,25b5ecec6a92af3853997b713f81920b5ddedacb,e141fd9d61e6cf07d6af8feca93b8725d67d994519de9e29c722416e30fe9b97,153661[9].mgt,complete,clean,6,12,4,1926155101,8,0.1,1,0,0,0,500,4000,1,200,20,0.3815,0.014184405818399748,102.55141311
36,Ltheta,/home/sunxr/new-pfqmc-zeroT-L-theta-20260827/reproduction/projector_kitaev/zeroT_sign_L_theta_20260827/all_seeds_L_theta.csv,/home/sunxr/new-pfqmc-zeroT-L-theta-20260827/reproduction/projector_kitaev/zeroT_sign_L_theta_20260827,raw/L6/theta12/V4/seed_1926155102,/home/sunxr/new-pfqmc-zeroT-L-theta-20260827/reproduction/projector_kitaev/zeroT_sign_L_theta_20260827/raw/L6/theta12/V4/seed_1926155102/measurements.csv,3db3040d50fd5af1ab849b176c74a8127ed4783bc6a871b3be767f1be053de1d,25b5ecec6a92af3853997b713f81920b5ddedacb,e141fd9d61e6cf07d6af8feca93b8725d67d994519de9e29c722416e30fe9b97,153661[10].mgt,complete,failed,6,12,4,1926155102,8,0.1,1,0,0,0,500,4000,1,200,20,-0.3985,0.011385008610125492,97.346346072
37,Ltheta,/home/sunxr/new-pfqmc-zeroT-L-theta-20260827/reproduction/projector_kitaev/zeroT_sign_L_theta_20260827/all_seeds_L_theta.csv,/home/sunxr/new-pfqmc-zeroT-L-theta-20260827/reproduction/projector_kitaev/zeroT_sign_L_theta_20260827,raw/L6/theta12/V4/seed_1926155103,/home/sunxr/new-pfqmc-zeroT-L-theta-20260827/reproduction/projector_kitaev/zeroT_sign_L_theta_20260827/raw/L6/theta12/V4/seed_1926155103/measurements.csv,f17f6724a6cf131956acb587dea0b4f018a3822fcfd879abf34147334cd3781a,25b5ecec6a92af3853997b713f81920b5ddedacb,e141fd9d61e6cf07d6af8feca93b8725d67d994519de9e29c722416e30fe9b97,153661[11].mgt,complete,clean,6,12,4,1926155103,8,0.1,1,0,0,0,500,4000,1,200,20,0.3955,0.014590461916860907,95.54790895
38,Ltheta,/home/sunxr/new-pfqmc-zeroT-L-theta-20260827/reproduction/projector_kitaev/zeroT_sign_L_theta_20260827/all_seeds_L_theta.csv,/home/sunxr/new-pfqmc-zeroT-L-theta-20260827/reproduction/projector_kitaev/zeroT_sign_L_theta_20260827,raw/L6/theta18/V2/seed_1926160900,/home/sunxr/new-pfqmc-zeroT-L-theta-20260827/reproduction/projector_kitaev/zeroT_sign_L_theta_20260827/raw/L6/theta18/V2/seed_1926160900/measurements.csv,078adbc71ebb1fd3d357986d4fb4d3f9b9c5bc6e2ebf85eae66fe179fb2758a2,25b5ecec6a92af3853997b713f81920b5ddedacb,e141fd9d61e6cf07d6af8feca93b8725d67d994519de9e29c722416e30fe9b97,153661[12].mgt,complete,clean,6,18,2,1926160900,8,0.1,1,0,0,0,500,4000,1,200,20,0.8515,0.009270070686155298,142.760168108
39,Ltheta,/home/sunxr/new-pfqmc-zeroT-L-theta-20260827/reproduction/projector_kitaev/zeroT_sign_L_theta_20260827/all_seeds_L_theta.csv,/home/sunxr/new-pfqmc-zeroT-L-theta-20260827/reproduction/projector_kitaev/zeroT_sign_L_theta_20260827,raw/L6/theta18/V2/seed_1926160901,/home/sunxr/new-pfqmc-zeroT-L-theta-20260827/reproduction/projector_kitaev/zeroT_sign_L_theta_20260827/raw/L6/theta18/V2/seed_1926160901/measurements.csv,eccc5ffdd1a39e35d3bca5e311a7ee140e04ebef0845344ac9c43714b7331a72,25b5ecec6a92af3853997b713f81920b5ddedacb,e141fd9d61e6cf07d6af8feca93b8725d67d994519de9e29c722416e30fe9b97,153661[13].mgt,complete,clean,6,18,2,1926160901,8,0.1,1,0,0,0,500,4000,1,200,20,0.84,0.009233805168766386,142.403579462
40,Ltheta,/home/sunxr/new-pfqmc-zeroT-L-theta-20260827/reproduction/projector_kitaev/zeroT_sign_L_theta_20260827/all_seeds_L_theta.csv,/home/sunxr/new-pfqmc-zeroT-L-theta-20260827/reproduction/projector_kitaev/zeroT_sign_L_theta_20260827,raw/L6/theta18/V2/seed_1926160902,/home/sunxr/new-pfqmc-zeroT-L-theta-20260827/reproduction/projector_kitaev/zeroT_sign_L_theta_20260827/raw/L6/theta18/V2/seed_1926160902/measurements.csv,1709be4cb2512aa461dd02aae84999cd46073eef40522dd3a74dc4c6e1445810,25b5ecec6a92af3853997b713f81920b5ddedacb,e141fd9d61e6cf07d6af8feca93b8725d67d994519de9e29c722416e30fe9b97,153661[14].mgt,complete,clean,6,18,2,1926160902,8,0.1,1,0,0,0,500,4000,1,200,20,0.852,0.005964809080634603,137.720051872
41,Ltheta,/home/sunxr/new-pfqmc-zeroT-L-theta-20260827/reproduction/projector_kitaev/zeroT_sign_L_theta_20260827/all_seeds_L_theta.csv,/home/sunxr/new-pfqmc-zeroT-L-theta-20260827/reproduction/projector_kitaev/zeroT_sign_L_theta_20260827,raw/L6/theta18/V2/seed_1926160903,/home/sunxr/new-pfqmc-zeroT-L-theta-20260827/reproduction/projector_kitaev/zeroT_sign_L_theta_20260827/raw/L6/theta18/V2/seed_1926160903/measurements.csv,15478dff92c72f797e3a40c4a4db7a04695b2db4de61da0df26ad7bcdbd9e3d6,25b5ecec6a92af3853997b713f81920b5ddedacb,e141fd9d61e6cf07d6af8feca93b8725d67d994519de9e29c722416e30fe9b97,153661[15].mgt,complete,clean,6,18,2,1926160903,8,0.1,1,0,0,0,500,4000,1,200,20,0.8305,0.009016797190740587,139.792029453
42,Ltheta,/home/sunxr/new-pfqmc-zeroT-L-theta-20260827/reproduction/projector_kitaev/zeroT_sign_L_theta_20260827/all_seeds_L_theta.csv,/home/sunxr/new-pfqmc-zeroT-L-theta-20260827/reproduction/projector_kitaev/zeroT_sign_L_theta_20260827,raw/L6/theta18/V3/seed_1926161000,/home/sunxr/new-pfqmc-zeroT-L-theta-20260827/reproduction/projector_kitaev/zeroT_sign_L_theta_20260827/raw/L6/theta18/V3/seed_1926161000/measurements.csv,44098ef2673301e7a58b2d93a7121c67cd34fdb1ac9068f3684b38613e9185df,25b5ecec6a92af3853997b713f81920b5ddedacb,e141fd9d61e6cf07d6af8feca93b8725d67d994519de9e29c722416e30fe9b97,153661[16].mgt,complete,clean,6,18,3,1926161000,8,0.1,1,0,0,0,500,4000,1,200,20,0.427,0.01461974151978287,140.490657739
43,Ltheta,/home/sunxr/new-pfqmc-zeroT-L-theta-20260827/reproduction/projector_kitaev/zeroT_sign_L_theta_20260827/all_seeds_L_theta.csv,/home/sunxr/new-pfqmc-zeroT-L-theta-20260827/reproduction/projector_kitaev/zeroT_sign_L_theta_20260827,raw/L6/theta18/V3/seed_1926161001,/home/sunxr/new-pfqmc-zeroT-L-theta-20260827/reproduction/projector_kitaev/zeroT_sign_L_theta_20260827/raw/L6/theta18/V3/seed_1926161001/measurements.csv,6f87f80608bd29988d190026cc8969c029bb98672436d446827939999a0f68b3,25b5ecec6a92af3853997b713f81920b5ddedacb,e141fd9d61e6cf07d6af8feca93b8725d67d994519de9e29c722416e30fe9b97,153661[17].mgt,complete,clean,6,18,3,1926161001,8,0.1,1,0,0,0,500,4000,1,200,20,0.429,0.015353724046799303,142.461289425
44,Ltheta,/home/sunxr/new-pfqmc-zeroT-L-theta-20260827/reproduction/projector_kitaev/zeroT_sign_L_theta_20260827/all_seeds_L_theta.csv,/home/sunxr/new-pfqmc-zeroT-L-theta-20260827/reproduction/projector_kitaev/zeroT_sign_L_theta_20260827,raw/L6/theta18/V3/seed_1926161002,/home/sunxr/new-pfqmc-zeroT-L-theta-20260827/reproduction/projector_kitaev/zeroT_sign_L_theta_20260827/raw/L6/theta18/V3/seed_1926161002/measurements.csv,dfc196e57de768a0731de333809e715ab7a6cf52f10675ad778dcf68498e35ed,25b5ecec6a92af3853997b713f81920b5ddedacb,e141fd9d61e6cf07d6af8feca93b8725d67d994519de9e29c722416e30fe9b97,153661[18].mgt,complete,warning,6,18,3,1926161002,8,0.1,1,0,0,0,500,4000,1,200,20,0.4225,0.014379718905092468,146.945954859
45,Ltheta,/home/sunxr/new-pfqmc-zeroT-L-theta-20260827/reproduction/projector_kitaev/zeroT_sign_L_theta_20260827/all_seeds_L_theta.csv,/home/sunxr/new-pfqmc-zeroT-L-theta-20260827/reproduction/projector_kitaev/zeroT_sign_L_theta_20260827,raw/L6/theta18/V3/seed_1926161003,/home/sunxr/new-pfqmc-zeroT-L-theta-20260827/reproduction/projector_kitaev/zeroT_sign_L_theta_20260827/raw/L6/theta18/V3/seed_1926161003/measurements.csv,ff31f33955195b21eb1d6ede1829d69b99933d3e3af6bdc36eaa03ad58727fe8,25b5ecec6a92af3853997b713f81920b5ddedacb,e141fd9d61e6cf07d6af8feca93b8725d67d994519de9e29c722416e30fe9b97,153661[19].mgt,complete,clean,6,18,3,1926161003,8,0.1,1,0,0,0,500,4000,1,200,20,0.4465,0.01995092663723193,141.750576821
46,Ltheta,/home/sunxr/new-pfqmc-zeroT-L-theta-20260827/reproduction/projector_kitaev/zeroT_sign_L_theta_20260827/all_seeds_L_theta.csv,/home/sunxr/new-pfqmc-zeroT-L-theta-20260827/reproduction/projector_kitaev/zeroT_sign_L_theta_20260827,raw/L6/theta18/V4/seed_1926161100,/home/sunxr/new-pfqmc-zeroT-L-theta-20260827/reproduction/projector_kitaev/zeroT_sign_L_theta_20260827/raw/L6/theta18/V4/seed_1926161100/measurements.csv,bf03afdbe5d001af43e65a1466cf1159d9bcaf76719049a5370b428a916d1319,25b5ecec6a92af3853997b713f81920b5ddedacb,e141fd9d61e6cf07d6af8feca93b8725d67d994519de9e29c722416e30fe9b97,153661[20].mgt,complete,clean,6,18,4,1926161100,8,0.1,1,0,0,0,500,4000,1,200,20,0.2605,0.01991395966335385,136.122882565
47,Ltheta,/home/sunxr/new-pfqmc-zeroT-L-theta-20260827/reproduction/projector_kitaev/zeroT_sign_L_theta_20260827/all_seeds_L_theta.csv,/home/sunxr/new-pfqmc-zeroT-L-theta-20260827/reproduction/projector_kitaev/zeroT_sign_L_theta_20260827,raw/L6/theta18/V4/seed_1926161101,/home/sunxr/new-pfqmc-zeroT-L-theta-20260827/reproduction/projector_kitaev/zeroT_sign_L_theta_20260827/raw/L6/theta18/V4/seed_1926161101/measurements.csv,cf9130b44120433f3ca0beaf96fd5565ee0a79f726d1848c295903a8d07ccb97,25b5ecec6a92af3853997b713f81920b5ddedacb,e141fd9d61e6cf07d6af8feca93b8725d67d994519de9e29c722416e30fe9b97,153661[21].mgt,complete,warning,6,18,4,1926161101,8,0.1,1,0,0,0,500,4000,1,200,20,0.275,0.011776426050645236,144.251740204
48,Ltheta,/home/sunxr/new-pfqmc-zeroT-L-theta-20260827/reproduction/projector_kitaev/zeroT_sign_L_theta_20260827/all_seeds_L_theta.csv,/home/sunxr/new-pfqmc-zeroT-L-theta-20260827/reproduction/projector_kitaev/zeroT_sign_L_theta_20260827,raw/L6/theta18/V4/seed_1926161102,/home/sunxr/new-pfqmc-zeroT-L-theta-20260827/reproduction/projector_kitaev/zeroT_sign_L_theta_20260827/raw/L6/theta18/V4/seed_1926161102/measurements.csv,3ca4411401aec336b4893e11ecabe4d8f49dc75a3b394b19eb356eb6a025f4d8,25b5ecec6a92af3853997b713f81920b5ddedacb,e141fd9d61e6cf07d6af8feca93b8725d67d994519de9e29c722416e30fe9b97,153661[22].mgt,complete,warning,6,18,4,1926161102,8,0.1,1,0,0,0,500,4000,1,200,20,0.237,0.01218497780919302,139.578648249
49,Ltheta,/home/sunxr/new-pfqmc-zeroT-L-theta-20260827/reproduction/projector_kitaev/zeroT_sign_L_theta_20260827/all_seeds_L_theta.csv,/home/sunxr/new-pfqmc-zeroT-L-theta-20260827/reproduction/projector_kitaev/zeroT_sign_L_theta_20260827,raw/L6/theta18/V4/seed_1926161103,/home/sunxr/new-pfqmc-zeroT-L-theta-20260827/reproduction/projector_kitaev/zeroT_sign_L_theta_20260827/raw/L6/theta18/V4/seed_1926161103/measurements.csv,bbdfee6c85ad2327075a431b087b31f2fd7e68682c04a0e2b3adf4f02d8b5858,25b5ecec6a92af3853997b713f81920b5ddedacb,e141fd9d61e6cf07d6af8feca93b8725d67d994519de9e29c722416e30fe9b97,153661[23].mgt,complete,warning,6,18,4,1926161103,8,0.1,1,0,0,0,500,4000,1,200,20,0.2555,0.017129153357269063,135.785551406
50,Ltheta,/home/sunxr/new-pfqmc-zeroT-L-theta-20260827/reproduction/projector_kitaev/zeroT_sign_L_theta_20260827/all_seeds_L_theta.csv,/home/sunxr/new-pfqmc-zeroT-L-theta-20260827/reproduction/projector_kitaev/zeroT_sign_L_theta_20260827,raw/L12/theta6/V2/seed_1926208900,/home/sunxr/new-pfqmc-zeroT-L-theta-20260827/reproduction/projector_kitaev/zeroT_sign_L_theta_20260827/raw/L12/theta6/V2/seed_1926208900/measurements.csv,a75a6870f8c549fea5485d8a612c80a72b90106ed1782da107dac9e11e42e16d,25b5ecec6a92af3853997b713f81920b5ddedacb,e141fd9d61e6cf07d6af8feca93b8725d67d994519de9e29c722416e30fe9b97,153662[0].mgt,complete,clean,12,6,2,1926208900,8,0.1,1,0,0,0,500,4000,1,200,20,0.917,0.007185511738725946,192.005647217
51,Ltheta,/home/sunxr/new-pfqmc-zeroT-L-theta-20260827/reproduction/projector_kitaev/zeroT_sign_L_theta_20260827/all_seeds_L_theta.csv,/home/sunxr/new-pfqmc-zeroT-L-theta-20260827/reproduction/projector_kitaev/zeroT_sign_L_theta_20260827,raw/L12/theta6/V2/seed_1926208901,/home/sunxr/new-pfqmc-zeroT-L-theta-20260827/reproduction/projector_kitaev/zeroT_sign_L_theta_20260827/raw/L12/theta6/V2/seed_1926208901/measurements.csv,0369f647b22d6a2d51f2779f1d3cd9cb4e29df48b2bbd06639c5dd52a4ffcf52,25b5ecec6a92af3853997b713f81920b5ddedacb,e141fd9d61e6cf07d6af8feca93b8725d67d994519de9e29c722416e30fe9b97,153662[1].mgt,complete,clean,12,6,2,1926208901,8,0.1,1,0,0,0,500,4000,1,200,20,0.9115,0.006854694895125758,195.32797333
52,Ltheta,/home/sunxr/new-pfqmc-zeroT-L-theta-20260827/reproduction/projector_kitaev/zeroT_sign_L_theta_20260827/all_seeds_L_theta.csv,/home/sunxr/new-pfqmc-zeroT-L-theta-20260827/reproduction/projector_kitaev/zeroT_sign_L_theta_20260827,raw/L12/theta6/V2/seed_1926208902,/home/sunxr/new-pfqmc-zeroT-L-theta-20260827/reproduction/projector_kitaev/zeroT_sign_L_theta_20260827/raw/L12/theta6/V2/seed_1926208902/measurements.csv,020d401c5990a9c9dc970d38284235e4cf06bc8c14e3cb30ce3f0023de2a15ba,25b5ecec6a92af3853997b713f81920b5ddedacb,e141fd9d61e6cf07d6af8feca93b8725d67d994519de9e29c722416e30fe9b97,153662[2].mgt,complete,clean,12,6,2,1926208902,8,0.1,1,0,0,0,500,4000,1,200,20,0.915,0.005052357448703889,191.483365962
53,Ltheta,/home/sunxr/new-pfqmc-zeroT-L-theta-20260827/reproduction/projector_kitaev/zeroT_sign_L_theta_20260827/all_seeds_L_theta.csv,/home/sunxr/new-pfqmc-zeroT-L-theta-20260827/reproduction/projector_kitaev/zeroT_sign_L_theta_20260827,raw/L12/theta6/V2/seed_1926208903,/home/sunxr/new-pfqmc-zeroT-L-theta-20260827/reproduction/projector_kitaev/zeroT_sign_L_theta_20260827/raw/L12/theta6/V2/seed_1926208903/measurements.csv,54bf857bdaf3220607a5e709c11a8ff9f77ac06b869b8c397b4c6175c42b3584,25b5ecec6a92af3853997b713f81920b5ddedacb,e141fd9d61e6cf07d6af8feca93b8725d67d994519de9e29c722416e30fe9b97,153662[3].mgt,complete,clean,12,6,2,1926208903,8,0.1,1,0,0,0,500,4000,1,200,20,0.918,0.005875909783980152,200.46512419
54,Ltheta,/home/sunxr/new-pfqmc-zeroT-L-theta-20260827/reproduction/projector_kitaev/zeroT_sign_L_theta_20260827/all_seeds_L_theta.csv,/home/sunxr/new-pfqmc-zeroT-L-theta-20260827/reproduction/projector_kitaev/zeroT_sign_L_theta_20260827,raw/L12/theta6/V3/seed_1926209000,/home/sunxr/new-pfqmc-zeroT-L-theta-20260827/reproduction/projector_kitaev/zeroT_sign_L_theta_20260827/raw/L12/theta6/V3/seed_1926209000/measurements.csv,7a74f3ae4c699b3f953555cf2b7c980d03cb46af0ff733afde63969a167b291a,25b5ecec6a92af3853997b713f81920b5ddedacb,e141fd9d61e6cf07d6af8feca93b8725d67d994519de9e29c722416e30fe9b97,153662[4].mgt,complete,warning,12,6,3,1926209000,8,0.1,1,0,0,0,500,4000,1,200,20,0.299,0.016155494421403512,193.404526565
55,Ltheta,/home/sunxr/new-pfqmc-zeroT-L-theta-20260827/reproduction/projector_kitaev/zeroT_sign_L_theta_20260827/all_seeds_L_theta.csv,/home/sunxr/new-pfqmc-zeroT-L-theta-20260827/reproduction/projector_kitaev/zeroT_sign_L_theta_20260827,raw/L12/theta6/V3/seed_1926209001,/home/sunxr/new-pfqmc-zeroT-L-theta-20260827/reproduction/projector_kitaev/zeroT_sign_L_theta_20260827/raw/L12/theta6/V3/seed_1926209001/measurements.csv,0138467fbc923e57a6b9975c6c950813e8167ed7ca826bcf28d038ec87d5da3d,25b5ecec6a92af3853997b713f81920b5ddedacb,e141fd9d61e6cf07d6af8feca93b8725d67d994519de9e29c722416e30fe9b97,153662[5].mgt,complete,clean,12,6,3,1926209001,8,0.1,1,0,0,0,500,4000,1,200,20,0.3235,0.017640787069205632,183.774353364
56,Ltheta,/home/sunxr/new-pfqmc-zeroT-L-theta-20260827/reproduction/projector_kitaev/zeroT_sign_L_theta_20260827/all_seeds_L_theta.csv,/home/sunxr/new-pfqmc-zeroT-L-theta-20260827/reproduction/projector_kitaev/zeroT_sign_L_theta_20260827,raw/L12/theta6/V3/seed_1926209002,/home/sunxr/new-pfqmc-zeroT-L-theta-20260827/reproduction/projector_kitaev/zeroT_sign_L_theta_20260827/raw/L12/theta6/V3/seed_1926209002/measurements.csv,ad8418c63434c99077b50dd61efb3782377bae71b83749f31d476967086eacba,25b5ecec6a92af3853997b713f81920b5ddedacb,e141fd9d61e6cf07d6af8feca93b8725d67d994519de9e29c722416e30fe9b97,153662[6].mgt,complete,clean,12,6,3,1926209002,8,0.1,1,0,0,0,500,4000,1,200,20,0.337,0.014438617808174242,193.710325664
57,Ltheta,/home/sunxr/new-pfqmc-zeroT-L-theta-20260827/reproduction/projector_kitaev/zeroT_sign_L_theta_20260827/all_seeds_L_theta.csv,/home/sunxr/new-pfqmc-zeroT-L-theta-20260827/reproduction/projector_kitaev/zeroT_sign_L_theta_20260827,raw/L12/theta6/V3/seed_1926209003,/home/sunxr/new-pfqmc-zeroT-L-theta-20260827/reproduction/projector_kitaev/zeroT_sign_L_theta_20260827/raw/L12/theta6/V3/seed_1926209003/measurements.csv,a5cf8ab7657bc80ea293a17ea822b25af374c44392e9fe1aa0ac2c0964b49658,25b5ecec6a92af3853997b713f81920b5ddedacb,e141fd9d61e6cf07d6af8feca93b8725d67d994519de9e29c722416e30fe9b97,153662[7].mgt,complete,clean,12,6,3,1926209003,8,0.1,1,0,0,0,500,4000,1,200,20,0.351,0.014343529625070085,183.771870751
58,Ltheta,/home/sunxr/new-pfqmc-zeroT-L-theta-20260827/reproduction/projector_kitaev/zeroT_sign_L_theta_20260827/all_seeds_L_theta.csv,/home/sunxr/new-pfqmc-zeroT-L-theta-20260827/reproduction/projector_kitaev/zeroT_sign_L_theta_20260827,raw/L12/theta6/V4/seed_1926209100,/home/sunxr/new-pfqmc-zeroT-L-theta-20260827/reproduction/projector_kitaev/zeroT_sign_L_theta_20260827/raw/L12/theta6/V4/seed_1926209100/measurements.csv,a3693e2f7d4ce8af7dd517f746124d351773fd1740dd9fdd41778954fa9e884c,25b5ecec6a92af3853997b713f81920b5ddedacb,e141fd9d61e6cf07d6af8feca93b8725d67d994519de9e29c722416e30fe9b97,153662[8].mgt,complete,warning,12,6,4,1926209100,8,0.1,1,0,0,0,500,4000,1,200,20,0.012,0.01833317384300642,185.245299206
59,Ltheta,/home/sunxr/new-pfqmc-zeroT-L-theta-20260827/reproduction/projector_kitaev/zeroT_sign_L_theta_20260827/all_seeds_L_theta.csv,/home/sunxr/new-pfqmc-zeroT-L-theta-20260827/reproduction/projector_kitaev/zeroT_sign_L_theta_20260827,raw/L12/theta6/V4/seed_1926209101,/home/sunxr/new-pfqmc-zeroT-L-theta-20260827/reproduction/projector_kitaev/zeroT_sign_L_theta_20260827/raw/L12/theta6/V4/seed_1926209101/measurements.csv,6ed9b82386c1663b02bbb30379982574240c91086bd92aef4150eeacde9a5cdc,25b5ecec6a92af3853997b713f81920b5ddedacb,e141fd9d61e6cf07d6af8feca93b8725d67d994519de9e29c722416e30fe9b97,153662[9].mgt,complete,warning,12,6,4,1926209101,8,0.1,1,0,0,0,500,4000,1,200,20,-0.0075,0.013275918047351752,181.006414677
60,Ltheta,/home/sunxr/new-pfqmc-zeroT-L-theta-20260827/reproduction/projector_kitaev/zeroT_sign_L_theta_20260827/all_seeds_L_theta.csv,/home/sunxr/new-pfqmc-zeroT-L-theta-20260827/reproduction/projector_kitaev/zeroT_sign_L_theta_20260827,raw/L12/theta6/V4/seed_1926209102,/home/sunxr/new-pfqmc-zeroT-L-theta-20260827/reproduction/projector_kitaev/zeroT_sign_L_theta_20260827/raw/L12/theta6/V4/seed_1926209102/measurements.csv,b5ad2577084c0bd288d7e8aae378605cb6b42af969b48899115fc1e9455f7ef2,25b5ecec6a92af3853997b713f81920b5ddedacb,e141fd9d61e6cf07d6af8feca93b8725d67d994519de9e29c722416e30fe9b97,153662[10].mgt,complete,warning,12,6,4,1926209102,8,0.1,1,0,0,0,500,4000,1,200,20,0.014,0.020005262465556145,184.068369981
61,Ltheta,/home/sunxr/new-pfqmc-zeroT-L-theta-20260827/reproduction/projector_kitaev/zeroT_sign_L_theta_20260827/all_seeds_L_theta.csv,/home/sunxr/new-pfqmc-zeroT-L-theta-20260827/reproduction/projector_kitaev/zeroT_sign_L_theta_20260827,raw/L12/theta6/V4/seed_1926209103,/home/sunxr/new-pfqmc-zeroT-L-theta-20260827/reproduction/projector_kitaev/zeroT_sign_L_theta_20260827/raw/L12/theta6/V4/seed_1926209103/measurements.csv,988d237f0b42c998adc3c8bbb81e3c31cf9f604560385727e7b9fbd1f24123da,25b5ecec6a92af3853997b713f81920b5ddedacb,e141fd9d61e6cf07d6af8feca93b8725d67d994519de9e29c722416e30fe9b97,153662[11].mgt,complete,warning,12,6,4,1926209103,8,0.1,1,0,0,0,500,4000,1,200,20,0.0045,0.013869219990969022,182.585139926
62,LV,/home/sunxr/new-pfqmc-zeroT-sign-20260827/reproduction/projector_kitaev/zeroT_sign_L6_L12_L18_20260827/per_seed.csv,/home/sunxr/new-pfqmc-zeroT-sign-20260827/reproduction/projector_kitaev/zeroT_sign_L6_L12_L18_20260827,raw/main/L12/V2/seed_2026202900,/home/sunxr/new-pfqmc-zeroT-sign-20260827/reproduction/projector_kitaev/zeroT_sign_L6_L12_L18_20260827/raw/main/L12/V2/seed_2026202900/measurements.csv,8684c4b690ad7a7f770e47a4022a779d026e48e736438d0da08cfe68f56e5411,b7c43d2bcb8e6b4952bb742f7368fbad24b96919,9eece40eeb4305429971d6451f7930befba461c7750ad9ee06cbd9384dae4ff2,153658[0].mgt,complete,,12,12,2,2026202900,8,0.1,1,0,0,0,500,4000,1,200,20,0.831,0.007910685644646802,349.650296442
63,LV,/home/sunxr/new-pfqmc-zeroT-sign-20260827/reproduction/projector_kitaev/zeroT_sign_L6_L12_L18_20260827/per_seed.csv,/home/sunxr/new-pfqmc-zeroT-sign-20260827/reproduction/projector_kitaev/zeroT_sign_L6_L12_L18_20260827,raw/main/L12/V2/seed_2026202901,/home/sunxr/new-pfqmc-zeroT-sign-20260827/reproduction/projector_kitaev/zeroT_sign_L6_L12_L18_20260827/raw/main/L12/V2/seed_2026202901/measurements.csv,deb8f008b60049d77468f3c138fae4fe907b08d5a83480bc82bea7d1c7431195,b7c43d2bcb8e6b4952bb742f7368fbad24b96919,9eece40eeb4305429971d6451f7930befba461c7750ad9ee06cbd9384dae4ff2,153658[1].mgt,complete,,12,12,2,2026202901,8,0.1,1,0,0,0,500,4000,1,200,20,0.8155,0.010373929875058514,356.074367793
64,LV,/home/sunxr/new-pfqmc-zeroT-sign-20260827/reproduction/projector_kitaev/zeroT_sign_L6_L12_L18_20260827/per_seed.csv,/home/sunxr/new-pfqmc-zeroT-sign-20260827/reproduction/projector_kitaev/zeroT_sign_L6_L12_L18_20260827,raw/main/L12/V2/seed_2026202902,/home/sunxr/new-pfqmc-zeroT-sign-20260827/reproduction/projector_kitaev/zeroT_sign_L6_L12_L18_20260827/raw/main/L12/V2/seed_2026202902/measurements.csv,2918936cebe3ce72ddad1308c807a2654b27a32782454bccf2494a4a603c7a86,b7c43d2bcb8e6b4952bb742f7368fbad24b96919,9eece40eeb4305429971d6451f7930befba461c7750ad9ee06cbd9384dae4ff2,153658[2].mgt,complete,,12,12,2,2026202902,8,0.1,1,0,0,0,500,4000,1,200,20,0.8245,0.00878021100333915,436.129262091
65,LV,/home/sunxr/new-pfqmc-zeroT-sign-20260827/reproduction/projector_kitaev/zeroT_sign_L6_L12_L18_20260827/per_seed.csv,/home/sunxr/new-pfqmc-zeroT-sign-20260827/reproduction/projector_kitaev/zeroT_sign_L6_L12_L18_20260827,raw/main/L12/V2/seed_2026202903,/home/sunxr/new-pfqmc-zeroT-sign-20260827/reproduction/projector_kitaev/zeroT_sign_L6_L12_L18_20260827/raw/main/L12/V2/seed_2026202903/measurements.csv,1f28d75210f941f93e3920d7f466dbd7326285fea9aa296652b81aebeae28361,b7c43d2bcb8e6b4952bb742f7368fbad24b96919,9eece40eeb4305429971d6451f7930befba461c7750ad9ee06cbd9384dae4ff2,153658[3].mgt,complete,,12,12,2,2026202903,8,0.1,1,0,0,0,500,4000,1,200,20,0.818,0.010602879450016346,446.343520506
66,LV,/home/sunxr/new-pfqmc-zeroT-sign-20260827/reproduction/projector_kitaev/zeroT_sign_L6_L12_L18_20260827/per_seed.csv,/home/sunxr/new-pfqmc-zeroT-sign-20260827/reproduction/projector_kitaev/zeroT_sign_L6_L12_L18_20260827,raw/main/L12/V3/seed_2026203000,/home/sunxr/new-pfqmc-zeroT-sign-20260827/reproduction/projector_kitaev/zeroT_sign_L6_L12_L18_20260827/raw/main/L12/V3/seed_2026203000/measurements.csv,3ee21b9006617a012dc5f0e5e137787368707987d0019473e6049a2b272928a5,b7c43d2bcb8e6b4952bb742f7368fbad24b96919,9eece40eeb4305429971d6451f7930befba461c7750ad9ee06cbd9384dae4ff2,153658[4].mgt,complete,,12,12,3,2026203000,8,0.1,1,0,0,0,500,4000,1,200,20,0.1305,0.01348439644064283,435.227764421
67,LV,/home/sunxr/new-pfqmc-zeroT-sign-20260827/reproduction/projector_kitaev/zeroT_sign_L6_L12_L18_20260827/per_seed.csv,/home/sunxr/new-pfqmc-zeroT-sign-20260827/reproduction/projector_kitaev/zeroT_sign_L6_L12_L18_20260827,raw/main/L12/V3/seed_2026203001,/home/sunxr/new-pfqmc-zeroT-sign-20260827/reproduction/projector_kitaev/zeroT_sign_L6_L12_L18_20260827/raw/main/L12/V3/seed_2026203001/measurements.csv,2ae10ca55ae824ee70436968137819991b2cec9dede8ec561fcc44490155b230,b7c43d2bcb8e6b4952bb742f7368fbad24b96919,9eece40eeb4305429971d6451f7930befba461c7750ad9ee06cbd9384dae4ff2,153658[5].mgt,complete,,12,12,3,2026203001,8,0.1,1,0,0,0,500,4000,1,200,20,0.105,0.013755381721922132,421.971379714
68,LV,/home/sunxr/new-pfqmc-zeroT-sign-20260827/reproduction/projector_kitaev/zeroT_sign_L6_L12_L18_20260827/per_seed.csv,/home/sunxr/new-pfqmc-zeroT-sign-20260827/reproduction/projector_kitaev/zeroT_sign_L6_L12_L18_20260827,raw/main/L12/V3/seed_2026203002,/home/sunxr/new-pfqmc-zeroT-sign-20260827/reproduction/projector_kitaev/zeroT_sign_L6_L12_L18_20260827/raw/main/L12/V3/seed_2026203002/measurements.csv,6084e294d3a0bd97bc373bd70fd3e89f7e0ce5131a950564f67ab806c52caad0,b7c43d2bcb8e6b4952bb742f7368fbad24b96919,9eece40eeb4305429971d6451f7930befba461c7750ad9ee06cbd9384dae4ff2,153658[6].mgt,complete,,12,12,3,2026203002,8,0.1,1,0,0,0,500,4000,1,200,20,0.083,0.018210754485945068,444.203756036
69,LV,/home/sunxr/new-pfqmc-zeroT-sign-20260827/reproduction/projector_kitaev/zeroT_sign_L6_L12_L18_20260827/per_seed.csv,/home/sunxr/new-pfqmc-zeroT-sign-20260827/reproduction/projector_kitaev/zeroT_sign_L6_L12_L18_20260827,raw/main/L12/V3/seed_2026203003,/home/sunxr/new-pfqmc-zeroT-sign-20260827/reproduction/projector_kitaev/zeroT_sign_L6_L12_L18_20260827/raw/main/L12/V3/seed_2026203003/measurements.csv,2b010f8df9df7583c04cfc2de732b42b49586d58a6c95822eabe47b300fe16bb,b7c43d2bcb8e6b4952bb742f7368fbad24b96919,9eece40eeb4305429971d6451f7930befba461c7750ad9ee06cbd9384dae4ff2,153658[7].mgt,complete,,12,12,3,2026203003,8,0.1,1,0,0,0,500,4000,1,200,20,0.0985,0.015445575077467468,426.645488417
70,LV,/home/sunxr/new-pfqmc-zeroT-sign-20260827/reproduction/projector_kitaev/zeroT_sign_L6_L12_L18_20260827/per_seed.csv,/home/sunxr/new-pfqmc-zeroT-sign-20260827/reproduction/projector_kitaev/zeroT_sign_L6_L12_L18_20260827,raw/main/L12/V4/seed_2026203100,/home/sunxr/new-pfqmc-zeroT-sign-20260827/reproduction/projector_kitaev/zeroT_sign_L6_L12_L18_20260827/raw/main/L12/V4/seed_2026203100/measurements.csv,c933bc7bea823e81f00e7893b80be677301cacd69773af3fb9898010c230da90,b7c43d2bcb8e6b4952bb742f7368fbad24b96919,9eece40eeb4305429971d6451f7930befba461c7750ad9ee06cbd9384dae4ff2,153658[8].mgt,complete,,12,12,4,2026203100,8,0.1,1,0,0,0,500,4000,1,200,20,0.017,0.013690180883815194,426.867736233
71,LV,/home/sunxr/new-pfqmc-zeroT-sign-20260827/reproduction/projector_kitaev/zeroT_sign_L6_L12_L18_20260827/per_seed.csv,/home/sunxr/new-pfqmc-zeroT-sign-20260827/reproduction/projector_kitaev/zeroT_sign_L6_L12_L18_20260827,raw/main/L12/V4/seed_2026203101,/home/sunxr/new-pfqmc-zeroT-sign-20260827/reproduction/projector_kitaev/zeroT_sign_L6_L12_L18_20260827/raw/main/L12/V4/seed_2026203101/measurements.csv,e6f3de70e97d74db3db2708f90c14dc89040753f86e12b2fa803596a2c826ead,b7c43d2bcb8e6b4952bb742f7368fbad24b96919,9eece40eeb4305429971d6451f7930befba461c7750ad9ee06cbd9384dae4ff2,153658[9].mgt,complete,,12,12,4,2026203101,8,0.1,1,0,0,0,500,4000,1,200,20,-0.007,0.01545962483374031,434.820197118
72,LV,/home/sunxr/new-pfqmc-zeroT-sign-20260827/reproduction/projector_kitaev/zeroT_sign_L6_L12_L18_20260827/per_seed.csv,/home/sunxr/new-pfqmc-zeroT-sign-20260827/reproduction/projector_kitaev/zeroT_sign_L6_L12_L18_20260827,raw/main/L12/V4/seed_2026203102,/home/sunxr/new-pfqmc-zeroT-sign-20260827/reproduction/projector_kitaev/zeroT_sign_L6_L12_L18_20260827/raw/main/L12/V4/seed_2026203102/measurements.csv,c313cb6d96856e7ef00c857f889acf24fe156383d2cd5cc31eb6d017f519f863,b7c43d2bcb8e6b4952bb742f7368fbad24b96919,9eece40eeb4305429971d6451f7930befba461c7750ad9ee06cbd9384dae4ff2,153658[10].mgt,complete,,12,12,4,2026203102,8,0.1,1,0,0,0,500,4000,1,200,20,-0.009,0.019451694554784467,432.123651755
73,LV,/home/sunxr/new-pfqmc-zeroT-sign-20260827/reproduction/projector_kitaev/zeroT_sign_L6_L12_L18_20260827/per_seed.csv,/home/sunxr/new-pfqmc-zeroT-sign-20260827/reproduction/projector_kitaev/zeroT_sign_L6_L12_L18_20260827,raw/main/L12/V4/seed_2026203103,/home/sunxr/new-pfqmc-zeroT-sign-20260827/reproduction/projector_kitaev/zeroT_sign_L6_L12_L18_20260827/raw/main/L12/V4/seed_2026203103/measurements.csv,bb53f9c37df1c36630590829803f4e9f9afe6c6363374510ecbc1ef9fa07917c,b7c43d2bcb8e6b4952bb742f7368fbad24b96919,9eece40eeb4305429971d6451f7930befba461c7750ad9ee06cbd9384dae4ff2,153658[11].mgt,complete,,12,12,4,2026203103,8,0.1,1,0,0,0,500,4000,1,200,20,0.0295,0.015668859495660072,296.498606006
74,LV,/home/sunxr/new-pfqmc-zeroT-sign-20260827/reproduction/projector_kitaev/zeroT_sign_L6_L12_L18_20260827/per_seed.csv,/home/sunxr/new-pfqmc-zeroT-sign-20260827/reproduction/projector_kitaev/zeroT_sign_L6_L12_L18_20260827,raw/main/L12/V5/seed_2026203200,/home/sunxr/new-pfqmc-zeroT-sign-20260827/reproduction/projector_kitaev/zeroT_sign_L6_L12_L18_20260827/raw/main/L12/V5/seed_2026203200/measurements.csv,2ee36ad83068ee8c47fe5e586a651308461918b6dd425278fa720c2723e13d3f,b7c43d2bcb8e6b4952bb742f7368fbad24b96919,9eece40eeb4305429971d6451f7930befba461c7750ad9ee06cbd9384dae4ff2,153658[12].mgt,complete,,12,12,5,2026203200,8,0.1,1,0,0,0,500,4000,1,200,20,-0.0015,0.01973875429333451,295.420821112
75,LV,/home/sunxr/new-pfqmc-zeroT-sign-20260827/reproduction/projector_kitaev/zeroT_sign_L6_L12_L18_20260827/per_seed.csv,/home/sunxr/new-pfqmc-zeroT-sign-20260827/reproduction/projector_kitaev/zeroT_sign_L6_L12_L18_20260827,raw/main/L12/V5/seed_2026203201,/home/sunxr/new-pfqmc-zeroT-sign-20260827/reproduction/projector_kitaev/zeroT_sign_L6_L12_L18_20260827/raw/main/L12/V5/seed_2026203201/measurements.csv,a6d037f49cc0f6c3fee832ae5cc48ee7dcd009e64cdbbd63793ea116ee04b72a,b7c43d2bcb8e6b4952bb742f7368fbad24b96919,9eece40eeb4305429971d6451f7930befba461c7750ad9ee06cbd9384dae4ff2,153658[13].mgt,complete,,12,12,5,2026203201,8,0.1,1,0,0,0,500,4000,1,200,20,-0.015,0.014076856706553566,294.371234528
76,LV,/home/sunxr/new-pfqmc-zeroT-sign-20260827/reproduction/projector_kitaev/zeroT_sign_L6_L12_L18_20260827/per_seed.csv,/home/sunxr/new-pfqmc-zeroT-sign-20260827/reproduction/projector_kitaev/zeroT_sign_L6_L12_L18_20260827,raw/main/L12/V5/seed_2026203202,/home/sunxr/new-pfqmc-zeroT-sign-20260827/reproduction/projector_kitaev/zeroT_sign_L6_L12_L18_20260827/raw/main/L12/V5/seed_2026203202/measurements.csv,517b1e420678cd503888a73ffed7cd182366060d7e0cfda035e0a72aa2b18056,b7c43d2bcb8e6b4952bb742f7368fbad24b96919,9eece40eeb4305429971d6451f7930befba461c7750ad9ee06cbd9384dae4ff2,153658[14].mgt,complete,,12,12,5,2026203202,8,0.1,1,0,0,0,500,4000,1,200,20,0.0015,0.014658839618038273,295.72029427
77,LV,/home/sunxr/new-pfqmc-zeroT-sign-20260827/reproduction/projector_kitaev/zeroT_sign_L6_L12_L18_20260827/per_seed.csv,/home/sunxr/new-pfqmc-zeroT-sign-20260827/reproduction/projector_kitaev/zeroT_sign_L6_L12_L18_20260827,raw/main/L12/V5/seed_2026203203,/home/sunxr/new-pfqmc-zeroT-sign-20260827/reproduction/projector_kitaev/zeroT_sign_L6_L12_L18_20260827/raw/main/L12/V5/seed_2026203203/measurements.csv,7ccc85e18f64107fbf05e4a6f515401f5a2b308be0680678e807f61437e1ebbd,b7c43d2bcb8e6b4952bb742f7368fbad24b96919,9eece40eeb4305429971d6451f7930befba461c7750ad9ee06cbd9384dae4ff2,153658[15].mgt,complete,,12,12,5,2026203203,8,0.1,1,0,0,0,500,4000,1,200,20,-0.005,0.01411419591460277,295.453372628
78,LV,/home/sunxr/new-pfqmc-zeroT-sign-20260827/reproduction/projector_kitaev/zeroT_sign_L6_L12_L18_20260827/per_seed.csv,/home/sunxr/new-pfqmc-zeroT-sign-20260827/reproduction/projector_kitaev/zeroT_sign_L6_L12_L18_20260827,raw/main/L12/V6/seed_2026203300,/home/sunxr/new-pfqmc-zeroT-sign-20260827/reproduction/projector_kitaev/zeroT_sign_L6_L12_L18_20260827/raw/main/L12/V6/seed_2026203300/measurements.csv,c4206bf299cabf8a2a4cbdf48591f4993bb2d5555fe6333b43b987f67fbbc95b,b7c43d2bcb8e6b4952bb742f7368fbad24b96919,9eece40eeb4305429971d6451f7930befba461c7750ad9ee06cbd9384dae4ff2,153658[16].mgt,complete,,12,12,6,2026203300,8,0.1,1,0,0,0,500,4000,1,200,20,-0.008,0.015468133626741683,293.194904179
79,LV,/home/sunxr/new-pfqmc-zeroT-sign-20260827/reproduction/projector_kitaev/zeroT_sign_L6_L12_L18_20260827/per_seed.csv,/home/sunxr/new-pfqmc-zeroT-sign-20260827/reproduction/projector_kitaev/zeroT_sign_L6_L12_L18_20260827,raw/main/L12/V6/seed_2026203301,/home/sunxr/new-pfqmc-zeroT-sign-20260827/reproduction/projector_kitaev/zeroT_sign_L6_L12_L18_20260827/raw/main/L12/V6/seed_2026203301/measurements.csv,208cf527408218563426e22aa5790c28310d6e86ad73a58a075e14b3cadcb5ab,b7c43d2bcb8e6b4952bb742f7368fbad24b96919,9eece40eeb4305429971d6451f7930befba461c7750ad9ee06cbd9384dae4ff2,153658[17].mgt,complete,,12,12,6,2026203301,8,0.1,1,0,0,0,500,4000,1,200,20,0.013,0.01218497780919302,293.630676542
80,LV,/home/sunxr/new-pfqmc-zeroT-sign-20260827/reproduction/projector_kitaev/zeroT_sign_L6_L12_L18_20260827/per_seed.csv,/home/sunxr/new-pfqmc-zeroT-sign-20260827/reproduction/projector_kitaev/zeroT_sign_L6_L12_L18_20260827,raw/main/L12/V6/seed_2026203302,/home/sunxr/new-pfqmc-zeroT-sign-20260827/reproduction/projector_kitaev/zeroT_sign_L6_L12_L18_20260827/raw/main/L12/V6/seed_2026203302/measurements.csv,88faa824ecdff16886f7c75beaa9951007526a2da2e2381bad230de8d46cc149,b7c43d2bcb8e6b4952bb742f7368fbad24b96919,9eece40eeb4305429971d6451f7930befba461c7750ad9ee06cbd9384dae4ff2,153658[18].mgt,complete,,12,12,6,2026203302,8,0.1,1,0,0,0,500,4000,1,200,20,-0.016,0.01358017130346959,295.216132099
81,LV,/home/sunxr/new-pfqmc-zeroT-sign-20260827/reproduction/projector_kitaev/zeroT_sign_L6_L12_L18_20260827/per_seed.csv,/home/sunxr/new-pfqmc-zeroT-sign-20260827/reproduction/projector_kitaev/zeroT_sign_L6_L12_L18_20260827,raw/main/L12/V6/seed_2026203303,/home/sunxr/new-pfqmc-zeroT-sign-20260827/reproduction/projector_kitaev/zeroT_sign_L6_L12_L18_20260827/raw/main/L12/V6/seed_2026203303/measurements.csv,ec9af4a7d0ed54651a65edc15be722414edfb980eeec3d10b8f236ee4efb0de4,b7c43d2bcb8e6b4952bb742f7368fbad24b96919,9eece40eeb4305429971d6451f7930befba461c7750ad9ee06cbd9384dae4ff2,153658[19].mgt,complete,,12,12,6,2026203303,8,0.1,1,0,0,0,500,4000,1,200,20,0.0245,0.013774022078192207,292.983440977
82,LV,/home/sunxr/new-pfqmc-zeroT-sign-20260827/reproduction/projector_kitaev/zeroT_sign_L6_L12_L18_20260827/per_seed.csv,/home/sunxr/new-pfqmc-zeroT-sign-20260827/reproduction/projector_kitaev/zeroT_sign_L6_L12_L18_20260827,raw/control/L12/V2/seed_2126202900,/home/sunxr/new-pfqmc-zeroT-sign-20260827/reproduction/projector_kitaev/zeroT_sign_L6_L12_L18_20260827/raw/control/L12/V2/seed_2126202900/measurements.csv,892fe5cbb8a7ba9c2aa69230295addd3b9427aea3f14a56ef6a7211997031ede,b7c43d2bcb8e6b4952bb742f7368fbad24b96919,9eece40eeb4305429971d6451f7930befba461c7750ad9ee06cbd9384dae4ff2,153660[6].mgt,complete,,12,12,2,2126202900,8,0.1,1,0,1,1,500,4000,1,200,20,1,0,358.536641277
83,LV,/home/sunxr/new-pfqmc-zeroT-sign-20260827/reproduction/projector_kitaev/zeroT_sign_L6_L12_L18_20260827/per_seed.csv,/home/sunxr/new-pfqmc-zeroT-sign-20260827/reproduction/projector_kitaev/zeroT_sign_L6_L12_L18_20260827,raw/control/L12/V2/seed_2126202901,/home/sunxr/new-pfqmc-zeroT-sign-20260827/reproduction/projector_kitaev/zeroT_sign_L6_L12_L18_20260827/raw/control/L12/V2/seed_2126202901/measurements.csv,45e03814569cb919a2b096029511e927f7333787d3dfa02b00eabd3ca03f3f02,b7c43d2bcb8e6b4952bb742f7368fbad24b96919,9eece40eeb4305429971d6451f7930befba461c7750ad9ee06cbd9384dae4ff2,153660[7].mgt,complete,,12,12,2,2126202901,8,0.1,1,0,1,1,500,4000,1,200,20,1,0,356.205024615
84,LV,/home/sunxr/new-pfqmc-zeroT-sign-20260827/reproduction/projector_kitaev/zeroT_sign_L6_L12_L18_20260827/per_seed.csv,/home/sunxr/new-pfqmc-zeroT-sign-20260827/reproduction/projector_kitaev/zeroT_sign_L6_L12_L18_20260827,raw/control/L12/V4/seed_2126203100,/home/sunxr/new-pfqmc-zeroT-sign-20260827/reproduction/projector_kitaev/zeroT_sign_L6_L12_L18_20260827/raw/control/L12/V4/seed_2126203100/measurements.csv,05c5b62d5a78b11c10d1da151f0c1718ba2ccadb72d61f9e30a40423e1c6ef38,b7c43d2bcb8e6b4952bb742f7368fbad24b96919,9eece40eeb4305429971d6451f7930befba461c7750ad9ee06cbd9384dae4ff2,153660[8].mgt,complete,,12,12,4,2126203100,8,0.1,1,0,1,1,500,4000,1,200,20,1,0,338.497091322
85,LV,/home/sunxr/new-pfqmc-zeroT-sign-20260827/reproduction/projector_kitaev/zeroT_sign_L6_L12_L18_20260827/per_seed.csv,/home/sunxr/new-pfqmc-zeroT-sign-20260827/reproduction/projector_kitaev/zeroT_sign_L6_L12_L18_20260827,raw/control/L12/V4/seed_2126203101,/home/sunxr/new-pfqmc-zeroT-sign-20260827/reproduction/projector_kitaev/zeroT_sign_L6_L12_L18_20260827/raw/control/L12/V4/seed_2126203101/measurements.csv,03be4ce0970f2345293da23fcbec2d539c76f6f8fdf024973ebf2b108c747eee,b7c43d2bcb8e6b4952bb742f7368fbad24b96919,9eece40eeb4305429971d6451f7930befba461c7750ad9ee06cbd9384dae4ff2,153660[9].mgt,complete,,12,12,4,2126203101,8,0.1,1,0,1,1,500,4000,1,200,20,1,0,422.405671119
86,LV,/home/sunxr/new-pfqmc-zeroT-sign-20260827/reproduction/projector_kitaev/zeroT_sign_L6_L12_L18_20260827/per_seed.csv,/home/sunxr/new-pfqmc-zeroT-sign-20260827/reproduction/projector_kitaev/zeroT_sign_L6_L12_L18_20260827,raw/control/L12/V6/seed_2126203300,/home/sunxr/new-pfqmc-zeroT-sign-20260827/reproduction/projector_kitaev/zeroT_sign_L6_L12_L18_20260827/raw/control/L12/V6/seed_2126203300/measurements.csv,5cf5a8dd1671a9885b7c25332bbf91973e7e8819b6be89c84e3176e8dcee2224,b7c43d2bcb8e6b4952bb742f7368fbad24b96919,9eece40eeb4305429971d6451f7930befba461c7750ad9ee06cbd9384dae4ff2,153660[10].mgt,complete,,12,12,6,2126203300,8,0.1,1,0,1,1,500,4000,1,200,20,1,0,417.313434452
87,LV,/home/sunxr/new-pfqmc-zeroT-sign-20260827/reproduction/projector_kitaev/zeroT_sign_L6_L12_L18_20260827/per_seed.csv,/home/sunxr/new-pfqmc-zeroT-sign-20260827/reproduction/projector_kitaev/zeroT_sign_L6_L12_L18_20260827,raw/control/L12/V6/seed_2126203301,/home/sunxr/new-pfqmc-zeroT-sign-20260827/reproduction/projector_kitaev/zeroT_sign_L6_L12_L18_20260827/raw/control/L12/V6/seed_2126203301/measurements.csv,846601514089a7b3cf880a632b33e8c4b9b6fd4231f0b231d1dd9e9aa44c9f4b,b7c43d2bcb8e6b4952bb742f7368fbad24b96919,9eece40eeb4305429971d6451f7930befba461c7750ad9ee06cbd9384dae4ff2,153660[11].mgt,complete,,12,12,6,2126203301,8,0.1,1,0,1,1,500,4000,1,200,20,1,0,398.392730364
88,Ltheta,/home/sunxr/new-pfqmc-zeroT-L-theta-20260827/reproduction/projector_kitaev/zeroT_sign_L_theta_20260827/all_seeds_L_theta.csv,/home/sunxr/new-pfqmc-zeroT-L-theta-20260827/reproduction/projector_kitaev/zeroT_sign_L_theta_20260827,raw/L12/theta18/V2/seed_1926220900,/home/sunxr/new-pfqmc-zeroT-L-theta-20260827/reproduction/projector_kitaev/zeroT_sign_L_theta_20260827/raw/L12/theta18/V2/seed_1926220900/measurements.csv,25d8d6e971efd22d8ff8a6ff628309bd02d0c7091dbe3a48b35d8ae87ddb10d2,25b5ecec6a92af3853997b713f81920b5ddedacb,e141fd9d61e6cf07d6af8feca93b8725d67d994519de9e29c722416e30fe9b97,153662[12].mgt,complete,clean,12,18,2,1926220900,8,0.1,1,0,0,0,500,4000,1,200,20,0.742,0.01284728109675146,498.825677131
89,Ltheta,/home/sunxr/new-pfqmc-zeroT-L-theta-20260827/reproduction/projector_kitaev/zeroT_sign_L_theta_20260827/all_seeds_L_theta.csv,/home/sunxr/new-pfqmc-zeroT-L-theta-20260827/reproduction/projector_kitaev/zeroT_sign_L_theta_20260827,raw/L12/theta18/V2/seed_1926220901,/home/sunxr/new-pfqmc-zeroT-L-theta-20260827/reproduction/projector_kitaev/zeroT_sign_L_theta_20260827/raw/L12/theta18/V2/seed_1926220901/measurements.csv,be3758602b2be525bd80daaea0273c26737329e7b5f2a62d4514ec2003968d0c,25b5ecec6a92af3853997b713f81920b5ddedacb,e141fd9d61e6cf07d6af8feca93b8725d67d994519de9e29c722416e30fe9b97,153662[13].mgt,complete,clean,12,18,2,1926220901,8,0.1,1,0,0,0,500,4000,1,200,20,0.7315,0.008280446212233028,489.448871294
90,Ltheta,/home/sunxr/new-pfqmc-zeroT-L-theta-20260827/reproduction/projector_kitaev/zeroT_sign_L_theta_20260827/all_seeds_L_theta.csv,/home/sunxr/new-pfqmc-zeroT-L-theta-20260827/reproduction/projector_kitaev/zeroT_sign_L_theta_20260827,raw/L12/theta18/V2/seed_1926220902,/home/sunxr/new-pfqmc-zeroT-L-theta-20260827/reproduction/projector_kitaev/zeroT_sign_L_theta_20260827/raw/L12/theta18/V2/seed_1926220902/measurements.csv,de389d90fca9fb905922b9eb3bacc89afff81d2a73e57d240d2856029d80d692,25b5ecec6a92af3853997b713f81920b5ddedacb,e141fd9d61e6cf07d6af8feca93b8725d67d994519de9e29c722416e30fe9b97,153662[14].mgt,complete,clean,12,18,2,1926220902,8,0.1,1,0,0,0,500,4000,1,200,20,0.7565,0.00892291550182067,503.867133752
91,Ltheta,/home/sunxr/new-pfqmc-zeroT-L-theta-20260827/reproduction/projector_kitaev/zeroT_sign_L_theta_20260827/all_seeds_L_theta.csv,/home/sunxr/new-pfqmc-zeroT-L-theta-20260827/reproduction/projector_kitaev/zeroT_sign_L_theta_20260827,raw/L12/theta18/V2/seed_1926220903,/home/sunxr/new-pfqmc-zeroT-L-theta-20260827/reproduction/projector_kitaev/zeroT_sign_L_theta_20260827/raw/L12/theta18/V2/seed_1926220903/measurements.csv,51761faaba7c81f52c63a85254a6c8c95011294831d49525fef6c3c382819587,25b5ecec6a92af3853997b713f81920b5ddedacb,e141fd9d61e6cf07d6af8feca93b8725d67d994519de9e29c722416e30fe9b97,153662[15].mgt,complete,clean,12,18,2,1926220903,8,0.1,1,0,0,0,500,4000,1,200,20,0.739,0.010282842121965265,495.312014117
92,Ltheta,/home/sunxr/new-pfqmc-zeroT-L-theta-20260827/reproduction/projector_kitaev/zeroT_sign_L_theta_20260827/all_seeds_L_theta.csv,/home/sunxr/new-pfqmc-zeroT-L-theta-20260827/reproduction/projector_kitaev/zeroT_sign_L_theta_20260827,raw/L12/theta18/V3/seed_1926221000,/home/sunxr/new-pfqmc-zeroT-L-theta-20260827/reproduction/projector_kitaev/zeroT_sign_L_theta_20260827/raw/L12/theta18/V3/seed_1926221000/measurements.csv,32832e4a2a4e932fc8133f2675b3f93127bc0558f17ce2d20d42d8a6955fb0ef,25b5ecec6a92af3853997b713f81920b5ddedacb,e141fd9d61e6cf07d6af8feca93b8725d67d994519de9e29c722416e30fe9b97,153662[16].mgt,complete,warning,12,18,3,1926221000,8,0.1,1,0,0,0,500,4000,1,200,20,0.0355,0.016740669042783207,483.90132373
93,Ltheta,/home/sunxr/new-pfqmc-zeroT-L-theta-20260827/reproduction/projector_kitaev/zeroT_sign_L_theta_20260827/all_seeds_L_theta.csv,/home/sunxr/new-pfqmc-zeroT-L-theta-20260827/reproduction/projector_kitaev/zeroT_sign_L_theta_20260827,raw/L12/theta18/V3/seed_1926221001,/home/sunxr/new-pfqmc-zeroT-L-theta-20260827/reproduction/projector_kitaev/zeroT_sign_L_theta_20260827/raw/L12/theta18/V3/seed_1926221001/measurements.csv,d7639cda31d0111670f6b8d1ecbbcad9059379be82cc4004779f457da3bae19c,25b5ecec6a92af3853997b713f81920b5ddedacb,e141fd9d61e6cf07d6af8feca93b8725d67d994519de9e29c722416e30fe9b97,153662[17].mgt,complete,warning,12,18,3,1926221001,8,0.1,1,0,0,0,500,4000,1,200,20,0.0395,0.01586911930033992,493.832224145
94,Ltheta,/home/sunxr/new-pfqmc-zeroT-L-theta-20260827/reproduction/projector_kitaev/zeroT_sign_L_theta_20260827/all_seeds_L_theta.csv,/home/sunxr/new-pfqmc-zeroT-L-theta-20260827/reproduction/projector_kitaev/zeroT_sign_L_theta_20260827,raw/L12/theta18/V3/seed_1926221002,/home/sunxr/new-pfqmc-zeroT-L-theta-20260827/reproduction/projector_kitaev/zeroT_sign_L_theta_20260827/raw/L12/theta18/V3/seed_1926221002/measurements.csv,33a79ab90e37ac9c9af480f1ee7f5fe049fbedd4f36f29caff65aba841a8132c,25b5ecec6a92af3853997b713f81920b5ddedacb,e141fd9d61e6cf07d6af8feca93b8725d67d994519de9e29c722416e30fe9b97,153662[18].mgt,complete,warning,12,18,3,1926221002,8,0.1,1,0,0,0,500,4000,1,200,20,0.033,0.013766855697270661,494.51031283
95,Ltheta,/home/sunxr/new-pfqmc-zeroT-L-theta-20260827/reproduction/projector_kitaev/zeroT_sign_L_theta_20260827/all_seeds_L_theta.csv,/home/sunxr/new-pfqmc-zeroT-L-theta-20260827/reproduction/projector_kitaev/zeroT_sign_L_theta_20260827,raw/L12/theta18/V3/seed_1926221003,/home/sunxr/new-pfqmc-zeroT-L-theta-20260827/reproduction/projector_kitaev/zeroT_sign_L_theta_20260827/raw/L12/theta18/V3/seed_1926221003/measurements.csv,517390fbc33ed06328eb107d40ba12e5a2bc76757b1300a0a70538242809f86a,25b5ecec6a92af3853997b713f81920b5ddedacb,e141fd9d61e6cf07d6af8feca93b8725d67d994519de9e29c722416e30fe9b97,153662[19].mgt,complete,clean,12,18,3,1926221003,8,0.1,1,0,0,0,500,4000,1,200,20,0.049,0.014214521855445838,486.30754964
96,Ltheta,/home/sunxr/new-pfqmc-zeroT-L-theta-20260827/reproduction/projector_kitaev/zeroT_sign_L_theta_20260827/all_seeds_L_theta.csv,/home/sunxr/new-pfqmc-zeroT-L-theta-20260827/reproduction/projector_kitaev/zeroT_sign_L_theta_20260827,raw/L12/theta18/V4/seed_1926221100,/home/sunxr/new-pfqmc-zeroT-L-theta-20260827/reproduction/projector_kitaev/zeroT_sign_L_theta_20260827/raw/L12/theta18/V4/seed_1926221100/measurements.csv,f92fef3f675932f02e175f2185d7f66d7c386834686092d55bf6fb933900577b,25b5ecec6a92af3853997b713f81920b5ddedacb,e141fd9d61e6cf07d6af8feca93b8725d67d994519de9e29c722416e30fe9b97,153662[20].mgt,complete,failed,12,18,4,1926221100,8,0.1,1,0,0,0,500,4000,1,200,20,0.022,0.017941425161957042,478.306183043
97,Ltheta,/home/sunxr/new-pfqmc-zeroT-L-theta-20260827/reproduction/projector_kitaev/zeroT_sign_L_theta_20260827/all_seeds_L_theta.csv,/home/sunxr/new-pfqmc-zeroT-L-theta-20260827/reproduction/projector_kitaev/zeroT_sign_L_theta_20260827,raw/L12/theta18/V4/seed_1926221101,/home/sunxr/new-pfqmc-zeroT-L-theta-20260827/reproduction/projector_kitaev/zeroT_sign_L_theta_20260827/raw/L12/theta18/V4/seed_1926221101/measurements.csv,1a359f3ddce38d0197a8298e928ba298772a80751a33849da6c7febb924abf17,25b5ecec6a92af3853997b713f81920b5ddedacb,e141fd9d61e6cf07d6af8feca93b8725d67d994519de9e29c722416e30fe9b97,153662[21].mgt,complete,warning,12,18,4,1926221101,8,0.1,1,0,0,0,500,4000,1,200,20,0.005,0.013659390446444564,492.695447818
98,Ltheta,/home/sunxr/new-pfqmc-zeroT-L-theta-20260827/reproduction/projector_kitaev/zeroT_sign_L_theta_20260827/all_seeds_L_theta.csv,/home/sunxr/new-pfqmc-zeroT-L-theta-20260827/reproduction/projector_kitaev/zeroT_sign_L_theta_20260827,raw/L12/theta18/V4/seed_1926221102,/home/sunxr/new-pfqmc-zeroT-L-theta-20260827/reproduction/projector_kitaev/zeroT_sign_L_theta_20260827/raw/L12/theta18/V4/seed_1926221102/measurements.csv,709f0f45a39c5ca1d0f1cd9e0782bdece3e511de6af5126f120de28f27cc3887,25b5ecec6a92af3853997b713f81920b5ddedacb,e141fd9d61e6cf07d6af8feca93b8725d67d994519de9e29c722416e30fe9b97,153662[22].mgt,complete,warning,12,18,4,1926221102,8,0.1,1,0,0,0,500,4000,1,200,20,0.015,0.01482352326895543,616.71799342
99,Ltheta,/home/sunxr/new-pfqmc-zeroT-L-theta-20260827/reproduction/projector_kitaev/zeroT_sign_L_theta_20260827/all_seeds_L_theta.csv,/home/sunxr/new-pfqmc-zeroT-L-theta-20260827/reproduction/projector_kitaev/zeroT_sign_L_theta_20260827,raw/L12/theta18/V4/seed_1926221103,/home/sunxr/new-pfqmc-zeroT-L-theta-20260827/reproduction/projector_kitaev/zeroT_sign_L_theta_20260827/raw/L12/theta18/V4/seed_1926221103/measurements.csv,62ff14d84f799919de71751f1b4c193a07df6bcee2c6d3fc9a2b7bc44a26d2e4,25b5ecec6a92af3853997b713f81920b5ddedacb,e141fd9d61e6cf07d6af8feca93b8725d67d994519de9e29c722416e30fe9b97,153662[23].mgt,complete,warning,12,18,4,1926221103,8,0.1,1,0,0,0,500,4000,1,200,20,-0.021,0.018902798456146227,625.140260055
100,Ltheta,/home/sunxr/new-pfqmc-zeroT-L-theta-20260827/reproduction/projector_kitaev/zeroT_sign_L_theta_20260827/all_seeds_L_theta.csv,/home/sunxr/new-pfqmc-zeroT-L-theta-20260827/reproduction/projector_kitaev/zeroT_sign_L_theta_20260827,raw/L18/theta6/V2/seed_1926268900,/home/sunxr/new-pfqmc-zeroT-L-theta-20260827/reproduction/projector_kitaev/zeroT_sign_L_theta_20260827/raw/L18/theta6/V2/seed_1926268900/measurements.csv,c39ee462c8af6f5b813873909b770716e6db4fa769e81497b057a9bd394a8ddd,25b5ecec6a92af3853997b713f81920b5ddedacb,e141fd9d61e6cf07d6af8feca93b8725d67d994519de9e29c722416e30fe9b97,153663[0].mgt,complete,clean,18,6,2,1926268900,8,0.1,1,0,0,0,500,4000,1,200,20,0.875,0.006824877095480995,536.105019356
101,Ltheta,/home/sunxr/new-pfqmc-zeroT-L-theta-20260827/reproduction/projector_kitaev/zeroT_sign_L_theta_20260827/all_seeds_L_theta.csv,/home/sunxr/new-pfqmc-zeroT-L-theta-20260827/reproduction/projector_kitaev/zeroT_sign_L_theta_20260827,raw/L18/theta6/V2/seed_1926268901,/home/sunxr/new-pfqmc-zeroT-L-theta-20260827/reproduction/projector_kitaev/zeroT_sign_L_theta_20260827/raw/L18/theta6/V2/seed_1926268901/measurements.csv,0dfa91cc7e1ffe66c026b6d77ba630969e2fd560bd21c92ae21e707c545d2d2f,25b5ecec6a92af3853997b713f81920b5ddedacb,e141fd9d61e6cf07d6af8feca93b8725d67d994519de9e29c722416e30fe9b97,153663[1].mgt,complete,clean,18,6,2,1926268901,8,0.1,1,0,0,0,500,4000,1,200,20,0.8835,0.006659974711505654,544.14280538
102,Ltheta,/home/sunxr/new-pfqmc-zeroT-L-theta-20260827/reproduction/projector_kitaev/zeroT_sign_L_theta_20260827/all_seeds_L_theta.csv,/home/sunxr/new-pfqmc-zeroT-L-theta-20260827/reproduction/projector_kitaev/zeroT_sign_L_theta_20260827,raw/L18/theta6/V2/seed_1926268902,/home/sunxr/new-pfqmc-zeroT-L-theta-20260827/reproduction/projector_kitaev/zeroT_sign_L_theta_20260827/raw/L18/theta6/V2/seed_1926268902/measurements.csv,9d04b2b539564ad2ee0e8ddf87a3ddeccee81e9aea11bfcac168c1e1bd5ab15d,25b5ecec6a92af3853997b713f81920b5ddedacb,e141fd9d61e6cf07d6af8feca93b8725d67d994519de9e29c722416e30fe9b97,153663[2].mgt,complete,clean,18,6,2,1926268902,8,0.1,1,0,0,0,500,4000,1,200,20,0.871,0.00664514068600825,533.973077693
103,Ltheta,/home/sunxr/new-pfqmc-zeroT-L-theta-20260827/reproduction/projector_kitaev/zeroT_sign_L_theta_20260827/all_seeds_L_theta.csv,/home/sunxr/new-pfqmc-zeroT-L-theta-20260827/reproduction/projector_kitaev/zeroT_sign_L_theta_20260827,raw/L18/theta6/V2/seed_1926268903,/home/sunxr/new-pfqmc-zeroT-L-theta-20260827/reproduction/projector_kitaev/zeroT_sign_L_theta_20260827/raw/L18/theta6/V2/seed_1926268903/measurements.csv,88703021c9db8f657d475e74f780e719e7d36e26e2f444f59dc9878bbdfbfa49,25b5ecec6a92af3853997b713f81920b5ddedacb,e141fd9d61e6cf07d6af8feca93b8725d67d994519de9e29c722416e30fe9b97,153663[3].mgt,complete,clean,18,6,2,1926268903,8,0.1,1,0,0,0,500,4000,1,200,20,0.8795,0.00958274216330697,550.292582071
104,Ltheta,/home/sunxr/new-pfqmc-zeroT-L-theta-20260827/reproduction/projector_kitaev/zeroT_sign_L_theta_20260827/all_seeds_L_theta.csv,/home/sunxr/new-pfqmc-zeroT-L-theta-20260827/reproduction/projector_kitaev/zeroT_sign_L_theta_20260827,raw/L18/theta6/V3/seed_1926269000,/home/sunxr/new-pfqmc-zeroT-L-theta-20260827/reproduction/projector_kitaev/zeroT_sign_L_theta_20260827/raw/L18/theta6/V3/seed_1926269000/measurements.csv,e78b5dd309400ec55ef0c88d29a3121b7a32f22a92cd631957fe83f224ce99cb,25b5ecec6a92af3853997b713f81920b5ddedacb,e141fd9d61e6cf07d6af8feca93b8725d67d994519de9e29c722416e30fe9b97,153663[4].mgt,complete,clean,18,6,3,1926269000,8,0.1,1,0,0,0,500,4000,1,200,20,0.2955,0.01786609550016602,519.120696257
105,Ltheta,/home/sunxr/new-pfqmc-zeroT-L-theta-20260827/reproduction/projector_kitaev/zeroT_sign_L_theta_20260827/all_seeds_L_theta.csv,/home/sunxr/new-pfqmc-zeroT-L-theta-20260827/reproduction/projector_kitaev/zeroT_sign_L_theta_20260827,raw/L18/theta6/V3/seed_1926269001,/home/sunxr/new-pfqmc-zeroT-L-theta-20260827/reproduction/projector_kitaev/zeroT_sign_L_theta_20260827/raw/L18/theta6/V3/seed_1926269001/measurements.csv,66b19b5cbff80ed295eb8a8f197ade4dddb53fed31d540027ff9b79206bc2fb1,25b5ecec6a92af3853997b713f81920b5ddedacb,e141fd9d61e6cf07d6af8feca93b8725d67d994519de9e29c722416e30fe9b97,153663[5].mgt,complete,clean,18,6,3,1926269001,8,0.1,1,0,0,0,500,4000,1,200,20,0.2785,0.01588238017426859,540.055748496
106,Ltheta,/home/sunxr/new-pfqmc-zeroT-L-theta-20260827/reproduction/projector_kitaev/zeroT_sign_L_theta_20260827/all_seeds_L_theta.csv,/home/sunxr/new-pfqmc-zeroT-L-theta-20260827/reproduction/projector_kitaev/zeroT_sign_L_theta_20260827,raw/L18/theta6/V3/seed_1926269002,/home/sunxr/new-pfqmc-zeroT-L-theta-20260827/reproduction/projector_kitaev/zeroT_sign_L_theta_20260827/raw/L18/theta6/V3/seed_1926269002/measurements.csv,b6e1931e7be6b2751aa397d2fbb5ce42278be01b48ab23d0313b9cb6c20986c5,25b5ecec6a92af3853997b713f81920b5ddedacb,e141fd9d61e6cf07d6af8feca93b8725d67d994519de9e29c722416e30fe9b97,153663[6].mgt,complete,clean,18,6,3,1926269002,8,0.1,1,0,0,0,500,4000,1,200,20,0.3195,0.012741870473281963,532.050904074
107,Ltheta,/home/sunxr/new-pfqmc-zeroT-L-theta-20260827/reproduction/projector_kitaev/zeroT_sign_L_theta_20260827/all_seeds_L_theta.csv,/home/sunxr/new-pfqmc-zeroT-L-theta-20260827/reproduction/projector_kitaev/zeroT_sign_L_theta_20260827,raw/L18/theta6/V3/seed_1926269003,/home/sunxr/new-pfqmc-zeroT-L-theta-20260827/reproduction/projector_kitaev/zeroT_sign_L_theta_20260827/raw/L18/theta6/V3/seed_1926269003/measurements.csv,f9154ce6e568fd034592c149a6081bf1a13062034d286928ee13bfd600b6738e,25b5ecec6a92af3853997b713f81920b5ddedacb,e141fd9d61e6cf07d6af8feca93b8725d67d994519de9e29c722416e30fe9b97,153663[7].mgt,complete,clean,18,6,3,1926269003,8,0.1,1,0,0,0,500,4000,1,200,20,0.299,0.01329622027811703,371.540387913
108,Ltheta,/home/sunxr/new-pfqmc-zeroT-L-theta-20260827/reproduction/projector_kitaev/zeroT_sign_L_theta_20260827/all_seeds_L_theta.csv,/home/sunxr/new-pfqmc-zeroT-L-theta-20260827/reproduction/projector_kitaev/zeroT_sign_L_theta_20260827,raw/L18/theta6/V4/seed_1926269100,/home/sunxr/new-pfqmc-zeroT-L-theta-20260827/reproduction/projector_kitaev/zeroT_sign_L_theta_20260827/raw/L18/theta6/V4/seed_1926269100/measurements.csv,17ab3b9d960f95f27695c25dd3c311e3bfb019ee924c210f0f1d7fde5fe01ba4,25b5ecec6a92af3853997b713f81920b5ddedacb,e141fd9d61e6cf07d6af8feca93b8725d67d994519de9e29c722416e30fe9b97,153663[8].mgt,complete,warning,18,6,4,1926269100,8,0.1,1,0,0,0,500,4000,1,200,20,0.062,0.014984202207307323,367.576480674
109,Ltheta,/home/sunxr/new-pfqmc-zeroT-L-theta-20260827/reproduction/projector_kitaev/zeroT_sign_L_theta_20260827/all_seeds_L_theta.csv,/home/sunxr/new-pfqmc-zeroT-L-theta-20260827/reproduction/projector_kitaev/zeroT_sign_L_theta_20260827,raw/L18/theta6/V4/seed_1926269101,/home/sunxr/new-pfqmc-zeroT-L-theta-20260827/reproduction/projector_kitaev/zeroT_sign_L_theta_20260827/raw/L18/theta6/V4/seed_1926269101/measurements.csv,47345acf9396d63d8b70aa68ca06eedb268e0aacf9b7bd84ad433315de615a8c,25b5ecec6a92af3853997b713f81920b5ddedacb,e141fd9d61e6cf07d6af8feca93b8725d67d994519de9e29c722416e30fe9b97,153663[9].mgt,complete,clean,18,6,4,1926269101,8,0.1,1,0,0,0,500,4000,1,200,20,0.0505,0.013963768907614561,368.857785104
110,Ltheta,/home/sunxr/new-pfqmc-zeroT-L-theta-20260827/reproduction/projector_kitaev/zeroT_sign_L_theta_20260827/all_seeds_L_theta.csv,/home/sunxr/new-pfqmc-zeroT-L-theta-20260827/reproduction/projector_kitaev/zeroT_sign_L_theta_20260827,raw/L18/theta6/V4/seed_1926269102,/home/sunxr/new-pfqmc-zeroT-L-theta-20260827/reproduction/projector_kitaev/zeroT_sign_L_theta_20260827/raw/L18/theta6/V4/seed_1926269102/measurements.csv,89673f5d2455d287733521186c6473712bf1396dfb17fd39d2b32b95a4edb0ff,25b5ecec6a92af3853997b713f81920b5ddedacb,e141fd9d61e6cf07d6af8feca93b8725d67d994519de9e29c722416e30fe9b97,153663[10].mgt,complete,warning,18,6,4,1926269102,8,0.1,1,0,0,0,500,4000,1,200,20,0.0735,0.017187434210400403,367.058526756
111,Ltheta,/home/sunxr/new-pfqmc-zeroT-L-theta-20260827/reproduction/projector_kitaev/zeroT_sign_L_theta_20260827/all_seeds_L_theta.csv,/home/sunxr/new-pfqmc-zeroT-L-theta-20260827/reproduction/projector_kitaev/zeroT_sign_L_theta_20260827,raw/L18/theta6/V4/seed_1926269103,/home/sunxr/new-pfqmc-zeroT-L-theta-20260827/reproduction/projector_kitaev/zeroT_sign_L_theta_20260827/raw/L18/theta6/V4/seed_1926269103/measurements.csv,1d396f819557838838449af3ee0277b46d6830c031fe8f4cc61b67a9afc403e1,25b5ecec6a92af3853997b713f81920b5ddedacb,e141fd9d61e6cf07d6af8feca93b8725d67d994519de9e29c722416e30fe9b97,153663[11].mgt,complete,warning,18,6,4,1926269103,8,0.1,1,0,0,0,500,4000,1,200,20,0.0355,0.015802648012612518,366.891371295
112,Ltheta,/home/sunxr/new-pfqmc-zeroT-L-theta-20260827/reproduction/projector_kitaev/zeroT_sign_L_theta_20260827/all_seeds_L_theta.csv,/home/sunxr/new-pfqmc-zeroT-L-theta-20260827/reproduction/projector_kitaev/zeroT_sign_L_theta_20260827,raw/L18/theta12/V2/seed_1926274900,/home/sunxr/new-pfqmc-zeroT-L-theta-20260827/reproduction/projector_kitaev/zeroT_sign_L_theta_20260827/raw/L18/theta12/V2/seed_1926274900/measurements.csv,0752b74ac683e4cda90c18a9078e1aa2ce7bc39cd84f82232707a1f25944113c,25b5ecec6a92af3853997b713f81920b5ddedacb,e141fd9d61e6cf07d6af8feca93b8725d67d994519de9e29c722416e30fe9b97,153663[12].mgt,complete,clean,18,12,2,1926274900,8,0.1,1,0,0,0,500,4000,1,200,20,0.748,0.007800134951599104,712.304999143
113,Ltheta,/home/sunxr/new-pfqmc-zeroT-L-theta-20260827/reproduction/projector_kitaev/zeroT_sign_L_theta_20260827/all_seeds_L_theta.csv,/home/sunxr/new-pfqmc-zeroT-L-theta-20260827/reproduction/projector_kitaev/zeroT_sign_L_theta_20260827,raw/L18/theta12/V2/seed_1926274901,/home/sunxr/new-pfqmc-zeroT-L-theta-20260827/reproduction/projector_kitaev/zeroT_sign_L_theta_20260827/raw/L18/theta12/V2/seed_1926274901/measurements.csv,2aaf0d3ed36e5970984a7768c3261493d57967e6978ceed7e91cf93e8e8e5589,25b5ecec6a92af3853997b713f81920b5ddedacb,e141fd9d61e6cf07d6af8feca93b8725d67d994519de9e29c722416e30fe9b97,153663[13].mgt,complete,clean,18,12,2,1926274901,8,0.1,1,0,0,0,500,4000,1,200,20,0.7545,0.01227910077283649,707.84579188
114,Ltheta,/home/sunxr/new-pfqmc-zeroT-L-theta-20260827/reproduction/projector_kitaev/zeroT_sign_L_theta_20260827/all_seeds_L_theta.csv,/home/sunxr/new-pfqmc-zeroT-L-theta-20260827/reproduction/projector_kitaev/zeroT_sign_L_theta_20260827,raw/L18/theta12/V2/seed_1926274902,/home/sunxr/new-pfqmc-zeroT-L-theta-20260827/reproduction/projector_kitaev/zeroT_sign_L_theta_20260827/raw/L18/theta12/V2/seed_1926274902/measurements.csv,6585c77d701b3141b13305d6571a3925b657affb34b274aa5f01d4ff356d7167,25b5ecec6a92af3853997b713f81920b5ddedacb,e141fd9d61e6cf07d6af8feca93b8725d67d994519de9e29c722416e30fe9b97,153663[14].mgt,complete,clean,18,12,2,1926274902,8,0.1,1,0,0,0,500,4000,1,200,20,0.782,0.01009429229030472,708.592509761
115,Ltheta,/home/sunxr/new-pfqmc-zeroT-L-theta-20260827/reproduction/projector_kitaev/zeroT_sign_L_theta_20260827/all_seeds_L_theta.csv,/home/sunxr/new-pfqmc-zeroT-L-theta-20260827/reproduction/projector_kitaev/zeroT_sign_L_theta_20260827,raw/L18/theta12/V2/seed_1926274903,/home/sunxr/new-pfqmc-zeroT-L-theta-20260827/reproduction/projector_kitaev/zeroT_sign_L_theta_20260827/raw/L18/theta12/V2/seed_1926274903/measurements.csv,454971b3e71b590ea4dbabb0ef44d38105f1fbb9939261d640bf1f7e7f61dc27,25b5ecec6a92af3853997b713f81920b5ddedacb,e141fd9d61e6cf07d6af8feca93b8725d67d994519de9e29c722416e30fe9b97,153663[15].mgt,complete,clean,18,12,2,1926274903,8,0.1,1,0,0,0,500,4000,1,200,20,0.7805,0.010474907360474666,710.488275921
116,Ltheta,/home/sunxr/new-pfqmc-zeroT-L-theta-20260827/reproduction/projector_kitaev/zeroT_sign_L_theta_20260827/all_seeds_L_theta.csv,/home/sunxr/new-pfqmc-zeroT-L-theta-20260827/reproduction/projector_kitaev/zeroT_sign_L_theta_20260827,raw/L18/theta12/V3/seed_1926275000,/home/sunxr/new-pfqmc-zeroT-L-theta-20260827/reproduction/projector_kitaev/zeroT_sign_L_theta_20260827/raw/L18/theta12/V3/seed_1926275000/measurements.csv,954fc49a914a335bf3971348ff61e711aa591eecad0b2dfa96d162992d4b3ff5,25b5ecec6a92af3853997b713f81920b5ddedacb,e141fd9d61e6cf07d6af8feca93b8725d67d994519de9e29c722416e30fe9b97,153663[16].mgt,complete,clean,18,12,3,1926275000,8,0.1,1,0,0,0,500,4000,1,200,20,0.054,0.01386779685002936,698.576618674
117,Ltheta,/home/sunxr/new-pfqmc-zeroT-L-theta-20260827/reproduction/projector_kitaev/zeroT_sign_L_theta_20260827/all_seeds_L_theta.csv,/home/sunxr/new-pfqmc-zeroT-L-theta-20260827/reproduction/projector_kitaev/zeroT_sign_L_theta_20260827,raw/L18/theta12/V3/seed_1926275001,/home/sunxr/new-pfqmc-zeroT-L-theta-20260827/reproduction/projector_kitaev/zeroT_sign_L_theta_20260827/raw/L18/theta12/V3/seed_1926275001/measurements.csv,9d5eafdd0aab95c18ecf2d3407a646bdd4954372630493a4f7f70a8f861fda7e,25b5ecec6a92af3853997b713f81920b5ddedacb,e141fd9d61e6cf07d6af8feca93b8725d67d994519de9e29c722416e30fe9b97,153663[17].mgt,complete,clean,18,12,3,1926275001,8,0.1,1,0,0,0,500,4000,1,200,20,0.115,0.018431951662948316,699.090247072
118,Ltheta,/home/sunxr/new-pfqmc-zeroT-L-theta-20260827/reproduction/projector_kitaev/zeroT_sign_L_theta_20260827/all_seeds_L_theta.csv,/home/sunxr/new-pfqmc-zeroT-L-theta-20260827/reproduction/projector_kitaev/zeroT_sign_L_theta_20260827,raw/L18/theta12/V3/seed_1926275002,/home/sunxr/new-pfqmc-zeroT-L-theta-20260827/reproduction/projector_kitaev/zeroT_sign_L_theta_20260827/raw/L18/theta12/V3/seed_1926275002/measurements.csv,3ba1869c8d3c24bcb5d8104155c6be91ef7f9bf7e1c4fb45c642a29e465b8097,25b5ecec6a92af3853997b713f81920b5ddedacb,e141fd9d61e6cf07d6af8feca93b8725d67d994519de9e29c722416e30fe9b97,153663[18].mgt,complete,clean,18,12,3,1926275002,8,0.1,1,0,0,0,500,4000,1,200,20,0.0855,0.02012428488431982,699.793670167
119,Ltheta,/home/sunxr/new-pfqmc-zeroT-L-theta-20260827/reproduction/projector_kitaev/zeroT_sign_L_theta_20260827/all_seeds_L_theta.csv,/home/sunxr/new-pfqmc-zeroT-L-theta-20260827/reproduction/projector_kitaev/zeroT_sign_L_theta_20260827,raw/L18/theta12/V3/seed_1926275003,/home/sunxr/new-pfqmc-zeroT-L-theta-20260827/reproduction/projector_kitaev/zeroT_sign_L_theta_20260827/raw/L18/theta12/V3/seed_1926275003/measurements.csv,3c0af289c6a2ac7506d3576937acbcca1c2f88e59d0e89b20541e20a4e02ab99,25b5ecec6a92af3853997b713f81920b5ddedacb,e141fd9d61e6cf07d6af8feca93b8725d67d994519de9e29c722416e30fe9b97,153663[19].mgt,complete,clean,18,12,3,1926275003,8,0.1,1,0,0,0,500,4000,1,200,20,0.0935,0.014658839618038273,701.056243397
120,Ltheta,/home/sunxr/new-pfqmc-zeroT-L-theta-20260827/reproduction/projector_kitaev/zeroT_sign_L_theta_20260827/all_seeds_L_theta.csv,/home/sunxr/new-pfqmc-zeroT-L-theta-20260827/reproduction/projector_kitaev/zeroT_sign_L_theta_20260827,raw/L18/theta12/V4/seed_1926275100,/home/sunxr/new-pfqmc-zeroT-L-theta-20260827/reproduction/projector_kitaev/zeroT_sign_L_theta_20260827/raw/L18/theta12/V4/seed_1926275100/measurements.csv,913e3fa10241f1bcc089e3b229b620369bb5e63e57defaaddbef854872fcbe0f,25b5ecec6a92af3853997b713f81920b5ddedacb,e141fd9d61e6cf07d6af8feca93b8725d67d994519de9e29c722416e30fe9b97,153663[20].mgt,complete,warning,18,12,4,1926275100,8,0.1,1,0,0,0,500,4000,1,200,20,-0.0175,0.016872197623059627,692.933472202
121,Ltheta,/home/sunxr/new-pfqmc-zeroT-L-theta-20260827/reproduction/projector_kitaev/zeroT_sign_L_theta_20260827/all_seeds_L_theta.csv,/home/sunxr/new-pfqmc-zeroT-L-theta-20260827/reproduction/projector_kitaev/zeroT_sign_L_theta_20260827,raw/L18/theta12/V4/seed_1926275101,/home/sunxr/new-pfqmc-zeroT-L-theta-20260827/reproduction/projector_kitaev/zeroT_sign_L_theta_20260827/raw/L18/theta12/V4/seed_1926275101/measurements.csv,05fa979c17ada36d181d124c12b9720e36d952bad249b03c29127dd101280160,25b5ecec6a92af3853997b713f81920b5ddedacb,e141fd9d61e6cf07d6af8feca93b8725d67d994519de9e29c722416e30fe9b97,153663[21].mgt,complete,warning,18,12,4,1926275101,8,0.1,1,0,0,0,500,4000,1,200,20,-0.0045,0.014445450932095509,691.19429114
122,Ltheta,/home/sunxr/new-pfqmc-zeroT-L-theta-20260827/reproduction/projector_kitaev/zeroT_sign_L_theta_20260827/all_seeds_L_theta.csv,/home/sunxr/new-pfqmc-zeroT-L-theta-20260827/reproduction/projector_kitaev/zeroT_sign_L_theta_20260827,raw/L18/theta12/V4/seed_1926275102,/home/sunxr/new-pfqmc-zeroT-L-theta-20260827/reproduction/projector_kitaev/zeroT_sign_L_theta_20260827/raw/L18/theta12/V4/seed_1926275102/measurements.csv,160b33ee49840c74f609c0ec2a8d7f8dda513eb3788430e0aaafe05dc4ba1a11,25b5ecec6a92af3853997b713f81920b5ddedacb,e141fd9d61e6cf07d6af8feca93b8725d67d994519de9e29c722416e30fe9b97,153663[22].mgt,complete,warning,18,12,4,1926275102,8,0.1,1,0,0,0,500,4000,1,200,20,-0.002,0.012345892135912211,691.470260586
123,Ltheta,/home/sunxr/new-pfqmc-zeroT-L-theta-20260827/reproduction/projector_kitaev/zeroT_sign_L_theta_20260827/all_seeds_L_theta.csv,/home/sunxr/new-pfqmc-zeroT-L-theta-20260827/reproduction/projector_kitaev/zeroT_sign_L_theta_20260827,raw/L18/theta12/V4/seed_1926275103,/home/sunxr/new-pfqmc-zeroT-L-theta-20260827/reproduction/projector_kitaev/zeroT_sign_L_theta_20260827/raw/L18/theta12/V4/seed_1926275103/measurements.csv,59e949432743feb2c1d3be02ba983a405ab3cf269bf971c23f4d0b0b5e3e357a,25b5ecec6a92af3853997b713f81920b5ddedacb,e141fd9d61e6cf07d6af8feca93b8725d67d994519de9e29c722416e30fe9b97,153663[23].mgt,complete,warning,18,12,4,1926275103,8,0.1,1,0,0,0,500,4000,1,200,20,-0.004,0.01475055752737574,691.330795034
124,LV,/home/sunxr/new-pfqmc-zeroT-sign-20260827/reproduction/projector_kitaev/zeroT_sign_L6_L12_L18_20260827/per_seed.csv,/home/sunxr/new-pfqmc-zeroT-sign-20260827/reproduction/projector_kitaev/zeroT_sign_L6_L12_L18_20260827,raw/main/L18/V2/seed_2026262900,/home/sunxr/new-pfqmc-zeroT-sign-20260827/reproduction/projector_kitaev/zeroT_sign_L6_L12_L18_20260827/raw/main/L18/V2/seed_2026262900/measurements.csv,6cb0eeece3337193b5ffd42bc1a8e66fa631c64da4dbcaf46f257260a689255e,b7c43d2bcb8e6b4952bb742f7368fbad24b96919,9eece40eeb4305429971d6451f7930befba461c7750ad9ee06cbd9384dae4ff2,153659[0].mgt,complete,,18,18,2,2026262900,8,0.1,1,0,0,0,500,4000,1,200,20,0.6525,0.01211512755976897,1029.998581853
125,LV,/home/sunxr/new-pfqmc-zeroT-sign-20260827/reproduction/projector_kitaev/zeroT_sign_L6_L12_L18_20260827/per_seed.csv,/home/sunxr/new-pfqmc-zeroT-sign-20260827/reproduction/projector_kitaev/zeroT_sign_L6_L12_L18_20260827,raw/main/L18/V2/seed_2026262901,/home/sunxr/new-pfqmc-zeroT-sign-20260827/reproduction/projector_kitaev/zeroT_sign_L6_L12_L18_20260827/raw/main/L18/V2/seed_2026262901/measurements.csv,fa06891bbc1a19c184eba5d819fa9628c316239fd6ce04f402d7b5a30468617f,b7c43d2bcb8e6b4952bb742f7368fbad24b96919,9eece40eeb4305429971d6451f7930befba461c7750ad9ee06cbd9384dae4ff2,153659[1].mgt,complete,,18,18,2,2026262901,8,0.1,1,0,0,0,500,4000,1,200,20,0.6725,0.012604823638090634,1016.22149552
126,LV,/home/sunxr/new-pfqmc-zeroT-sign-20260827/reproduction/projector_kitaev/zeroT_sign_L6_L12_L18_20260827/per_seed.csv,/home/sunxr/new-pfqmc-zeroT-sign-20260827/reproduction/projector_kitaev/zeroT_sign_L6_L12_L18_20260827,raw/main/L18/V2/seed_2026262902,/home/sunxr/new-pfqmc-zeroT-sign-20260827/reproduction/projector_kitaev/zeroT_sign_L6_L12_L18_20260827/raw/main/L18/V2/seed_2026262902/measurements.csv,387e52130f3e28b33a67824d3a393356320d22dfcfe94d43c280bc0c2665b729,b7c43d2bcb8e6b4952bb742f7368fbad24b96919,9eece40eeb4305429971d6451f7930befba461c7750ad9ee06cbd9384dae4ff2,153659[2].mgt,complete,,18,18,2,2026262902,8,0.1,1,0,0,0,500,4000,1,200,20,0.659,0.01702784097943872,1028.226258796
127,LV,/home/sunxr/new-pfqmc-zeroT-sign-20260827/reproduction/projector_kitaev/zeroT_sign_L6_L12_L18_20260827/per_seed.csv,/home/sunxr/new-pfqmc-zeroT-sign-20260827/reproduction/projector_kitaev/zeroT_sign_L6_L12_L18_20260827,raw/main/L18/V2/seed_2026262903,/home/sunxr/new-pfqmc-zeroT-sign-20260827/reproduction/projector_kitaev/zeroT_sign_L6_L12_L18_20260827/raw/main/L18/V2/seed_2026262903/measurements.csv,84060f95409763cef1070169f308f0b7ad9c74868639b0909b7de0507a9f72a0,b7c43d2bcb8e6b4952bb742f7368fbad24b96919,9eece40eeb4305429971d6451f7930befba461c7750ad9ee06cbd9384dae4ff2,153659[3].mgt,complete,,18,18,2,2026262903,8,0.1,1,0,0,0,500,4000,1,200,20,0.6415,0.015782652035166902,1020.327695519
128,LV,/home/sunxr/new-pfqmc-zeroT-sign-20260827/reproduction/projector_kitaev/zeroT_sign_L6_L12_L18_20260827/per_seed.csv,/home/sunxr/new-pfqmc-zeroT-sign-20260827/reproduction/projector_kitaev/zeroT_sign_L6_L12_L18_20260827,raw/main/L18/V3/seed_2026263000,/home/sunxr/new-pfqmc-zeroT-sign-20260827/reproduction/projector_kitaev/zeroT_sign_L6_L12_L18_20260827/raw/main/L18/V3/seed_2026263000/measurements.csv,49991ee01b940af373d9f78fb91f33aa798e624930eeb6dfa1ffe85a548728a4,b7c43d2bcb8e6b4952bb742f7368fbad24b96919,9eece40eeb4305429971d6451f7930befba461c7750ad9ee06cbd9384dae4ff2,153659[4].mgt,complete,,18,18,3,2026263000,8,0.1,1,0,0,0,500,4000,1,200,20,0.058,0.014646716894562881,1014.109201812
129,LV,/home/sunxr/new-pfqmc-zeroT-sign-20260827/reproduction/projector_kitaev/zeroT_sign_L6_L12_L18_20260827/per_seed.csv,/home/sunxr/new-pfqmc-zeroT-sign-20260827/reproduction/projector_kitaev/zeroT_sign_L6_L12_L18_20260827,raw/main/L18/V3/seed_2026263001,/home/sunxr/new-pfqmc-zeroT-sign-20260827/reproduction/projector_kitaev/zeroT_sign_L6_L12_L18_20260827/raw/main/L18/V3/seed_2026263001/measurements.csv,8b542c713f2aee671290c91a9e32e9e8e5523eb32ec46c5d2d7a1e9b7557b90f,b7c43d2bcb8e6b4952bb742f7368fbad24b96919,9eece40eeb4305429971d6451f7930befba461c7750ad9ee06cbd9384dae4ff2,153659[5].mgt,complete,,18,18,3,2026263001,8,0.1,1,0,0,0,500,4000,1,200,20,0.0145,0.02217721685352833,1006.095107054
130,LV,/home/sunxr/new-pfqmc-zeroT-sign-20260827/reproduction/projector_kitaev/zeroT_sign_L6_L12_L18_20260827/per_seed.csv,/home/sunxr/new-pfqmc-zeroT-sign-20260827/reproduction/projector_kitaev/zeroT_sign_L6_L12_L18_20260827,raw/main/L18/V3/seed_2026263002,/home/sunxr/new-pfqmc-zeroT-sign-20260827/reproduction/projector_kitaev/zeroT_sign_L6_L12_L18_20260827/raw/main/L18/V3/seed_2026263002/measurements.csv,4b900684ccd9078a019543b3843cd82bac15cd85dd2afbe73050fee6f36fffc0,b7c43d2bcb8e6b4952bb742f7368fbad24b96919,9eece40eeb4305429971d6451f7930befba461c7750ad9ee06cbd9384dae4ff2,153659[6].mgt,complete,,18,18,3,2026263002,8,0.1,1,0,0,0,500,4000,1,200,20,0.0365,0.01627518291594194,1009.874366649
131,LV,/home/sunxr/new-pfqmc-zeroT-sign-20260827/reproduction/projector_kitaev/zeroT_sign_L6_L12_L18_20260827/per_seed.csv,/home/sunxr/new-pfqmc-zeroT-sign-20260827/reproduction/projector_kitaev/zeroT_sign_L6_L12_L18_20260827,raw/main/L18/V3/seed_2026263003,/home/sunxr/new-pfqmc-zeroT-sign-20260827/reproduction/projector_kitaev/zeroT_sign_L6_L12_L18_20260827/raw/main/L18/V3/seed_2026263003/measurements.csv,66bab4f8235aefd62d2cc132cf4e43e24425e86394d692e23909f545fd70df1e,b7c43d2bcb8e6b4952bb742f7368fbad24b96919,9eece40eeb4305429971d6451f7930befba461c7750ad9ee06cbd9384dae4ff2,153659[7].mgt,complete,,18,18,3,2026263003,8,0.1,1,0,0,0,500,4000,1,200,20,0.03,0.01696746111951064,1004.452045184
132,LV,/home/sunxr/new-pfqmc-zeroT-sign-20260827/reproduction/projector_kitaev/zeroT_sign_L6_L12_L18_20260827/per_seed.csv,/home/sunxr/new-pfqmc-zeroT-sign-20260827/reproduction/projector_kitaev/zeroT_sign_L6_L12_L18_20260827,raw/main/L18/V4/seed_2026263100,/home/sunxr/new-pfqmc-zeroT-sign-20260827/reproduction/projector_kitaev/zeroT_sign_L6_L12_L18_20260827/raw/main/L18/V4/seed_2026263100/measurements.csv,73ca080993e0b084f3486e8cab240052cfa27759e977071001fa2b9ccdde3b94,b7c43d2bcb8e6b4952bb742f7368fbad24b96919,9eece40eeb4305429971d6451f7930befba461c7750ad9ee06cbd9384dae4ff2,153659[8].mgt,complete,,18,18,4,2026263100,8,0.1,1,0,0,0,500,4000,1,200,20,-0.0025,0.015284581153981014,1018.835909242
133,LV,/home/sunxr/new-pfqmc-zeroT-sign-20260827/reproduction/projector_kitaev/zeroT_sign_L6_L12_L18_20260827/per_seed.csv,/home/sunxr/new-pfqmc-zeroT-sign-20260827/reproduction/projector_kitaev/zeroT_sign_L6_L12_L18_20260827,raw/main/L18/V4/seed_2026263101,/home/sunxr/new-pfqmc-zeroT-sign-20260827/reproduction/projector_kitaev/zeroT_sign_L6_L12_L18_20260827/raw/main/L18/V4/seed_2026263101/measurements.csv,bc0c1066e20fac990e3483f1bcf7a9fb88b1e6f7785252dcf4607ee4c20e73ab,b7c43d2bcb8e6b4952bb742f7368fbad24b96919,9eece40eeb4305429971d6451f7930befba461c7750ad9ee06cbd9384dae4ff2,153659[9].mgt,complete,,18,18,4,2026263101,8,0.1,1,0,0,0,500,4000,1,200,20,0.002,0.012109152693205599,1325.03734197
134,LV,/home/sunxr/new-pfqmc-zeroT-sign-20260827/reproduction/projector_kitaev/zeroT_sign_L6_L12_L18_20260827/per_seed.csv,/home/sunxr/new-pfqmc-zeroT-sign-20260827/reproduction/projector_kitaev/zeroT_sign_L6_L12_L18_20260827,raw/main/L18/V4/seed_2026263102,/home/sunxr/new-pfqmc-zeroT-sign-20260827/reproduction/projector_kitaev/zeroT_sign_L6_L12_L18_20260827/raw/main/L18/V4/seed_2026263102/measurements.csv,b3da6242aa479c39b2037099bfdf508122cfc4be013ade0e80bb199df0ab53a5,b7c43d2bcb8e6b4952bb742f7368fbad24b96919,9eece40eeb4305429971d6451f7930befba461c7750ad9ee06cbd9384dae4ff2,153659[10].mgt,complete,,18,18,4,2026263102,8,0.1,1,0,0,0,500,4000,1,200,20,0.0215,0.01753605308770297,1281.074390213
135,LV,/home/sunxr/new-pfqmc-zeroT-sign-20260827/reproduction/projector_kitaev/zeroT_sign_L6_L12_L18_20260827/per_seed.csv,/home/sunxr/new-pfqmc-zeroT-sign-20260827/reproduction/projector_kitaev/zeroT_sign_L6_L12_L18_20260827,raw/main/L18/V4/seed_2026263103,/home/sunxr/new-pfqmc-zeroT-sign-20260827/reproduction/projector_kitaev/zeroT_sign_L6_L12_L18_20260827/raw/main/L18/V4/seed_2026263103/measurements.csv,c6c7d48cb36e58ed62f2e72bfb0bd8e613b5b1a7a24d86da113bc5b8ad5e3851,b7c43d2bcb8e6b4952bb742f7368fbad24b96919,9eece40eeb4305429971d6451f7930befba461c7750ad9ee06cbd9384dae4ff2,153659[11].mgt,complete,,18,18,4,2026263103,8,0.1,1,0,0,0,500,4000,1,200,20,-0.022,0.019676328283926403,1281.874976212
136,LV,/home/sunxr/new-pfqmc-zeroT-sign-20260827/reproduction/projector_kitaev/zeroT_sign_L6_L12_L18_20260827/per_seed.csv,/home/sunxr/new-pfqmc-zeroT-sign-20260827/reproduction/projector_kitaev/zeroT_sign_L6_L12_L18_20260827,raw/main/L18/V5/seed_2026263200,/home/sunxr/new-pfqmc-zeroT-sign-20260827/reproduction/projector_kitaev/zeroT_sign_L6_L12_L18_20260827/raw/main/L18/V5/seed_2026263200/measurements.csv,ff3b991ccdc90e9bd21755767edc4ee649e76881671f85acac7bc22375ced4e7,b7c43d2bcb8e6b4952bb742f7368fbad24b96919,9eece40eeb4305429971d6451f7930befba461c7750ad9ee06cbd9384dae4ff2,153659[12].mgt,complete,,18,18,5,2026263200,8,0.1,1,0,0,0,500,4000,1,200,20,0.002,0.015637337234627693,1423.873437339
137,LV,/home/sunxr/new-pfqmc-zeroT-sign-20260827/reproduction/projector_kitaev/zeroT_sign_L6_L12_L18_20260827/per_seed.csv,/home/sunxr/new-pfqmc-zeroT-sign-20260827/reproduction/projector_kitaev/zeroT_sign_L6_L12_L18_20260827,raw/main/L18/V5/seed_2026263201,/home/sunxr/new-pfqmc-zeroT-sign-20260827/reproduction/projector_kitaev/zeroT_sign_L6_L12_L18_20260827/raw/main/L18/V5/seed_2026263201/measurements.csv,054a5559025016d5988f8a73b5f42c68311a0027dc797d6e492b85555077e6c8,b7c43d2bcb8e6b4952bb742f7368fbad24b96919,9eece40eeb4305429971d6451f7930befba461c7750ad9ee06cbd9384dae4ff2,153659[13].mgt,complete,,18,18,5,2026263201,8,0.1,1,0,0,0,500,4000,1,200,20,0,0.0151657508881031,1422.472788244
138,LV,/home/sunxr/new-pfqmc-zeroT-sign-20260827/reproduction/projector_kitaev/zeroT_sign_L6_L12_L18_20260827/per_seed.csv,/home/sunxr/new-pfqmc-zeroT-sign-20260827/reproduction/projector_kitaev/zeroT_sign_L6_L12_L18_20260827,raw/main/L18/V5/seed_2026263202,/home/sunxr/new-pfqmc-zeroT-sign-20260827/reproduction/projector_kitaev/zeroT_sign_L6_L12_L18_20260827/raw/main/L18/V5/seed_2026263202/measurements.csv,e5b32ff91407f248594a9cfaecd9642a66828ccba98d0afe1eb837afa03b2d56,b7c43d2bcb8e6b4952bb742f7368fbad24b96919,9eece40eeb4305429971d6451f7930befba461c7750ad9ee06cbd9384dae4ff2,153659[14].mgt,complete,,18,18,5,2026263202,8,0.1,1,0,0,0,500,4000,1,200,20,0.0145,0.016487235892302294,1414.45035992
139,LV,/home/sunxr/new-pfqmc-zeroT-sign-20260827/reproduction/projector_kitaev/zeroT_sign_L6_L12_L18_20260827/per_seed.csv,/home/sunxr/new-pfqmc-zeroT-sign-20260827/reproduction/projector_kitaev/zeroT_sign_L6_L12_L18_20260827,raw/main/L18/V5/seed_2026263203,/home/sunxr/new-pfqmc-zeroT-sign-20260827/reproduction/projector_kitaev/zeroT_sign_L6_L12_L18_20260827/raw/main/L18/V5/seed_2026263203/measurements.csv,64ec162753025dc8c2c80ad36f2cfa56d743be843a0f4136c7d0426a09c96cf2,b7c43d2bcb8e6b4952bb742f7368fbad24b96919,9eece40eeb4305429971d6451f7930befba461c7750ad9ee06cbd9384dae4ff2,153659[15].mgt,complete,,18,18,5,2026263203,8,0.1,1,0,0,0,500,4000,1,200,20,0.0005,0.013944910409026998,1438.770393674
140,LV,/home/sunxr/new-pfqmc-zeroT-sign-20260827/reproduction/projector_kitaev/zeroT_sign_L6_L12_L18_20260827/per_seed.csv,/home/sunxr/new-pfqmc-zeroT-sign-20260827/reproduction/projector_kitaev/zeroT_sign_L6_L12_L18_20260827,raw/main/L18/V6/seed_2026263300,/home/sunxr/new-pfqmc-zeroT-sign-20260827/reproduction/projector_kitaev/zeroT_sign_L6_L12_L18_20260827/raw/main/L18/V6/seed_2026263300/measurements.csv,492248ed7c224a9aca41e61e32b29edcaa69ca9c92fb7c41eb7e3bc7789b7878,b7c43d2bcb8e6b4952bb742f7368fbad24b96919,9eece40eeb4305429971d6451f7930befba461c7750ad9ee06cbd9384dae4ff2,153659[16].mgt,complete,,18,18,6,2026263300,8,0.1,1,0,0,0,500,4000,1,200,20,-0.0165,0.013827413656250133,1368.115801436
141,LV,/home/sunxr/new-pfqmc-zeroT-sign-20260827/reproduction/projector_kitaev/zeroT_sign_L6_L12_L18_20260827/per_seed.csv,/home/sunxr/new-pfqmc-zeroT-sign-20260827/reproduction/projector_kitaev/zeroT_sign_L6_L12_L18_20260827,raw/main/L18/V6/seed_2026263301,/home/sunxr/new-pfqmc-zeroT-sign-20260827/reproduction/projector_kitaev/zeroT_sign_L6_L12_L18_20260827/raw/main/L18/V6/seed_2026263301/measurements.csv,a6dfec8cb58c546a6c947a2151fb74026ce1b992185e333b291cdc607a667a0a,b7c43d2bcb8e6b4952bb742f7368fbad24b96919,9eece40eeb4305429971d6451f7930befba461c7750ad9ee06cbd9384dae4ff2,153659[17].mgt,complete,,18,18,6,2026263301,8,0.1,1,0,0,0,500,4000,1,200,20,-0.008,0.017084927182815422,1355.78740629
142,LV,/home/sunxr/new-pfqmc-zeroT-sign-20260827/reproduction/projector_kitaev/zeroT_sign_L6_L12_L18_20260827/per_seed.csv,/home/sunxr/new-pfqmc-zeroT-sign-20260827/reproduction/projector_kitaev/zeroT_sign_L6_L12_L18_20260827,raw/main/L18/V6/seed_2026263302,/home/sunxr/new-pfqmc-zeroT-sign-20260827/reproduction/projector_kitaev/zeroT_sign_L6_L12_L18_20260827/raw/main/L18/V6/seed_2026263302/measurements.csv,7feba5d68f549b157199abbd502fffedb4eba096c92f78ac35f776e90ccbbbcb,b7c43d2bcb8e6b4952bb742f7368fbad24b96919,9eece40eeb4305429971d6451f7930befba461c7750ad9ee06cbd9384dae4ff2,153659[18].mgt,complete,,18,18,6,2026263302,8,0.1,1,0,0,0,500,4000,1,200,20,-0.0065,0.018428738997897594,1379.379872181
143,LV,/home/sunxr/new-pfqmc-zeroT-sign-20260827/reproduction/projector_kitaev/zeroT_sign_L6_L12_L18_20260827/per_seed.csv,/home/sunxr/new-pfqmc-zeroT-sign-20260827/reproduction/projector_kitaev/zeroT_sign_L6_L12_L18_20260827,raw/main/L18/V6/seed_2026263303,/home/sunxr/new-pfqmc-zeroT-sign-20260827/reproduction/projector_kitaev/zeroT_sign_L6_L12_L18_20260827/raw/main/L18/V6/seed_2026263303/measurements.csv,a3157cca066b1ef2c4aa3ecbef6cfa7dea3c08c25d302ddbdd97c79b264a3cf2,b7c43d2bcb8e6b4952bb742f7368fbad24b96919,9eece40eeb4305429971d6451f7930befba461c7750ad9ee06cbd9384dae4ff2,153659[19].mgt,complete,,18,18,6,2026263303,8,0.1,1,0,0,0,500,4000,1,200,20,0.005,0.016100016345202556,1355.707556763
144,LV,/home/sunxr/new-pfqmc-zeroT-sign-20260827/reproduction/projector_kitaev/zeroT_sign_L6_L12_L18_20260827/per_seed.csv,/home/sunxr/new-pfqmc-zeroT-sign-20260827/reproduction/projector_kitaev/zeroT_sign_L6_L12_L18_20260827,raw/control/L18/V2/seed_2126262900,/home/sunxr/new-pfqmc-zeroT-sign-20260827/reproduction/projector_kitaev/zeroT_sign_L6_L12_L18_20260827/raw/control/L18/V2/seed_2126262900/measurements.csv,76455b24bb08dacea61437f593051aab1a2b3b3bc5d3449aaa3820d350cd9593,b7c43d2bcb8e6b4952bb742f7368fbad24b96919,9eece40eeb4305429971d6451f7930befba461c7750ad9ee06cbd9384dae4ff2,153660[12].mgt,complete,,18,18,2,2126262900,8,0.1,1,0,1,1,500,4000,1,200,20,1,0,1434.655020502
145,LV,/home/sunxr/new-pfqmc-zeroT-sign-20260827/reproduction/projector_kitaev/zeroT_sign_L6_L12_L18_20260827/per_seed.csv,/home/sunxr/new-pfqmc-zeroT-sign-20260827/reproduction/projector_kitaev/zeroT_sign_L6_L12_L18_20260827,raw/control/L18/V2/seed_2126262901,/home/sunxr/new-pfqmc-zeroT-sign-20260827/reproduction/projector_kitaev/zeroT_sign_L6_L12_L18_20260827/raw/control/L18/V2/seed_2126262901/measurements.csv,fb06dc95f6b73677bd0e278b0a5588171fc258693fc584c22d5811f13247efe4,b7c43d2bcb8e6b4952bb742f7368fbad24b96919,9eece40eeb4305429971d6451f7930befba461c7750ad9ee06cbd9384dae4ff2,153660[13].mgt,complete,,18,18,2,2126262901,8,0.1,1,0,1,1,500,4000,1,200,20,1,0,1443.336576855
146,LV,/home/sunxr/new-pfqmc-zeroT-sign-20260827/reproduction/projector_kitaev/zeroT_sign_L6_L12_L18_20260827/per_seed.csv,/home/sunxr/new-pfqmc-zeroT-sign-20260827/reproduction/projector_kitaev/zeroT_sign_L6_L12_L18_20260827,raw/control/L18/V4/seed_2126263100,/home/sunxr/new-pfqmc-zeroT-sign-20260827/reproduction/projector_kitaev/zeroT_sign_L6_L12_L18_20260827/raw/control/L18/V4/seed_2126263100/measurements.csv,417233d99df8b0d1655943a2000e0f86616955d5c186e37c75d8f9bf3e98c93c,b7c43d2bcb8e6b4952bb742f7368fbad24b96919,9eece40eeb4305429971d6451f7930befba461c7750ad9ee06cbd9384dae4ff2,153660[14].mgt,complete,,18,18,4,2126263100,8,0.1,1,0,1,1,500,4000,1,200,20,1,0,1398.624676239
147,LV,/home/sunxr/new-pfqmc-zeroT-sign-20260827/reproduction/projector_kitaev/zeroT_sign_L6_L12_L18_20260827/per_seed.csv,/home/sunxr/new-pfqmc-zeroT-sign-20260827/reproduction/projector_kitaev/zeroT_sign_L6_L12_L18_20260827,raw/control/L18/V4/seed_2126263101,/home/sunxr/new-pfqmc-zeroT-sign-20260827/reproduction/projector_kitaev/zeroT_sign_L6_L12_L18_20260827/raw/control/L18/V4/seed_2126263101/measurements.csv,361415ceee8e8a0a4375274fe2e96a652c1afbad63b774a97aae6f8fe8869761,b7c43d2bcb8e6b4952bb742f7368fbad24b96919,9eece40eeb4305429971d6451f7930befba461c7750ad9ee06cbd9384dae4ff2,153660[15].mgt,complete,,18,18,4,2126263101,8,0.1,1,0,1,1,500,4000,1,200,20,1,0,1375.607923512
148,LV,/home/sunxr/new-pfqmc-zeroT-sign-20260827/reproduction/projector_kitaev/zeroT_sign_L6_L12_L18_20260827/per_seed.csv,/home/sunxr/new-pfqmc-zeroT-sign-20260827/reproduction/projector_kitaev/zeroT_sign_L6_L12_L18_20260827,raw/control/L18/V6/seed_2126263300,/home/sunxr/new-pfqmc-zeroT-sign-20260827/reproduction/projector_kitaev/zeroT_sign_L6_L12_L18_20260827/raw/control/L18/V6/seed_2126263300/measurements.csv,30fee473226afb99a1c72f016b938dd94a983a7db0bd2b7229f3cf0f34ea6e9d,b7c43d2bcb8e6b4952bb742f7368fbad24b96919,9eece40eeb4305429971d6451f7930befba461c7750ad9ee06cbd9384dae4ff2,153660[16].mgt,complete,,18,18,6,2126263300,8,0.1,1,0,1,1,500,4000,1,200,20,1,0,1663.505516346
149,LV,/home/sunxr/new-pfqmc-zeroT-sign-20260827/reproduction/projector_kitaev/zeroT_sign_L6_L12_L18_20260827/per_seed.csv,/home/sunxr/new-pfqmc-zeroT-sign-20260827/reproduction/projector_kitaev/zeroT_sign_L6_L12_L18_20260827,raw/control/L18/V6/seed_2126263301,/home/sunxr/new-pfqmc-zeroT-sign-20260827/reproduction/projector_kitaev/zeroT_sign_L6_L12_L18_20260827/raw/control/L18/V6/seed_2126263301/measurements.csv,03bec03c44c8b218804e787aeca5e02c49f18c2c8217629190ef3de42fcacb8b,b7c43d2bcb8e6b4952bb742f7368fbad24b96919,9eece40eeb4305429971d6451f7930befba461c7750ad9ee06cbd9384dae4ff2,153660[17].mgt,complete,,18,18,6,2126263301,8,0.1,1,0,1,1,500,4000,1,200,20,1,0,1380.138500027
