L,R_cdw,R_cdw_err,S_pi,S_pi_dq,S_pi_dq_err,S_pi_dq_imag,S_pi_err,S_pi_imag,V,acceptance,adaptive_guard,adaptive_rebuild_count,average_phase_imag,average_phase_real,average_sign,average_sign_err,beta_trial,boundary,burn,campaign,center_boundary,center_green_max_imag,center_green_norm,center_green_norm_first,configurations,delta,diagnostic_R_cdw_abs_diff_max,diagnostic_S_pi_abs_diff_max,diagnostic_boundary,diagnostic_comparisons,diagnostic_relative_frobenius_max,diagnostic_sign_mismatch_count,diagnostic_stride,dt,even_parity,first_eigenvalues,full_rebuild_count,ground_energy,guard,guard_threshold,guard_trigger_fraction,hs_fields,hs_scheme,interaction_bonds,kinetic_boundary_A,max_center_green_direct_relative_error,max_observable_imag,max_raw_phase_norm_deviation,max_sign_imag,measurements,method,min_update_denominator,mode,mu,multiprecision_fallback,multiprecision_fallback_count,negative_signs,observable_convention,odd_parity,output_dir,physical_slices,post_accept_rebuild_count,pre_decision_rebuild_count,proposal_attempt_count,raw_sign_imag,raw_sign_real,result_path,runtime_seconds,seed,sign_corrections,sign_recompute_stride,sign_recomputes,sign_stride,stabilization_interval,task_id,theta,trial_slices
2,0.49880175638624924,,0.1665336347571185,0.08346636524288167,,6.560122186920133e-20,,-6.560122186920104e-20,2,,,,-2.0882649202714222e-18,1,,,0.2,0,0,tiny_enumeration,,,,,16,0.6,,,,,,,0,0.1,,,,,0,,,4,0,,,5.793483750312408e-16,,0,,0,complete_HS_exact_enumeration,,,0,,,,,,raw/tiny_enumeration/task_0000_s770001,,,,,,,/home/sunxr/PfQMC-main/reproduction/projector_kitaev/regression_stress/raw/tiny_enumeration/task_0000_s770001/result.json,,770001,,,,1,1,0,0.1,
2,0.4790260891070226,,0.1643683683260698,0.08563163167392997,,-6.138398662008093e-19,,6.138398662008111e-19,2,,,,9.734498246275723e-18,1,,,0.2,0,0,tiny_enumeration,,,,,16,0.6,,,,,,,0,0.1,,,,,0,,,4,0,,,1.2433398454005913e-15,,0,,0,complete_HS_exact_enumeration,,,0.7,,,,,,raw/tiny_enumeration/task_0001_s770002,,,,,,,/home/sunxr/PfQMC-main/reproduction/projector_kitaev/regression_stress/raw/tiny_enumeration/task_0001_s770002/result.json,,770002,,,,1,1,1,0.1,
2,0.49880175638624924,,0.1665336347571185,0.08346636524288167,,6.560122186920133e-20,,-6.560122186920104e-20,2,,,,-2.0882649202714222e-18,1,,,0.2,0,0,tiny_enumeration,,,,,16,1,,,,,,,0,0.1,,,,,0,,,4,0,,,5.793483750312408e-16,,0,,0,complete_HS_exact_enumeration,,,0,,,,,,raw/tiny_enumeration/task_0002_s770003,,,,,,,/home/sunxr/PfQMC-main/reproduction/projector_kitaev/regression_stress/raw/tiny_enumeration/task_0002_s770003/result.json,,770003,,,,1,1,2,0.1,
2,0.4790260891070226,,0.1643683683260698,0.08563163167392997,,-6.138398662008093e-19,,6.138398662008111e-19,2,,,,9.734498246275723e-18,1,,,0.2,0,0,tiny_enumeration,,,,,16,1,,,,,,,0,0.1,,,,,0,,,4,0,,,1.2433398454005913e-15,,0,,0,complete_HS_exact_enumeration,,,0.7,,,,,,raw/tiny_enumeration/task_0003_s770004,,,,,,,/home/sunxr/PfQMC-main/reproduction/projector_kitaev/regression_stress/raw/tiny_enumeration/task_0003_s770004/result.json,,770004,,,,1,1,3,0.1,
2,0.6640367702678489,,0.18713089884227047,0.06286910115772965,,-1.823236831679771e-19,,1.8232368316797653e-19,4,,,,-2.490022517556139e-18,1,,,0.2,0,0,tiny_enumeration,,,,,16,0.6,,,,,,,0,0.1,,,,,0,,,4,0,,,1.184059249538233e-15,,0,,0,complete_HS_exact_enumeration,,,0,,,,,,raw/tiny_enumeration/task_0004_s770005,,,,,,,/home/sunxr/PfQMC-main/reproduction/projector_kitaev/regression_stress/raw/tiny_enumeration/task_0004_s770005/result.json,,770005,,,,1,1,4,0.1,
2,0.6507807440668525,,0.18529234511042816,0.0647076548895717,,-5.762515180217969e-19,,5.762515180217991e-19,4,,,,6.604658693374866e-18,1,,,0.2,0,0,tiny_enumeration,,,,,16,0.6,,,,,,,0,0.1,,,,,0,,,4,0,,,1.7893267447568814e-15,,0,,0,complete_HS_exact_enumeration,,,0.7,,,,,,raw/tiny_enumeration/task_0005_s770006,,,,,,,/home/sunxr/PfQMC-main/reproduction/projector_kitaev/regression_stress/raw/tiny_enumeration/task_0005_s770006/result.json,,770006,,,,1,1,5,0.1,
2,0.6640367702678489,,0.18713089884227047,0.06286910115772965,,-1.823236831679771e-19,,1.8232368316797653e-19,4,,,,-2.490022517556139e-18,1,,,0.2,0,0,tiny_enumeration,,,,,16,1,,,,,,,0,0.1,,,,,0,,,4,0,,,1.184059249538233e-15,,0,,0,complete_HS_exact_enumeration,,,0,,,,,,raw/tiny_enumeration/task_0006_s770007,,,,,,,/home/sunxr/PfQMC-main/reproduction/projector_kitaev/regression_stress/raw/tiny_enumeration/task_0006_s770007/result.json,,770007,,,,1,1,6,0.1,
2,0.6507807440668525,,0.18529234511042816,0.0647076548895717,,-5.762515180217969e-19,,5.762515180217991e-19,4,,,,6.604658693374866e-18,1,,,0.2,0,0,tiny_enumeration,,,,,16,1,,,,,,,0,0.1,,,,,0,,,4,0,,,1.7893267447568814e-15,,0,,0,complete_HS_exact_enumeration,,,0.7,,,,,,raw/tiny_enumeration/task_0007_s770008,,,,,,,/home/sunxr/PfQMC-main/reproduction/projector_kitaev/regression_stress/raw/tiny_enumeration/task_0007_s770008/result.json,,770008,,,,1,1,7,0.1,
2,0.22075189452381216,,0.14050879089349466,0.10949120910650555,,1.4203113336148277e-19,,-1.4203113336148303e-19,2,,,,-2.919979429447231e-18,1,,,0.2,1,0,tiny_enumeration,,,,,4,0.6,,,,,,,0,0.1,,,,,0,,,2,0,,,6.183188984088482e-16,,0,,0,complete_HS_exact_enumeration,,,0,,,,,,raw/tiny_enumeration/task_0008_s770009,,,,,,,/home/sunxr/PfQMC-main/reproduction/projector_kitaev/regression_stress/raw/tiny_enumeration/task_0008_s770009/result.json,,770009,,,,1,1,8,0.1,
2,0.19058307017199394,,0.1381660555280444,0.11183394447195551,,-3.986549598338339e-20,,3.986549598338309e-20,2,,,,-1.2104752309322967e-17,1,,,0.2,1,0,tiny_enumeration,,,,,4,0.6,,,,,,,0,0.1,,,,,0,,,2,0,,,8.047743304150201e-16,,0,,0,complete_HS_exact_enumeration,,,0.7,,,,,,raw/tiny_enumeration/task_0009_s770010,,,,,,,/home/sunxr/PfQMC-main/reproduction/projector_kitaev/regression_stress/raw/tiny_enumeration/task_0009_s770010/result.json,,770010,,,,1,1,9,0.1,
2,0.1812692469220184,,0.13745849932811957,0.11254150067188057,,-3.508281641478231e-20,,3.508281641478218e-20,2,,,,-1.3918626855657742e-18,1,,,0.2,1,0,tiny_enumeration,,,,,4,1,,,,,,,0,0.1,,,,,0,,,2,0,,,3.9884584393840254e-16,,0,,0,complete_HS_exact_enumeration,,,0,,,,,,raw/tiny_enumeration/task_0010_s770011,,,,,,,/home/sunxr/PfQMC-main/reproduction/projector_kitaev/regression_stress/raw/tiny_enumeration/task_0010_s770011/result.json,,770011,,,,1,1,10,0.1,
2,0.15058621641376457,,0.13517796948350835,0.11482203051649151,,-5.594341383400518e-19,,5.594341383400552e-19,2,,,,2.163704686153661e-17,1,,,0.2,1,0,tiny_enumeration,,,,,4,1,,,,,,,0,0.1,,,,,0,,,2,0,,,6.611994666784246e-16,,0,,0,complete_HS_exact_enumeration,,,0.7,,,,,,raw/tiny_enumeration/task_0011_s770012,,,,,,,/home/sunxr/PfQMC-main/reproduction/projector_kitaev/regression_stress/raw/tiny_enumeration/task_0011_s770012/result.json,,770012,,,,1,1,11,0.1,
2,0.3620056117688899,,0.15262567551893644,0.09737432448106377,,-1.876024360621013e-19,,1.8760243606210112e-19,4,,,,-9.564797057229168e-20,1,,,0.2,1,0,tiny_enumeration,,,,,4,0.6,,,,,,,0,0.1,,,,,0,,,2,0,,,8.296516174511412e-16,,0,,0,complete_HS_exact_enumeration,,,0,,,,,,raw/tiny_enumeration/task_0012_s770013,,,,,,,/home/sunxr/PfQMC-main/reproduction/projector_kitaev/regression_stress/raw/tiny_enumeration/task_0012_s770013/result.json,,770013,,,,1,1,12,0.1,
2,0.33730546748784873,,0.1503583461132075,0.09964165388679229,,-2.385561200060853e-19,,2.3855612000608563e-19,4,,,,-1.4380325440846738e-18,1,,,0.2,1,0,tiny_enumeration,,,,,4,0.6,,,,,,,0,0.1,,,,,0,,,2,0,,,7.34909562929384e-16,,0,,0,complete_HS_exact_enumeration,,,0.7,,,,,,raw/tiny_enumeration/task_0013_s770014,,,,,,,/home/sunxr/PfQMC-main/reproduction/projector_kitaev/regression_stress/raw/tiny_enumeration/task_0013_s770014/result.json,,770014,,,,1,1,13,0.1,
2,0.32967995396436056,,0.1496719150281131,0.1003280849718871,,-1.48345453911756e-19,,1.4834545391175547e-19,4,,,,3.8616991615945054e-18,1,,,0.2,1,0,tiny_enumeration,,,,,4,1,,,,,,,0,0.1,,,,,0,,,2,0,,,6.285946772643059e-16,,0,,0,complete_HS_exact_enumeration,,,0,,,,,,raw/tiny_enumeration/task_0014_s770015,,,,,,,/home/sunxr/PfQMC-main/reproduction/projector_kitaev/regression_stress/raw/tiny_enumeration/task_0014_s770015/result.json,,770015,,,,1,1,14,0.1,
2,0.30455881328962364,,0.14745424492433665,0.10254575507566317,,-1.2021938186230649e-18,,1.2021938186230652e-18,4,,,,1.8239105504502584e-17,1,,,0.2,1,0,tiny_enumeration,,,,,4,1,,,,,,,0,0.1,,,,,0,,,2,0,,,5.335886312038563e-16,,0,,0,complete_HS_exact_enumeration,,,0.7,,,,,,raw/tiny_enumeration/task_0015_s770016,,,,,,,/home/sunxr/PfQMC-main/reproduction/projector_kitaev/regression_stress/raw/tiny_enumeration/task_0015_s770016/result.json,,770016,,,,1,1,15,0.1,
2,0.7518418344018902,,0.20029512836636487,0.04970487163363502,,-9.568868131160953e-20,,9.568868131160842e-20,2,,,,2.6375216560544383e-18,1,,,0.2,0,0,tiny_enumeration,,,,,256,0.6,,,,,,,0,0.1,,,,,0,,,8,0,,,7.16448113029636e-15,,0,,0,complete_HS_exact_enumeration,,,0,,,,,,raw/tiny_enumeration/task_0016_s770017,,,,,,,/home/sunxr/PfQMC-main/reproduction/projector_kitaev/regression_stress/raw/tiny_enumeration/task_0016_s770017/result.json,,770017,,,,1,1,16,0.2,
2,0.7296306393647285,,0.19679315933358363,0.05320684066641612,,-8.512192110637723e-19,,8.512192110637793e-19,2,,,,2.930079869240296e-17,1,,,0.2,0,0,tiny_enumeration,,,,,256,0.6,,,,,,,0,0.1,,,,,0,,,8,0,,,7.905595841125004e-15,,0,,0,complete_HS_exact_enumeration,,,0.7,,,,,,raw/tiny_enumeration/task_0017_s770018,,,,,,,/home/sunxr/PfQMC-main/reproduction/projector_kitaev/regression_stress/raw/tiny_enumeration/task_0017_s770018/result.json,,770018,,,,1,1,17,0.2,
2,0.7518418344018902,,0.20029512836636487,0.04970487163363502,,-9.568868131160953e-20,,9.568868131160842e-20,2,,,,2.6375216560544383e-18,1,,,0.2,0,0,tiny_enumeration,,,,,256,1,,,,,,,0,0.1,,,,,0,,,8,0,,,7.16448113029636e-15,,0,,0,complete_HS_exact_enumeration,,,0,,,,,,raw/tiny_enumeration/task_0018_s770019,,,,,,,/home/sunxr/PfQMC-main/reproduction/projector_kitaev/regression_stress/raw/tiny_enumeration/task_0018_s770019/result.json,,770019,,,,1,1,18,0.2,
2,0.7296306393647285,,0.19679315933358363,0.05320684066641612,,-8.512192110637723e-19,,8.512192110637793e-19,2,,,,2.930079869240296e-17,1,,,0.2,0,0,tiny_enumeration,,,,,256,1,,,,,,,0,0.1,,,,,0,,,8,0,,,7.905595841125004e-15,,0,,0,complete_HS_exact_enumeration,,,0.7,,,,,,raw/tiny_enumeration/task_0019_s770020,,,,,,,/home/sunxr/PfQMC-main/reproduction/projector_kitaev/regression_stress/raw/tiny_enumeration/task_0019_s770020/result.json,,770020,,,,1,1,19,0.2,
2,0.8884953485145707,,0.2249203362899981,0.025079663710001792,,-4.3007465073941338e-19,,4.3007465073941227e-19,4,,,,3.497565926164664e-18,1,,,0.2,0,0,tiny_enumeration,,,,,256,0.6,,,,,,,0,0.1,,,,,0,,,8,0,,,5.685226977583771e-14,,0,,0,complete_HS_exact_enumeration,,,0,,,,,,raw/tiny_enumeration/task_0020_s770021,,,,,,,/home/sunxr/PfQMC-main/reproduction/projector_kitaev/regression_stress/raw/tiny_enumeration/task_0020_s770021/result.json,,770021,,,,1,1,20,0.2,
2,0.8785152152567175,,0.22291876216334602,0.027081237836653088,,-8.184124065570147e-19,,8.184124065570345e-19,4,,,,2.4550357664782335e-17,1,,,0.2,0,0,tiny_enumeration,,,,,256,0.6,,,,,,,0,0.1,,,,,0,,,8,0,,,2.5733143675349037e-14,,0,,0,complete_HS_exact_enumeration,,,0.7,,,,,,raw/tiny_enumeration/task_0021_s770022,,,,,,,/home/sunxr/PfQMC-main/reproduction/projector_kitaev/regression_stress/raw/tiny_enumeration/task_0021_s770022/result.json,,770022,,,,1,1,21,0.2,
2,0.8884953485145707,,0.2249203362899981,0.025079663710001792,,-4.3007465073941338e-19,,4.3007465073941227e-19,4,,,,3.497565926164664e-18,1,,,0.2,0,0,tiny_enumeration,,,,,256,1,,,,,,,0,0.1,,,,,0,,,8,0,,,5.685226977583771e-14,,0,,0,complete_HS_exact_enumeration,,,0,,,,,,raw/tiny_enumeration/task_0022_s770023,,,,,,,/home/sunxr/PfQMC-main/reproduction/projector_kitaev/regression_stress/raw/tiny_enumeration/task_0022_s770023/result.json,,770023,,,,1,1,22,0.2,
2,0.8785152152567175,,0.22291876216334602,0.027081237836653088,,-8.184124065570147e-19,,8.184124065570345e-19,4,,,,2.4550357664782335e-17,1,,,0.2,0,0,tiny_enumeration,,,,,256,1,,,,,,,0,0.1,,,,,0,,,8,0,,,2.5733143675349037e-14,,0,,0,complete_HS_exact_enumeration,,,0.7,,,,,,raw/tiny_enumeration/task_0023_s770024,,,,,,,/home/sunxr/PfQMC-main/reproduction/projector_kitaev/regression_stress/raw/tiny_enumeration/task_0023_s770024/result.json,,770024,,,,1,1,23,0.2,
2,0.39751253593072255,,0.15600746065442705,0.09399253934557333,,4.402661270898116e-19,,-4.402661270898095e-19,2,,,,-2.5912788467136927e-18,1,,,0.2,1,0,tiny_enumeration,,,,,16,0.6,,,,,,,0,0.1,,,,,0,,,4,0,,,2.0051093447274652e-15,,0,,0,complete_HS_exact_enumeration,,,0,,,,,,raw/tiny_enumeration/task_0024_s770025,,,,,,,/home/sunxr/PfQMC-main/reproduction/projector_kitaev/regression_stress/raw/tiny_enumeration/task_0024_s770025/result.json,,770025,,,,1,1,24,0.2,
2,0.34580865245823267,,0.1511312463165253,0.09886875368347445,,-1.0616192545350091e-19,,1.0616192545349839e-19,2,,,,-2.887934330801561e-17,1,,,0.2,1,0,tiny_enumeration,,,,,16,0.6,,,,,,,0,0.1,,,,,0,,,4,0,,,1.3953874892174642e-15,,0,,0,complete_HS_exact_enumeration,,,0.7,,,,,,raw/tiny_enumeration/task_0025_s770026,,,,,,,/home/sunxr/PfQMC-main/reproduction/projector_kitaev/regression_stress/raw/tiny_enumeration/task_0025_s770026/result.json,,770026,,,,1,1,25,0.2,
2,0.32967995396436056,,0.14967191502811306,0.10032808497188705,,-5.260309512701881e-20,,5.260309512701849e-20,2,,,,-4.213773055338562e-18,1,,,0.2,1,0,tiny_enumeration,,,,,16,1,,,,,,,0,0.1,,,,,0,,,4,0,,,7.255736475336727e-16,,0,,0,complete_HS_exact_enumeration,,,0,,,,,,raw/tiny_enumeration/task_0026_s770027,,,,,,,/home/sunxr/PfQMC-main/reproduction/projector_kitaev/regression_stress/raw/tiny_enumeration/task_0026_s770027/result.json,,770027,,,,1,1,26,0.2,
2,0.27599637768807705,,0.1450112962435339,0.10498870375646589,,-2.3238319308931343e-18,,2.323831930893136e-18,2,,,,5.322393091444636e-17,1,,,0.2,1,0,tiny_enumeration,,,,,16,1,,,,,,,0,0.1,,,,,0,,,4,0,,,2.994718600308851e-15,,0,,0,complete_HS_exact_enumeration,,,0.7,,,,,,raw/tiny_enumeration/task_0027_s770028,,,,,,,/home/sunxr/PfQMC-main/reproduction/projector_kitaev/regression_stress/raw/tiny_enumeration/task_0027_s770028/result.json,,770028,,,,1,1,27,0.2,
2,0.5961405753491864,,0.17808050835444833,0.07191949164555192,,-3.665021613090559e-19,,3.6650216130905405e-19,4,,,,-1.2004086347341438e-18,1,,,0.2,1,0,tiny_enumeration,,,,,16,0.6,,,,,,,0,0.1,,,,,0,,,4,0,,,1.9333487269893502e-15,,0,,0,complete_HS_exact_enumeration,,,0,,,,,,raw/tiny_enumeration/task_0028_s770029,,,,,,,/home/sunxr/PfQMC-main/reproduction/projector_kitaev/regression_stress/raw/tiny_enumeration/task_0028_s770029/result.json,,770029,,,,1,1,28,0.2,
2,0.5614824257996858,,0.17379002139683786,0.07620997860316205,,-1.1248408789789885e-18,,1.1248408789789912e-18,4,,,,9.190563730014317e-18,1,,,0.2,1,0,tiny_enumeration,,,,,16,0.6,,,,,,,0,0.1,,,,,0,,,4,0,,,2.55692803453625e-15,,0,,0,complete_HS_exact_enumeration,,,0.7,,,,,,raw/tiny_enumeration/task_0029_s770030,,,,,,,/home/sunxr/PfQMC-main/reproduction/projector_kitaev/regression_stress/raw/tiny_enumeration/task_0029_s770030/result.json,,770030,,,,1,1,29,0.2,
2,0.550671035882778,,0.1724936202819032,0.07750637971809701,,-2.1974272681642007e-19,,2.1974272681641877e-19,4,,,,9.032011211431666e-18,1,,,0.2,1,0,tiny_enumeration,,,,,16,1,,,,,,,0,0.1,,,,,0,,,4,0,,,2.7867188206471825e-15,,0,,0,complete_HS_exact_enumeration,,,0,,,,,,raw/tiny_enumeration/task_0030_s770031,,,,,,,/home/sunxr/PfQMC-main/reproduction/projector_kitaev/regression_stress/raw/tiny_enumeration/task_0030_s770031/result.json,,770031,,,,1,1,30,0.2,
2,0.5146858585619023,,0.16831456257323923,0.08168543742676057,,-3.4767248905038294e-18,,3.476724890503831e-18,4,,,,4.564469268097515e-17,1,,,0.2,1,0,tiny_enumeration,,,,,16,1,,,,,,,0,0.1,,,,,0,,,4,0,,,2.678102472288197e-15,,0,,0,complete_HS_exact_enumeration,,,0.7,,,,,,raw/tiny_enumeration/task_0031_s770032,,,,,,,/home/sunxr/PfQMC-main/reproduction/projector_kitaev/regression_stress/raw/tiny_enumeration/task_0031_s770032/result.json,,770032,,,,1,1,31,0.2,
4,0.22323962628531369,,0.07863058710251801,0.06107712422315709,,3.106593926987638e-21,,2.2294000284035144e-20,2,,,,1.582365428812773e-18,1,,,0.2,0,0,tiny_enumeration,,,,,256,0.6,,,,,,,0,0.1,,,,,0,,,8,0,,,7.088586298652035e-16,,0,,0,complete_HS_exact_enumeration,,,0,,,,,,raw/tiny_enumeration/task_0032_s770033,,,,,,,/home/sunxr/PfQMC-main/reproduction/projector_kitaev/regression_stress/raw/tiny_enumeration/task_0032_s770033/result.json,,770033,,,,1,1,32,0.1,
4,0.21959202862744598,,0.07746186732964783,0.060451858741460376,,-8.914555441911122e-21,,6.102781191033192e-20,2,,,,-3.6772154011951665e-17,1,,,0.2,0,0,tiny_enumeration,,,,,256,0.6,,,,,,,0,0.1,,,,,0,,,8,0,,,9.635337629372228e-16,,0,,0,complete_HS_exact_enumeration,,,0.7,,,,,,raw/tiny_enumeration/task_0033_s770034,,,,,,,/home/sunxr/PfQMC-main/reproduction/projector_kitaev/regression_stress/raw/tiny_enumeration/task_0033_s770034/result.json,,770034,,,,1,1,33,0.1,
4,0.18325500748976176,,0.07520212670962688,0.06142096041620819,,8.870971989362831e-21,,-1.5504517465470198e-19,2,,,,-3.043575039097237e-18,1,,,0.2,0,0,tiny_enumeration,,,,,256,1,,,,,,,0,0.1,,,,,0,,,8,0,,,7.988292781327304e-16,,0,,0,complete_HS_exact_enumeration,,,0,,,,,,raw/tiny_enumeration/task_0034_s770035,,,,,,,/home/sunxr/PfQMC-main/reproduction/projector_kitaev/regression_stress/raw/tiny_enumeration/task_0034_s770035/result.json,,770035,,,,1,1,34,0.1,
4,0.1794822700018215,,0.07410237221925742,0.060802310240825184,,-1.2836160719037791e-21,,8.585635173722371e-20,2,,,,8.063908980309586e-18,1,,,0.2,0,0,tiny_enumeration,,,,,256,1,,,,,,,0,0.1,,,,,0,,,8,0,,,9.053441761438535e-16,,0,,0,complete_HS_exact_enumeration,,,0.7,,,,,,raw/tiny_enumeration/task_0035_s770036,,,,,,,/home/sunxr/PfQMC-main/reproduction/projector_kitaev/regression_stress/raw/tiny_enumeration/task_0035_s770036/result.json,,770036,,,,1,1,35,0.1,
4,0.39123862957272026,,0.09449969656786139,0.0575277647876134,,-1.6442773302480502e-20,,-3.2823364292675594e-20,4,,,,-5.464371326194214e-18,1,,,0.2,0,0,tiny_enumeration,,,,,256,0.6,,,,,,,0,0.1,,,,,0,,,8,0,,,1.1108965592681546e-15,,0,,0,complete_HS_exact_enumeration,,,0,,,,,,raw/tiny_enumeration/task_0036_s770037,,,,,,,/home/sunxr/PfQMC-main/reproduction/projector_kitaev/regression_stress/raw/tiny_enumeration/task_0036_s770037/result.json,,770037,,,,1,1,36,0.1,
4,0.3865308653106463,,0.09328622302682739,0.05722821851870586,,-4.653784650515335e-20,,6.691815009437455e-20,4,,,,-4.9059033189985854e-17,1,,,0.2,0,0,tiny_enumeration,,,,,256,0.6,,,,,,,0,0.1,,,,,0,,,8,0,,,1.2465989309165195e-15,,0,,0,complete_HS_exact_enumeration,,,0.7,,,,,,raw/tiny_enumeration/task_0037_s770038,,,,,,,/home/sunxr/PfQMC-main/reproduction/projector_kitaev/regression_stress/raw/tiny_enumeration/task_0037_s770038/result.json,,770038,,,,1,1,37,0.1,
4,0.35569190474587353,,0.0904180539273494,0.05825708410251538,,1.779661372115117e-20,,-1.5535019760300937e-19,4,,,,-9.913648332709794e-18,1,,,0.2,0,0,tiny_enumeration,,,,,256,1,,,,,,,0,0.1,,,,,0,,,8,0,,,1.4155001798637306e-15,,0,,0,complete_HS_exact_enumeration,,,0,,,,,,raw/tiny_enumeration/task_0038_s770039,,,,,,,/home/sunxr/PfQMC-main/reproduction/projector_kitaev/regression_stress/raw/tiny_enumeration/task_0038_s770039/result.json,,770039,,,,1,1,38,0.1,
4,0.35087621027704474,,0.08927109307384404,0.0579479902488043,,-2.2944179038098536e-20,,2.8655496950200747e-19,4,,,,2.2072308387527234e-17,1,,,0.2,0,0,tiny_enumeration,,,,,256,1,,,,,,,0,0.1,,,,,0,,,8,0,,,1.305218277061569e-15,,0,,0,complete_HS_exact_enumeration,,,0.7,,,,,,raw/tiny_enumeration/task_0039_s770040,,,,,,,/home/sunxr/PfQMC-main/reproduction/projector_kitaev/regression_stress/raw/tiny_enumeration/task_0039_s770040/result.json,,770040,,,,1,1,39,0.1,
4,0.1709436924941734,,0.07450102136169376,0.061765541675538535,,-1.0802352026062937e-22,,-1.7158612082880944e-19,2,,,,-2.271437859609422e-17,1,,,0.2,1,0,tiny_enumeration,,,,,64,0.6,,,,,,,0,0.1,,,,,0,,,6,0,,,7.209520924231046e-16,,0,,0,complete_HS_exact_enumeration,,,0,,,,,,raw/tiny_enumeration/task_0040_s770041,,,,,,,/home/sunxr/PfQMC-main/reproduction/projector_kitaev/regression_stress/raw/tiny_enumeration/task_0040_s770041/result.json,,770041,,,,1,1,40,0.1,
4,0.1679249509159625,,0.0733280812222284,0.06101446678222399,,1.4136801690166846e-21,,-3.871116714982031e-19,2,,,,-4.77026613090716e-17,1,,,0.2,1,0,tiny_enumeration,,,,,64,0.6,,,,,,,0,0.1,,,,,0,,,6,0,,,7.731472594652569e-16,,0,,0,complete_HS_exact_enumeration,,,0.7,,,,,,raw/tiny_enumeration/task_0041_s770042,,,,,,,/home/sunxr/PfQMC-main/reproduction/projector_kitaev/regression_stress/raw/tiny_enumeration/task_0041_s770042/result.json,,770042,,,,1,1,41,0.1,
4,0.1400754709889378,,0.07202769936120038,0.06193838544893062,,-1.539705717710891e-22,,-3.5266385641138675e-20,2,,,,-5.324381205868555e-18,1,,,0.2,1,0,tiny_enumeration,,,,,64,1,,,,,,,0,0.1,,,,,0,,,6,0,,,6.296924777230224e-16,,0,,0,complete_HS_exact_enumeration,,,0,,,,,,raw/tiny_enumeration/task_0042_s770043,,,,,,,/home/sunxr/PfQMC-main/reproduction/projector_kitaev/regression_stress/raw/tiny_enumeration/task_0042_s770043/result.json,,770043,,,,1,1,42,0.1,
4,0.13693303920215327,,0.07090364408671536,0.06119459261141364,,-1.7095046851120437e-21,,-1.5730915049625974e-19,2,,,,-3.372331466291891e-17,1,,,0.2,1,0,tiny_enumeration,,,,,64,1,,,,,,,0,0.1,,,,,0,,,6,0,,,1.0633406461335025e-15,,0,,0,complete_HS_exact_enumeration,,,0.7,,,,,,raw/tiny_enumeration/task_0043_s770044,,,,,,,/home/sunxr/PfQMC-main/reproduction/projector_kitaev/regression_stress/raw/tiny_enumeration/task_0043_s770044/result.json,,770044,,,,1,1,43,0.1,
4,0.2976087679449083,,0.08533435138278607,0.059938100204377225,,-1.1997363992599234e-20,,-2.5409478114323237e-19,4,,,,-2.4410719034181156e-17,1,,,0.2,1,0,tiny_enumeration,,,,,64,0.6,,,,,,,0,0.1,,,,,0,,,6,0,,,1.0183493999504994e-15,,0,,0,complete_HS_exact_enumeration,,,0,,,,,,raw/tiny_enumeration/task_0044_s770045,,,,,,,/home/sunxr/PfQMC-main/reproduction/projector_kitaev/regression_stress/raw/tiny_enumeration/task_0044_s770045/result.json,,770045,,,,1,1,44,0.1,
4,0.2934155973601451,,0.08415139975505789,0.05946006652723521,,1.9109052266326896e-20,,-6.646743672969669e-19,4,,,,-7.446094828520386e-17,1,,,0.2,1,0,tiny_enumeration,,,,,64,0.6,,,,,,,0,0.1,,,,,0,,,6,0,,,1.0767819726630964e-15,,0,,0,complete_HS_exact_enumeration,,,0.7,,,,,,raw/tiny_enumeration/task_0045_s770046,,,,,,,/home/sunxr/PfQMC-main/reproduction/projector_kitaev/regression_stress/raw/tiny_enumeration/task_0045_s770046/result.json,,770046,,,,1,1,45,0.1,
4,0.27039715841431433,,0.08263938923376113,0.06029393321185764,,1.3110761549533315e-20,,-1.5632097403047885e-20,4,,,,-3.191550329012271e-18,1,,,0.2,1,0,tiny_enumeration,,,,,64,1,,,,,,,0,0.1,,,,,0,,,6,0,,,6.206934888855412e-16,,0,,0,complete_HS_exact_enumeration,,,0,,,,,,raw/tiny_enumeration/task_0046_s770047,,,,,,,/home/sunxr/PfQMC-main/reproduction/projector_kitaev/regression_stress/raw/tiny_enumeration/task_0046_s770047/result.json,,770047,,,,1,1,46,0.1,
4,0.26611350557624214,,0.08150076520567583,0.05981231086964721,,2.1282748912848253e-20,,-3.2747761702176456e-19,4,,,,-3.439958055741224e-17,1,,,0.2,1,0,tiny_enumeration,,,,,64,1,,,,,,,0,0.1,,,,,0,,,6,0,,,1.1618012039197085e-15,,0,,0,complete_HS_exact_enumeration,,,0.7,,,,,,raw/tiny_enumeration/task_0047_s770048,,,,,,,/home/sunxr/PfQMC-main/reproduction/projector_kitaev/regression_stress/raw/tiny_enumeration/task_0047_s770048/result.json,,770048,,,,1,1,47,0.1,
4,0.377063318086828,,0.09203215026204495,0.05733020231357274,,-2.4491908304403457e-20,,1.6309954662006112e-19,2,,,,-1.0446588776121846e-16,1,,,0.2,0,0,tiny_enumeration,,,,,65536,0.6,,,,,,,0,0.1,,,,,0,,,16,0,,,8.430570051682628e-15,,0,,0,complete_HS_exact_enumeration,,,0.7,,,,,,raw/tiny_enumeration/task_0048_s770049,,,,,,,/home/sunxr/PfQMC-main/reproduction/projector_kitaev/regression_stress/raw/tiny_enumeration/task_0048_s770049/result.json,,770049,,,,1,1,48,0.2,
4,0.3067350736490708,,0.08441376399150635,0.058521101876576366,,2.5760904038185145e-23,,3.565584253037498e-19,2,,,,6.14010979763078e-17,1,,,0.2,0,0,tiny_enumeration,,,,,65536,1,,,,,,,0,0.1,,,,,0,,,16,0,,,6.195526800065215e-15,,0,,0,complete_HS_exact_enumeration,,,0.7,,,,,,raw/tiny_enumeration/task_0049_s770050,,,,,,,/home/sunxr/PfQMC-main/reproduction/projector_kitaev/regression_stress/raw/tiny_enumeration/task_0049_s770050/result.json,,770050,,,,1,1,49,0.2,
4,0.624976093285361,,0.1263963466003212,0.04740165169651003,,7.738666263561839e-17,,-1.4892495440497677e-16,4,,,,-1.2010739158840567e-16,0.9998760865098932,,,0.2,0,0,tiny_enumeration,,,,,65536,0.6,,,,,,,0,0.1,,,,,0,,,16,0,,,3.733522769160853e-14,,0,,0,complete_HS_exact_enumeration,,,0.7,,,,,,raw/tiny_enumeration/task_0050_s770051,,,,,,,/home/sunxr/PfQMC-main/reproduction/projector_kitaev/regression_stress/raw/tiny_enumeration/task_0050_s770051/result.json,,770051,,,,1,1,50,0.2,
4,0.5742656881505552,,0.11686371354593421,0.04975289266664894,,-4.4291365985568125e-17,,3.801024731536207e-17,4,,,,1.2652820175345543e-16,0.9997080639794577,,,0.2,0,0,tiny_enumeration,,,,,65536,1,,,,,,,0,0.1,,,,,0,,,16,0,,,2.909167234632952e-14,,0,,0,complete_HS_exact_enumeration,,,0.7,,,,,,raw/tiny_enumeration/task_0051_s770052,,,,,,,/home/sunxr/PfQMC-main/reproduction/projector_kitaev/regression_stress/raw/tiny_enumeration/task_0051_s770052/result.json,,770052,,,,1,1,51,0.2,
4,0.29692210009053355,,0.08405221918387563,0.05909525774652945,,-4.954994182536139e-21,,-1.1827510583089893e-18,2,,,,-1.4323415943785092e-16,1,,,0.2,1,0,tiny_enumeration,,,,,4096,0.6,,,,,,,0,0.1,,,,,0,,,12,0,,,2.1710730406818565e-15,,0,,0,complete_HS_exact_enumeration,,,0.7,,,,,,raw/tiny_enumeration/task_0052_s770053,,,,,,,/home/sunxr/PfQMC-main/reproduction/projector_kitaev/regression_stress/raw/tiny_enumeration/task_0052_s770053/result.json,,770053,,,,1,1,52,0.2,
4,0.2428788839385677,,0.07883413704210378,0.059686989821057516,,1.162279881996144e-20,,-4.2813758385670795e-19,2,,,,-5.560098740001659e-17,1,,,0.2,1,0,tiny_enumeration,,,,,4096,1,,,,,,,0,0.1,,,,,0,,,12,0,,,3.021953067511792e-15,,0,,0,complete_HS_exact_enumeration,,,0.7,,,,,,raw/tiny_enumeration/task_0053_s770054,,,,,,,/home/sunxr/PfQMC-main/reproduction/projector_kitaev/regression_stress/raw/tiny_enumeration/task_0053_s770054/result.json,,770054,,,,1,1,53,0.2,
4,0.49149445383696966,,0.10636388944044618,0.05408662769193826,,4.2750048687512177e-20,,-1.0646226980098092e-18,4,,,,-2.294773793799253e-16,1,,,0.2,1,0,tiny_enumeration,,,,,4096,0.6,,,,,,,0,0.1,,,,,0,,,12,0,,,1.1603697826395233e-14,,0,,0,complete_HS_exact_enumeration,,,0.7,,,,,,raw/tiny_enumeration/task_0054_s770055,,,,,,,/home/sunxr/PfQMC-main/reproduction/projector_kitaev/regression_stress/raw/tiny_enumeration/task_0054_s770055/result.json,,770055,,,,1,1,54,0.2,
4,0.45177786245935725,,0.10070055213071655,0.05520627194062435,,-2.176265964455878e-20,,-7.383459374650005e-19,4,,,,-6.35535913351844e-17,1,,,0.2,1,0,tiny_enumeration,,,,,4096,1,,,,,,,0,0.1,,,,,0,,,12,0,,,1.5537520993737105e-14,,0,,0,complete_HS_exact_enumeration,,,0.7,,,,,,raw/tiny_enumeration/task_0055_s770056,,,,,,,/home/sunxr/PfQMC-main/reproduction/projector_kitaev/regression_stress/raw/tiny_enumeration/task_0055_s770056/result.json,,770056,,,,1,1,55,0.2,
2,0.4988017563862497,,0.16653363475711846,0.08346636524288158,,,,,2.0,,,,,,,,0.2,PBC,0,tiny_ed,,,,,,0.6,,,,,,,0,0.1,"[9.37349864163661e-34, 0.25, -2.667093788113571e+32]","[-3.0, 1.0, 1.0, 1.0]",,-3.0,0,,,,0,"[0, 1]","[0.0, 0.0, -2.0, -2.0]",,,,,0,static_projector_same_contour_exact_general,,,0.0,,,,,"[0.25, 3.749399456654644e-33, 1.0]",raw/tiny_ed/task_0000_s770001,,,,,,,/home/sunxr/PfQMC-main/reproduction/projector_kitaev/regression_stress/raw/tiny_ed/task_0000_s770001/result.json,,770001,,,,1,1,0,0.1,
2,0.4790260891070234,,0.16436836832607005,0.08563163167392998,,,,,2.0,,,,,,,,0.2,PBC,0,tiny_ed,,,,,,0.6,,,,,,,0,0.1,"[9.37349864163661e-34, 0.25, -2.667093788113571e+32]","[-3.0, 0.30000000000000004, 1.0, 1.7]",,-3.0,0,,,,0,"[0, 1]","[0.0, 0.0, -2.0, -2.0]",,,,,0,static_projector_same_contour_exact_general,,,0.7,,,,,"[0.25, 3.749399456654644e-33, 1.0]",raw/tiny_ed/task_0001_s770002,,,,,,,/home/sunxr/PfQMC-main/reproduction/projector_kitaev/regression_stress/raw/tiny_ed/task_0001_s770002/result.json,,770002,,,,1,1,1,0.1,
2,0.4988017563862497,,0.16653363475711846,0.08346636524288158,,,,,2.0,,,,,,,,0.2,PBC,0,tiny_ed,,,,,,1.0,,,,,,,0,0.1,"[9.37349864163661e-34, 0.25, -2.667093788113571e+32]","[-3.0, 1.0, 1.0, 1.0]",,-3.0,0,,,,0,"[0, 1]","[0.0, 0.0, -2.0, -2.0]",,,,,0,static_projector_same_contour_exact_general,,,0.0,,,,,"[0.25, 3.749399456654644e-33, 1.0]",raw/tiny_ed/task_0002_s770003,,,,,,,/home/sunxr/PfQMC-main/reproduction/projector_kitaev/regression_stress/raw/tiny_ed/task_0002_s770003/result.json,,770003,,,,1,1,2,0.1,
2,0.4790260891070234,,0.16436836832607005,0.08563163167392998,,,,,2.0,,,,,,,,0.2,PBC,0,tiny_ed,,,,,,1.0,,,,,,,0,0.1,"[9.37349864163661e-34, 0.25, -2.667093788113571e+32]","[-3.0, 0.30000000000000004, 1.0, 1.7]",,-3.0,0,,,,0,"[0, 1]","[0.0, 0.0, -2.0, -2.0]",,,,,0,static_projector_same_contour_exact_general,,,0.7,,,,,"[0.25, 3.749399456654644e-33, 1.0]",raw/tiny_ed/task_0003_s770004,,,,,,,/home/sunxr/PfQMC-main/reproduction/projector_kitaev/regression_stress/raw/tiny_ed/task_0003_s770004/result.json,,770004,,,,1,1,3,0.1,
2,0.6640367702678496,,0.1871308988422705,0.06286910115772952,,,,,4.0,,,,,,,,0.2,PBC,0,tiny_ed,,,,,,0.6,,,,,,,0,0.1,"[9.37349864163661e-34, 0.25, -2.667093788113571e+32]","[-4.0, 0.0, 2.0, 2.0]",,-4.0,0,,,,0,"[0, 1]","[0.0, 0.0, -2.0, -2.0]",,,,,0,static_projector_same_contour_exact_general,,,0.0,,,,,"[0.25, 3.749399456654645e-33, 1.0]",raw/tiny_ed/task_0004_s770005,,,,,,,/home/sunxr/PfQMC-main/reproduction/projector_kitaev/regression_stress/raw/tiny_ed/task_0004_s770005/result.json,,770005,,,,1,1,4,0.1,
2,0.6507807440668532,,0.18529234511042836,0.06470765488957164,,,,,4.0,,,,,,,,0.2,PBC,0,tiny_ed,,,,,,0.6,,,,,,,0,0.1,"[9.373498641636608e-34, 0.25, -2.6670937881135717e+32]","[-4.0, 0.0, 1.3, 2.7]",,-4.0,0,,,,0,"[0, 1]","[0.0, 0.0, -2.0, -2.0]",,,,,0,static_projector_same_contour_exact_general,,,0.7,,,,,"[0.25, 3.749399456654644e-33, 1.0]",raw/tiny_ed/task_0005_s770006,,,,,,,/home/sunxr/PfQMC-main/reproduction/projector_kitaev/regression_stress/raw/tiny_ed/task_0005_s770006/result.json,,770006,,,,1,1,5,0.1,
2,0.6640367702678496,,0.1871308988422705,0.06286910115772952,,,,,4.0,,,,,,,,0.2,PBC,0,tiny_ed,,,,,,1.0,,,,,,,0,0.1,"[9.37349864163661e-34, 0.25, -2.667093788113571e+32]","[-4.0, 0.0, 2.0, 2.0]",,-4.0,0,,,,0,"[0, 1]","[0.0, 0.0, -2.0, -2.0]",,,,,0,static_projector_same_contour_exact_general,,,0.0,,,,,"[0.25, 3.749399456654645e-33, 1.0]",raw/tiny_ed/task_0006_s770007,,,,,,,/home/sunxr/PfQMC-main/reproduction/projector_kitaev/regression_stress/raw/tiny_ed/task_0006_s770007/result.json,,770007,,,,1,1,6,0.1,
2,0.6507807440668532,,0.18529234511042836,0.06470765488957164,,,,,4.0,,,,,,,,0.2,PBC,0,tiny_ed,,,,,,1.0,,,,,,,0,0.1,"[9.373498641636608e-34, 0.25, -2.6670937881135717e+32]","[-4.0, 0.0, 1.3, 2.7]",,-4.0,0,,,,0,"[0, 1]","[0.0, 0.0, -2.0, -2.0]",,,,,0,static_projector_same_contour_exact_general,,,0.7,,,,,"[0.25, 3.749399456654644e-33, 1.0]",raw/tiny_ed/task_0007_s770008,,,,,,,/home/sunxr/PfQMC-main/reproduction/projector_kitaev/regression_stress/raw/tiny_ed/task_0007_s770008/result.json,,770008,,,,1,1,7,0.1,
2,0.2207518945238125,,0.14050879089349458,0.10949120910650544,,,,,2.0,,,,,,,,0.2,OBC,0,tiny_ed,,,,,,0.6,,,,,,,0,0.1,"[9.37349864163661e-34, 0.25, -2.667093788113571e+32]","[-1.5, -0.10000000000000012, 0.5, 1.1]",,-1.5,0,,,,0,[0],"[0.0, 0.0, -1.6, -0.4]",,,,,0,static_projector_same_contour_exact_general,,,0.0,,,,,"[0.24999999999999997, 3.749399456654644e-33, 1.0]",raw/tiny_ed/task_0008_s770009,,,,,,,/home/sunxr/PfQMC-main/reproduction/projector_kitaev/regression_stress/raw/tiny_ed/task_0008_s770009/result.json,,770009,,,,1,1,8,0.1,
2,0.19058307017199427,,0.13816605552804448,0.11183394447195552,,,,,2.0,,,,,,,,0.2,OBC,0,tiny_ed,,,,,,0.6,,,,,,,0,0.1,"[9.37349864163661e-34, 0.25, -2.667093788113571e+32]","[-1.5, -0.42195444572928875, 0.5, 1.4219544457292888]",,-1.5,0,,,,0,[0],"[0.0, 0.0, -1.6, -0.4]",,,,,0,static_projector_same_contour_exact_general,,,0.7,,,,,"[0.25, 3.749399456654644e-33, 1.0]",raw/tiny_ed/task_0009_s770010,,,,,,,/home/sunxr/PfQMC-main/reproduction/projector_kitaev/regression_stress/raw/tiny_ed/task_0009_s770010/result.json,,770010,,,,1,1,9,0.1,
2,0.1812692469220183,,0.1374584993281195,0.11254150067188051,,,,,2.0,,,,,,,,0.2,OBC,0,tiny_ed,,,,,,1.0,,,,,,,0,0.1,"[9.37349864163661e-34, 0.25, -2.667093788113571e+32]","[-1.5, -0.5, 0.5, 1.5]",,-1.5,0,,,,0,[0],"[0.0, 0.0, -2.0, 0.0]",,,,,0,static_projector_same_contour_exact_general,,,0.0,,,,,"[0.25, 3.749399456654644e-33, 1.0]",raw/tiny_ed/task_0010_s770011,,,,,,,/home/sunxr/PfQMC-main/reproduction/projector_kitaev/regression_stress/raw/tiny_ed/task_0010_s770011/result.json,,770011,,,,1,1,10,0.1,
2,0.15058621641376402,,0.1351779694835084,0.11482203051649162,,,,,2.0,,,,,,,,0.2,OBC,0,tiny_ed,,,,,,1.0,,,,,,,0,0.1,"[9.37349864163661e-34, 0.25, -2.667093788113571e+32]","[-1.5, -0.7206555615733703, 0.5, 1.7206555615733703]",,-1.5,0,,,,0,[0],"[0.0, 0.0, -2.0, 0.0]",,,,,0,static_projector_same_contour_exact_general,,,0.7,,,,,"[0.25, 3.749399456654644e-33, 1.0]",raw/tiny_ed/task_0011_s770012,,,,,,,/home/sunxr/PfQMC-main/reproduction/projector_kitaev/regression_stress/raw/tiny_ed/task_0011_s770012/result.json,,770012,,,,1,1,11,0.1,
2,0.3620056117688907,,0.15262567551893638,0.09737432448106362,,,,,4.0,,,,,,,,0.2,OBC,0,tiny_ed,,,,,,0.6,,,,,,,0,0.1,"[9.37349864163661e-34, 0.24999999999999997, -2.667093788113571e+32]","[-2.0, 0.0, 0.3999999999999999, 1.6]",,-2.0,0,,,,0,[0],"[0.0, 0.0, -1.6, -0.4]",,,,,0,static_projector_same_contour_exact_general,,,0.0,,,,,"[0.25, 3.749399456654644e-33, 1.0]",raw/tiny_ed/task_0012_s770013,,,,,,,/home/sunxr/PfQMC-main/reproduction/projector_kitaev/regression_stress/raw/tiny_ed/task_0012_s770013/result.json,,770013,,,,1,1,12,0.1,
2,0.3373054674878494,,0.1503583461132077,0.09964165388679232,,,,,4.0,,,,,,,,0.2,OBC,0,tiny_ed,,,,,,0.6,,,,,,,0,0.1,"[9.37349864163661e-34, 0.25, -2.667093788113571e+32]","[-2.0, 0.0, 0.07804555427071125, 1.9219544457292888]",,-2.0,0,,,,0,[0],"[0.0, 0.0, -1.6, -0.4]",,,,,0,static_projector_same_contour_exact_general,,,0.7,,,,,"[0.25, 3.749399456654644e-33, 1.0]",raw/tiny_ed/task_0013_s770014,,,,,,,/home/sunxr/PfQMC-main/reproduction/projector_kitaev/regression_stress/raw/tiny_ed/task_0013_s770014/result.json,,770014,,,,1,1,13,0.1,
2,0.3296799539643608,,0.14967191502811303,0.100328084971887,,,,,4.0,,,,,,,,0.2,OBC,0,tiny_ed,,,,,,1.0,,,,,,,0,0.1,"[9.373498641636612e-34, 0.25, -2.6670937881135707e+32]","[-2.0, 0.0, 0.0, 2.0]",,-2.0,0,,,,0,[0],"[0.0, 0.0, -2.0, 0.0]",,,,,0,static_projector_same_contour_exact_general,,,0.0,,,,,"[0.25, 3.749399456654644e-33, 1.0]",raw/tiny_ed/task_0014_s770015,,,,,,,/home/sunxr/PfQMC-main/reproduction/projector_kitaev/regression_stress/raw/tiny_ed/task_0014_s770015/result.json,,770015,,,,1,1,14,0.1,
2,0.30455881328962364,,0.14745424492433679,0.10254575507566327,,,,,4.0,,,,,,,,0.2,OBC,0,tiny_ed,,,,,,1.0,,,,,,,0,0.1,"[9.373498641636608e-34, 0.25, -2.6670937881135717e+32]","[-2.0, -0.2206555615733703, 0.0, 2.2206555615733703]",,-2.0,0,,,,0,[0],"[0.0, 0.0, -2.0, 0.0]",,,,,0,static_projector_same_contour_exact_general,,,0.7,,,,,"[0.25, 3.749399456654643e-33, 1.0]",raw/tiny_ed/task_0015_s770016,,,,,,,/home/sunxr/PfQMC-main/reproduction/projector_kitaev/regression_stress/raw/tiny_ed/task_0015_s770016/result.json,,770016,,,,1,1,15,0.1,
2,0.7518418344018908,,0.20029512836636504,0.04970487163363496,,,,,2.0,,,,,,,,0.2,PBC,0,tiny_ed,,,,,,0.6,,,,,,,0,0.1,"[9.37349864163661e-34, 0.25, -2.667093788113571e+32]","[-3.0, 1.0, 1.0, 1.0]",,-3.0,0,,,,0,"[0, 1]","[0.0, 0.0, -2.0, -2.0]",,,,,0,static_projector_same_contour_exact_general,,,0.0,,,,,"[0.25, 3.749399456654644e-33, 1.0]",raw/tiny_ed/task_0016_s770017,,,,,,,/home/sunxr/PfQMC-main/reproduction/projector_kitaev/regression_stress/raw/tiny_ed/task_0016_s770017/result.json,,770017,,,,1,1,16,0.2,
2,0.7296306393647295,,0.196793159333584,0.053206840666416025,,,,,2.0,,,,,,,,0.2,PBC,0,tiny_ed,,,,,,0.6,,,,,,,0,0.1,"[9.37349864163661e-34, 0.25, -2.667093788113571e+32]","[-3.0, 0.30000000000000004, 1.0, 1.7]",,-3.0,0,,,,0,"[0, 1]","[0.0, 0.0, -2.0, -2.0]",,,,,0,static_projector_same_contour_exact_general,,,0.7,,,,,"[0.25, 3.749399456654644e-33, 1.0]",raw/tiny_ed/task_0017_s770018,,,,,,,/home/sunxr/PfQMC-main/reproduction/projector_kitaev/regression_stress/raw/tiny_ed/task_0017_s770018/result.json,,770018,,,,1,1,17,0.2,
2,0.7518418344018908,,0.20029512836636504,0.04970487163363496,,,,,2.0,,,,,,,,0.2,PBC,0,tiny_ed,,,,,,1.0,,,,,,,0,0.1,"[9.37349864163661e-34, 0.25, -2.667093788113571e+32]","[-3.0, 1.0, 1.0, 1.0]",,-3.0,0,,,,0,"[0, 1]","[0.0, 0.0, -2.0, -2.0]",,,,,0,static_projector_same_contour_exact_general,,,0.0,,,,,"[0.25, 3.749399456654644e-33, 1.0]",raw/tiny_ed/task_0018_s770019,,,,,,,/home/sunxr/PfQMC-main/reproduction/projector_kitaev/regression_stress/raw/tiny_ed/task_0018_s770019/result.json,,770019,,,,1,1,18,0.2,
2,0.7296306393647295,,0.196793159333584,0.053206840666416025,,,,,2.0,,,,,,,,0.2,PBC,0,tiny_ed,,,,,,1.0,,,,,,,0,0.1,"[9.37349864163661e-34, 0.25, -2.667093788113571e+32]","[-3.0, 0.30000000000000004, 1.0, 1.7]",,-3.0,0,,,,0,"[0, 1]","[0.0, 0.0, -2.0, -2.0]",,,,,0,static_projector_same_contour_exact_general,,,0.7,,,,,"[0.25, 3.749399456654644e-33, 1.0]",raw/tiny_ed/task_0019_s770020,,,,,,,/home/sunxr/PfQMC-main/reproduction/projector_kitaev/regression_stress/raw/tiny_ed/task_0019_s770020/result.json,,770020,,,,1,1,19,0.2,
2,0.8884953485145718,,0.2249203362899984,0.025079663710001577,,,,,4.0,,,,,,,,0.2,PBC,0,tiny_ed,,,,,,0.6,,,,,,,0,0.1,"[9.373498641636612e-34, 0.25, -2.6670937881135707e+32]","[-4.0, 0.0, 2.0, 2.0]",,-4.0,0,,,,0,"[0, 1]","[0.0, 0.0, -2.0, -2.0]",,,,,0,static_projector_same_contour_exact_general,,,0.0,,,,,"[0.25, 3.749399456654644e-33, 1.0]",raw/tiny_ed/task_0020_s770021,,,,,,,/home/sunxr/PfQMC-main/reproduction/projector_kitaev/regression_stress/raw/tiny_ed/task_0020_s770021/result.json,,770021,,,,1,1,20,0.2,
2,0.8785152152567186,,0.22291876216334705,0.02708123783665295,,,,,4.0,,,,,,,,0.2,PBC,0,tiny_ed,,,,,,0.6,,,,,,,0,0.1,"[9.37349864163661e-34, 0.25, -2.667093788113571e+32]","[-4.0, 0.0, 1.3, 2.7]",,-4.0,0,,,,0,"[0, 1]","[0.0, 0.0, -2.0, -2.0]",,,,,0,static_projector_same_contour_exact_general,,,0.7,,,,,"[0.25, 3.749399456654645e-33, 1.0]",raw/tiny_ed/task_0021_s770022,,,,,,,/home/sunxr/PfQMC-main/reproduction/projector_kitaev/regression_stress/raw/tiny_ed/task_0021_s770022/result.json,,770022,,,,1,1,21,0.2,
2,0.8884953485145718,,0.2249203362899984,0.025079663710001577,,,,,4.0,,,,,,,,0.2,PBC,0,tiny_ed,,,,,,1.0,,,,,,,0,0.1,"[9.373498641636612e-34, 0.25, -2.6670937881135707e+32]","[-4.0, 0.0, 2.0, 2.0]",,-4.0,0,,,,0,"[0, 1]","[0.0, 0.0, -2.0, -2.0]",,,,,0,static_projector_same_contour_exact_general,,,0.0,,,,,"[0.25, 3.749399456654644e-33, 1.0]",raw/tiny_ed/task_0022_s770023,,,,,,,/home/sunxr/PfQMC-main/reproduction/projector_kitaev/regression_stress/raw/tiny_ed/task_0022_s770023/result.json,,770023,,,,1,1,22,0.2,
2,0.8785152152567186,,0.22291876216334705,0.02708123783665295,,,,,4.0,,,,,,,,0.2,PBC,0,tiny_ed,,,,,,1.0,,,,,,,0,0.1,"[9.37349864163661e-34, 0.25, -2.667093788113571e+32]","[-4.0, 0.0, 1.3, 2.7]",,-4.0,0,,,,0,"[0, 1]","[0.0, 0.0, -2.0, -2.0]",,,,,0,static_projector_same_contour_exact_general,,,0.7,,,,,"[0.25, 3.749399456654645e-33, 1.0]",raw/tiny_ed/task_0023_s770024,,,,,,,/home/sunxr/PfQMC-main/reproduction/projector_kitaev/regression_stress/raw/tiny_ed/task_0023_s770024/result.json,,770024,,,,1,1,23,0.2,
2,0.3975125359307229,,0.15600746065442686,0.09399253934557317,,,,,2.0,,,,,,,,0.2,OBC,0,tiny_ed,,,,,,0.6,,,,,,,0,0.1,"[9.373498641636612e-34, 0.25, -2.6670937881135707e+32]","[-1.5, -0.10000000000000012, 0.5, 1.1]",,-1.5,0,,,,0,[0],"[0.0, 0.0, -1.6, -0.4]",,,,,0,static_projector_same_contour_exact_general,,,0.0,,,,,"[0.25, 3.749399456654644e-33, 1.0]",raw/tiny_ed/task_0024_s770025,,,,,,,/home/sunxr/PfQMC-main/reproduction/projector_kitaev/regression_stress/raw/tiny_ed/task_0024_s770025/result.json,,770025,,,,1,1,24,0.2,
2,0.34580865245823345,,0.1511312463165255,0.09886875368347446,,,,,2.0,,,,,,,,0.2,OBC,0,tiny_ed,,,,,,0.6,,,,,,,0,0.1,"[9.37349864163661e-34, 0.25, -2.667093788113571e+32]","[-1.5, -0.42195444572928875, 0.5, 1.4219544457292888]",,-1.5,0,,,,0,[0],"[0.0, 0.0, -1.6, -0.4]",,,,,0,static_projector_same_contour_exact_general,,,0.7,,,,,"[0.24999999999999997, 3.749399456654644e-33, 1.0]",raw/tiny_ed/task_0025_s770026,,,,,,,/home/sunxr/PfQMC-main/reproduction/projector_kitaev/regression_stress/raw/tiny_ed/task_0025_s770026/result.json,,770026,,,,1,1,25,0.2,
2,0.32967995396436056,,0.149671915028113,0.10032808497188701,,,,,2.0,,,,,,,,0.2,OBC,0,tiny_ed,,,,,,1.0,,,,,,,0,0.1,"[9.37349864163661e-34, 0.25, -2.667093788113571e+32]","[-1.5, -0.5, 0.5, 1.5]",,-1.5,0,,,,0,[0],"[0.0, 0.0, -2.0, 0.0]",,,,,0,static_projector_same_contour_exact_general,,,0.0,,,,,"[0.25, 3.749399456654644e-33, 1.0]",raw/tiny_ed/task_0026_s770027,,,,,,,/home/sunxr/PfQMC-main/reproduction/projector_kitaev/regression_stress/raw/tiny_ed/task_0026_s770027/result.json,,770027,,,,1,1,26,0.2,
2,0.27599637768807594,,0.14501129624353393,0.10498870375646607,,,,,2.0,,,,,,,,0.2,OBC,0,tiny_ed,,,,,,1.0,,,,,,,0,0.1,"[9.37349864163661e-34, 0.25, -2.667093788113571e+32]","[-1.5, -0.7206555615733703, 0.5, 1.7206555615733703]",,-1.5,0,,,,0,[0],"[0.0, 0.0, -2.0, 0.0]",,,,,0,static_projector_same_contour_exact_general,,,0.7,,,,,"[0.25, 3.749399456654644e-33, 1.0]",raw/tiny_ed/task_0027_s770028,,,,,,,/home/sunxr/PfQMC-main/reproduction/projector_kitaev/regression_stress/raw/tiny_ed/task_0027_s770028/result.json,,770028,,,,1,1,27,0.2,
2,0.5961405753491873,,0.17808050835444827,0.07191949164555174,,,,,4.0,,,,,,,,0.2,OBC,0,tiny_ed,,,,,,0.6,,,,,,,0,0.1,"[9.37349864163661e-34, 0.25, -2.667093788113571e+32]","[-2.0, 0.0, 0.3999999999999999, 1.6]",,-2.0,0,,,,0,[0],"[0.0, 0.0, -1.6, -0.4]",,,,,0,static_projector_same_contour_exact_general,,,0.0,,,,,"[0.25, 3.749399456654644e-33, 1.0]",raw/tiny_ed/task_0028_s770029,,,,,,,/home/sunxr/PfQMC-main/reproduction/projector_kitaev/regression_stress/raw/tiny_ed/task_0028_s770029/result.json,,770029,,,,1,1,28,0.2,
2,0.5614824257996864,,0.17379002139683802,0.07620997860316199,,,,,4.0,,,,,,,,0.2,OBC,0,tiny_ed,,,,,,0.6,,,,,,,0,0.1,"[9.373498641636608e-34, 0.25, -2.6670937881135717e+32]","[-2.0, 0.0, 0.07804555427071125, 1.9219544457292888]",,-2.0,0,,,,0,[0],"[0.0, 0.0, -1.6, -0.4]",,,,,0,static_projector_same_contour_exact_general,,,0.7,,,,,"[0.24999999999999997, 3.749399456654644e-33, 1.0]",raw/tiny_ed/task_0029_s770030,,,,,,,/home/sunxr/PfQMC-main/reproduction/projector_kitaev/regression_stress/raw/tiny_ed/task_0029_s770030/result.json,,770030,,,,1,1,29,0.2,
2,0.5506710358827787,,0.17249362028190313,0.07750637971809686,,,,,4.0,,,,,,,,0.2,OBC,0,tiny_ed,,,,,,1.0,,,,,,,0,0.1,"[9.37349864163661e-34, 0.25, -2.667093788113571e+32]","[-2.0, 0.0, 0.0, 2.0]",,-2.0,0,,,,0,[0],"[0.0, 0.0, -2.0, 0.0]",,,,,0,static_projector_same_contour_exact_general,,,0.0,,,,,"[0.25, 3.749399456654645e-33, 1.0]",raw/tiny_ed/task_0030_s770031,,,,,,,/home/sunxr/PfQMC-main/reproduction/projector_kitaev/regression_stress/raw/tiny_ed/task_0030_s770031/result.json,,770031,,,,1,1,30,0.2,
2,0.5146858585619019,,0.16831456257323932,0.08168543742676068,,,,,4.0,,,,,,,,0.2,OBC,0,tiny_ed,,,,,,1.0,,,,,,,0,0.1,"[9.373498641636608e-34, 0.24999999999999997, -2.6670937881135714e+32]","[-2.0, -0.2206555615733703, 0.0, 2.2206555615733703]",,-2.0,0,,,,0,[0],"[0.0, 0.0, -2.0, 0.0]",,,,,0,static_projector_same_contour_exact_general,,,0.7,,,,,"[0.25, 3.749399456654644e-33, 1.0]",raw/tiny_ed/task_0031_s770032,,,,,,,/home/sunxr/PfQMC-main/reproduction/projector_kitaev/regression_stress/raw/tiny_ed/task_0031_s770032/result.json,,770032,,,,1,1,31,0.2,
4,0.2232396262853138,,0.07863058710251801,0.06107712422315707,,,,,2.0,,,,,,,,0.2,PBC,0,tiny_ed,,,,,,0.6,,,,,,,0,0.1,"[0.09413226959178599, 0.05970972399314024, 0.3656827329025696]","[-3.2360679774997907, -3.23606797749979, -3.1999999999999993, -0.7999999999999994, -0.5620499351813311, -0.5620499351813308]",,-3.2360679774997907,0,,,,0,"[0, 1, 2, 3]","[0.0, 0.0, -0.4, -1.6]",,,,,0,static_projector_same_contour_exact_general,,,0.0,,,,,"[0.0625, 0.0625, 0.0]",raw/tiny_ed/task_0032_s770033,,,,,,,/home/sunxr/PfQMC-main/reproduction/projector_kitaev/regression_stress/raw/tiny_ed/task_0032_s770033/result.json,,770033,,,,1,1,32,0.1,
4,0.21959202862744598,,0.07746186732964784,0.06045185874146039,,,,,2.0,,,,,,,,0.2,PBC,0,tiny_ed,,,,,,0.6,,,,,,,0,0.1,"[0.09205440810873765, 0.058454274871875385, 0.365002979511559]","[-3.3892443989449794, -3.2360679774997885, -3.236067977499788, -0.936931687685299, -0.6999999999999996, -0.699999999999999]",,-3.3892443989449794,0,,,,0,"[0, 1, 2, 3]","[0.0, 0.0, -0.4, -1.6]",,,,,0,static_projector_same_contour_exact_general,,,0.7,,,,,"[0.0625, 0.0625, 0.0]",raw/tiny_ed/task_0033_s770034,,,,,,,/home/sunxr/PfQMC-main/reproduction/projector_kitaev/regression_stress/raw/tiny_ed/task_0033_s770034/result.json,,770034,,,,1,1,33,0.1,
4,0.18325500748976176,,0.07520212670962682,0.06142096041620815,,,,,2.0,,,,,,,,0.2,PBC,0,tiny_ed,,,,,,1.0,,,,,,,0,0.1,"[0.08795308993348558, 0.06033777219390909, 0.31397780067147774]","[-3.9999999999999996, -3.2360679774997907, -3.236067977499788, -1.2360679774997898, -1.2360679774997896, -8.266328351289704e-16]",,-3.9999999999999996,0,,,,0,"[0, 1, 2, 3]","[0.0, 0.0, 0.0, -2.0]",,,,,0,static_projector_same_contour_exact_general,,,0.0,,,,,"[0.0625, 0.0625, 0.0]",raw/tiny_ed/task_0034_s770035,,,,,,,/home/sunxr/PfQMC-main/reproduction/projector_kitaev/regression_stress/raw/tiny_ed/task_0034_s770035/result.json,,770035,,,,1,1,34,0.1,
4,0.1794822700018217,,0.07410237221925738,0.06080231024082513,,,,,2.0,,,,,,,,0.2,PBC,0,tiny_ed,,,,,,1.0,,,,,,,0,0.1,"[0.08587370866779673, 0.05907989718918056, 0.31201414139766903]","[-4.118962010041709, -3.23606797749979, -3.236067977499789, -1.7223748416156686, -0.9248809496813375, -0.7]",,-4.118962010041709,0,,,,0,"[0, 1, 2, 3]","[0.0, 0.0, 0.0, -2.0]",,,,,0,static_projector_same_contour_exact_general,,,0.7,,,,,"[0.0625, 0.062499999999999986, 2.220446049250313e-16]",raw/tiny_ed/task_0035_s770036,,,,,,,/home/sunxr/PfQMC-main/reproduction/projector_kitaev/regression_stress/raw/tiny_ed/task_0035_s770036/result.json,,770036,,,,1,1,35,0.1,
4,0.3912386295727214,,0.09449969656786145,0.05752776478761333,,,,,4.0,,,,,,,,0.2,PBC,0,tiny_ed,,,,,,0.6,,,,,,,0,0.1,"[0.12156904162262458, 0.05332162644589176, 0.5613881154758701]","[-4.82842712474619, -4.828427124746188, -3.200000000000002, -0.7999999999999995, -0.3323807579381208, -0.3323807579381203]",,-4.82842712474619,0,,,,0,"[0, 1, 2, 3]","[0.0, 0.0, -0.4, -1.6]",,,,,0,static_projector_same_contour_exact_general,,,0.0,,,,,"[0.0625, 0.0625, 0.0]",raw/tiny_ed/task_0036_s770037,,,,,,,/home/sunxr/PfQMC-main/reproduction/projector_kitaev/regression_stress/raw/tiny_ed/task_0036_s770037/result.json,,770037,,,,1,1,36,0.1,
4,0.3865308653106463,,0.09328622302682756,0.057228218518705964,,,,,4.0,,,,,,,,0.2,PBC,0,tiny_ed,,,,,,0.6,,,,,,,0,0.1,"[0.11995428582338356, 0.05266162392636641, 0.5609858908759332]","[-4.828427124746195, -4.828427124746193, -3.3892443989449816, -0.7000000000000005, -0.7000000000000004, -0.610755601055018]",,-4.828427124746195,0,,,,0,"[0, 1, 2, 3]","[0.0, 0.0, -0.4, -1.6]",,,,,0,static_projector_same_contour_exact_general,,,0.7,,,,,"[0.06249999999999999, 0.06249999999999998, 2.220446049250313e-16]",raw/tiny_ed/task_0037_s770038,,,,,,,/home/sunxr/PfQMC-main/reproduction/projector_kitaev/regression_stress/raw/tiny_ed/task_0037_s770038/result.json,,770038,,,,1,1,37,0.1,
4,0.35569190474587475,,0.09041805392734953,0.05825708410251536,,,,,4.0,,,,,,,,0.2,PBC,0,tiny_ed,,,,,,1.0,,,,,,,0,0.1,"[0.1155029592461603, 0.05444474303314685, 0.5286290205161408]","[-4.828427124746191, -4.828427124746189, -3.9999999999999996, -0.8284271247461902, -0.8284271247461896, -6.240005345315967e-16]",,-4.828427124746191,0,,,,0,"[0, 1, 2, 3]","[0.0, 0.0, 0.0, -2.0]",,,,,0,static_projector_same_contour_exact_general,,,0.0,,,,,"[0.0625, 0.0625, 0.0]",raw/tiny_ed/task_0038_s770039,,,,,,,/home/sunxr/PfQMC-main/reproduction/projector_kitaev/regression_stress/raw/tiny_ed/task_0038_s770039/result.json,,770039,,,,1,1,38,0.1,
4,0.35087621027704474,,0.08927109307384395,0.05794799024880425,,,,,4.0,,,,,,,,0.2,PBC,0,tiny_ed,,,,,,1.0,,,,,,,0,0.1,"[0.1138048743548108, 0.05377640071689316, 0.5274683881356976]","[-4.828427124746193, -4.828427124746189, -4.11896201004171, -1.0853720883753126, -0.7000000000000005, -0.7000000000000003]",,-4.828427124746193,0,,,,0,"[0, 1, 2, 3]","[0.0, 0.0, 0.0, -2.0]",,,,,0,static_projector_same_contour_exact_general,,,0.7,,,,,"[0.0625, 0.0625, 0.0]",raw/tiny_ed/task_0039_s770040,,,,,,,/home/sunxr/PfQMC-main/reproduction/projector_kitaev/regression_stress/raw/tiny_ed/task_0039_s770040/result.json,,770040,,,,1,1,39,0.1,
4,0.17094369249417352,,0.0745010213616937,0.06176554167553848,,,,,2.0,,,,,,,,0.2,OBC,0,tiny_ed,,,,,,0.6,,,,,,,0,0.1,"[0.08614760293521075, 0.061052774942575806, 0.29130036283781535]","[-3.3122951113391608, -2.5464249196572992, -1.9142135623730945, -1.5601470508735438, -0.8278820596099711, -0.66619037896906]",,-3.3122951113391608,0,,,,0,"[0, 1, 2]","[0.0, 0.0, 0.0, 0.0]",,,,,0,static_projector_same_contour_exact_general,,,0.0,,,,,"[0.0625, 0.06250000000000001, -2.220446049250313e-16]",raw/tiny_ed/task_0040_s770041,,,,,,,/home/sunxr/PfQMC-main/reproduction/projector_kitaev/regression_stress/raw/tiny_ed/task_0040_s770041/result.json,,770041,,,,1,1,40,0.1,
4,0.16792495091596205,,0.07332808122222821,0.06101446678222386,,,,,2.0,,,,,,,,0.2,OBC,0,tiny_ed,,,,,,0.6,,,,,,,0,0.1,"[0.08396283540096881, 0.05955545661494032, 0.2906926459721114]","[-3.3203448664342194, -2.8773455949617563, -1.9142135623730945, -1.2969023186755426, -1.2865171109505205, -0.8172915380071111]",,-3.3203448664342194,0,,,,0,"[0, 1, 2]","[0.0, 0.0, 0.0, 0.0]",,,,,0,static_projector_same_contour_exact_general,,,0.7,,,,,"[0.06249999999999999, 0.06249999999999999, 0.0]",raw/tiny_ed/task_0041_s770042,,,,,,,/home/sunxr/PfQMC-main/reproduction/projector_kitaev/regression_stress/raw/tiny_ed/task_0041_s770042/result.json,,770042,,,,1,1,41,0.1,
4,0.1400754709889378,,0.07202769936120032,0.06193838544893057,,,,,2.0,,,,,,,,0.2,OBC,0,tiny_ed,,,,,,1.0,,,,,,,0,0.1,"[0.08137315701248919, 0.06138751321793422, 0.2456048717820739]","[-3.475766375181925, -3.0615528128088316, -1.914213562373096, -1.5000000000000018, -1.061552812808829, -0.9142135623730946]",,-3.475766375181925,0,,,,0,"[0, 1, 2]","[0.0, 0.0, 0.0, 0.0]",,,,,0,static_projector_same_contour_exact_general,,,0.0,,,,,"[0.06249999999999999, 0.06249999999999999, 0.0]",raw/tiny_ed/task_0042_s770043,,,,,,,/home/sunxr/PfQMC-main/reproduction/projector_kitaev/regression_stress/raw/tiny_ed/task_0042_s770043/result.json,,770043,,,,1,1,42,0.1,
4,0.13693303920215327,,0.07090364408671522,0.06119459261141352,,,,,2.0,,,,,,,,0.2,OBC,0,tiny_ed,,,,,,1.0,,,,,,,0,0.1,"[0.07922216341891243, 0.0599024083534538, 0.24386805701454117]","[-3.5013199900471017, -3.273754791910873, -1.9142135623730947, -1.4247770895358578, -1.41056336345213, -1.2289214111735804]",,-3.5013199900471017,0,,,,0,"[0, 1, 2]","[0.0, 0.0, 0.0, 0.0]",,,,,0,static_projector_same_contour_exact_general,,,0.7,,,,,"[0.06249999999999999, 0.06249999999999999, 0.0]",raw/tiny_ed/task_0043_s770044,,,,,,,/home/sunxr/PfQMC-main/reproduction/projector_kitaev/regression_stress/raw/tiny_ed/task_0043_s770044/result.json,,770044,,,,1,1,43,0.1,
4,0.29760876794490865,,0.08533435138278606,0.05993810020437719,,,,,4.0,,,,,,,,0.2,OBC,0,tiny_ed,,,,,,0.6,,,,,,,0,0.1,"[0.10609253222140667, 0.05760913633951987, 0.45699159843508885]","[-4.406189295192703, -3.2360679774997885, -2.7999999999999976, -2.0439088914585772, -1.088061301782111, -0.9888543819998309]",,-4.406189295192703,0,,,,0,"[0, 1, 2]","[0.0, 0.0, 0.0, 0.0]",,,,,0,static_projector_same_contour_exact_general,,,0.0,,,,,"[0.0625, 0.0625, 0.0]",raw/tiny_ed/task_0044_s770045,,,,,,,/home/sunxr/PfQMC-main/reproduction/projector_kitaev/regression_stress/raw/tiny_ed/task_0044_s770045/result.json,,770045,,,,1,1,44,0.1,
4,0.29341559736014533,,0.08415139975505777,0.05946006652723511,,,,,4.0,,,,,,,,0.2,OBC,0,tiny_ed,,,,,,0.6,,,,,,,0,0.1,"[0.10423177085247412, 0.05664071106129957, 0.45658880590768447]","[-4.4075074310362465, -3.2360679774997925, -3.1906949950075885, -1.6886794814931658, -1.4101878652474085, -1.101447025077086]",,-4.4075074310362465,0,,,,0,"[0, 1, 2]","[0.0, 0.0, 0.0, 0.0]",,,,,0,static_projector_same_contour_exact_general,,,0.7,,,,,"[0.06249999999999999, 0.0625, -2.220446049250313e-16]",raw/tiny_ed/task_0045_s770046,,,,,,,/home/sunxr/PfQMC-main/reproduction/projector_kitaev/regression_stress/raw/tiny_ed/task_0045_s770046/result.json,,770046,,,,1,1,45,0.1,
4,0.2703971584143149,,0.08263938923376113,0.060293933211857595,,,,,4.0,,,,,,,,0.2,OBC,0,tiny_ed,,,,,,1.0,,,,,,,0,0.1,"[0.10130797594442971, 0.058248977992713086, 0.42503068046029957]","[-4.472135954999578, -3.236067977499791, -3.2360679774997907, -2.0000000000000013, -1.2360679774997894, -1.236067977499788]",,-4.472135954999578,0,,,,0,"[0, 1, 2]","[0.0, 0.0, 0.0, 0.0]",,,,,0,static_projector_same_contour_exact_general,,,0.0,,,,,"[0.0625, 0.0625, 0.0]",raw/tiny_ed/task_0046_s770047,,,,,,,/home/sunxr/PfQMC-main/reproduction/projector_kitaev/regression_stress/raw/tiny_ed/task_0046_s770047/result.json,,770047,,,,1,1,46,0.1,
4,0.2661135055762427,,0.08150076520567573,0.0598123108696471,,,,,4.0,,,,,,,,0.2,OBC,0,tiny_ed,,,,,,1.0,,,,,,,0,0.1,"[0.0994196380477427, 0.05727765717309947, 0.423879846096463]","[-4.4762760298401485, -3.499600930868857, -3.2360679774997916, -1.8093768962023304, -1.551825191990804, -1.278271701635505]",,-4.4762760298401485,0,,,,0,"[0, 1, 2]","[0.0, 0.0, 0.0, 0.0]",,,,,0,static_projector_same_contour_exact_general,,,0.7,,,,,"[0.0625, 0.0625, 0.0]",raw/tiny_ed/task_0047_s770048,,,,,,,/home/sunxr/PfQMC-main/reproduction/projector_kitaev/regression_stress/raw/tiny_ed/task_0047_s770048/result.json,,770048,,,,1,1,47,0.1,
4,0.37706331808682136,,0.0920321502620427,0.05733020231357195,,,,,2.0,,,,,,,,0.2,PBC,0,tiny_ed,,,,,,0.6,,,,,,,0,0.1,"[0.1191833578683437, 0.052577204342841945, 0.5588544803300346]","[-3.3892443989449794, -3.2360679774997885, -3.236067977499788, -0.936931687685299, -0.6999999999999996, -0.699999999999999]",,-3.3892443989449794,0,,,,0,"[0, 1, 2, 3]","[0.0, 0.0, -0.4, -1.6]",,,,,0,static_projector_same_contour_exact_general,,,0.7,,,,,"[0.06249999999999999, 0.06249999999999999, 0.0]",raw/tiny_ed/task_0048_s770049,,,,,,,/home/sunxr/PfQMC-main/reproduction/projector_kitaev/regression_stress/raw/tiny_ed/task_0048_s770049/result.json,,770049,,,,1,1,48,0.2,
4,0.3067350736490706,,0.08441376399150625,0.05852110187657632,,,,,2.0,,,,,,,,0.2,PBC,0,tiny_ed,,,,,,1.0,,,,,,,0,0.1,"[0.10776450710635287, 0.05428129040483536, 0.4962971402888233]","[-4.118962010041709, -3.23606797749979, -3.236067977499789, -1.7223748416156686, -0.9248809496813375, -0.7]",,-4.118962010041709,0,,,,0,"[0, 1, 2, 3]","[0.0, 0.0, 0.0, -2.0]",,,,,0,static_projector_same_contour_exact_general,,,0.7,,,,,"[0.0625, 0.0625, 0.0]",raw/tiny_ed/task_0049_s770050,,,,,,,/home/sunxr/PfQMC-main/reproduction/projector_kitaev/regression_stress/raw/tiny_ed/task_0049_s770050/result.json,,770050,,,,1,1,49,0.2,
4,0.624976093285359,,0.12639634660031845,0.04740165169650926,,,,,4.0,,,,,,,,0.2,PBC,0,tiny_ed,,,,,,0.6,,,,,,,0,0.1,"[0.16548859151081186, 0.03816437349473721, 0.7693836587385311]","[-4.828427124746195, -4.828427124746193, -3.3892443989449816, -0.7000000000000005, -0.7000000000000004, -0.610755601055018]",,-4.828427124746195,0,,,,0,"[0, 1, 2, 3]","[0.0, 0.0, -0.4, -1.6]",,,,,0,static_projector_same_contour_exact_general,,,0.7,,,,,"[0.0625, 0.0625, 0.0]",raw/tiny_ed/task_0050_s770051,,,,,,,/home/sunxr/PfQMC-main/reproduction/projector_kitaev/regression_stress/raw/tiny_ed/task_0050_s770051/result.json,,770051,,,,1,1,50,0.2,
4,0.5742656881505505,,0.1168637135459328,0.049752892666648896,,,,,4.0,,,,,,,,0.2,PBC,0,tiny_ed,,,,,,1.0,,,,,,,0,0.1,"[0.15741834976109018, 0.04024371334498911, 0.7443518280679098]","[-4.828427124746193, -4.828427124746189, -4.11896201004171, -1.0853720883753126, -0.7000000000000005, -0.7000000000000003]",,-4.828427124746193,0,,,,0,"[0, 1, 2, 3]","[0.0, 0.0, 0.0, -2.0]",,,,,0,static_projector_same_contour_exact_general,,,0.7,,,,,"[0.06249999999999999, 0.06249999999999999, 0.0]",raw/tiny_ed/task_0051_s770052,,,,,,,/home/sunxr/PfQMC-main/reproduction/projector_kitaev/regression_stress/raw/tiny_ed/task_0051_s770052/result.json,,770052,,,,1,1,51,0.2,
4,0.29692210009053355,,0.08405221918387513,0.0590952577465291,,,,,2.0,,,,,,,,0.2,OBC,0,tiny_ed,,,,,,0.6,,,,,,,0,0.1,"[0.10416265488448638, 0.05591828327436853, 0.46316380533521906]","[-3.3203448664342194, -2.8773455949617563, -1.9142135623730945, -1.2969023186755426, -1.2865171109505205, -0.8172915380071111]",,-3.3203448664342194,0,,,,0,"[0, 1, 2]","[0.0, 0.0, 0.0, 0.0]",,,,,0,static_projector_same_contour_exact_general,,,0.7,,,,,"[0.06249999999999999, 0.0625, -2.220446049250313e-16]",raw/tiny_ed/task_0052_s770053,,,,,,,/home/sunxr/PfQMC-main/reproduction/projector_kitaev/regression_stress/raw/tiny_ed/task_0052_s770053/result.json,,770053,,,,1,1,52,0.2,
4,0.24287888393856738,,0.07883413704210365,0.05968698982105744,,,,,2.0,,,,,,,,0.2,OBC,0,tiny_ed,,,,,,1.0,,,,,,,0,0.1,"[0.09455675525472952, 0.05697929335948495, 0.3974064232006843]","[-3.5013199900471017, -3.273754791910873, -1.9142135623730947, -1.4247770895358578, -1.41056336345213, -1.2289214111735804]",,-3.5013199900471017,0,,,,0,"[0, 1, 2]","[0.0, 0.0, 0.0, 0.0]",,,,,0,static_projector_same_contour_exact_general,,,0.7,,,,,"[0.06249999999999999, 0.0625, -2.220446049250313e-16]",raw/tiny_ed/task_0053_s770054,,,,,,,/home/sunxr/PfQMC-main/reproduction/projector_kitaev/regression_stress/raw/tiny_ed/task_0053_s770054/result.json,,770054,,,,1,1,53,0.2,
4,0.49149445383696955,,0.10636388944044597,0.05408662769193817,,,,,4.0,,,,,,,,0.2,OBC,0,tiny_ed,,,,,,0.6,,,,,,,0,0.1,"[0.13974387088538526, 0.0476841354570951, 0.6587747630362655]","[-4.4075074310362465, -3.2360679774997925, -3.1906949950075885, -1.6886794814931658, -1.4101878652474085, -1.101447025077086]",,-4.4075074310362465,0,,,,0,"[0, 1, 2]","[0.0, 0.0, 0.0, 0.0]",,,,,0,static_projector_same_contour_exact_general,,,0.7,,,,,"[0.0625, 0.0625, 0.0]",raw/tiny_ed/task_0054_s770055,,,,,,,/home/sunxr/PfQMC-main/reproduction/projector_kitaev/regression_stress/raw/tiny_ed/task_0054_s770055/result.json,,770055,,,,1,1,54,0.2,
4,0.45177786245935814,,0.10070055213071655,0.05520627194062426,,,,,4.0,,,,,,,,0.2,OBC,0,tiny_ed,,,,,,1.0,,,,,,,0,0.1,"[0.13159312330261808, 0.04930787517369423, 0.6253005177154782]","[-4.4762760298401485, -3.499600930868857, -3.2360679774997916, -1.8093768962023304, -1.551825191990804, -1.278271701635505]",,-4.4762760298401485,0,,,,0,"[0, 1, 2]","[0.0, 0.0, 0.0, 0.0]",,,,,0,static_projector_same_contour_exact_general,,,0.7,,,,,"[0.0625, 0.06250000000000001, -2.220446049250313e-16]",raw/tiny_ed/task_0055_s770056,,,,,,,/home/sunxr/PfQMC-main/reproduction/projector_kitaev/regression_stress/raw/tiny_ed/task_0055_s770056/result.json,,770056,,,,1,1,55,0.2,
6,0.18056649185805407,,0.05952380952380946,0.048775804056068156,,,,,0,,,,,,,,8,0,0,gaussian_exact,480,0.9632741216820474,4.898979485566357,,,0.5,,,,,,,1,0.1,,,,,0,,,,0,,,,,,,0,V0_gaussian_full_contour,,,0,,,,,,raw/gaussian_exact/task_0000_s760001,,,,,-2.2426462657414374e-14,1,/home/sunxr/PfQMC-main/reproduction/projector_kitaev/regression_stress/raw/gaussian_exact/task_0000_s760001/result.json,,760001,,,,20,10,0,10,
6,0.13612303928478897,,0.05174298046501281,0.0446995687024618,,,,,0,,,,,,,,8,0,0,gaussian_exact,480,0.9402027918084833,4.898979485554662,,,0.5,,,,,,,1,0.1,,,,,0,,,,0,,,,,,,0,V0_gaussian_full_contour,,,0.7,,,,,,raw/gaussian_exact/task_0001_s760002,,,,,-6.357191440046834e-15,1,/home/sunxr/PfQMC-main/reproduction/projector_kitaev/regression_stress/raw/gaussian_exact/task_0001_s760002/result.json,,760002,,,,20,10,1,10,
6,2.220446049250313e-16,,0.041666666666666664,0.04166666666666666,,,,,0,,,,,,,,8,0,0,gaussian_exact,480,1.0000000000000016,4.898979485566356,,,1,,,,,,,1,0.1,,,,,0,,,,0,,,,,,,0,V0_gaussian_full_contour,,,0,,,,,,raw/gaussian_exact/task_0002_s760003,,,,,2.4892413682157484e-17,1,/home/sunxr/PfQMC-main/reproduction/projector_kitaev/regression_stress/raw/gaussian_exact/task_0002_s760003/result.json,,760003,,,,20,10,2,10,
6,-0.013578563240564723,,0.03934268335972904,0.03987690047378264,,,,,0,,,,,,,,8,0,0,gaussian_exact,480,0.9689842785372624,4.898979485566355,,,1,,,,,,,1,0.1,,,,,0,,,,0,,,,,,,0,V0_gaussian_full_contour,,,0.7,,,,,,raw/gaussian_exact/task_0003_s760004,,,,,4.51021673029624e-14,1,/home/sunxr/PfQMC-main/reproduction/projector_kitaev/regression_stress/raw/gaussian_exact/task_0003_s760004/result.json,,760004,,,,20,10,3,10,
6,-0.057464312137668117,,0.036930258099945094,0.03905242997872499,,,,,0,,,,,,,,8,0,0,gaussian_exact,480,0.9962828827490302,4.898979485566356,,,1.3,,,,,,,1,0.1,,,,,0,,,,0,,,,,,,0,V0_gaussian_full_contour,,,0,,,,,,raw/gaussian_exact/task_0004_s760005,,,,,3.978238184671259e-15,1,/home/sunxr/PfQMC-main/reproduction/projector_kitaev/regression_stress/raw/gaussian_exact/task_0004_s760005/result.json,,760005,,,,20,10,4,10,
6,-0.061174389373243265,,0.03579127740704047,0.03798078694730453,,,,,0,,,,,,,,8,0,0,gaussian_exact,480,0.9723023795511962,4.898979485566357,,,1.3,,,,,,,1,0.1,,,,,0,,,,0,,,,,,,0,V0_gaussian_full_contour,,,0.7,,,,,,raw/gaussian_exact/task_0005_s760006,,,,,5.797217856975145e-14,1,/home/sunxr/PfQMC-main/reproduction/projector_kitaev/regression_stress/raw/gaussian_exact/task_0005_s760006/result.json,,760006,,,,20,10,5,10,
6,0.18044259526458628,,0.06065173284286049,0.0497075767614004,,,,,0,,,,,,,,8,1,0,gaussian_exact,480,0.9859390110438807,4.766656088020618,,,0.5,,,,,,,1,0.1,,,,,0,,,,0,,,,,,,0,V0_gaussian_full_contour,,,0,,,,,,raw/gaussian_exact/task_0006_s760007,,,,,7.3858645425239e-15,1,/home/sunxr/PfQMC-main/reproduction/projector_kitaev/regression_stress/raw/gaussian_exact/task_0006_s760007/result.json,,760007,,,,20,10,6,10,
6,0.0601887254682435,,0.04977401072116155,0.046778176454412145,,,,,0,,,,,,,,8,1,0,gaussian_exact,480,0.921326458788867,4.759304587470331,,,0.5,,,,,,,1,0.1,,,,,0,,,,0,,,,,,,0,V0_gaussian_full_contour,,,0.7,,,,,,raw/gaussian_exact/task_0007_s760008,,,,,-7.242629005635656e-15,1,/home/sunxr/PfQMC-main/reproduction/projector_kitaev/regression_stress/raw/gaussian_exact/task_0007_s760008/result.json,,760008,,,,20,10,7,10,
6,0,,0.041666666666666664,0.041666666666666664,,,,,0,,,,,,,,8,1,0,gaussian_exact,480,1.0000000000000009,4.69041575982343,,,1,,,,,,,1,0.1,,,,,0,,,,0,,,,,,,0,V0_gaussian_full_contour,,,0,,,,,,raw/gaussian_exact/task_0008_s760009,,,,,3.594226939377463e-18,1,/home/sunxr/PfQMC-main/reproduction/projector_kitaev/regression_stress/raw/gaussian_exact/task_0008_s760009/result.json,,760009,,,,20,10,8,10,
6,-0.03173859628496767,,0.03684291305251613,0.0380122553958521,,,,,0,,,,,,,,8,1,0,gaussian_exact,480,0.9677913264804091,4.690850090112019,,,1,,,,,,,1,0.1,,,,,0,,,,0,,,,,,,0,V0_gaussian_full_contour,,,0.7,,,,,,raw/gaussian_exact/task_0009_s760010,,,,,1.306654255598717e-13,1,/home/sunxr/PfQMC-main/reproduction/projector_kitaev/regression_stress/raw/gaussian_exact/task_0009_s760010/result.json,,760010,,,,20,10,9,10,
6,-0.09219375968040344,,0.03526161209793975,0.038512512689640815,,,,,0,,,,,,,,8,1,0,gaussian_exact,480,0.9978688998754848,4.691464078769926,,,1.3,,,,,,,1,0.1,,,,,0,,,,0,,,,,,,0,V0_gaussian_full_contour,,,0,,,,,,raw/gaussian_exact/task_0010_s760011,,,,,0,1,/home/sunxr/PfQMC-main/reproduction/projector_kitaev/regression_stress/raw/gaussian_exact/task_0010_s760011/result.json,,760011,,,,20,10,10,10,
6,-0.14988913237728219,,0.03018810135364688,0.03471296967366247,,,,,0,,,,,,,,8,1,0,gaussian_exact,480,0.9589741648812543,4.736094468082639,,,1.3,,,,,,,1,0.1,,,,,0,,,,0,,,,,,,0,V0_gaussian_full_contour,,,0.7,,,,,,raw/gaussian_exact/task_0011_s760012,,,,,6.998098096084101e-14,1,/home/sunxr/PfQMC-main/reproduction/projector_kitaev/regression_stress/raw/gaussian_exact/task_0011_s760012/result.json,,760012,,,,20,10,11,10,
10,0.057995764592046695,,0.03360655737704941,0.03165751938666094,,,,,0,,,,,,,,8,0,0,gaussian_exact,480,0.9707754159106086,6.324555320336717,,,0.5,,,,,,,1,0.1,,,,,0,,,,0,,,,,,,0,V0_gaussian_full_contour,,,0,,,,,,raw/gaussian_exact/task_0012_s760013,,,,,-1.3970693526919704e-14,1,/home/sunxr/PfQMC-main/reproduction/projector_kitaev/regression_stress/raw/gaussian_exact/task_0012_s760013/result.json,,760013,,,,20,10,12,10,
10,0.03489927382408098,,0.03031186501365403,0.029254002936423936,,,,,0,,,,,,,,8,0,0,gaussian_exact,480,0.9310095976248156,6.324555320333569,,,0.5,,,,,,,1,0.1,,,,,0,,,,0,,,,,,,0,V0_gaussian_full_contour,,,0.7,,,,,,raw/gaussian_exact/task_0013_s760014,,,,,2.0880808199271166e-14,1,/home/sunxr/PfQMC-main/reproduction/projector_kitaev/regression_stress/raw/gaussian_exact/task_0013_s760014/result.json,,760014,,,,20,10,13,10,
10,0,,0.025,0.025,,,,,0,,,,,,,,8,0,0,gaussian_exact,480,1.0000000000000013,6.324555320336759,,,1,,,,,,,1,0.1,,,,,0,,,,0,,,,,,,0,V0_gaussian_full_contour,,,0,,,,,,raw/gaussian_exact/task_0014_s760015,,,,,-7.567510993422804e-16,1,/home/sunxr/PfQMC-main/reproduction/projector_kitaev/regression_stress/raw/gaussian_exact/task_0014_s760015/result.json,,760015,,,,20,10,14,10,
10,-0.005609476891599963,,0.023467388641736486,0.023599028416028504,,,,,0,,,,,,,,8,0,0,gaussian_exact,480,0.9686373673220442,6.324555320336759,,,1,,,,,,,1,0.1,,,,,0,,,,0,,,,,,,0,V0_gaussian_full_contour,,,0.7,,,,,,raw/gaussian_exact/task_0015_s760016,,,,,3.683985953066862e-14,1,/home/sunxr/PfQMC-main/reproduction/projector_kitaev/regression_stress/raw/gaussian_exact/task_0015_s760016/result.json,,760016,,,,20,10,15,10,
10,-0.028736863896418496,,0.021746243843321262,0.022371162692905115,,,,,0,,,,,,,,8,0,0,gaussian_exact,480,0.9957412064235739,6.324555320336759,,,1.3,,,,,,,1,0.1,,,,,0,,,,0,,,,,,,0,V0_gaussian_full_contour,,,0,,,,,,raw/gaussian_exact/task_0016_s760017,,,,,-2.6983167273187874e-14,1,/home/sunxr/PfQMC-main/reproduction/projector_kitaev/regression_stress/raw/gaussian_exact/task_0016_s760017/result.json,,760017,,,,20,10,16,10,
10,-0.03318587399229278,,0.020605166878301245,0.021288967349914714,,,,,0,,,,,,,,8,0,0,gaussian_exact,480,0.968871221300885,6.324555320336758,,,1.3,,,,,,,1,0.1,,,,,0,,,,0,,,,,,,0,V0_gaussian_full_contour,,,0.7,,,,,,raw/gaussian_exact/task_0017_s760018,,,,,7.245450229549824e-14,1,/home/sunxr/PfQMC-main/reproduction/projector_kitaev/regression_stress/raw/gaussian_exact/task_0017_s760018/result.json,,760018,,,,20,10,17,10,
10,0.05706650961638593,,0.03419568110069433,0.032244252936322694,,,,,0,,,,,,,,8,1,0,gaussian_exact,480,0.9859113192935014,6.1653675738126745,,,0.5,,,,,,,1,0.1,,,,,0,,,,0,,,,,,,0,V0_gaussian_full_contour,,,0,,,,,,raw/gaussian_exact/task_0018_s760019,,,,,5.858986094186274e-15,1,/home/sunxr/PfQMC-main/reproduction/projector_kitaev/regression_stress/raw/gaussian_exact/task_0018_s760019/result.json,,760019,,,,20,10,18,10,
10,0.02907664754216366,,0.030017688086360676,0.02914487434984296,,,,,0,,,,,,,,8,1,0,gaussian_exact,480,0.9303422879871294,6.164430173832834,,,0.5,,,,,,,1,0.1,,,,,0,,,,0,,,,,,,0,V0_gaussian_full_contour,,,0.7,,,,,,raw/gaussian_exact/task_0019_s760020,,,,,-8.784016857577511e-14,1,/home/sunxr/PfQMC-main/reproduction/projector_kitaev/regression_stress/raw/gaussian_exact/task_0019_s760020/result.json,,760020,,,,20,10,19,10,
10,2.220446049250313e-16,,0.025,0.024999999999999994,,,,,0,,,,,,,,8,1,0,gaussian_exact,480,1.0000000000000018,6.164414002968976,,,1,,,,,,,1,0.1,,,,,0,,,,0,,,,,,,0,V0_gaussian_full_contour,,,0,,,,,,raw/gaussian_exact/task_0020_s760021,,,,,1.2095238583600247e-15,1,/home/sunxr/PfQMC-main/reproduction/projector_kitaev/regression_stress/raw/gaussian_exact/task_0020_s760021/result.json,,760021,,,,20,10,20,10,
10,-0.009199931016646179,,0.02266003935460572,0.02286851015350258,,,,,0,,,,,,,,8,1,0,gaussian_exact,480,0.9686239223537338,6.16441407749012,,,1,,,,,,,1,0.1,,,,,0,,,,0,,,,,,,0,V0_gaussian_full_contour,,,0.7,,,,,,raw/gaussian_exact/task_0021_s760022,,,,,-3.797658200372265e-15,1,/home/sunxr/PfQMC-main/reproduction/projector_kitaev/regression_stress/raw/gaussian_exact/task_0021_s760022/result.json,,760022,,,,20,10,21,10,
10,-0.03246758575707287,,0.021413029918465828,0.022108259303662385,,,,,0,,,,,,,,8,1,0,gaussian_exact,480,0.9978687990654818,6.164414234627923,,,1.3,,,,,,,1,0.1,,,,,0,,,,0,,,,,,,0,V0_gaussian_full_contour,,,0,,,,,,raw/gaussian_exact/task_0022_s760023,,,,,-2.5823686386809657e-16,1,/home/sunxr/PfQMC-main/reproduction/projector_kitaev/regression_stress/raw/gaussian_exact/task_0022_s760023/result.json,,760023,,,,20,10,22,10,
10,-0.042250258471851154,,0.01951145184282506,0.020335815726345494,,,,,0,,,,,,,,8,1,0,gaussian_exact,480,0.9681361565282055,6.164725278177436,,,1.3,,,,,,,1,0.1,,,,,0,,,,0,,,,,,,0,V0_gaussian_full_contour,,,0.7,,,,,,raw/gaussian_exact/task_0023_s760024,,,,,-6.161852600705146e-14,1,/home/sunxr/PfQMC-main/reproduction/projector_kitaev/regression_stress/raw/gaussian_exact/task_0023_s760024/result.json,,760024,,,,20,10,23,10,
20,0.013603591176276852,,0.01666610215418316,0.016439383313975587,,,,,0,,,,,,,,8,0,0,gaussian_exact,480,0.9716176313414999,8.944271909998514,,,0.5,,,,,,,1,0.1,,,,,0,,,,0,,,,,,,0,V0_gaussian_full_contour,,,0,,,,,,raw/gaussian_exact/task_0024_s760025,,,,,1.1017836159881125e-14,1,/home/sunxr/PfQMC-main/reproduction/projector_kitaev/regression_stress/raw/gaussian_exact/task_0024_s760025/result.json,,760025,,,,20,10,24,10,
20,0.008279856720401768,,0.015218643791122003,0.015092635601052682,,,,,0,,,,,,,,8,0,0,gaussian_exact,480,0.9308639627344957,8.944271909993441,,,0.5,,,,,,,1,0.1,,,,,0,,,,0,,,,,,,0,V0_gaussian_full_contour,,,0.7,,,,,,raw/gaussian_exact/task_0025_s760026,,,,,7.302736034037158e-14,1,/home/sunxr/PfQMC-main/reproduction/projector_kitaev/regression_stress/raw/gaussian_exact/task_0025_s760026/result.json,,760026,,,,20,10,25,10,
20,0,,0.0125,0.0125,,,,,0,,,,,,,,8,0,0,gaussian_exact,480,1.0000000000000016,8.94427190999916,,,1,,,,,,,1,0.1,,,,,0,,,,0,,,,,,,0,V0_gaussian_full_contour,,,0,,,,,,raw/gaussian_exact/task_0026_s760027,,,,,2.6460049278762613e-15,1,/home/sunxr/PfQMC-main/reproduction/projector_kitaev/regression_stress/raw/gaussian_exact/task_0026_s760027/result.json,,760027,,,,20,10,26,10,
20,-0.0014287534666805879,,0.011732930723836958,0.011749694189282964,,,,,0,,,,,,,,8,0,0,gaussian_exact,480,0.9686330704294032,8.944271909999163,,,1,,,,,,,1,0.1,,,,,0,,,,0,,,,,,,0,V0_gaussian_full_contour,,,0.7,,,,,,raw/gaussian_exact/task_0027_s760028,,,,,1.0751425251384108e-13,1,/home/sunxr/PfQMC-main/reproduction/projector_kitaev/regression_stress/raw/gaussian_exact/task_0027_s760028/result.json,,760028,,,,20,10,27,10,
20,-0.007459108019357563,,0.010869565351667311,0.010950642613748864,,,,,0,,,,,,,,8,0,0,gaussian_exact,480,0.9957330270488581,8.944271909999157,,,1.3,,,,,,,1,0.1,,,,,0,,,,0,,,,,,,0,V0_gaussian_full_contour,,,0,,,,,,raw/gaussian_exact/task_0028_s760029,,,,,-3.590775044244602e-14,1,/home/sunxr/PfQMC-main/reproduction/projector_kitaev/regression_stress/raw/gaussian_exact/task_0028_s760029/result.json,,760029,,,,20,10,28,10,
20,-0.00873610476786757,,0.010274336447508968,0.010364094127134727,,,,,0,,,,,,,,8,0,0,gaussian_exact,480,0.9686023652343292,8.94427190999916,,,1.3,,,,,,,1,0.1,,,,,0,,,,0,,,,,,,0,V0_gaussian_full_contour,,,0.7,,,,,,raw/gaussian_exact/task_0029_s760030,,,,,-8.829989670562041e-14,1,/home/sunxr/PfQMC-main/reproduction/projector_kitaev/regression_stress/raw/gaussian_exact/task_0029_s760030/result.json,,760030,,,,20,10,29,10,
20,0.014282926612052771,,0.01687500031212278,0.016633975921086362,,,,,0,,,,,,,,8,1,0,gaussian_exact,480,0.985911165990566,8.831760877642733,,,0.5,,,,,,,1,0.1,,,,,0,,,,0,,,,,,,0,V0_gaussian_full_contour,,,0,,,,,,raw/gaussian_exact/task_0030_s760031,,,,,-4.7893086228881625e-15,1,/home/sunxr/PfQMC-main/reproduction/projector_kitaev/regression_stress/raw/gaussian_exact/task_0030_s760031/result.json,,760031,,,,20,10,30,10,
20,0.007652665491110766,,0.015113276314480707,0.01499761946637126,,,,,0,,,,,,,,8,1,0,gaussian_exact,480,0.9308681098989672,8.831760872540547,,,0.5,,,,,,,1,0.1,,,,,0,,,,0,,,,,,,0,V0_gaussian_full_contour,,,0.7,,,,,,raw/gaussian_exact/task_0031_s760032,,,,,-7.013800152318111e-14,1,/home/sunxr/PfQMC-main/reproduction/projector_kitaev/regression_stress/raw/gaussian_exact/task_0031_s760032/result.json,,760032,,,,20,10,31,10,
20,0,,0.0125,0.0125,,,,,0,,,,,,,,8,1,0,gaussian_exact,480,1.0000000000000016,8.831760866327848,,,1,,,,,,,1,0.1,,,,,0,,,,0,,,,,,,0,V0_gaussian_full_contour,,,0,,,,,,raw/gaussian_exact/task_0032_s760033,,,,,-6.103560768915177e-16,1,/home/sunxr/PfQMC-main/reproduction/projector_kitaev/regression_stress/raw/gaussian_exact/task_0032_s760033/result.json,,760033,,,,20,10,32,10,
20,-0.001873148613628528,,0.011531476147157637,0.011553076315715775,,,,,0,,,,,,,,8,1,0,gaussian_exact,480,0.9686330701634471,8.831760866327812,,,1,,,,,,,1,0.1,,,,,0,,,,0,,,,,,,0,V0_gaussian_full_contour,,,0.7,,,,,,raw/gaussian_exact/task_0033_s760034,,,,,3.6314983820477053e-14,1,/home/sunxr/PfQMC-main/reproduction/projector_kitaev/regression_stress/raw/gaussian_exact/task_0033_s760034/result.json,,760034,,,,20,10,33,10,
20,-0.007903255007639887,,0.010788043478260692,0.010873304136902892,,,,,0,,,,,,,,8,1,0,gaussian_exact,480,0.9978687990523102,8.831760866327818,,,1.3,,,,,,,1,0.1,,,,,0,,,,0,,,,,,,0,V0_gaussian_full_contour,,,0,,,,,,raw/gaussian_exact/task_0034_s760035,,,,,1.1112886853557684e-15,1,/home/sunxr/PfQMC-main/reproduction/projector_kitaev/regression_stress/raw/gaussian_exact/task_0034_s760035/result.json,,760035,,,,20,10,34,10,
20,-0.009753015332406134,,0.010016455461768457,0.010114146105463448,,,,,0,,,,,,,,8,1,0,gaussian_exact,480,0.9686011888674448,8.83176086745169,,,1.3,,,,,,,1,0.1,,,,,0,,,,0,,,,,,,0,V0_gaussian_full_contour,,,0.7,,,,,,raw/gaussian_exact/task_0035_s760036,,,,,-7.38548740212548e-14,1,/home/sunxr/PfQMC-main/reproduction/projector_kitaev/regression_stress/raw/gaussian_exact/task_0035_s760036/result.json,,760036,,,,20,10,35,10,
40,0.0034537492522827007,,0.008333333328554798,0.00830455208480228,,,,,0,,,,,,,,8,0,0,gaussian_exact,480,0.9716149753023282,12.649110640672722,,,0.5,,,,,,,1,0.1,,,,,0,,,,0,,,,,,,0,V0_gaussian_full_contour,,,0,,,,,,raw/gaussian_exact/task_0036_s760037,,,,,-5.686369994015715e-14,1,/home/sunxr/PfQMC-main/reproduction/projector_kitaev/regression_stress/raw/gaussian_exact/task_0036_s760037/result.json,,760037,,,,20,10,36,10,
40,0.0020625352411612896,,0.007609387795473861,0.0075936931649820336,,,,,0,,,,,,,,8,0,0,gaussian_exact,480,0.9308659358606368,12.649110640664293,,,0.5,,,,,,,1,0.1,,,,,0,,,,0,,,,,,,0,V0_gaussian_full_contour,,,0.7,,,,,,raw/gaussian_exact/task_0037_s760038,,,,,1.7121651689363998e-13,1,/home/sunxr/PfQMC-main/reproduction/projector_kitaev/regression_stress/raw/gaussian_exact/task_0037_s760038/result.json,,760038,,,,20,10,37,10,
40,0,,0.00625,0.00625,,,,,0,,,,,,,,8,0,0,gaussian_exact,480,1.0000000000000018,12.649110640673518,,,1,,,,,,,1,0.1,,,,,0,,,,0,,,,,,,0,V0_gaussian_full_contour,,,0,,,,,,raw/gaussian_exact/task_0038_s760039,,,,,-1.3778599728022515e-16,1,/home/sunxr/PfQMC-main/reproduction/projector_kitaev/regression_stress/raw/gaussian_exact/task_0038_s760039/result.json,,760039,,,,20,10,38,10,
40,-0.0003587500531949672,,0.005866465354773895,0.005868569949531986,,,,,0,,,,,,,,8,0,0,gaussian_exact,480,0.9686330703424942,12.649110640673497,,,1,,,,,,,1,0.1,,,,,0,,,,0,,,,,,,0,V0_gaussian_full_contour,,,0.7,,,,,,raw/gaussian_exact/task_0039_s760040,,,,,5.802085725219394e-14,1,/home/sunxr/PfQMC-main/reproduction/projector_kitaev/regression_stress/raw/gaussian_exact/task_0039_s760040/result.json,,760040,,,,20,10,39,10,
40,-0.0018781039314954562,,0.005434782608695643,0.005444989695279858,,,,,0,,,,,,,,8,0,0,gaussian_exact,480,0.995733026813069,12.649110640673518,,,1.3,,,,,,,1,0.1,,,,,0,,,,0,,,,,,,0,V0_gaussian_full_contour,,,0,,,,,,raw/gaussian_exact/task_0040_s760041,,,,,6.067888694195119e-14,1,/home/sunxr/PfQMC-main/reproduction/projector_kitaev/regression_stress/raw/gaussian_exact/task_0040_s760041/result.json,,760041,,,,20,10,40,10,
40,-0.002198403868790555,,0.005137146728311085,0.005148440251553148,,,,,0,,,,,,,,8,0,0,gaussian_exact,480,0.9686019062643227,12.649110640673506,,,1.3,,,,,,,1,0.1,,,,,0,,,,0,,,,,,,0,V0_gaussian_full_contour,,,0.7,,,,,,raw/gaussian_exact/task_0041_s760042,,,,,-1.8519948763142856e-13,1,/home/sunxr/PfQMC-main/reproduction/projector_kitaev/regression_stress/raw/gaussian_exact/task_0041_s760042/result.json,,760042,,,,20,10,41,10,
40,0.003538704259008707,,0.00838541666666763,0.008355743156995731,,,,,0,,,,,,,,8,1,0,gaussian_exact,480,0.9859111659896803,12.56980508997594,,,0.5,,,,,,,1,0.1,,,,,0,,,,0,,,,,,,0,V0_gaussian_full_contour,,,0,,,,,,raw/gaussian_exact/task_0042_s760043,,,,,2.7939381349919056e-15,1,/home/sunxr/PfQMC-main/reproduction/projector_kitaev/regression_stress/raw/gaussian_exact/task_0042_s760043/result.json,,760043,,,,20,10,42,10,
40,0.0019820007460371603,,0.007583012982223328,0.007567983444835352,,,,,0,,,,,,,,8,1,0,gaussian_exact,480,0.9308681406286395,12.569805089969329,,,0.5,,,,,,,1,0.1,,,,,0,,,,0,,,,,,,0,V0_gaussian_full_contour,,,0.7,,,,,,raw/gaussian_exact/task_0043_s760044,,,,,1.223546529454491e-13,1,/home/sunxr/PfQMC-main/reproduction/projector_kitaev/regression_stress/raw/gaussian_exact/task_0043_s760044/result.json,,760044,,,,20,10,43,10,
40,0,,0.00625,0.00625,,,,,0,,,,,,,,8,1,0,gaussian_exact,480,1.0000000000000033,12.569805089976535,,,1,,,,,,,1,0.1,,,,,0,,,,0,,,,,,,0,V0_gaussian_full_contour,,,0,,,,,,raw/gaussian_exact/task_0044_s760045,,,,,1.1424000693413015e-15,1,/home/sunxr/PfQMC-main/reproduction/projector_kitaev/regression_stress/raw/gaussian_exact/task_0044_s760045/result.json,,760045,,,,20,10,44,10,
40,-0.0004139429433513975,,0.0058161017141765865,0.005818509248438984,,,,,0,,,,,,,,8,1,0,gaussian_exact,480,0.9686330703424892,12.56980508997661,,,1,,,,,,,1,0.1,,,,,0,,,,0,,,,,,,0,V0_gaussian_full_contour,,,0.7,,,,,,raw/gaussian_exact/task_0045_s760046,,,,,1.1785520314005015e-13,1,/home/sunxr/PfQMC-main/reproduction/projector_kitaev/regression_stress/raw/gaussian_exact/task_0045_s760046/result.json,,760046,,,,20,10,45,10,
40,-0.0019338990956188074,,0.005414402173913036,0.005424873081380483,,,,,0,,,,,,,,8,1,0,gaussian_exact,480,0.9978687990523202,12.569805089976525,,,1.3,,,,,,,1,0.1,,,,,0,,,,0,,,,,,,0,V0_gaussian_full_contour,,,0,,,,,,raw/gaussian_exact/task_0046_s760047,,,,,3.2014522554581124e-15,1,/home/sunxr/PfQMC-main/reproduction/projector_kitaev/regression_stress/raw/gaussian_exact/task_0046_s760047/result.json,,760047,,,,20,10,46,10,
40,-0.0023248101527175713,,0.005072687233082022,0.005084480267863052,,,,,0,,,,,,,,8,1,0,gaussian_exact,480,0.9686019062599491,12.569805089976548,,,1.3,,,,,,,1,0.1,,,,,0,,,,0,,,,,,,0,V0_gaussian_full_contour,,,0.7,,,,,,raw/gaussian_exact/task_0047_s760048,,,,,1.3084847842492474e-13,1,/home/sunxr/PfQMC-main/reproduction/projector_kitaev/regression_stress/raw/gaussian_exact/task_0047_s760048/result.json,,760048,,,,20,10,47,10,
80,0.0008664375114877387,,0.004166666666667391,0.0041630565103695245,,,,,0,,,,,,,,8,0,0,gaussian_exact,480,0.9716149752693521,17.88854381999722,,,0.5,,,,,,,1,0.1,,,,,0,,,,0,,,,,,,0,V0_gaussian_full_contour,,,0,,,,,,raw/gaussian_exact/task_0048_s760049,,,,,-5.6152887258031824e-14,1,/home/sunxr/PfQMC-main/reproduction/projector_kitaev/regression_stress/raw/gaussian_exact/task_0048_s760049/result.json,,760049,,,,20,10,48,10,
80,0.0005151400894146674,,0.0038046938972264677,0.003802733946872055,,,,,0,,,,,,,,8,0,0,gaussian_exact,480,0.930865935870973,17.888543819985188,,,0.5,,,,,,,1,0.1,,,,,0,,,,0,,,,,,,0,V0_gaussian_full_contour,,,0.7,,,,,,raw/gaussian_exact/task_0049_s760050,,,,,1.6691645797781686e-13,1,/home/sunxr/PfQMC-main/reproduction/projector_kitaev/regression_stress/raw/gaussian_exact/task_0049_s760050/result.json,,760050,,,,20,10,49,10,
80,0,,0.003125,0.003125,,,,,0,,,,,,,,8,0,0,gaussian_exact,480,1.0000000000000036,17.88854381999832,,,1,,,,,,,1,0.1,,,,,0,,,,0,,,,,,,0,V0_gaussian_full_contour,,,0,,,,,,raw/gaussian_exact/task_0050_s760051,,,,,-5.2012266720839434e-15,1,/home/sunxr/PfQMC-main/reproduction/projector_kitaev/regression_stress/raw/gaussian_exact/task_0050_s760051/result.json,,760051,,,,20,10,50,10,
80,-8.978509043333638e-05,,0.0029332326773869356,0.0029334960379481367,,,,,0,,,,,,,,8,0,0,gaussian_exact,480,0.9686330703424889,17.888543819998223,,,1,,,,,,,1,0.1,,,,,0,,,,0,,,,,,,0,V0_gaussian_full_contour,,,0.7,,,,,,raw/gaussian_exact/task_0051_s760052,,,,,-4.3275806714136813e-13,1,/home/sunxr/PfQMC-main/reproduction/projector_kitaev/regression_stress/raw/gaussian_exact/task_0051_s760052/result.json,,760052,,,,20,10,51,10,
80,-0.00047036476388773174,,0.002717391304347833,0.002718669469467093,,,,,0,,,,,,,,8,0,0,gaussian_exact,480,0.995733026813079,17.888543819998333,,,1.3,,,,,,,1,0.1,,,,,0,,,,0,,,,,,,0,V0_gaussian_full_contour,,,0,,,,,,raw/gaussian_exact/task_0052_s760053,,,,,3.6652900422119e-14,1,/home/sunxr/PfQMC-main/reproduction/projector_kitaev/regression_stress/raw/gaussian_exact/task_0052_s760053/result.json,,760053,,,,20,10,52,10,
80,-0.0005505001546919353,,0.002568573364117191,0.002569987364151475,,,,,0,,,,,,,,8,0,0,gaussian_exact,480,0.9686019062626008,17.88854381999823,,,1.3,,,,,,,1,0.1,,,,,0,,,,0,,,,,,,0,V0_gaussian_full_contour,,,0.7,,,,,,raw/gaussian_exact/task_0053_s760054,,,,,-3.407000821540972e-13,1,/home/sunxr/PfQMC-main/reproduction/projector_kitaev/regression_stress/raw/gaussian_exact/task_0053_s760054/result.json,,760054,,,,20,10,53,10,
80,0.0008771778880457548,,0.004179687500000603,0.004176021170546661,,,,,0,,,,,,,,8,1,0,gaussian_exact,480,0.9859111659896796,17.832554500126026,,,0.5,,,,,,,1,0.1,,,,,0,,,,0,,,,,,,0,V0_gaussian_full_contour,,,0,,,,,,raw/gaussian_exact/task_0054_s760055,,,,,4.157103067305036e-15,1,/home/sunxr/PfQMC-main/reproduction/projector_kitaev/regression_stress/raw/gaussian_exact/task_0054_s760055/result.json,,760055,,,,20,10,54,10,
80,0.0005050167553793949,,0.003798100194169079,0.003796182089932414,,,,,0,,,,,,,,8,1,0,gaussian_exact,480,0.9308681406286367,17.832554500115382,,,0.5,,,,,,,1,0.1,,,,,0,,,,0,,,,,,,0,V0_gaussian_full_contour,,,0.7,,,,,,raw/gaussian_exact/task_0055_s760056,,,,,1.899958283219907e-14,1,/home/sunxr/PfQMC-main/reproduction/projector_kitaev/regression_stress/raw/gaussian_exact/task_0055_s760056/result.json,,760056,,,,20,10,55,10,
80,0,,0.003125,0.003125,,,,,0,,,,,,,,8,1,0,gaussian_exact,480,1.000000000000003,17.832554500127006,,,1,,,,,,,1,0.1,,,,,0,,,,0,,,,,,,0,V0_gaussian_full_contour,,,0,,,,,,raw/gaussian_exact/task_0056_s760057,,,,,-2.003781812880155e-15,1,/home/sunxr/PfQMC-main/reproduction/projector_kitaev/regression_stress/raw/gaussian_exact/task_0056_s760057/result.json,,760057,,,,20,10,56,10,
80,-9.665831398852909e-05,,0.0029206417672375663,0.0029209240715465518,,,,,0,,,,,,,,8,1,0,gaussian_exact,480,0.9686330703424898,17.832554500126943,,,1,,,,,,,1,0.1,,,,,0,,,,0,,,,,,,0,V0_gaussian_full_contour,,,0.7,,,,,,raw/gaussian_exact/task_0057_s760058,,,,,1.1761267146467656e-13,1,/home/sunxr/PfQMC-main/reproduction/projector_kitaev/regression_stress/raw/gaussian_exact/task_0057_s760058/result.json,,760058,,,,20,10,57,10,
80,-0.00047734143914257565,,0.0027122961956522096,0.0027135908870216234,,,,,0,,,,,,,,8,1,0,gaussian_exact,480,0.997868799052315,17.83255450012706,,,1.3,,,,,,,1,0.1,,,,,0,,,,0,,,,,,,0,V0_gaussian_full_contour,,,0,,,,,,raw/gaussian_exact/task_0058_s760059,,,,,-1.7238342869578838e-15,1,/home/sunxr/PfQMC-main/reproduction/projector_kitaev/regression_stress/raw/gaussian_exact/task_0058_s760059/result.json,,760059,,,,20,10,58,10,
80,-0.0005662313464829261,,0.002552458490329071,0.0025539037723368917,,,,,0,,,,,,,,8,1,0,gaussian_exact,480,0.9686019062625998,17.832554500126943,,,1.3,,,,,,,1,0.1,,,,,0,,,,0,,,,,,,0,V0_gaussian_full_contour,,,0.7,,,,,,raw/gaussian_exact/task_0059_s760060,,,,,-1.4245696538171605e-13,1,/home/sunxr/PfQMC-main/reproduction/projector_kitaev/regression_stress/raw/gaussian_exact/task_0059_s760060/result.json,,760060,,,,20,10,59,10,
6,0.1805664918580545,6.3675657488593765e-18,0.059523809523809534,0.04877580405606819,0,,0,,0,1,False,0,,,1,0,8,0,10,gaussian_qmc,,,,4.898979485566355,,0.5,4.440892098500626e-16,4.85722573273506e-17,0,20,2.5729320951559264e-15,0,1,0.1,,,0,,0,0.1,0,,0,,,,1.4835696008186793e-18,,2.2426462657414374e-14,20,,inf,static_regression_projector,0,False,0,0,physical_density_SQ_equals_minus_legacy_contact_already_included,,raw/gaussian_qmc/task_0000_s760001,200,0,0,0,,,/home/sunxr/PfQMC-main/reproduction/projector_kitaev/regression_stress/raw/gaussian_qmc/task_0000_s760001/result.json,1.346777928,760001,0,20,1,20,10,0,10,80
6,0.13612303928478875,6.3675657488593765e-18,0.051742980465012814,0.04469956870246182,1.5918914372148441e-18,,0,,0,1,False,0,,,1,0,8,0,10,gaussian_qmc,,,,4.898979485554663,,0.5,4.440892098500626e-16,6.938893903907228e-17,0,20,8.33942989191361e-15,0,1,0.1,,,0,,0,0.1,0,,0,,,,1.4596490546168126e-18,,6.357191440046834e-15,20,,inf,static_regression_projector,0.7,False,0,0,physical_density_SQ_equals_minus_legacy_contact_already_included,,raw/gaussian_qmc/task_0001_s760002,200,0,0,0,,,/home/sunxr/PfQMC-main/reproduction/projector_kitaev/regression_stress/raw/gaussian_qmc/task_0001_s760002/result.json,1.400997353,760002,0,20,1,20,10,1,10,80
6,-2.220446049250313e-16,0,0.04166666666666665,0.04166666666666666,1.5918914372148441e-18,,1.5918914372148441e-18,,0,1,False,0,,,1,0,8,0,10,gaussian_qmc,,,,4.898979485566356,,1,0,0,0,20,4.3988537647931016e-16,0,1,0.1,,,0,,0,0.1,0,,0,,,,3.653923248692245e-18,,2.4892413682157484e-17,20,,inf,static_regression_projector,0,False,0,0,physical_density_SQ_equals_minus_legacy_contact_already_included,,raw/gaussian_qmc/task_0002_s760003,200,0,0,0,,,/home/sunxr/PfQMC-main/reproduction/projector_kitaev/regression_stress/raw/gaussian_qmc/task_0002_s760003/result.json,1.415681316,760003,0,20,1,20,10,2,10,80
6,-0.013578563240565389,0,0.03934268335972904,0.03987690047378266,1.5918914372148441e-18,,1.5918914372148441e-18,,0,1,False,0,,,1,0,8,0,10,gaussian_qmc,,,,4.898979485566356,,1,0,1.3877787807814457e-17,0,20,2.448755151070495e-15,0,1,0.1,,,0,,0,0.1,0,,0,,,,6.539866193601843e-18,,4.51021673029624e-14,20,,inf,static_regression_projector,0.7,False,0,0,physical_density_SQ_equals_minus_legacy_contact_already_included,,raw/gaussian_qmc/task_0003_s760004,200,0,0,0,,,/home/sunxr/PfQMC-main/reproduction/projector_kitaev/regression_stress/raw/gaussian_qmc/task_0003_s760004/result.json,1.757876488,760004,0,20,1,20,10,3,10,80
6,-0.05746431213766878,0,0.036930258099945094,0.03905242997872501,1.5918914372148441e-18,,0,,0,1,False,0,,,1,0,8,0,10,gaussian_qmc,,,,4.898979485566357,,1.3,4.440892098500626e-16,2.7755575615628914e-17,0,20,1.7394976096737841e-15,0,1,0.1,,,0,,0,0.1,0,,0,,,,7.399874629438175e-18,,3.978238184671259e-15,20,,inf,static_regression_projector,0,False,0,0,physical_density_SQ_equals_minus_legacy_contact_already_included,,raw/gaussian_qmc/task_0004_s760005,200,0,0,0,,,/home/sunxr/PfQMC-main/reproduction/projector_kitaev/regression_stress/raw/gaussian_qmc/task_0004_s760005/result.json,1.386069917,760005,0,20,1,20,10,4,10,80
6,-0.06117438937324193,0,0.03579127740704055,0.037980786947304564,0,,1.5918914372148441e-18,,0,1,False,0,,,1,0,8,0,10,gaussian_qmc,,,,4.898979485566356,,1.3,0,2.7755575615628914e-17,0,20,6.962463280960992e-15,0,1,0.1,,,0,,0,0.1,0,,0,,,,5.2779372015651185e-18,,5.797217856975145e-14,20,,inf,static_regression_projector,0.7,False,0,0,physical_density_SQ_equals_minus_legacy_contact_already_included,,raw/gaussian_qmc/task_0005_s760006,200,0,0,0,,,/home/sunxr/PfQMC-main/reproduction/projector_kitaev/regression_stress/raw/gaussian_qmc/task_0005_s760006/result.json,1.394387837,760006,0,20,1,20,10,5,10,80
6,0.18044259526458717,6.3675657488593765e-18,0.060651732842860386,0.04970757676140026,1.5918914372148441e-18,,1.5918914372148441e-18,,0,1,False,0,,,1,0,8,1,10,gaussian_qmc,,,,4.766656088020613,,0.5,5.551115123125783e-16,1.457167719820518e-16,0,20,5.2592900053944355e-15,0,1,0.1,,,0,,0,0.1,0,,0,,,,6.975635027660911e-18,,7.3858645425239e-15,20,,inf,static_regression_projector,0,False,0,0,physical_density_SQ_equals_minus_legacy_contact_already_included,,raw/gaussian_qmc/task_0006_s760007,200,0,0,0,,,/home/sunxr/PfQMC-main/reproduction/projector_kitaev/regression_stress/raw/gaussian_qmc/task_0006_s760007/result.json,1.350368044,760007,0,20,1,20,10,6,10,80
6,0.06018872546824239,4.775674311644532e-18,0.049774010721161534,0.046778176454412186,0,,3.1837828744296883e-18,,0,1,False,0,,,1,0,8,1,10,gaussian_qmc,,,,4.759304587470333,,0.5,7.771561172376096e-16,6.938893903907228e-18,0,20,5.851042311744545e-15,0,1,0.1,,,0,,0,0.1,0,,0,,,,9.85152264050602e-18,,7.242629005635656e-15,20,,inf,static_regression_projector,0.7,False,0,0,physical_density_SQ_equals_minus_legacy_contact_already_included,,raw/gaussian_qmc/task_0007_s760008,200,0,0,0,,,/home/sunxr/PfQMC-main/reproduction/projector_kitaev/regression_stress/raw/gaussian_qmc/task_0007_s760008/result.json,1.472623934,760008,0,20,1,20,10,7,10,80
6,0,0,0.04166666666666665,0.04166666666666665,1.5918914372148441e-18,,1.5918914372148441e-18,,0,1,False,0,,,1,0,8,1,10,gaussian_qmc,,,,4.69041575982343,,1,0,0,0,20,3.365182023483386e-16,0,1,0.1,,,0,,0,0.1,0,,0,,,,1.252013417279143e-18,,3.594226939377463e-18,20,,inf,static_regression_projector,0,False,0,0,physical_density_SQ_equals_minus_legacy_contact_already_included,,raw/gaussian_qmc/task_0008_s760009,200,0,0,0,,,/home/sunxr/PfQMC-main/reproduction/projector_kitaev/regression_stress/raw/gaussian_qmc/task_0008_s760009/result.json,1.585009431,760009,0,20,1,20,10,8,10,80
6,-0.031738596284967446,0,0.03684291305251618,0.038012255395852144,1.5918914372148441e-18,,1.5918914372148441e-18,,0,1,False,0,,,1,0,8,1,10,gaussian_qmc,,,,4.690850090112019,,1,2.220446049250313e-16,3.469446951953614e-17,0,20,3.134544970502121e-15,0,1,0.1,,,0,,0,0.1,0,,0,,,,3.6242977269644126e-18,,1.306654255598717e-13,20,,inf,static_regression_projector,0.7,False,0,0,physical_density_SQ_equals_minus_legacy_contact_already_included,,raw/gaussian_qmc/task_0009_s760010,200,0,0,0,,,/home/sunxr/PfQMC-main/reproduction/projector_kitaev/regression_stress/raw/gaussian_qmc/task_0009_s760010/result.json,1.154242565,760010,0,20,1,20,10,9,10,80
6,-0.09219375968040322,0,0.035261612097939876,0.03851251268964094,1.5918914372148441e-18,,0,,0,1,False,0,,,1,0,8,1,10,gaussian_qmc,,,,4.69146407876993,,1.3,2.220446049250313e-16,9.020562075079397e-17,0,20,3.0663808946335826e-15,0,1,0.1,,,0,,0,0.1,0,,0,,,,4.818676167476973e-19,,0,20,,inf,static_regression_projector,0,False,0,0,physical_density_SQ_equals_minus_legacy_contact_already_included,,raw/gaussian_qmc/task_0010_s760011,200,0,0,0,,,/home/sunxr/PfQMC-main/reproduction/projector_kitaev/regression_stress/raw/gaussian_qmc/task_0010_s760011/result.json,1.675540261,760011,0,20,1,20,10,10,10,80
6,-0.1498891323772824,0,0.03018810135364679,0.03471296967366237,1.5918914372148441e-18,,7.959457186074221e-19,,0,1,False,0,,,1,0,8,1,10,gaussian_qmc,,,,4.736094468082637,,1.3,4.440892098500626e-16,8.673617379884035e-17,0,20,4.008727717561908e-15,0,1,0.1,,,0,,0,0.1,0,,0,,,,8.843575230419512e-18,,6.998098096084101e-14,20,,inf,static_regression_projector,0.7,False,0,0,physical_density_SQ_equals_minus_legacy_contact_already_included,,raw/gaussian_qmc/task_0011_s760012,200,0,0,0,,,/home/sunxr/PfQMC-main/reproduction/projector_kitaev/regression_stress/raw/gaussian_qmc/task_0011_s760012/result.json,1.838460884,760012,0,20,1,20,10,11,10,80
10,0.05799576459204703,0,0.03360655737704942,0.03165751938666094,0,,0,,0,1,False,0,,,1,0,8,0,10,gaussian_qmc,,,,6.324555320336716,,0.5,1.1102230246251565e-16,0,0,20,2.1184578052653958e-15,0,1,0.1,,,0,,0,0.1,0,,0,,,,1.1055212803743758e-18,,1.3970693526919704e-14,20,,inf,static_regression_projector,0,False,0,0,physical_density_SQ_equals_minus_legacy_contact_already_included,,raw/gaussian_qmc/task_0012_s760013,200,0,0,0,,,/home/sunxr/PfQMC-main/reproduction/projector_kitaev/regression_stress/raw/gaussian_qmc/task_0012_s760013/result.json,4.41029069,760013,0,20,1,20,10,12,10,80
10,0.0348992738240822,0,0.030311865013654023,0.029254002936423894,7.959457186074221e-19,,7.959457186074221e-19,,0,1,False,0,,,1,0,8,0,10,gaussian_qmc,,,,6.324555320333568,,0.5,3.3306690738754696e-16,1.0408340855860843e-17,0,20,5.780413441523107e-15,0,1,0.1,,,0,,0,0.1,0,,0,,,,3.1123054603310805e-18,,2.0880808199271166e-14,20,,inf,static_regression_projector,0.7,False,0,0,physical_density_SQ_equals_minus_legacy_contact_already_included,,raw/gaussian_qmc/task_0013_s760014,200,0,0,0,,,/home/sunxr/PfQMC-main/reproduction/projector_kitaev/regression_stress/raw/gaussian_qmc/task_0013_s760014/result.json,3.727587769,760014,0,20,1,20,10,13,10,80
10,0,0,0.025000000000000005,0.025000000000000005,7.959457186074221e-19,,7.959457186074221e-19,,0,1,False,0,,,1,0,8,0,10,gaussian_qmc,,,,6.324555320336759,,1,0,0,0,20,3.0030358249319535e-16,0,1,0.1,,,0,,0,0.1,0,,0,,,,4.573474124760842e-19,,7.567510993422804e-16,20,,inf,static_regression_projector,0,False,0,0,physical_density_SQ_equals_minus_legacy_contact_already_included,,raw/gaussian_qmc/task_0014_s760015,200,0,0,0,,,/home/sunxr/PfQMC-main/reproduction/projector_kitaev/regression_stress/raw/gaussian_qmc/task_0014_s760015/result.json,3.934547039,760015,0,20,1,20,10,14,10,80
10,-0.005609476891600407,0,0.023467388641736482,0.023599028416028508,7.959457186074221e-19,,7.959457186074221e-19,,0,1,False,0,,,1,0,8,0,10,gaussian_qmc,,,,6.324555320336758,,1,2.220446049250313e-16,6.938893903907228e-18,0,20,4.079653023936675e-15,0,1,0.1,,,0,,0,0.1,0,,0,,,,1.0261642398796623e-18,,3.683985953066862e-14,20,,inf,static_regression_projector,0.7,False,0,0,physical_density_SQ_equals_minus_legacy_contact_already_included,,raw/gaussian_qmc/task_0015_s760016,200,0,0,0,,,/home/sunxr/PfQMC-main/reproduction/projector_kitaev/regression_stress/raw/gaussian_qmc/task_0015_s760016/result.json,4.320816368,760016,0,20,1,20,10,15,10,80
10,-0.02873686389641894,0,0.02174624384332126,0.02237116269290512,0,,7.959457186074221e-19,,0,1,False,0,,,1,0,8,0,10,gaussian_qmc,,,,6.324555320336758,,1.3,2.220446049250313e-16,0,0,20,1.689162692079725e-15,0,1,0.1,,,0,,0,0.1,0,,0,,,,1.9465453347518864e-18,,2.6983167273187874e-14,20,,inf,static_regression_projector,0,False,0,0,physical_density_SQ_equals_minus_legacy_contact_already_included,,raw/gaussian_qmc/task_0016_s760017,200,0,0,0,,,/home/sunxr/PfQMC-main/reproduction/projector_kitaev/regression_stress/raw/gaussian_qmc/task_0016_s760017/result.json,3.71037931,760017,0,20,1,20,10,16,10,80
10,-0.03318587399229167,0,0.020605166878301214,0.02128896734991466,7.959457186074221e-19,,0,,0,1,False,0,,,1,0,8,0,10,gaussian_qmc,,,,6.324555320336758,,1.3,2.220446049250313e-16,6.938893903907228e-18,0,20,7.693618776157596e-15,0,1,0.1,,,0,,0,0.1,0,,0,,,,2.0531276707036866e-18,,7.245450229549824e-14,20,,inf,static_regression_projector,0.7,False,0,0,physical_density_SQ_equals_minus_legacy_contact_already_included,,raw/gaussian_qmc/task_0017_s760018,200,0,0,0,,,/home/sunxr/PfQMC-main/reproduction/projector_kitaev/regression_stress/raw/gaussian_qmc/task_0017_s760018/result.json,4.480452972,760018,0,20,1,20,10,17,10,80
10,0.05706650961638515,0,0.034195681100694195,0.03224425293632259,1.5918914372148441e-18,,1.5918914372148441e-18,,0,1,False,0,,,1,0,8,1,10,gaussian_qmc,,,,6.1653675738126665,,0.5,0,9.020562075079397e-17,0,20,6.343078410807398e-15,0,1,0.1,,,0,,0,0.1,0,,0,,,,3.79097237581432e-18,,5.858986094186274e-15,20,,inf,static_regression_projector,0,False,0,0,physical_density_SQ_equals_minus_legacy_contact_already_included,,raw/gaussian_qmc/task_0018_s760019,200,0,0,0,,,/home/sunxr/PfQMC-main/reproduction/projector_kitaev/regression_stress/raw/gaussian_qmc/task_0018_s760019/result.json,4.36386826,760019,0,20,1,20,10,18,10,80
10,0.02907664754216366,0,0.030017688086360673,0.029144874349842958,0,,2.387837155822266e-18,,0,1,False,0,,,1,0,8,1,10,gaussian_qmc,,,,6.164430173832834,,0.5,6.661338147750939e-16,1.3877787807814457e-17,0,20,7.75147967461175e-15,0,1,0.1,,,0,,0,0.1,0,,0,,,,1.7323081280854545e-18,,8.784016857577511e-14,20,,inf,static_regression_projector,0.7,False,0,0,physical_density_SQ_equals_minus_legacy_contact_already_included,,raw/gaussian_qmc/task_0019_s760020,200,0,0,0,,,/home/sunxr/PfQMC-main/reproduction/projector_kitaev/regression_stress/raw/gaussian_qmc/task_0019_s760020/result.json,2.909382879,760020,0,20,1,20,10,19,10,80
10,0,0,0.025000000000000005,0.025000000000000005,7.959457186074221e-19,,7.959457186074221e-19,,0,1,False,0,,,1,0,8,1,10,gaussian_qmc,,,,6.164414002968976,,1,0,0,0,20,6.198161705160057e-16,0,1,0.1,,,0,,0,0.1,0,,0,,,,3.9026297374238566e-19,,1.2095238583600247e-15,20,,inf,static_regression_projector,0,False,0,0,physical_density_SQ_equals_minus_legacy_contact_already_included,,raw/gaussian_qmc/task_0020_s760021,200,0,0,0,,,/home/sunxr/PfQMC-main/reproduction/projector_kitaev/regression_stress/raw/gaussian_qmc/task_0020_s760021/result.json,2.893191564,760021,0,20,1,20,10,20,10,80
10,-0.009199931016646401,0,0.022660039354605692,0.022868510153502556,0,,7.959457186074221e-19,,0,1,False,0,,,1,0,8,1,10,gaussian_qmc,,,,6.164414077490117,,1,4.440892098500626e-16,4.85722573273506e-17,0,20,5.968081754647154e-15,0,1,0.1,,,0,,0,0.1,0,,0,,,,7.853029024703697e-19,,3.797658200372265e-15,20,,inf,static_regression_projector,0.7,False,0,0,physical_density_SQ_equals_minus_legacy_contact_already_included,,raw/gaussian_qmc/task_0021_s760022,200,0,0,0,,,/home/sunxr/PfQMC-main/reproduction/projector_kitaev/regression_stress/raw/gaussian_qmc/task_0021_s760022/result.json,3.787357308,760022,0,20,1,20,10,21,10,80
10,-0.032467585757073314,0,0.021413029918465873,0.02210825930366244,7.959457186074221e-19,,7.959457186074221e-19,,0,1,False,0,,,1,0,8,1,10,gaussian_qmc,,,,6.164414234627927,,1.3,2.220446049250313e-16,6.938893903907228e-17,0,20,4.895904630239947e-15,0,1,0.1,,,0,,0,0.1,0,,0,,,,5.724497253438584e-19,,2.5823686386809657e-16,20,,inf,static_regression_projector,0,False,0,0,physical_density_SQ_equals_minus_legacy_contact_already_included,,raw/gaussian_qmc/task_0022_s760023,200,0,0,0,,,/home/sunxr/PfQMC-main/reproduction/projector_kitaev/regression_stress/raw/gaussian_qmc/task_0022_s760023/result.json,4.231012043,760023,0,20,1,20,10,22,10,80
10,-0.04225025847185093,0,0.019511451842825052,0.02033581572634548,7.959457186074221e-19,,7.959457186074221e-19,,0,1,False,0,,,1,0,8,1,10,gaussian_qmc,,,,6.164725278177437,,1.3,2.220446049250313e-16,1.0408340855860843e-17,0,20,5.836293148724022e-15,0,1,0.1,,,0,,0,0.1,0,,0,,,,1.2396981044912791e-18,,6.161852600705146e-14,20,,inf,static_regression_projector,0.7,False,0,0,physical_density_SQ_equals_minus_legacy_contact_already_included,,raw/gaussian_qmc/task_0023_s760024,200,0,0,0,,,/home/sunxr/PfQMC-main/reproduction/projector_kitaev/regression_stress/raw/gaussian_qmc/task_0023_s760024/result.json,4.149488311,760024,0,20,1,20,10,23,10,80
20,0.013603591176277408,0,0.01666610215418316,0.016439383313975577,7.959457186074221e-19,,7.959457186074221e-19,,0,1,False,0,,,1,0,8,0,10,gaussian_qmc,,,,8.944271909998516,,0.5,4.440892098500626e-16,6.938893903907228e-18,0,20,4.67748071506591e-15,0,1,0.1,,,0,,0,0.1,0,,0,,,,7.090193290689798e-19,,1.1017836159881125e-14,20,,inf,static_regression_projector,0,False,0,0,physical_density_SQ_equals_minus_legacy_contact_already_included,,raw/gaussian_qmc/task_0024_s760025,200,0,0,0,,,/home/sunxr/PfQMC-main/reproduction/projector_kitaev/regression_stress/raw/gaussian_qmc/task_0024_s760025/result.json,21.908195378,760025,0,20,1,20,10,24,10,80
20,0.008279856720403878,0,0.015218643791122028,0.015092635601052673,0,,7.959457186074221e-19,,0,1,False,0,,,1,0,8,0,10,gaussian_qmc,,,,8.94427190999344,,0.5,3.3306690738754696e-16,8.673617379884035e-18,0,20,8.703471652543423e-15,0,1,0.1,,,0,,0,0.1,0,,0,,,,1.190641495938592e-19,,7.302736034037158e-14,20,,inf,static_regression_projector,0.7,False,0,0,physical_density_SQ_equals_minus_legacy_contact_already_included,,raw/gaussian_qmc/task_0025_s760026,200,0,0,0,,,/home/sunxr/PfQMC-main/reproduction/projector_kitaev/regression_stress/raw/gaussian_qmc/task_0025_s760026/result.json,20.222681109,760026,0,20,1,20,10,25,10,80
20,0,0,0.012500000000000002,0.012500000000000002,3.9797285930371103e-19,,3.9797285930371103e-19,,0,1,False,0,,,1,0,8,0,10,gaussian_qmc,,,,8.94427190999916,,1,0,0,0,20,3.5263857564848223e-16,0,1,0.1,,,0,,0,0.1,0,,0,,,,1.2004371985827427e-19,,2.6460049278762613e-15,20,,inf,static_regression_projector,0,False,0,0,physical_density_SQ_equals_minus_legacy_contact_already_included,,raw/gaussian_qmc/task_0026_s760027,200,0,0,0,,,/home/sunxr/PfQMC-main/reproduction/projector_kitaev/regression_stress/raw/gaussian_qmc/task_0026_s760027/result.json,11.803566926,760027,0,20,1,20,10,26,10,80
20,-0.00142875346668081,0,0.011732930723836956,0.011749694189282964,7.959457186074221e-19,,7.959457186074221e-19,,0,1,False,0,,,1,0,8,0,10,gaussian_qmc,,,,8.944271909999163,,1,0,3.469446951953614e-18,0,20,8.267411070825459e-15,0,1,0.1,,,0,,0,0.1,0,,0,,,,3.9715413120572083e-19,,1.0751425251384108e-13,20,,inf,static_regression_projector,0.7,False,0,0,physical_density_SQ_equals_minus_legacy_contact_already_included,,raw/gaussian_qmc/task_0027_s760028,200,0,0,0,,,/home/sunxr/PfQMC-main/reproduction/projector_kitaev/regression_stress/raw/gaussian_qmc/task_0027_s760028/result.json,13.299636298,760028,0,20,1,20,10,27,10,80
20,-0.007459108019358007,0,0.010869565351667306,0.010950642613748864,3.9797285930371103e-19,,0,,0,1,False,0,,,1,0,8,0,10,gaussian_qmc,,,,8.944271909999156,,1.3,2.220446049250313e-16,3.469446951953614e-18,0,20,3.5482891001921745e-15,0,1,0.1,,,0,,0,0.1,0,,0,,,,2.8285637120499026e-19,,3.590775044244602e-14,20,,inf,static_regression_projector,0,False,0,0,physical_density_SQ_equals_minus_legacy_contact_already_included,,raw/gaussian_qmc/task_0028_s760029,200,0,0,0,,,/home/sunxr/PfQMC-main/reproduction/projector_kitaev/regression_stress/raw/gaussian_qmc/task_0028_s760029/result.json,12.870618004,760029,0,20,1,20,10,28,10,80
20,-0.008736104767870678,0,0.010274336447508923,0.010364094127134713,3.9797285930371103e-19,,7.959457186074221e-19,,0,1,False,0,,,1,0,8,0,10,gaussian_qmc,,,,8.944271909999161,,1.3,1.7763568394002505e-15,2.42861286636753e-17,0,20,9.418175044482792e-15,0,1,0.1,,,0,,0,0.1,0,,0,,,,2.535599986776434e-19,,8.829989670562041e-14,20,,inf,static_regression_projector,0.7,False,0,0,physical_density_SQ_equals_minus_legacy_contact_already_included,,raw/gaussian_qmc/task_0029_s760030,200,0,0,0,,,/home/sunxr/PfQMC-main/reproduction/projector_kitaev/regression_stress/raw/gaussian_qmc/task_0029_s760030/result.json,13.276428627,760030,0,20,1,20,10,29,10,80
20,0.014282926612052771,0,0.016875000312122766,0.01663397592108635,7.959457186074221e-19,,7.959457186074221e-19,,0,1,False,0,,,1,0,8,1,10,gaussian_qmc,,,,8.831760877642726,,0.5,2.220446049250313e-16,3.469446951953614e-18,0,20,7.268260305194502e-15,0,1,0.1,,,0,,0,0.1,0,,0,,,,5.210772008619065e-19,,4.7893086228881625e-15,20,,inf,static_regression_projector,0,False,0,0,physical_density_SQ_equals_minus_legacy_contact_already_included,,raw/gaussian_qmc/task_0030_s760031,200,0,0,0,,,/home/sunxr/PfQMC-main/reproduction/projector_kitaev/regression_stress/raw/gaussian_qmc/task_0030_s760031/result.json,12.954745861,760031,0,20,1,20,10,30,10,80
20,0.007652665491111099,0,0.015113276314480723,0.01499761946637127,1.193918577911133e-18,,0,,0,1,False,0,,,1,0,8,1,10,gaussian_qmc,,,,8.831760872540547,,0.5,1.1102230246251565e-16,8.673617379884035e-18,0,20,1.2893810291307349e-14,0,1,0.1,,,0,,0,0.1,0,,0,,,,1.199149748869072e-19,,7.013800152318111e-14,20,,inf,static_regression_projector,0.7,False,0,0,physical_density_SQ_equals_minus_legacy_contact_already_included,,raw/gaussian_qmc/task_0031_s760032,200,0,0,0,,,/home/sunxr/PfQMC-main/reproduction/projector_kitaev/regression_stress/raw/gaussian_qmc/task_0031_s760032/result.json,12.927668304,760032,0,20,1,20,10,31,10,80
20,0,0,0.012500000000000002,0.012500000000000002,3.9797285930371103e-19,,3.9797285930371103e-19,,0,1,False,0,,,1,0,8,1,10,gaussian_qmc,,,,8.831760866327848,,1,0,0,0,20,3.331755870979145e-16,0,1,0.1,,,0,,0,0.1,0,,0,,,,7.59299591014363e-20,,6.103560768915177e-16,20,,inf,static_regression_projector,0,False,0,0,physical_density_SQ_equals_minus_legacy_contact_already_included,,raw/gaussian_qmc/task_0032_s760033,200,0,0,0,,,/home/sunxr/PfQMC-main/reproduction/projector_kitaev/regression_stress/raw/gaussian_qmc/task_0032_s760033/result.json,12.980696132,760033,0,20,1,20,10,32,10,80
20,-0.0018731486136274178,0,0.011531476147157636,0.011553076315715761,3.9797285930371103e-19,,3.9797285930371103e-19,,0,1,False,0,,,1,0,8,1,10,gaussian_qmc,,,,8.831760866327812,,1,4.440892098500626e-16,0,0,20,6.6376679408697326e-15,0,1,0.1,,,0,,0,0.1,0,,0,,,,2.199054391536695e-19,,3.6314983820477053e-14,20,,inf,static_regression_projector,0.7,False,0,0,physical_density_SQ_equals_minus_legacy_contact_already_included,,raw/gaussian_qmc/task_0033_s760034,200,0,0,0,,,/home/sunxr/PfQMC-main/reproduction/projector_kitaev/regression_stress/raw/gaussian_qmc/task_0033_s760034/result.json,14.043784808,760034,0,20,1,20,10,33,10,80
20,-0.007903255007639443,0,0.010788043478260708,0.010873304136902904,3.9797285930371103e-19,,0,,0,1,False,0,,,1,0,8,1,10,gaussian_qmc,,,,8.831760866327821,,1.3,2.220446049250313e-16,2.6020852139652106e-17,0,20,6.076579776166484e-15,0,1,0.1,,,0,,0,0.1,0,,0,,,,4.977970754047372e-19,,1.1112886853557684e-15,20,,inf,static_regression_projector,0,False,0,0,physical_density_SQ_equals_minus_legacy_contact_already_included,,raw/gaussian_qmc/task_0034_s760035,200,0,0,0,,,/home/sunxr/PfQMC-main/reproduction/projector_kitaev/regression_stress/raw/gaussian_qmc/task_0034_s760035/result.json,13.995532579,760035,0,20,1,20,10,34,10,80
20,-0.009753015332406134,0,0.010016455461768445,0.010114146105463436,0,,3.9797285930371103e-19,,0,1,False,0,,,1,0,8,1,10,gaussian_qmc,,,,8.831760867451692,,1.3,1.1102230246251565e-15,8.673617379884035e-18,0,20,9.021964598236262e-15,0,1,0.1,,,0,,0,0.1,0,,0,,,,1.6060922001568297e-19,,7.38548740212548e-14,20,,inf,static_regression_projector,0.7,False,0,0,physical_density_SQ_equals_minus_legacy_contact_already_included,,raw/gaussian_qmc/task_0035_s760036,200,0,0,0,,,/home/sunxr/PfQMC-main/reproduction/projector_kitaev/regression_stress/raw/gaussian_qmc/task_0035_s760036/result.json,18.463992369,760036,0,20,1,20,10,35,10,80
40,0.0034537492522824786,0,0.008333333328554796,0.00830455208480228,3.9797285930371103e-19,,3.9797285930371103e-19,,0,1,False,0,,,1,0,8,0,10,gaussian_qmc,,,,12.64911064067272,,0.5,1.4432899320127035e-15,3.469446951953614e-18,0,20,7.136097605945737e-15,0,1,0.1,,,0,,0,0.1,0,,0,,,,2.004807056036725e-20,,5.686369994015715e-14,20,,inf,static_regression_projector,0,False,0,0,physical_density_SQ_equals_minus_legacy_contact_already_included,,raw/gaussian_qmc/task_0036_s760037,200,0,0,0,,,/home/sunxr/PfQMC-main/reproduction/projector_kitaev/regression_stress/raw/gaussian_qmc/task_0036_s760037/result.json,95.179703251,760037,0,20,1,20,10,36,10,80
40,0.002062535241158736,0,0.00760938779547386,0.007593693164982052,3.9797285930371103e-19,,3.9797285930371103e-19,,0,1,False,0,,,1,0,8,0,10,gaussian_qmc,,,,12.649110640664293,,0.5,7.771561172376096e-16,1.3877787807814457e-17,0,20,1.5892054922642745e-14,0,1,0.1,,,0,,0,0.1,0,,0,,,,1.0106712360247413e-20,,1.7121651689363998e-13,20,,inf,static_regression_projector,0.7,False,0,0,physical_density_SQ_equals_minus_legacy_contact_already_included,,raw/gaussian_qmc/task_0037_s760038,200,0,0,0,,,/home/sunxr/PfQMC-main/reproduction/projector_kitaev/regression_stress/raw/gaussian_qmc/task_0037_s760038/result.json,101.964237831,760038,0,20,1,20,10,37,10,80
40,0,0,0.006250000000000001,0.006250000000000001,1.9898642965185552e-19,,1.9898642965185552e-19,,0,1,False,0,,,1,0,8,0,10,gaussian_qmc,,,,12.649110640673518,,1,0,0,0,20,3.715321132351446e-16,0,1,0.1,,,0,,0,0.1,0,,0,,,,5.3827149175676966e-21,,1.3778599728022515e-16,20,,inf,static_regression_projector,0,False,0,0,physical_density_SQ_equals_minus_legacy_contact_already_included,,raw/gaussian_qmc/task_0038_s760039,200,0,0,0,,,/home/sunxr/PfQMC-main/reproduction/projector_kitaev/regression_stress/raw/gaussian_qmc/task_0038_s760039/result.json,95.90857444,760039,0,20,1,20,10,38,10,80
40,-0.0003587500531947452,0,0.005866465354773891,0.005868569949531981,1.9898642965185552e-19,,0,,0,1,False,0,,,1,0,8,0,10,gaussian_qmc,,,,12.649110640673493,,1,1.3322676295501878e-15,1.6479873021779667e-17,0,20,1.138149542092057e-14,0,1,0.1,,,0,,0,0.1,0,,0,,,,3.4442680848664095e-20,,5.802085725219394e-14,20,,inf,static_regression_projector,0.7,False,0,0,physical_density_SQ_equals_minus_legacy_contact_already_included,,raw/gaussian_qmc/task_0039_s760040,200,0,0,0,,,/home/sunxr/PfQMC-main/reproduction/projector_kitaev/regression_stress/raw/gaussian_qmc/task_0039_s760040/result.json,102.94051519,760040,0,20,1,20,10,39,10,80
40,-0.0018781039314963444,0,0.005434782608695638,0.005444989695279857,1.9898642965185552e-19,,1.9898642965185552e-19,,0,1,False,0,,,1,0,8,0,10,gaussian_qmc,,,,12.649110640673518,,1.3,1.1102230246251565e-15,8.673617379884035e-19,0,20,5.770446693472339e-15,0,1,0.1,,,0,,0,0.1,0,,0,,,,1.2381933726436717e-19,,6.067888694195119e-14,20,,inf,static_regression_projector,0,False,0,0,physical_density_SQ_equals_minus_legacy_contact_already_included,,raw/gaussian_qmc/task_0040_s760041,200,0,0,0,,,/home/sunxr/PfQMC-main/reproduction/projector_kitaev/regression_stress/raw/gaussian_qmc/task_0040_s760041/result.json,100.22144099,760041,0,20,1,20,10,40,10,80
40,-0.002198403868786114,0,0.005137146728311105,0.005148440251553147,1.9898642965185552e-19,,1.9898642965185552e-19,,0,1,False,0,,,1,0,8,0,10,gaussian_qmc,,,,12.649110640673499,,1.3,2.220446049250313e-15,6.938893903907228e-18,0,20,1.2944711292571124e-14,0,1,0.1,,,0,,0,0.1,0,,0,,,,3.5938936071153336e-20,,1.8519948763142856e-13,20,,inf,static_regression_projector,0.7,False,0,0,physical_density_SQ_equals_minus_legacy_contact_already_included,,raw/gaussian_qmc/task_0041_s760042,200,0,0,0,,,/home/sunxr/PfQMC-main/reproduction/projector_kitaev/regression_stress/raw/gaussian_qmc/task_0041_s760042/result.json,108.915200685,760042,0,20,1,20,10,41,10,80
40,0.0035387042590099282,0,0.008385416666667641,0.008355743156995731,3.9797285930371103e-19,,3.9797285930371103e-19,,0,1,False,0,,,1,0,8,1,10,gaussian_qmc,,,,12.569805089975938,,0.5,3.3306690738754696e-16,1.734723475976807e-18,0,20,6.829065153899042e-15,0,1,0.1,,,0,,0,0.1,0,,0,,,,3.456099580509526e-20,,2.7939381349919056e-15,20,,inf,static_regression_projector,0,False,0,0,physical_density_SQ_equals_minus_legacy_contact_already_included,,raw/gaussian_qmc/task_0042_s760043,200,0,0,0,,,/home/sunxr/PfQMC-main/reproduction/projector_kitaev/regression_stress/raw/gaussian_qmc/task_0042_s760043/result.json,100.505540422,760043,0,20,1,20,10,42,10,80
40,0.0019820007460390476,0,0.007583012982223329,0.007567983444835338,1.9898642965185552e-19,,1.9898642965185552e-19,,0,1,False,0,,,1,0,8,1,10,gaussian_qmc,,,,12.56980508996933,,0.5,3.552713678800501e-15,1.474514954580286e-17,0,20,1.4587427349325052e-14,0,1,0.1,,,0,,0,0.1,0,,0,,,,3.3837882253147734e-20,,1.223546529454491e-13,20,,inf,static_regression_projector,0.7,False,0,0,physical_density_SQ_equals_minus_legacy_contact_already_included,,raw/gaussian_qmc/task_0043_s760044,200,0,0,0,,,/home/sunxr/PfQMC-main/reproduction/projector_kitaev/regression_stress/raw/gaussian_qmc/task_0043_s760044/result.json,100.866115882,760044,0,20,1,20,10,43,10,80
40,0,0,0.006250000000000001,0.006250000000000001,1.9898642965185552e-19,,1.9898642965185552e-19,,0,1,False,0,,,1,0,8,1,10,gaussian_qmc,,,,12.569805089976535,,1,0,0,0,20,3.915425448992759e-16,0,1,0.1,,,0,,0,0.1,0,,0,,,,1.5652283428119218e-20,,1.1424000693413015e-15,20,,inf,static_regression_projector,0,False,0,0,physical_density_SQ_equals_minus_legacy_contact_already_included,,raw/gaussian_qmc/task_0044_s760045,200,0,0,0,,,/home/sunxr/PfQMC-main/reproduction/projector_kitaev/regression_stress/raw/gaussian_qmc/task_0044_s760045/result.json,100.019293234,760045,0,20,1,20,10,44,10,80
40,-0.0004139429433505093,0,0.0058161017141765865,0.005818509248438979,1.9898642965185552e-19,,1.9898642965185552e-19,,0,1,False,0,,,1,0,8,1,10,gaussian_qmc,,,,12.56980508997661,,1,1.3322676295501878e-15,6.938893903907228e-18,0,20,1.2459717166961183e-14,0,1,0.1,,,0,,0,0.1,0,,0,,,,2.8988501600496256e-20,,1.1785520314005015e-13,20,,inf,static_regression_projector,0.7,False,0,0,physical_density_SQ_equals_minus_legacy_contact_already_included,,raw/gaussian_qmc/task_0045_s760046,200,0,0,0,,,/home/sunxr/PfQMC-main/reproduction/projector_kitaev/regression_stress/raw/gaussian_qmc/task_0045_s760046/result.json,97.954426988,760046,0,20,1,20,10,45,10,80
40,-0.0019338990956192514,0,0.005414402173913036,0.005424873081380486,1.9898642965185552e-19,,1.9898642965185552e-19,,0,1,False,0,,,1,0,8,1,10,gaussian_qmc,,,,12.569805089976528,,1.3,0,8.673617379884035e-19,0,20,6.63480811162041e-15,0,1,0.1,,,0,,0,0.1,0,,0,,,,1.2372736926495437e-20,,3.2014522554581124e-15,20,,inf,static_regression_projector,0,False,0,0,physical_density_SQ_equals_minus_legacy_contact_already_included,,raw/gaussian_qmc/task_0046_s760047,200,0,0,0,,,/home/sunxr/PfQMC-main/reproduction/projector_kitaev/regression_stress/raw/gaussian_qmc/task_0046_s760047/result.json,98.743906047,760047,0,20,1,20,10,46,10,80
40,-0.002324810152715129,0,0.005072687233082023,0.0050844802678630405,0,,3.9797285930371103e-19,,0,1,False,0,,,1,0,8,1,10,gaussian_qmc,,,,12.569805089976548,,1.3,1.9984014443252818e-15,4.336808689942018e-18,0,20,1.2470022249424272e-14,0,1,0.1,,,0,,0,0.1,0,,0,,,,1.5767382091032355e-19,,1.3084847842492474e-13,20,,inf,static_regression_projector,0.7,False,0,0,physical_density_SQ_equals_minus_legacy_contact_already_included,,raw/gaussian_qmc/task_0047_s760048,200,0,0,0,,,/home/sunxr/PfQMC-main/reproduction/projector_kitaev/regression_stress/raw/gaussian_qmc/task_0047_s760048/result.json,97.017832532,760048,0,20,1,20,10,47,10,80
80,0.0008664375114852962,0,0.004166666666667379,0.004163056510369523,0,,3.9797285930371103e-19,,0,1,False,0,,,1,0,8,0,10,gaussian_qmc,,,,17.888543819997214,,0.5,1.2212453270876722e-15,2.6020852139652106e-18,0,20,1.0948465865147548e-14,0,1,0.1,,,0,,0,0.1,0,,0,,,,1.3484859925302925e-20,,5.6152887258031824e-14,20,,inf,static_regression_projector,0,False,0,0,physical_density_SQ_equals_minus_legacy_contact_already_included,,raw/gaussian_qmc/task_0048_s760049,200,0,0,0,,,/home/sunxr/PfQMC-main/reproduction/projector_kitaev/regression_stress/raw/gaussian_qmc/task_0048_s760049/result.json,666.500798095,760049,0,20,1,20,10,48,10,80
80,0.0005151400894173319,0,0.003804693897226466,0.003802733946872043,1.9898642965185552e-19,,1.9898642965185552e-19,,0,1,False,0,,,1,0,8,0,10,gaussian_qmc,,,,17.88854381998518,,0.5,5.995204332975845e-15,3.0357660829594124e-18,0,20,2.4044363860166388e-14,0,1,0.1,,,0,,0,0.1,0,,0,,,,1.3813485111125765e-20,,1.6691645797781686e-13,20,,inf,static_regression_projector,0.7,False,0,0,physical_density_SQ_equals_minus_legacy_contact_already_included,,raw/gaussian_qmc/task_0049_s760050,200,0,0,0,,,/home/sunxr/PfQMC-main/reproduction/projector_kitaev/regression_stress/raw/gaussian_qmc/task_0049_s760050/result.json,653.599773975,760050,0,20,1,20,10,49,10,80
80,0,0,0.0031250000000000015,0.0031250000000000015,0,,0,,0,1,False,0,,,1,0,8,0,10,gaussian_qmc,,,,17.88854381999832,,1,0,0,0,20,3.831787330532255e-16,0,1,0.1,,,0,,0,0.1,0,,0,,,,2.7184378479265326e-20,,5.2012266720839434e-15,20,,inf,static_regression_projector,0,False,0,0,physical_density_SQ_equals_minus_legacy_contact_already_included,,raw/gaussian_qmc/task_0050_s760051,200,0,0,0,,,/home/sunxr/PfQMC-main/reproduction/projector_kitaev/regression_stress/raw/gaussian_qmc/task_0050_s760051/result.json,648.21853762,760051,0,20,1,20,10,50,10,80
80,-8.978509043533478e-05,0,0.0029332326773869465,0.0029334960379481536,9.949321482592776e-20,,9.949321482592776e-20,,0,1,False,0,,,1,0,8,0,10,gaussian_qmc,,,,17.888543819998215,,1,1.1102230246251565e-15,5.637851296924623e-18,0,20,1.641437092368444e-14,0,1,0.1,,,0,,0,0.1,0,,0,,,,1.944915780541402e-20,,4.3275806714136813e-13,20,,inf,static_regression_projector,0.7,False,0,0,physical_density_SQ_equals_minus_legacy_contact_already_included,,raw/gaussian_qmc/task_0051_s760052,200,0,0,0,,,/home/sunxr/PfQMC-main/reproduction/projector_kitaev/regression_stress/raw/gaussian_qmc/task_0051_s760052/result.json,658.681511053,760052,0,20,1,20,10,51,10,80
80,-0.00047036476388728765,0,0.0027173913043478364,0.0027186694694670954,9.949321482592776e-20,,9.949321482592776e-20,,0,1,False,0,,,1,0,8,0,10,gaussian_qmc,,,,17.888543819998336,,1.3,2.220446049250313e-16,8.673617379884035e-19,0,20,8.545918084546747e-15,0,1,0.1,,,0,,0,0.1,0,,0,,,,3.354641511583086e-20,,3.6652900422119e-14,20,,inf,static_regression_projector,0,False,0,0,physical_density_SQ_equals_minus_legacy_contact_already_included,,raw/gaussian_qmc/task_0052_s760053,200,0,0,0,,,/home/sunxr/PfQMC-main/reproduction/projector_kitaev/regression_stress/raw/gaussian_qmc/task_0052_s760053/result.json,661.317258626,760053,0,20,1,20,10,52,10,80
80,-0.0005505001546881605,0,0.0025685733641171863,0.002569987364151461,9.949321482592776e-20,,9.949321482592776e-20,,0,1,False,0,,,1,0,8,0,10,gaussian_qmc,,,,17.88854381999824,,1.3,3.1086244689504383e-15,8.673617379884035e-19,0,20,1.9247205323013273e-14,0,1,0.1,,,0,,0,0.1,0,,0,,,,1.7522636589509055e-21,,3.407000821540972e-13,20,,inf,static_regression_projector,0.7,False,0,0,physical_density_SQ_equals_minus_legacy_contact_already_included,,raw/gaussian_qmc/task_0053_s760054,200,0,0,0,,,/home/sunxr/PfQMC-main/reproduction/projector_kitaev/regression_stress/raw/gaussian_qmc/task_0053_s760054/result.json,666.243877245,760054,0,20,1,20,10,53,10,80
80,0.0008771778880449776,0,0.0041796875000006,0.004176021170546661,0,,1.9898642965185552e-19,,0,1,False,0,,,1,0,8,1,10,gaussian_qmc,,,,17.832554500126022,,0.5,7.771561172376096e-16,1.734723475976807e-18,0,20,1.0593242137941099e-14,0,1,0.1,,,0,,0,0.1,0,,0,,,,4.770619635468041e-20,,4.157103067305036e-15,20,,inf,static_regression_projector,0,False,0,0,physical_density_SQ_equals_minus_legacy_contact_already_included,,raw/gaussian_qmc/task_0054_s760055,200,0,0,0,,,/home/sunxr/PfQMC-main/reproduction/projector_kitaev/regression_stress/raw/gaussian_qmc/task_0054_s760055/result.json,675.654118112,760055,0,20,1,20,10,54,10,80
80,0.000505016755374954,0,0.0037981001941690675,0.003796182089932419,0,,0,,0,1,False,0,,,1,0,8,1,10,gaussian_qmc,,,,17.83255450011538,,0.5,1.9984014443252818e-15,6.5052130349130266e-18,0,20,2.0626667947038157e-14,0,1,0.1,,,0,,0,0.1,0,,0,,,,3.844526179987112e-20,,1.899958283219907e-14,20,,inf,static_regression_projector,0.7,False,0,0,physical_density_SQ_equals_minus_legacy_contact_already_included,,raw/gaussian_qmc/task_0055_s760056,200,0,0,0,,,/home/sunxr/PfQMC-main/reproduction/projector_kitaev/regression_stress/raw/gaussian_qmc/task_0055_s760056/result.json,632.124450694,760056,0,20,1,20,10,55,10,80
80,0,0,0.0031250000000000006,0.0031250000000000006,9.949321482592776e-20,,9.949321482592776e-20,,0,1,False,0,,,1,0,8,1,10,gaussian_qmc,,,,17.832554500127006,,1,0,0,0,20,3.7619787278971895e-16,0,1,0.1,,,0,,0,0.1,0,,0,,,,5.265921833371526e-21,,2.003781812880155e-15,20,,inf,static_regression_projector,0,False,0,0,physical_density_SQ_equals_minus_legacy_contact_already_included,,raw/gaussian_qmc/task_0056_s760057,200,0,0,0,,,/home/sunxr/PfQMC-main/reproduction/projector_kitaev/regression_stress/raw/gaussian_qmc/task_0056_s760057/result.json,670.364879632,760057,0,20,1,20,10,56,10,80
80,-9.665831399074953e-05,0,0.0029206417672375594,0.0029209240715465518,0,,0,,0,1,False,0,,,1,0,8,1,10,gaussian_qmc,,,,17.832554500126943,,1,1.1102230246251565e-15,4.336808689942018e-18,0,20,1.6079088949959987e-14,0,1,0.1,,,0,,0,0.1,0,,0,,,,4.2341934210136957e-20,,1.1761267146467656e-13,20,,inf,static_regression_projector,0.7,False,0,0,physical_density_SQ_equals_minus_legacy_contact_already_included,,raw/gaussian_qmc/task_0057_s760058,200,0,0,0,,,/home/sunxr/PfQMC-main/reproduction/projector_kitaev/regression_stress/raw/gaussian_qmc/task_0057_s760058/result.json,673.383203221,760058,0,20,1,20,10,57,10,80
80,-0.0004773414391436859,0,0.0027122961956522074,0.0027135908870216242,9.949321482592776e-20,,9.949321482592776e-20,,0,1,False,0,,,1,0,8,1,10,gaussian_qmc,,,,17.832554500127063,,1.3,2.220446049250313e-16,2.168404344971009e-18,0,20,9.758467260303035e-15,0,1,0.1,,,0,,0,0.1,0,,0,,,,7.632107221005349e-21,,1.7238342869578838e-15,20,,inf,static_regression_projector,0,False,0,0,physical_density_SQ_equals_minus_legacy_contact_already_included,,raw/gaussian_qmc/task_0058_s760059,200,0,0,0,,,/home/sunxr/PfQMC-main/reproduction/projector_kitaev/regression_stress/raw/gaussian_qmc/task_0058_s760059/result.json,633.781020587,760059,0,20,1,20,10,58,10,80
80,-0.000566231346482704,0,0.0025524584903290765,0.002553903772336897,1.9898642965185552e-19,,0,,0,1,False,0,,,1,0,8,1,10,gaussian_qmc,,,,17.832554500126943,,1.3,2.4424906541753444e-15,6.071532165918825e-18,0,20,1.907837212103828e-14,0,1,0.1,,,0,,0,0.1,0,,0,,,,3.025194227123012e-20,,1.4245696538171605e-13,20,,inf,static_regression_projector,0.7,False,0,0,physical_density_SQ_equals_minus_legacy_contact_already_included,,raw/gaussian_qmc/task_0059_s760060,200,0,0,0,,,/home/sunxr/PfQMC-main/reproduction/projector_kitaev/regression_stress/raw/gaussian_qmc/task_0059_s760060/result.json,657.450133838,760060,0,20,1,20,10,59,10,80
10,0.22680646184467657,0.00695328023749456,0.04583922994547538,0.035442596387857565,0.00016025400001567,,0.0004437741823797847,,2,0.745732,False,0,,,0.884,0.008326663997864529,8,0,500,hs_crosscheck,,,,6.762390608457708,,1,0,0,0,0,0,0,0,0.1,,,0,,0,0.1,0,,0,,,,1.4452159743559958e-15,,8.033620597338298e-10,3000,,inf,static_regression_projector,0,False,0,174,physical_density_SQ_equals_minus_legacy_contact_already_included,,raw/hs_crosscheck/task_0000_s720001,200,0,0,0,,,/home/sunxr/PfQMC-main/reproduction/projector_kitaev/regression_stress/raw/hs_crosscheck/task_0000_s720001/result.json,168.263054765,720001,0,20,150,20,10,0,10,80
10,0.2995310796194274,0.03206863987158662,0.04994978799824807,0.03498827407237131,0.0005900704177962643,,0.0052565821574320735,,2,0.7458890833333334,False,0,,,0.866,0.008062620414804133,8,0,500,hs_crosscheck,,,,9.101400232986897,,1,0,0,0,0,0,0,0,0.1,,,0,,0,0.1,0,,0,,,,7.12882696961736e-13,,1.6263688531850134e-10,3000,,inf,static_regression_projector,0,False,0,201,physical_density_SQ_equals_minus_legacy_contact_already_included,,raw/hs_crosscheck/task_0001_s720002,200,0,0,0,,,/home/sunxr/PfQMC-main/reproduction/projector_kitaev/regression_stress/raw/hs_crosscheck/task_0001_s720002/result.json,174.855535811,720002,0,20,150,20,10,1,10,80
10,0.24742021136900527,0.0121439926355427,0.04732059002422735,0.03561251963832698,0.0004703779297600308,,0.0014379051021332784,,2,0.7456509166666667,False,0,,,0.8766666666666667,0.0068313005106397295,8,0,500,hs_crosscheck,,,,9.836962974575934,,1,0,0,0,0,0,0,0,0.1,,,0,,0,0.1,0,,0,,,,2.4901588502974417e-14,,1.8168449762150407e-09,3000,,inf,static_regression_projector,0,False,0,185,physical_density_SQ_equals_minus_legacy_contact_already_included,,raw/hs_crosscheck/task_0002_s720003,200,0,0,0,,,/home/sunxr/PfQMC-main/reproduction/projector_kitaev/regression_stress/raw/hs_crosscheck/task_0002_s720003/result.json,179.241589101,720003,0,20,150,20,10,2,10,80
10,0.2416080672515768,0.011184320955764061,0.046160828370629486,0.03500799984526994,0.00039469723039926255,,0.0009595362390504575,,2,0.7456285833333334,False,0,,,0.8666666666666667,0.007302967433402216,8,0,500,hs_crosscheck,,,,8.13625221930037,,1,0,0,0,0,0,0,0,0.1,,,0,,0,0.1,0,,0,,,,3.5666586246836247e-14,,4.368192663772145e-09,3000,,inf,static_regression_projector,0,False,0,200,physical_density_SQ_equals_minus_legacy_contact_already_included,,raw/hs_crosscheck/task_0003_s720004,200,0,0,0,,,/home/sunxr/PfQMC-main/reproduction/projector_kitaev/regression_stress/raw/hs_crosscheck/task_0003_s720004/result.json,171.044557463,720004,0,20,150,20,10,3,10,80
10,0.23627356773292763,0.00837848329363749,0.046629020213237206,0.035611815247564856,0.00016660302752952006,,0.0005896210534686379,,2,0.7457109166666667,False,0,,,0.8753333333333333,0.01425826937654199,8,0,500,hs_crosscheck,,,,9.937166115675549,,1,0,0,0,0,0,0,0,0.1,,,0,,0,0.1,0,,0,,,,5.610511411846097e-15,,4.068301058360226e-10,3000,,inf,static_regression_projector,0,False,0,187,physical_density_SQ_equals_minus_legacy_contact_already_included,,raw/hs_crosscheck/task_0004_s720005,200,0,0,0,,,/home/sunxr/PfQMC-main/reproduction/projector_kitaev/regression_stress/raw/hs_crosscheck/task_0004_s720005/result.json,167.781312485,720005,0,20,150,20,10,4,10,80
10,0.2139613080348196,0.007759286358844667,0.044815937785434974,0.03522706111605621,0.00013715699879205908,,0.0004984054418136509,,2,0.74606625,False,0,,,0.8746666666666667,0.010480837429154897,8,0,500,hs_crosscheck,,,,7.3015547131244025,,1,0,0,0,0,0,0,0,0.1,,,0,,0,0.1,0,,0,,,,4.603568912640657e-15,,4.2216751312404106e-10,3000,,inf,static_regression_projector,0,False,0,188,physical_density_SQ_equals_minus_legacy_contact_already_included,,raw/hs_crosscheck/task_0005_s720006,200,0,0,0,,,/home/sunxr/PfQMC-main/reproduction/projector_kitaev/regression_stress/raw/hs_crosscheck/task_0005_s720006/result.json,181.41120431,720006,0,20,150,20,10,5,10,80
10,0.22757084319397192,0.01225179269448646,0.0454998432716745,0.035145405573145966,0.00024472712903878517,,0.0005214394255749042,,2,0.84008675,False,0,,,1,0,8,0,500,hs_crosscheck,,,,8.537673307864186,,1,0,0,0,0,0,0,0,0.1,,,0,,0,0.1,0,,1,,,,1.5957201458876992e-16,,1.0033977338954882e-11,3000,,inf,static_regression_projector,0,False,0,0,physical_density_SQ_equals_minus_legacy_contact_already_included,,raw/hs_crosscheck/task_0006_s720001,200,0,0,0,,,/home/sunxr/PfQMC-main/reproduction/projector_kitaev/regression_stress/raw/hs_crosscheck/task_0006_s720001/result.json,178.378798877,720001,0,20,150,20,10,6,10,80
10,0.21870043674570205,0.013204760603392063,0.0456097439611876,0.03563487303701623,0.0003085911931951734,,0.000552332152633025,,2,0.8401968333333333,False,0,,,1,0,8,0,500,hs_crosscheck,,,,7.908815281777173,,1,0,0,0,0,0,0,0,0.1,,,0,,0,0.1,0,,1,,,,2.705332460377692e-16,,1.4120878770686237e-11,3000,,inf,static_regression_projector,0,False,0,0,physical_density_SQ_equals_minus_legacy_contact_already_included,,raw/hs_crosscheck/task_0007_s720002,200,0,0,0,,,/home/sunxr/PfQMC-main/reproduction/projector_kitaev/regression_stress/raw/hs_crosscheck/task_0007_s720002/result.json,179.509270472,720002,0,20,150,20,10,7,10,80
10,0.22670459534208576,0.014215789548932076,0.045025746521947164,0.034818202876713805,0.00026031543343387424,,0.0006160733625080936,,2,0.8399155,False,0,,,1,0,8,0,500,hs_crosscheck,,,,6.68854761284766,,1,0,0,0,0,0,0,0,0.1,,,0,,0,0.1,0,,1,,,,1.6481772785974673e-16,,1.1587732264345653e-11,3000,,inf,static_regression_projector,0,False,0,0,physical_density_SQ_equals_minus_legacy_contact_already_included,,raw/hs_crosscheck/task_0008_s720003,200,0,0,0,,,/home/sunxr/PfQMC-main/reproduction/projector_kitaev/regression_stress/raw/hs_crosscheck/task_0008_s720003/result.json,183.429556713,720003,0,20,150,20,10,8,10,80
10,0.2362267795074504,0.02054921534587462,0.045941371420160484,0.03508878920342035,0.00025517381349202486,,0.0009732579152601851,,2,0.8398536666666667,False,0,,,1,0,8,0,500,hs_crosscheck,,,,8.740106277478528,,1,0,0,0,0,0,0,0,0.1,,,0,,0,0.1,0,,1,,,,2.3583675293825566e-16,,6.524474740012206e-12,3000,,inf,static_regression_projector,0,False,0,0,physical_density_SQ_equals_minus_legacy_contact_already_included,,raw/hs_crosscheck/task_0009_s720004,200,0,0,0,,,/home/sunxr/PfQMC-main/reproduction/projector_kitaev/regression_stress/raw/hs_crosscheck/task_0009_s720004/result.json,172.568653168,720004,0,20,150,20,10,9,10,80
10,0.1946894876573192,0.017880024843803185,0.04456649475479226,0.035889866724299155,0.00029464593320937323,,0.0006588941928916044,,2,0.8398435833333333,False,0,,,1,0,8,0,500,hs_crosscheck,,,,8.009840120882759,,1,0,0,0,0,0,0,0,0.1,,,0,,0,0.1,0,,1,,,,1.8651001587343315e-16,,8.061640287810905e-12,3000,,inf,static_regression_projector,0,False,0,0,physical_density_SQ_equals_minus_legacy_contact_already_included,,raw/hs_crosscheck/task_0010_s720005,200,0,0,0,,,/home/sunxr/PfQMC-main/reproduction/projector_kitaev/regression_stress/raw/hs_crosscheck/task_0010_s720005/result.json,185.460819196,720005,0,20,150,20,10,10,10,80
10,0.21227734908769158,0.012243325011996474,0.04519893746316194,0.03560422683690157,0.00022694481770702002,,0.000469754006354891,,2,0.8398724166666667,False,0,,,1,0,8,0,500,hs_crosscheck,,,,7.63926359497055,,1,0,0,0,0,0,0,0,0.1,,,0,,0,0.1,0,,1,,,,1.8646101419958646e-16,,1.140749964537526e-11,3000,,inf,static_regression_projector,0,False,0,0,physical_density_SQ_equals_minus_legacy_contact_already_included,,raw/hs_crosscheck/task_0011_s720006,200,0,0,0,,,/home/sunxr/PfQMC-main/reproduction/projector_kitaev/regression_stress/raw/hs_crosscheck/task_0011_s720006/result.json,177.003846319,720006,0,20,150,20,10,11,10,80
10,0.22784168371832825,0.009755816778557774,0.04569560226023929,0.035284239302743325,0.00017920857225920873,,0.0006423995231503071,,2,0.7455983333333334,False,0,,,0.8033333333333333,0.014245138700910822,8,0,500,hs_crosscheck,,,,6.882777089764128,,1,0,0,0,0,0,0,0,0.1,,,0,,0,0.1,0,,0,,,,1.611948141779123e-15,,8.780687258500515e-09,3000,,inf,static_regression_projector,0,False,0,295,physical_density_SQ_equals_minus_legacy_contact_already_included,,raw/hs_crosscheck/task_0012_s720007,360,0,0,0,,,/home/sunxr/PfQMC-main/reproduction/projector_kitaev/regression_stress/raw/hs_crosscheck/task_0012_s720007/result.json,303.7583366,720007,0,20,150,20,10,12,18,80
10,0.22049818394422027,0.007586319324462043,0.0453193953117968,0.0353265509480954,0.00021273059114293577,,0.0004667251353841085,,2,0.7456312962962963,False,0,,,0.772,0.015504008159371177,8,0,500,hs_crosscheck,,,,8.220459492436236,,1,0,0,0,0,0,0,0,0.1,,,0,,0,0.1,0,,0,,,,2.0258947684366053e-15,,4.914646065343706e-10,3000,,inf,static_regression_projector,0,False,0,342,physical_density_SQ_equals_minus_legacy_contact_already_included,,raw/hs_crosscheck/task_0013_s720008,360,0,0,0,,,/home/sunxr/PfQMC-main/reproduction/projector_kitaev/regression_stress/raw/hs_crosscheck/task_0013_s720008/result.json,304.048563475,720008,0,20,150,20,10,13,18,80
10,0.22282486224543951,0.00936901028746332,0.0454846386288628,0.03534953029210285,0.0002128751326604507,,0.0006216176189457711,,2,0.7456299074074074,False,0,,,0.794,0.011217154782007278,8,0,500,hs_crosscheck,,,,7.8639092333931115,,1,0,0,0,0,0,0,0,0.1,,,0,,0,0.1,0,,0,,,,2.7547842751572004e-15,,4.450633737420781e-10,3000,,inf,static_regression_projector,0,False,0,309,physical_density_SQ_equals_minus_legacy_contact_already_included,,raw/hs_crosscheck/task_0014_s720009,360,0,0,0,,,/home/sunxr/PfQMC-main/reproduction/projector_kitaev/regression_stress/raw/hs_crosscheck/task_0014_s720009/result.json,296.329323446,720009,0,20,150,20,10,14,18,80
10,0.24675326764606997,0.015897300624369753,0.046673994410426904,0.03515703377555966,0.000248679893632102,,0.001018016983355623,,2,0.7457658796296296,False,0,,,0.7846666666666666,0.010157818985870324,8,0,500,hs_crosscheck,,,,7.240175042119928,,1,0,0,0,0,0,0,0,0.1,,,0,,0,0.1,0,,0,,,,1.742211128464366e-14,,2.169358090409713e-09,3000,,inf,static_regression_projector,0,False,0,323,physical_density_SQ_equals_minus_legacy_contact_already_included,,raw/hs_crosscheck/task_0015_s720010,360,0,0,0,,,/home/sunxr/PfQMC-main/reproduction/projector_kitaev/regression_stress/raw/hs_crosscheck/task_0015_s720010/result.json,300.083997661,720010,0,20,150,20,10,15,18,80
10,0.2155040771448291,0.005991603665836725,0.04525116625707961,0.03549935543312044,0.0001336671535832201,,0.0003284452468712797,,2,0.7457077314814815,False,0,,,0.798,0.014868625470829937,8,0,500,hs_crosscheck,,,,7.893416897130525,,1,0,0,0,0,0,0,0,0.1,,,0,,0,0.1,0,,0,,,,1.7360404041027749e-15,,2.945791666244464e-10,3000,,inf,static_regression_projector,0,False,0,303,physical_density_SQ_equals_minus_legacy_contact_already_included,,raw/hs_crosscheck/task_0016_s720011,360,0,0,0,,,/home/sunxr/PfQMC-main/reproduction/projector_kitaev/regression_stress/raw/hs_crosscheck/task_0016_s720011/result.json,307.762969121,720011,0,20,150,20,10,16,18,80
10,0.21625280787842827,0.007893405898337362,0.044965278461119966,0.03524141073686736,0.00012741858272962767,,0.0005095179777282536,,2,0.7458320833333333,False,0,,,0.79,0.01123382527945654,8,0,500,hs_crosscheck,,,,8.798442828092586,,1,0,0,0,0,0,0,0,0.1,,,0,,0,0.1,0,,0,,,,4.149935032429346e-15,,3.5491761349963724e-10,3000,,inf,static_regression_projector,0,False,0,315,physical_density_SQ_equals_minus_legacy_contact_already_included,,raw/hs_crosscheck/task_0017_s720012,360,0,0,0,,,/home/sunxr/PfQMC-main/reproduction/projector_kitaev/regression_stress/raw/hs_crosscheck/task_0017_s720012/result.json,315.450214324,720012,0,20,150,20,10,17,18,80
10,0.23224979414868896,0.011631710919740534,0.045927060721925594,0.035260510323404035,0.0002020450313095095,,0.0005469464665497197,,2,0.8393525925925925,False,0,,,1,0,8,0,500,hs_crosscheck,,,,6.9762254914594335,,1,0,0,0,0,0,0,0,0.1,,,0,,0,0.1,0,,1,,,,1.844939893280445e-16,,1.1077529350336943e-11,3000,,inf,static_regression_projector,0,False,0,0,physical_density_SQ_equals_minus_legacy_contact_already_included,,raw/hs_crosscheck/task_0018_s720007,360,0,0,0,,,/home/sunxr/PfQMC-main/reproduction/projector_kitaev/regression_stress/raw/hs_crosscheck/task_0018_s720007/result.json,312.506624453,720007,0,20,150,20,10,18,18,80
10,0.2288477069992808,0.011176522745804536,0.04591521428359843,0.0354076227784163,0.0001941285362280029,,0.0006159114131443069,,2,0.8395044907407407,False,0,,,1,0,8,0,500,hs_crosscheck,,,,7.747877155236701,,1,0,0,0,0,0,0,0,0.1,,,0,,0,0.1,0,,1,,,,1.4698569482242234e-16,,1.3938065243852638e-11,3000,,inf,static_regression_projector,0,False,0,0,physical_density_SQ_equals_minus_legacy_contact_already_included,,raw/hs_crosscheck/task_0019_s720008,360,0,0,0,,,/home/sunxr/PfQMC-main/reproduction/projector_kitaev/regression_stress/raw/hs_crosscheck/task_0019_s720008/result.json,328.982393442,720008,0,20,150,20,10,19,18,80
10,0.21617639205316486,0.014574029502098792,0.04541540835734639,0.0355976692350341,0.0002174581367672901,,0.0006722690150137577,,2,0.8393136111111111,False,0,,,1,0,8,0,500,hs_crosscheck,,,,7.659550229490892,,1,0,0,0,0,0,0,0,0.1,,,0,,0,0.1,0,,1,,,,2.6522655772262976e-16,,1.1669309396975387e-11,3000,,inf,static_regression_projector,0,False,0,0,physical_density_SQ_equals_minus_legacy_contact_already_included,,raw/hs_crosscheck/task_0020_s720009,360,0,0,0,,,/home/sunxr/PfQMC-main/reproduction/projector_kitaev/regression_stress/raw/hs_crosscheck/task_0020_s720009/result.json,311.520439519,720009,0,20,150,20,10,20,18,80
10,0.21977960146403308,0.012129691818121124,0.045280513953521166,0.03532878064272969,0.00028086001718935857,,0.0005355305880085366,,2,0.8398727777777778,False,0,,,1,0,8,0,500,hs_crosscheck,,,,7.69988034972477,,1,0,0,0,0,0,0,0,0.1,,,0,,0,0.1,0,,1,,,,1.9716591595318544e-16,,7.911545682598035e-12,3000,,inf,static_regression_projector,0,False,0,0,physical_density_SQ_equals_minus_legacy_contact_already_included,,raw/hs_crosscheck/task_0021_s720010,360,0,0,0,,,/home/sunxr/PfQMC-main/reproduction/projector_kitaev/regression_stress/raw/hs_crosscheck/task_0021_s720010/result.json,204.378017245,720010,0,20,150,20,10,21,18,80
10,0.2106379652204715,0.013372940730782133,0.04517733475131722,0.035661272885215665,0.0002703696497413457,,0.0005763280062446796,,2,0.839724212962963,False,0,,,1,0,8,0,500,hs_crosscheck,,,,10.268650931961936,,1,0,0,0,0,0,0,0,0.1,,,0,,0,0.1,0,,1,,,,1.2333665443609477e-16,,5.648496002341148e-12,3000,,inf,static_regression_projector,0,False,0,0,physical_density_SQ_equals_minus_legacy_contact_already_included,,raw/hs_crosscheck/task_0022_s720011,360,0,0,0,,,/home/sunxr/PfQMC-main/reproduction/projector_kitaev/regression_stress/raw/hs_crosscheck/task_0022_s720011/result.json,200.502455178,720011,0,20,150,20,10,22,18,80
10,0.2315747631254952,0.013667769131997909,0.04604314876450092,0.035380717495809684,0.0002691152185451126,,0.0006556725143076177,,2,0.8396625,False,0,,,1,0,8,0,500,hs_crosscheck,,,,9.064522311207536,,1,0,0,0,0,0,0,0,0.1,,,0,,0,0.1,0,,1,,,,2.769687727695187e-16,,8.77907569710262e-12,3000,,inf,static_regression_projector,0,False,0,0,physical_density_SQ_equals_minus_legacy_contact_already_included,,raw/hs_crosscheck/task_0023_s720012,360,0,0,0,,,/home/sunxr/PfQMC-main/reproduction/projector_kitaev/regression_stress/raw/hs_crosscheck/task_0023_s720012/result.json,247.503609542,720012,0,20,150,20,10,23,18,80
10,0.2050600074549559,0.008951516668804269,0.04602215393409426,0.036584850705275763,0.00026715552052819985,,0.0005228320457637182,,2,0.7378688888888889,False,0,,,0.8606666666666667,0.011423787637058392,8,1,500,hs_crosscheck,,,,6.748251138072926,,1,0,0,0,0,0,0,0,0.1,,,0,,0,0.1,0,,0,,,,1.1798476768335827e-14,,1.4529219487631443e-10,3000,,inf,static_regression_projector,0,False,0,209,physical_density_SQ_equals_minus_legacy_contact_already_included,,raw/hs_crosscheck/task_0024_s720013,200,0,0,0,,,/home/sunxr/PfQMC-main/reproduction/projector_kitaev/regression_stress/raw/hs_crosscheck/task_0024_s720013/result.json,132.521321298,720013,0,20,150,20,10,24,10,80
10,0.20452674697967865,0.009592937888507241,0.04540324173680931,0.036117064402047726,0.00020564227897518588,,0.0007405375927371093,,2,0.7376110185185185,False,0,,,0.872,0.008058267339485573,8,1,500,hs_crosscheck,,,,6.627337757901189,,1,0,0,0,0,0,0,0,0.1,,,0,,0,0.1,0,,0,,,,8.952955789250628e-15,,3.3587758363364174e-09,3000,,inf,static_regression_projector,0,False,0,192,physical_density_SQ_equals_minus_legacy_contact_already_included,,raw/hs_crosscheck/task_0025_s720014,200,0,0,0,,,/home/sunxr/PfQMC-main/reproduction/projector_kitaev/regression_stress/raw/hs_crosscheck/task_0025_s720014/result.json,137.408398964,720014,0,20,150,20,10,25,10,80
10,0.19207068448792164,0.006497509532525712,0.04520070765032975,0.03651897679259248,0.0001686681119039315,,0.00047204046247927245,,2,0.7377960185185185,False,0,,,0.876,0.009531726033074527,8,1,500,hs_crosscheck,,,,6.9973490338113615,,1,0,0,0,0,0,0,0,0.1,,,0,,0,0.1,0,,0,,,,2.3985261291618992e-14,,1.9315693073905598e-10,3000,,inf,static_regression_projector,0,False,0,186,physical_density_SQ_equals_minus_legacy_contact_already_included,,raw/hs_crosscheck/task_0026_s720015,200,0,0,0,,,/home/sunxr/PfQMC-main/reproduction/projector_kitaev/regression_stress/raw/hs_crosscheck/task_0026_s720015/result.json,141.458181511,720015,0,20,150,20,10,26,10,80
10,0.20453374974716654,0.0058110833981166515,0.04571074876117019,0.03636135791329741,0.00010153827648261545,,0.0003185043804170042,,2,0.7375980555555556,False,0,,,0.8453333333333334,0.010391179345345477,8,1,500,hs_crosscheck,,,,8.17956478880842,,1,0,0,0,0,0,0,0,0.1,,,0,,0,0.1,0,,0,,,,1.880107038409949e-14,,7.847560188849168e-10,3000,,inf,static_regression_projector,0,False,0,232,physical_density_SQ_equals_minus_legacy_contact_already_included,,raw/hs_crosscheck/task_0027_s720016,200,0,0,0,,,/home/sunxr/PfQMC-main/reproduction/projector_kitaev/regression_stress/raw/hs_crosscheck/task_0027_s720016/result.json,134.96389312,720016,0,20,150,20,10,27,10,80
10,0.2100909215369614,0.008341544114662262,0.0457302424881038,0.036122733701669366,0.00018601166804577536,,0.00045881110585441247,,2,0.7377203703703704,False,0,,,0.8773333333333333,0.008521043781984866,8,1,500,hs_crosscheck,,,,6.79606836754368,,1,0,0,0,0,0,0,0,0.1,,,0,,0,0.1,0,,0,,,,2.720790876067208e-13,,8.097837550269173e-10,3000,,inf,static_regression_projector,0,False,0,184,physical_density_SQ_equals_minus_legacy_contact_already_included,,raw/hs_crosscheck/task_0028_s720017,200,0,0,0,,,/home/sunxr/PfQMC-main/reproduction/projector_kitaev/regression_stress/raw/hs_crosscheck/task_0028_s720017/result.json,133.718797418,720017,0,20,150,20,10,28,10,80
10,0.19400030889983988,0.008060891840037478,0.045438803279889424,0.03662366140755182,0.00016030126237038443,,0.0005245826972169211,,2,0.7377695370370371,False,0,,,0.8706666666666667,0.007373097930952437,8,1,500,hs_crosscheck,,,,7.1530878117896,,1,0,0,0,0,0,0,0,0.1,,,0,,0,0.1,0,,0,,,,2.3225939575625727e-14,,1.909276134630795e-10,3000,,inf,static_regression_projector,0,False,0,194,physical_density_SQ_equals_minus_legacy_contact_already_included,,raw/hs_crosscheck/task_0029_s720018,200,0,0,0,,,/home/sunxr/PfQMC-main/reproduction/projector_kitaev/regression_stress/raw/hs_crosscheck/task_0029_s720018/result.json,127.731598949,720018,0,20,150,20,10,29,10,80
10,0.18218698824470936,0.015822178397906537,0.044976419148578625,0.03678230080186741,0.000275736392853858,,0.0006151891174989349,,2,0.8319227777777778,False,0,,,1,0,8,1,500,hs_crosscheck,,,,7.095116326245814,,1,0,0,0,0,0,0,0,0.1,,,0,,0,0.1,0,,1,,,,2.0321420418342913e-16,,4.964253407159636e-12,3000,,inf,static_regression_projector,0,False,0,0,physical_density_SQ_equals_minus_legacy_contact_already_included,,raw/hs_crosscheck/task_0030_s720013,200,0,0,0,,,/home/sunxr/PfQMC-main/reproduction/projector_kitaev/regression_stress/raw/hs_crosscheck/task_0030_s720013/result.json,140.79709534,720013,0,20,150,20,10,30,10,80
10,0.2158077398251318,0.01607396931996099,0.04579988842194203,0.035915918017359494,0.0003160524245362488,,0.0007569285242437926,,2,0.8317998148148148,False,0,,,1,0,8,1,500,hs_crosscheck,,,,8.240099720392903,,1,0,0,0,0,0,0,0,0.1,,,0,,0,0.1,0,,1,,,,3.410016035061221e-16,,5.328482739489305e-12,3000,,inf,static_regression_projector,0,False,0,0,physical_density_SQ_equals_minus_legacy_contact_already_included,,raw/hs_crosscheck/task_0031_s720014,200,0,0,0,,,/home/sunxr/PfQMC-main/reproduction/projector_kitaev/regression_stress/raw/hs_crosscheck/task_0031_s720014/result.json,158.331288445,720014,0,20,150,20,10,31,10,80
10,0.1957330284493476,0.012704665894848805,0.0449196782404945,0.036127413581512245,0.0002123665243686272,,0.0004744518071656765,,2,0.8320167592592592,False,0,,,1,0,8,1,500,hs_crosscheck,,,,8.834084104521871,,1,0,0,0,0,0,0,0,0.1,,,0,,0,0.1,0,,1,,,,2.5690745513350577e-16,,2.794827506462253e-12,3000,,inf,static_regression_projector,0,False,0,0,physical_density_SQ_equals_minus_legacy_contact_already_included,,raw/hs_crosscheck/task_0032_s720015,200,0,0,0,,,/home/sunxr/PfQMC-main/reproduction/projector_kitaev/regression_stress/raw/hs_crosscheck/task_0032_s720015/result.json,158.273627406,720015,0,20,150,20,10,32,10,80
10,0.2109532788540034,0.01737009516889631,0.04575996714669076,0.03610675203684487,0.00024028612661412233,,0.0008140243806026389,,2,0.831506574074074,False,0,,,1,0,8,1,500,hs_crosscheck,,,,11.022135981864173,,1,0,0,0,0,0,0,0,0.1,,,0,,0,0.1,0,,1,,,,4.4085044577963934e-16,,3.02528324592274e-12,3000,,inf,static_regression_projector,0,False,0,0,physical_density_SQ_equals_minus_legacy_contact_already_included,,raw/hs_crosscheck/task_0033_s720016,200,0,0,0,,,/home/sunxr/PfQMC-main/reproduction/projector_kitaev/regression_stress/raw/hs_crosscheck/task_0033_s720016/result.json,153.467227131,720016,0,20,150,20,10,33,10,80
10,0.19001643055537465,0.01751212384922432,0.04471138543314402,0.03621548756795242,0.00034682936041529634,,0.0005950063629124278,,2,0.8320443518518519,False,0,,,1,0,8,1,500,hs_crosscheck,,,,7.369031133253432,,1,0,0,0,0,0,0,0,0.1,,,0,,0,0.1,0,,1,,,,2.998409571141524e-16,,3.664596867712411e-12,3000,,inf,static_regression_projector,0,False,0,0,physical_density_SQ_equals_minus_legacy_contact_already_included,,raw/hs_crosscheck/task_0034_s720017,200,0,0,0,,,/home/sunxr/PfQMC-main/reproduction/projector_kitaev/regression_stress/raw/hs_crosscheck/task_0034_s720017/result.json,153.218350851,720017,0,20,150,20,10,34,10,80
10,0.21426190190553807,0.01400784724150175,0.046342555450209016,0.03641311138028437,0.00028646396457900525,,0.0005551293083561828,,2,0.8320180555555555,False,0,,,1,0,8,1,500,hs_crosscheck,,,,7.299604113920923,,1,0,0,0,0,0,0,0,0.1,,,0,,0,0.1,0,,1,,,,5.874559573878586e-16,,9.318536465030804e-12,3000,,inf,static_regression_projector,0,False,0,0,physical_density_SQ_equals_minus_legacy_contact_already_included,,raw/hs_crosscheck/task_0035_s720018,200,0,0,0,,,/home/sunxr/PfQMC-main/reproduction/projector_kitaev/regression_stress/raw/hs_crosscheck/task_0035_s720018/result.json,152.971212119,720018,0,20,150,20,10,35,10,80
10,0.22002991205422673,0.008713435836587532,0.04700204468243601,0.03666018892459078,0.0001971866563234862,,0.0006054071508563189,,2,0.7369364197530864,False,0,,,0.7566666666666667,0.012864566686188536,8,1,500,hs_crosscheck,,,,7.037739571903572,,1,0,0,0,0,0,0,0,0.1,,,0,,0,0.1,0,,0,,,,6.24986111775429e-14,,9.258049672631786e-10,3000,,inf,static_regression_projector,0,False,0,365,physical_density_SQ_equals_minus_legacy_contact_already_included,,raw/hs_crosscheck/task_0036_s720019,360,0,0,0,,,/home/sunxr/PfQMC-main/reproduction/projector_kitaev/regression_stress/raw/hs_crosscheck/task_0036_s720019/result.json,282.574334726,720019,0,20,150,20,10,36,18,80
10,0.19987257936361424,0.007875869115586773,0.04586966985933648,0.036701580629993465,0.0001773753466123348,,0.0005052353152681923,,2,0.7369362139917696,False,0,,,0.7873333333333333,0.010349449797506684,8,1,500,hs_crosscheck,,,,6.642251161403255,,1,0,0,0,0,0,0,0,0.1,,,0,,0,0.1,0,,0,,,,1.934587302207919e-13,,2.624892448670844e-09,3000,,inf,static_regression_projector,0,False,0,319,physical_density_SQ_equals_minus_legacy_contact_already_included,,raw/hs_crosscheck/task_0037_s720020,360,0,0,0,,,/home/sunxr/PfQMC-main/reproduction/projector_kitaev/regression_stress/raw/hs_crosscheck/task_0037_s720020/result.json,287.587138343,720020,0,20,150,20,10,37,18,80
10,0.21686175537933217,0.008564075486799834,0.046282376330150546,0.03624549895606725,0.00017052606182408912,,0.0005160960898205652,,2,0.7369300925925926,False,0,,,0.7613333333333333,0.011763756411634877,8,1,500,hs_crosscheck,,,,6.610707147966899,,1,0,0,0,0,0,0,0,0.1,,,0,,0,0.1,0,,0,,,,5.2547087994643e-14,,1.3930141892300472e-09,3000,,inf,static_regression_projector,0,False,0,358,physical_density_SQ_equals_minus_legacy_contact_already_included,,raw/hs_crosscheck/task_0038_s720021,360,0,0,0,,,/home/sunxr/PfQMC-main/reproduction/projector_kitaev/regression_stress/raw/hs_crosscheck/task_0038_s720021/result.json,282.60636735,720021,0,20,150,20,10,38,18,80
10,0.21458061518010219,0.006246796422704419,0.04635589063737459,0.03640881510718521,0.00014937524251620787,,0.00042817659155517426,,2,0.7367878086419754,False,0,,,0.744,0.015312724517986431,8,1,500,hs_crosscheck,,,,7.930397343310117,,1,0,0,0,0,0,0,0,0.1,,,0,,0,0.1,0,,0,,,,1.827806617482935e-13,,2.1027995100207553e-10,3000,,inf,static_regression_projector,0,False,0,384,physical_density_SQ_equals_minus_legacy_contact_already_included,,raw/hs_crosscheck/task_0039_s720022,360,0,0,0,,,/home/sunxr/PfQMC-main/reproduction/projector_kitaev/regression_stress/raw/hs_crosscheck/task_0039_s720022/result.json,276.183110348,720022,0,20,150,20,10,39,18,80
10,0.21358378919749998,0.0066946727791886325,0.046284154428024304,0.036398609345484625,0.00016748364211459412,,0.00043341370579458375,,2,0.7370185699588477,False,0,,,0.774,0.012215415435792833,8,1,500,hs_crosscheck,,,,7.124075601107047,,1,0,0,0,0,0,0,0,0.1,,,0,,0,0.1,0,,0,,,,3.417122172063662e-14,,2.154655059001072e-10,3000,,inf,static_regression_projector,0,False,0,339,physical_density_SQ_equals_minus_legacy_contact_already_included,,raw/hs_crosscheck/task_0040_s720023,360,0,0,0,,,/home/sunxr/PfQMC-main/reproduction/projector_kitaev/regression_stress/raw/hs_crosscheck/task_0040_s720023/result.json,272.274049699,720023,0,20,150,20,10,40,18,80
10,0.21807556406051465,0.008817324387590742,0.046300892559707624,0.0362037992982441,0.00020401184850018353,,0.0005208662108539794,,2,0.7368181069958848,False,0,,,0.7593333333333333,0.012405431747509044,8,1,500,hs_crosscheck,,,,7.243699507157357,,1,0,0,0,0,0,0,0,0.1,,,0,,0,0.1,0,,0,,,,1.1141925576753814e-13,,9.273281020297156e-10,3000,,inf,static_regression_projector,0,False,0,361,physical_density_SQ_equals_minus_legacy_contact_already_included,,raw/hs_crosscheck/task_0041_s720024,360,0,0,0,,,/home/sunxr/PfQMC-main/reproduction/projector_kitaev/regression_stress/raw/hs_crosscheck/task_0041_s720024/result.json,286.786687944,720024,0,20,150,20,10,41,18,80
10,0.21813338103755942,0.015722481281567256,0.04724639890246129,0.03694038216801817,0.0003040927028090931,,0.0006669551191118073,,2,0.829274537037037,False,0,,,1,0,8,1,500,hs_crosscheck,,,,10.527005888008226,,1,0,0,0,0,0,0,0,0.1,,,0,,0,0.1,0,,1,,,,2.1451610596030853e-16,,9.751650638869693e-12,3000,,inf,static_regression_projector,0,False,0,0,physical_density_SQ_equals_minus_legacy_contact_already_included,,raw/hs_crosscheck/task_0042_s720019,360,0,0,0,,,/home/sunxr/PfQMC-main/reproduction/projector_kitaev/regression_stress/raw/hs_crosscheck/task_0042_s720019/result.json,327.012386246,720019,0,20,150,20,10,42,18,80
10,0.19766993402794097,0.014637526295595633,0.045962513312938026,0.03687710633861121,0.0002906170622415014,,0.0005645141585297232,,2,0.8301571502057613,False,0,,,1,0,8,1,500,hs_crosscheck,,,,7.1053589060200455,,1,0,0,0,0,0,0,0,0.1,,,0,,0,0.1,0,,1,,,,4.632891782162679e-16,,1.7879055180264835e-11,3000,,inf,static_regression_projector,0,False,0,0,physical_density_SQ_equals_minus_legacy_contact_already_included,,raw/hs_crosscheck/task_0043_s720020,360,0,0,0,,,/home/sunxr/PfQMC-main/reproduction/projector_kitaev/regression_stress/raw/hs_crosscheck/task_0043_s720020/result.json,291.39647395,720020,0,20,150,20,10,43,18,80
10,0.20383897153491926,0.01116066713818735,0.04603831075568731,0.036653908840043,0.0002340370059660659,,0.0004915127434693469,,2,0.8298975823045267,False,0,,,1,0,8,1,500,hs_crosscheck,,,,6.939396510884468,,1,0,0,0,0,0,0,0,0.1,,,0,,0,0.1,0,,1,,,,4.041776400993216e-16,,4.6292917437588715e-12,3000,,inf,static_regression_projector,0,False,0,0,physical_density_SQ_equals_minus_legacy_contact_already_included,,raw/hs_crosscheck/task_0044_s720021,360,0,0,0,,,/home/sunxr/PfQMC-main/reproduction/projector_kitaev/regression_stress/raw/hs_crosscheck/task_0044_s720021/result.json,286.366341635,720021,0,20,150,20,10,44,18,80
10,0.23836829482316169,0.015197537131349416,0.047744632164097654,0.03636382560818262,0.00023552482387222695,,0.0007245802788572799,,2,0.8299297325102881,False,0,,,1,0,8,1,500,hs_crosscheck,,,,6.903163248969709,,1,0,0,0,0,0,0,0,0.1,,,0,,0,0.1,0,,1,,,,3.7315064826001334e-16,,2.255189664363569e-11,3000,,inf,static_regression_projector,0,False,0,0,physical_density_SQ_equals_minus_legacy_contact_already_included,,raw/hs_crosscheck/task_0045_s720022,360,0,0,0,,,/home/sunxr/PfQMC-main/reproduction/projector_kitaev/regression_stress/raw/hs_crosscheck/task_0045_s720022/result.json,287.761291581,720022,0,20,150,20,10,45,18,80
10,0.21439486663261442,0.01432216603313879,0.04638918160637211,0.03644357920267783,0.00024702092397115277,,0.0005981434291757932,,2,0.8299461419753087,False,0,,,1,0,8,1,500,hs_crosscheck,,,,8.695824951033678,,1,0,0,0,0,0,0,0,0.1,,,0,,0,0.1,0,,1,,,,2.5146430154360827e-16,,6.152076483413557e-12,3000,,inf,static_regression_projector,0,False,0,0,physical_density_SQ_equals_minus_legacy_contact_already_included,,raw/hs_crosscheck/task_0046_s720023,360,0,0,0,,,/home/sunxr/PfQMC-main/reproduction/projector_kitaev/regression_stress/raw/hs_crosscheck/task_0046_s720023/result.json,198.711614905,720023,0,20,150,20,10,46,18,80
10,0.2127212338685296,0.015951552906763738,0.04585110348671605,0.03609760017878817,0.0002360287464892288,,0.000698083880316371,,2,0.8295763374485596,False,0,,,1,0,8,1,500,hs_crosscheck,,,,9.276590507806675,,1,0,0,0,0,0,0,0,0.1,,,0,,0,0.1,0,,1,,,,4.52752326017459e-16,,1.3152431074722936e-11,3000,,inf,static_regression_projector,0,False,0,0,physical_density_SQ_equals_minus_legacy_contact_already_included,,raw/hs_crosscheck/task_0047_s720024,360,0,0,0,,,/home/sunxr/PfQMC-main/reproduction/projector_kitaev/regression_stress/raw/hs_crosscheck/task_0047_s720024/result.json,224.245913418,720024,0,20,150,20,10,47,18,80
10,0.9197848897164972,0.26981115396344785,0.13489856683618445,0.010820903415851008,0.014667360879359811,,0.03116233186718073,,4,0.62773075,False,0,,,0.13066666666666665,0.013099415204678362,8,0,500,hs_crosscheck,,,,11.680594121849277,,1,0,0,0,0,0,0,0,0.1,,,0,,0,0.1,0,,0,,,,2.4083821523939442e-12,,4.3162800073349014e-07,3000,,inf,static_regression_projector,0,False,0,1304,physical_density_SQ_equals_minus_legacy_contact_already_included,,raw/hs_crosscheck/task_0048_s720025,200,0,0,0,,,/home/sunxr/PfQMC-main/reproduction/projector_kitaev/regression_stress/raw/hs_crosscheck/task_0048_s720025/result.json,127.060703591,720025,0,20,150,20,10,48,10,80
10,0.796344496752019,0.24479685571815996,0.1262212111710123,0.02570564428160218,0.019617437204758066,,0.07920235951782462,,4,0.6275785833333334,False,0,,,0.132,0.018698824693998917,8,0,500,hs_crosscheck,,,,10.980844231834856,,1,0,0,0,0,0,0,0,0.1,,,0,,0,0.1,0,,0,,,,1.175023569098505e-12,,1.8876017991535783e-06,3000,,inf,static_regression_projector,0,False,0,1302,physical_density_SQ_equals_minus_legacy_contact_already_included,,raw/hs_crosscheck/task_0049_s720026,200,0,0,0,,,/home/sunxr/PfQMC-main/reproduction/projector_kitaev/regression_stress/raw/hs_crosscheck/task_0049_s720026/result.json,126.650092524,720026,0,20,150,20,10,49,10,80
10,0.4013014911761179,0.4947428202529591,0.058107987964212474,0.034789165744930094,0.007303573472100494,,0.03553825577545162,,4,0.62777125,False,0,,,0.17333333333333334,0.013451817864168302,8,0,500,hs_crosscheck,,,,9.070262065952736,,1,0,0,0,0,0,0,0,0.1,,,0,,0,0.1,0,,0,,,,3.2333931906758025e-12,,0.0007644277246398111,3000,,inf,static_regression_projector,0,False,0,1240,physical_density_SQ_equals_minus_legacy_contact_already_included,,raw/hs_crosscheck/task_0050_s720027,200,0,0,0,,,/home/sunxr/PfQMC-main/reproduction/projector_kitaev/regression_stress/raw/hs_crosscheck/task_0050_s720027/result.json,126.615294294,720027,0,20,150,20,10,50,10,80
10,0.8749886232976667,0.11048894583627752,0.14851638200333037,0.018566237377085962,0.010905232266445084,,0.03353071494487776,,4,0.6279623333333333,False,0,,,0.14066666666666666,0.012177056366560267,8,0,500,hs_crosscheck,,,,9.451052875889209,,1,0,0,0,0,0,0,0,0.1,,,0,,0,0.1,0,,0,,,,7.646697717949455e-13,,0.0004581913436855745,3000,,inf,static_regression_projector,0,False,0,1289,physical_density_SQ_equals_minus_legacy_contact_already_included,,raw/hs_crosscheck/task_0051_s720028,200,0,0,0,,,/home/sunxr/PfQMC-main/reproduction/projector_kitaev/regression_stress/raw/hs_crosscheck/task_0051_s720028/result.json,125.778430532,720028,0,20,150,20,10,51,10,80
10,-0.8304848802560427,0.08646497743525056,0.042768177963589754,0.07828650311845071,0.02876081129492354,,0.04839414943995428,,4,0.6280823333333333,False,0,,,0.16266666666666665,0.016742983168483355,8,0,500,hs_crosscheck,,,,10.213002897225213,,1,0,0,0,0,0,0,0,0.1,,,0,,0,0.1,0,,0,,,,6.142664322283943e-12,,1.6521309532482336e-07,3000,,inf,static_regression_projector,0,False,0,1256,physical_density_SQ_equals_minus_legacy_contact_already_included,,raw/hs_crosscheck/task_0052_s720029,200,0,0,0,,,/home/sunxr/PfQMC-main/reproduction/projector_kitaev/regression_stress/raw/hs_crosscheck/task_0052_s720029/result.json,125.57168671,720029,0,20,150,20,10,52,10,80
10,0.8870991936832273,0.21299692565483358,0.11845405608441702,0.013373558443422898,0.025270055542372456,,0.07604681685216322,,4,0.6279335833333334,False,0,,,0.112,0.02016075743494964,8,0,500,hs_crosscheck,,,,11.706014251989977,,1,0,0,0,0,0,0,0,0.1,,,0,,0,0.1,0,,0,,,,1.3979574920017057e-12,,1.8051487901209807e-05,3000,,inf,static_regression_projector,0,False,0,1332,physical_density_SQ_equals_minus_legacy_contact_already_included,,raw/hs_crosscheck/task_0053_s720030,200,0,0,0,,,/home/sunxr/PfQMC-main/reproduction/projector_kitaev/regression_stress/raw/hs_crosscheck/task_0053_s720030/result.json,126.546726609,720030,0,20,150,20,10,53,10,80
10,0.7565140462160086,0.006844310143317008,0.12215095034502732,0.029742040650379952,0.0004349673156831492,,0.0017240115413876952,,4,0.60910525,False,0,,,1,0,8,0,500,hs_crosscheck,,,,21.84269095908002,,1,0,0,0,0,0,0,0,0.1,,,0,,0,0.1,0,,1,,,,9.477373213071459e-15,,5.296364046144324e-10,3000,,inf,static_regression_projector,0,False,0,0,physical_density_SQ_equals_minus_legacy_contact_already_included,,raw/hs_crosscheck/task_0054_s720025,200,0,0,0,,,/home/sunxr/PfQMC-main/reproduction/projector_kitaev/regression_stress/raw/hs_crosscheck/task_0054_s720025/result.json,122.518214441,720025,0,20,150,20,10,54,10,80
10,0.7623447291227916,0.007582944411495365,0.12377966016684132,0.02941688866603948,0.0005460881398867048,,0.0018414122564636497,,4,0.60805525,False,0,,,1,0,8,0,500,hs_crosscheck,,,,8.857510209139829,,1,0,0,0,0,0,0,0,0.1,,,0,,0,0.1,0,,1,,,,8.379392414684719e-15,,4.756430492970231e-10,3000,,inf,static_regression_projector,0,False,0,0,physical_density_SQ_equals_minus_legacy_contact_already_included,,raw/hs_crosscheck/task_0055_s720026,200,0,0,0,,,/home/sunxr/PfQMC-main/reproduction/projector_kitaev/regression_stress/raw/hs_crosscheck/task_0055_s720026/result.json,170.199598466,720026,0,20,150,20,10,55,10,80
10,0.7621985869081362,0.009181634130517998,0.12380238318653966,0.029440381665899518,0.0006051260376903071,,0.0022039271320415774,,4,0.609417,False,0,,,1,0,8,0,500,hs_crosscheck,,,,7.438532016798955,,1,0,0,0,0,0,0,0,0.1,,,0,,0,0.1,0,,1,,,,6.447442239661309e-15,,5.567498167247345e-10,3000,,inf,static_regression_projector,0,False,0,0,physical_density_SQ_equals_minus_legacy_contact_already_included,,raw/hs_crosscheck/task_0056_s720027,200,0,0,0,,,/home/sunxr/PfQMC-main/reproduction/projector_kitaev/regression_stress/raw/hs_crosscheck/task_0056_s720027/result.json,167.053753508,720027,0,20,150,20,10,56,10,80
10,0.7543923059307048,0.007873349597938041,0.1211890771676408,0.029764969789530124,0.0005009556402778097,,0.0018539309378607554,,4,0.609184,False,0,,,1,0,8,0,500,hs_crosscheck,,,,8.323580210814564,,1,0,0,0,0,0,0,0,0.1,,,0,,0,0.1,0,,1,,,,1.498559294890346e-14,,5.117410927288084e-10,3000,,inf,static_regression_projector,0,False,0,0,physical_density_SQ_equals_minus_legacy_contact_already_included,,raw/hs_crosscheck/task_0057_s720028,200,0,0,0,,,/home/sunxr/PfQMC-main/reproduction/projector_kitaev/regression_stress/raw/hs_crosscheck/task_0057_s720028/result.json,108.693427741,720028,0,20,150,20,10,57,10,80
10,0.7521123535712401,0.007460969308209137,0.12080987483138074,0.02994727553730405,0.0004926697709902876,,0.0018959952930253843,,4,0.6099375833333334,False,0,,,1,0,8,0,500,hs_crosscheck,,,,22.436060030648207,,1,0,0,0,0,0,0,0,0.1,,,0,,0,0.1,0,,1,,,,1.9983990276297076e-14,,3.661792585503477e-09,3000,,inf,static_regression_projector,0,False,0,0,physical_density_SQ_equals_minus_legacy_contact_already_included,,raw/hs_crosscheck/task_0058_s720029,200,0,0,0,,,/home/sunxr/PfQMC-main/reproduction/projector_kitaev/regression_stress/raw/hs_crosscheck/task_0058_s720029/result.json,109.008036665,720029,0,20,150,20,10,58,10,80
10,0.7519929659721475,0.01076786439766501,0.12112577549399149,0.030040044324588375,0.0006452039525712553,,0.002486347757424606,,4,0.6073948333333333,False,0,,,1,0,8,0,500,hs_crosscheck,,,,6.901961088019015,,1,0,0,0,0,0,0,0,0.1,,,0,,0,0.1,0,,1,,,,3.338867452349759e-15,,8.161484834277594e-10,3000,,inf,static_regression_projector,0,False,0,0,physical_density_SQ_equals_minus_legacy_contact_already_included,,raw/hs_crosscheck/task_0059_s720030,200,0,0,0,,,/home/sunxr/PfQMC-main/reproduction/projector_kitaev/regression_stress/raw/hs_crosscheck/task_0059_s720030/result.json,108.539071262,720030,0,20,150,20,10,59,10,80
10,1.8106494131194761,0.19622759221904337,-0.16724000408036083,0.1355730111578433,0.17678835322728895,,0.5678953408637099,,4,0.6277603703703704,False,0,,,0.029333333333333333,0.018291978876766455,8,0,500,hs_crosscheck,,,,8.083144943347403,,1,0,0,0,0,0,0,0,0.1,,,0,,0,0.1,0,,0,,,,7.366788795002188e-12,,4.5134782331669976e-07,3000,,inf,static_regression_projector,0,False,0,1456,physical_density_SQ_equals_minus_legacy_contact_already_included,,raw/hs_crosscheck/task_0060_s720031,360,0,0,0,,,/home/sunxr/PfQMC-main/reproduction/projector_kitaev/regression_stress/raw/hs_crosscheck/task_0060_s720031/result.json,190.140902521,720031,0,20,150,20,10,60,18,80
10,1.1035973880083667,5.134610136398769,0.255947568414803,-0.026515499554866342,0.018066598616613094,,0.09190916715932329,,4,0.6276373611111111,False,0,,,0.025333333333333333,0.017630972805811718,8,0,500,hs_crosscheck,,,,8.334305079396318,,1,0,0,0,0,0,0,0,0.1,,,0,,0,0.1,0,,0,,,,8.251148949308857e-13,,5.032331738891633e-07,3000,,inf,static_regression_projector,0,False,0,1462,physical_density_SQ_equals_minus_legacy_contact_already_included,,raw/hs_crosscheck/task_0061_s720032,360,0,0,0,,,/home/sunxr/PfQMC-main/reproduction/projector_kitaev/regression_stress/raw/hs_crosscheck/task_0061_s720032/result.json,189.022668841,720032,1,20,150,20,10,61,18,80
10,-0.5809327344307129,0.3601450632763891,0.02897969926325352,0.045814955199235105,0.03964510928114117,,0.14877130282753026,,4,0.6277857407407408,False,0,,,0.058,0.01592465921901722,8,0,500,hs_crosscheck,,,,28.18815805600236,,1,0,0,0,0,0,0,0,0.1,,,0,,0,0.1,0,,0,,,,2.6784106874311575e-12,,1.0333032179385735e-05,3000,,inf,static_regression_projector,0,False,0,1413,physical_density_SQ_equals_minus_legacy_contact_already_included,,raw/hs_crosscheck/task_0062_s720033,360,0,0,0,,,/home/sunxr/PfQMC-main/reproduction/projector_kitaev/regression_stress/raw/hs_crosscheck/task_0062_s720033/result.json,189.192614579,720033,0,20,150,20,10,62,18,80
10,0.8195102571541535,0.11272533345379449,0.09525384605610449,0.01719234217974415,0.03154430598585077,,0.13328252574399047,,4,0.6279754629629629,False,0,,,0.04933333333333333,0.018932937974621825,8,0,500,hs_crosscheck,,,,19.49911614551382,,1,0,0,0,0,0,0,0,0.1,,,0,,0,0.1,0,,0,,,,1.6003534945538977e-12,,4.2852298009161263e-07,3000,,inf,static_regression_projector,0,False,0,1426,physical_density_SQ_equals_minus_legacy_contact_already_included,,raw/hs_crosscheck/task_0063_s720034,360,0,0,0,,,/home/sunxr/PfQMC-main/reproduction/projector_kitaev/regression_stress/raw/hs_crosscheck/task_0063_s720034/result.json,190.325818368,720034,1,20,150,20,10,63,18,80
10,1.5009418260859033,0.4595242878524458,0.7585955113779788,-0.3800122207302544,0.22246340481137894,,0.27393604553005657,,4,0.6277125,False,0,,,0.018666666666666668,0.017915227546307862,8,0,500,hs_crosscheck,,,,22.081352544814784,,1,0,0,0,0,0,0,0,0.1,,,0,,0,0.1,0,,0,,,,4.347432750599814e-13,,9.462489506582232e-05,3000,,inf,static_regression_projector,0,False,0,1472,physical_density_SQ_equals_minus_legacy_contact_already_included,,raw/hs_crosscheck/task_0064_s720035,360,0,0,0,,,/home/sunxr/PfQMC-main/reproduction/projector_kitaev/regression_stress/raw/hs_crosscheck/task_0064_s720035/result.json,189.36110891,720035,0,20,150,20,10,64,18,80
10,0.09429709662533581,0.27456924441464675,0.08214228423000015,0.07439650531693803,0.06016246311451708,,0.15424152957373108,,4,0.6277370833333333,False,0,,,0.062,0.01731105180570733,8,0,500,hs_crosscheck,,,,9.236302187503698,,1,0,0,0,0,0,0,0,0.1,,,0,,0,0.1,0,,0,,,,8.715330357076624e-13,,2.9488524177212628e-05,3000,,inf,static_regression_projector,0,False,0,1407,physical_density_SQ_equals_minus_legacy_contact_already_included,,raw/hs_crosscheck/task_0065_s720036,360,0,0,0,,,/home/sunxr/PfQMC-main/reproduction/projector_kitaev/regression_stress/raw/hs_crosscheck/task_0065_s720036/result.json,189.172331543,720036,0,20,150,20,10,65,18,80
10,0.7630715061229381,0.006375903404601854,0.1230725576690085,0.029159395726116026,0.00040526229059646983,,0.0017110609686185549,,4,0.6057872685185185,False,0,,,1,0,8,0,500,hs_crosscheck,,,,14.762252877193818,,1,0,0,0,0,0,0,0,0.1,,,0,,0,0.1,0,,1,,,,6.344608974306504e-15,,8.36715829447505e-10,3000,,inf,static_regression_projector,0,False,0,0,physical_density_SQ_equals_minus_legacy_contact_already_included,,raw/hs_crosscheck/task_0066_s720031,360,0,0,0,,,/home/sunxr/PfQMC-main/reproduction/projector_kitaev/regression_stress/raw/hs_crosscheck/task_0066_s720031/result.json,223.657159779,720031,0,20,150,20,10,66,18,80
10,0.7580132458534087,0.007958580921731235,0.12184166192752738,0.029484068289668666,0.0005102595143438726,,0.0019372129469970322,,4,0.6059946296296296,False,0,,,1,0,8,0,500,hs_crosscheck,,,,18.253300537058504,,1,0,0,0,0,0,0,0,0.1,,,0,,0,0.1,0,,1,,,,4.019116041577905e-15,,9.141250922434669e-10,3000,,inf,static_regression_projector,0,False,0,0,physical_density_SQ_equals_minus_legacy_contact_already_included,,raw/hs_crosscheck/task_0067_s720032,360,0,0,0,,,/home/sunxr/PfQMC-main/reproduction/projector_kitaev/regression_stress/raw/hs_crosscheck/task_0067_s720032/result.json,217.704195136,720032,0,20,150,20,10,67,18,80
10,0.7604917650302586,0.009615710411053328,0.12315553386925986,0.029496764543782635,0.0006552315936930276,,0.002356604542810443,,4,0.6062846296296296,False,0,,,1,0,8,0,500,hs_crosscheck,,,,7.686047345030078,,1,0,0,0,0,0,0,0,0.1,,,0,,0,0.1,0,,1,,,,2.688822084327861e-15,,7.103863243079638e-10,3000,,inf,static_regression_projector,0,False,0,0,physical_density_SQ_equals_minus_legacy_contact_already_included,,raw/hs_crosscheck/task_0068_s720033,360,0,0,0,,,/home/sunxr/PfQMC-main/reproduction/projector_kitaev/regression_stress/raw/hs_crosscheck/task_0068_s720033/result.json,213.143295307,720033,0,20,150,20,10,68,18,80
10,0.7504716121253541,0.005222659913899617,0.12084903439235888,0.030155264728132954,0.00032480601770353446,,0.00130652790319096,,4,0.6072278703703704,False,0,,,1,0,8,0,500,hs_crosscheck,,,,7.632240211357816,,1,0,0,0,0,0,0,0,0.1,,,0,,0,0.1,0,,1,,,,3.803550340965706e-15,,5.45333014144982e-09,3000,,inf,static_regression_projector,0,False,0,0,physical_density_SQ_equals_minus_legacy_contact_already_included,,raw/hs_crosscheck/task_0069_s720034,360,0,0,0,,,/home/sunxr/PfQMC-main/reproduction/projector_kitaev/regression_stress/raw/hs_crosscheck/task_0069_s720034/result.json,221.853551017,720034,0,20,150,20,10,69,18,80
10,0.762385277317095,0.0066688855291011494,0.12354446275207175,0.029355983255842006,0.00038199237449722603,,0.0017964454679465914,,4,0.606488287037037,False,0,,,1,0,8,0,500,hs_crosscheck,,,,8.151923896878362,,1,0,0,0,0,0,0,0,0.1,,,0,,0,0.1,0,,1,,,,1.3538769622833231e-14,,8.767893331453261e-10,3000,,inf,static_regression_projector,0,False,0,0,physical_density_SQ_equals_minus_legacy_contact_already_included,,raw/hs_crosscheck/task_0070_s720035,360,0,0,0,,,/home/sunxr/PfQMC-main/reproduction/projector_kitaev/regression_stress/raw/hs_crosscheck/task_0070_s720035/result.json,219.480485905,720035,0,20,150,20,10,70,18,80
10,0.7614816064193121,0.007424129802320979,0.12324182950519118,0.029395443195523233,0.0004833505904892289,,0.0018367987564306544,,4,0.6061389814814815,False,0,,,1,0,8,0,500,hs_crosscheck,,,,7.614440467656034,,1,0,0,0,0,0,0,0,0.1,,,0,,0,0.1,0,,1,,,,3.637943516211646e-15,,1.0822614347763167e-09,3000,,inf,static_regression_projector,0,False,0,0,physical_density_SQ_equals_minus_legacy_contact_already_included,,raw/hs_crosscheck/task_0071_s720036,360,0,0,0,,,/home/sunxr/PfQMC-main/reproduction/projector_kitaev/regression_stress/raw/hs_crosscheck/task_0071_s720036/result.json,219.073794896,720036,0,20,150,20,10,71,18,80
10,-0.40967646935036917,0.09431352521105713,0.05040975818891954,0.07106144994456196,0.029213489270365114,,0.0588031994846182,,4,0.6163360185185185,False,0,,,0.2773333333333333,0.014528858155348809,8,1,500,hs_crosscheck,,,,7.611803934110513,,1,0,0,0,0,0,0,0,0.1,,,0,,0,0.1,0,,0,,,,2.0150758253793314e-11,,5.4008660159379435e-08,3000,,inf,static_regression_projector,0,False,0,1084,physical_density_SQ_equals_minus_legacy_contact_already_included,,raw/hs_crosscheck/task_0072_s720037,200,0,0,0,,,/home/sunxr/PfQMC-main/reproduction/projector_kitaev/regression_stress/raw/hs_crosscheck/task_0072_s720037/result.json,124.341646882,720037,0,20,150,20,10,72,10,80
10,0.4456424562202276,44.97076100772899,0.08303587488019447,0.04603156364418911,0.013780819041456335,,0.019224117284994395,,4,0.6159160185185185,False,0,,,0.2813333333333333,0.01694573382113746,8,1,500,hs_crosscheck,,,,7.598297346394827,,1,0,0,0,0,0,0,0,0.1,,,0,,0,0.1,0,,0,,,,1.1377326301622033e-12,,0.0022061640447778356,3000,,inf,static_regression_projector,0,False,0,1078,physical_density_SQ_equals_minus_legacy_contact_already_included,,raw/hs_crosscheck/task_0073_s720038,200,0,0,0,,,/home/sunxr/PfQMC-main/reproduction/projector_kitaev/regression_stress/raw/hs_crosscheck/task_0073_s720038/result.json,166.711038826,720038,0,20,150,20,10,73,10,80
10,0.8301010342958018,0.2826829282523166,0.13616864633338688,0.023134912173383187,0.011909368160473582,,0.0290058869760324,,4,0.6161800925925925,False,0,,,0.286,0.016989160631042617,8,1,500,hs_crosscheck,,,,7.191234811058912,,1,0,0,0,0,0,0,0,0.1,,,0,,0,0.1,0,,0,,,,1.4233072299153857e-11,,2.3127504947697722e-08,3000,,inf,static_regression_projector,0,False,0,1071,physical_density_SQ_equals_minus_legacy_contact_already_included,,raw/hs_crosscheck/task_0074_s720039,200,0,0,0,,,/home/sunxr/PfQMC-main/reproduction/projector_kitaev/regression_stress/raw/hs_crosscheck/task_0074_s720039/result.json,170.556282752,720039,0,20,150,20,10,74,10,80
10,0.8041150533366502,0.1326519142767528,0.11685395976495175,0.022889931675958795,0.00755828584997412,,0.016605069726179457,,4,0.616425,False,0,,,0.29333333333333333,0.012977713690461003,8,1,500,hs_crosscheck,,,,6.9849929410551015,,1,0,0,0,0,0,0,0,0.1,,,0,,0,0.1,0,,0,,,,5.938231439340287e-13,,4.370050518520851e-08,3000,,inf,static_regression_projector,0,False,0,1060,physical_density_SQ_equals_minus_legacy_contact_already_included,,raw/hs_crosscheck/task_0075_s720040,200,0,0,0,,,/home/sunxr/PfQMC-main/reproduction/projector_kitaev/regression_stress/raw/hs_crosscheck/task_0075_s720040/result.json,168.961720298,720040,0,20,150,20,10,75,10,80
10,0.7686288064173906,0.2992113290437818,0.15350685290493427,0.03551706377972469,0.0034370608782015436,,0.03013284100764494,,4,0.6162587037037037,False,0,,,0.278,0.01412641340027806,8,1,500,hs_crosscheck,,,,6.9242168551833245,,1,0,0,0,0,0,0,0,0.1,,,0,,0,0.1,0,,0,,,,3.231511462447675e-12,,8.998857372763722e-08,3000,,inf,static_regression_projector,0,False,0,1083,physical_density_SQ_equals_minus_legacy_contact_already_included,,raw/hs_crosscheck/task_0076_s720041,200,0,0,0,,,/home/sunxr/PfQMC-main/reproduction/projector_kitaev/regression_stress/raw/hs_crosscheck/task_0076_s720041/result.json,161.018785686,720041,0,20,150,20,10,76,10,80
10,0.7399356980562182,0.1338467282446595,0.11097783494288718,0.02886137317565419,0.004038837517817045,,0.01212152462046292,,4,0.6163573148148148,False,0,,,0.29133333333333333,0.019806667906724026,8,1,500,hs_crosscheck,,,,7.946631649978266,,1,0,0,0,0,0,0,0,0.1,,,0,,0,0.1,0,,0,,,,2.716057006003547e-13,,1.4034072545297741e-05,3000,,inf,static_regression_projector,0,False,0,1063,physical_density_SQ_equals_minus_legacy_contact_already_included,,raw/hs_crosscheck/task_0077_s720042,200,0,0,0,,,/home/sunxr/PfQMC-main/reproduction/projector_kitaev/regression_stress/raw/hs_crosscheck/task_0077_s720042/result.json,168.589927021,720042,0,20,150,20,10,77,10,80
10,0.6778093414195434,0.01224784223224062,0.10750495497183228,0.03463709224303697,0.0006634976818534241,,0.0020148136051032555,,4,0.6106726851851851,False,0,,,1,0,8,1,500,hs_crosscheck,,,,11.874053425960804,,1,0,0,0,0,0,0,0,0.1,,,0,,0,0.1,0,,1,,,,1.4997245438393797e-14,,1.3931819685996344e-08,3000,,inf,static_regression_projector,0,False,0,0,physical_density_SQ_equals_minus_legacy_contact_already_included,,raw/hs_crosscheck/task_0078_s720037,200,0,0,0,,,/home/sunxr/PfQMC-main/reproduction/projector_kitaev/regression_stress/raw/hs_crosscheck/task_0078_s720037/result.json,161.708092254,720037,0,20,150,20,10,78,10,80
10,0.6831979853521093,0.009815678043463696,0.10807676045349231,0.03423893544828384,0.000509556568555343,,0.0018201374250857191,,4,0.6098414814814814,False,0,,,1,0,8,1,500,hs_crosscheck,,,,25.066393483035732,,1,0,0,0,0,0,0,0,0.1,,,0,,0,0.1,0,,1,,,,6.960694048058781e-14,,5.628501195276424e-09,3000,,inf,static_regression_projector,0,False,0,0,physical_density_SQ_equals_minus_legacy_contact_already_included,,raw/hs_crosscheck/task_0079_s720038,200,0,0,0,,,/home/sunxr/PfQMC-main/reproduction/projector_kitaev/regression_stress/raw/hs_crosscheck/task_0079_s720038/result.json,170.006481196,720038,0,20,150,20,10,79,10,80
10,0.6717212826211607,0.007669641185021098,0.10623148997658721,0.03487353727475707,0.00039029298738229613,,0.0013916953243195748,,4,0.6089143518518518,False,0,,,1,0,8,1,500,hs_crosscheck,,,,9.857332052970989,,1,0,0,0,0,0,0,0,0.1,,,0,,0,0.1,0,,1,,,,2.7715008172318316e-14,,4.716270616787148e-08,3000,,inf,static_regression_projector,0,False,0,0,physical_density_SQ_equals_minus_legacy_contact_already_included,,raw/hs_crosscheck/task_0080_s720039,200,0,0,0,,,/home/sunxr/PfQMC-main/reproduction/projector_kitaev/regression_stress/raw/hs_crosscheck/task_0080_s720039/result.json,161.803768081,720039,0,20,150,20,10,80,10,80
10,0.6991136138401508,0.011117695776574585,0.1109034452452712,0.03336933685252636,0.0005896451669569064,,0.0019738260226042944,,4,0.6094359259259259,False,0,,,1,0,8,1,500,hs_crosscheck,,,,14.029672701672766,,1,0,0,0,0,0,0,0,0.1,,,0,,0,0.1,0,,1,,,,2.4462097002701296e-13,,3.4250589321729854e-09,3000,,inf,static_regression_projector,0,False,0,0,physical_density_SQ_equals_minus_legacy_contact_already_included,,raw/hs_crosscheck/task_0081_s720040,200,0,0,0,,,/home/sunxr/PfQMC-main/reproduction/projector_kitaev/regression_stress/raw/hs_crosscheck/task_0081_s720040/result.json,167.159729331,720040,0,20,150,20,10,81,10,80
10,0.6676456624468998,0.011614969886568528,0.10608472923376819,0.03525771990898903,0.0005675671453940222,,0.001822650151111843,,4,0.6104971296296297,False,0,,,1,0,8,1,500,hs_crosscheck,,,,10.842265397710493,,1,0,0,0,0,0,0,0,0.1,,,0,,0,0.1,0,,1,,,,1.7968837911211656e-14,,5.035028167602617e-09,3000,,inf,static_regression_projector,0,False,0,0,physical_density_SQ_equals_minus_legacy_contact_already_included,,raw/hs_crosscheck/task_0082_s720041,200,0,0,0,,,/home/sunxr/PfQMC-main/reproduction/projector_kitaev/regression_stress/raw/hs_crosscheck/task_0082_s720041/result.json,164.207501782,720041,0,20,150,20,10,82,10,80
10,0.6912318765183691,0.01082023338081616,0.10917807803803849,0.033710710281136196,0.0005604102380651021,,0.0019933149034003185,,4,0.609840925925926,False,0,,,1,0,8,1,500,hs_crosscheck,,,,6.760566277829097,,1,0,0,0,0,0,0,0,0.1,,,0,,0,0.1,0,,1,,,,1.388929437269818e-13,,3.433683039041505e-08,3000,,inf,static_regression_projector,0,False,0,0,physical_density_SQ_equals_minus_legacy_contact_already_included,,raw/hs_crosscheck/task_0083_s720042,200,0,0,0,,,/home/sunxr/PfQMC-main/reproduction/projector_kitaev/regression_stress/raw/hs_crosscheck/task_0083_s720042/result.json,163.635599105,720042,0,20,150,20,10,83,10,80
10,0.6390196727268993,0.7193438623051398,0.13286922819903083,0.047963177479810444,0.018420567362120895,,0.054270477107525916,,4,0.6158440329218107,False,0,,,0.07733333333333334,0.017627869034498905,8,1,500,hs_crosscheck,,,,7.917767924906401,,1,0,0,0,0,0,0,0,0.1,,,0,,0,0.1,0,,0,,,,1.1694283674490863e-12,,1.3988168241068042e-05,3000,,inf,static_regression_projector,0,False,0,1384,physical_density_SQ_equals_minus_legacy_contact_already_included,,raw/hs_crosscheck/task_0084_s720043,360,0,0,0,,,/home/sunxr/PfQMC-main/reproduction/projector_kitaev/regression_stress/raw/hs_crosscheck/task_0084_s720043/result.json,296.425676998,720043,0,20,150,20,10,84,18,80
10,0.8611485593416451,0.17132120500058837,0.20622699694648208,0.028634915628665183,0.033915951665984025,,0.13063465919920478,,4,0.616131378600823,False,0,,,0.10866666666666666,0.016131873356319687,8,1,500,hs_crosscheck,,,,7.537014522405977,,1,0,0,0,0,0,0,0,0.1,,,0,,0,0.1,0,,0,,,,8.309688272049704e-13,,2.173902292244114e-06,3000,,inf,static_regression_projector,0,False,0,1337,physical_density_SQ_equals_minus_legacy_contact_already_included,,raw/hs_crosscheck/task_0085_s720044,360,0,0,0,,,/home/sunxr/PfQMC-main/reproduction/projector_kitaev/regression_stress/raw/hs_crosscheck/task_0085_s720044/result.json,288.765837381,720044,0,20,150,20,10,85,18,80
10,0.7401067075238676,3.187244154638565,0.1464438401491883,0.03805977177922097,0.06886862068085124,,0.3455128790148712,,4,0.6159005658436214,False,0,,,0.102,0.017525920653045365,8,1,500,hs_crosscheck,,,,13.726938775901841,,1,0,0,0,0,0,0,0,0.1,,,0,,0,0.1,0,,0,,,,3.126336407607052e-12,,6.431790867309029e-06,3000,,inf,static_regression_projector,0,False,0,1347,physical_density_SQ_equals_minus_legacy_contact_already_included,,raw/hs_crosscheck/task_0086_s720045,360,0,0,0,,,/home/sunxr/PfQMC-main/reproduction/projector_kitaev/regression_stress/raw/hs_crosscheck/task_0086_s720045/result.json,231.447006798,720045,0,20,150,20,10,86,18,80
10,0.5992970617360209,6.585822863594021,0.10152081095154325,0.04067968724322532,0.027356762095222583,,0.07215201938585382,,4,0.6160148148148148,False,0,,,0.122,0.015272189302188188,8,1,500,hs_crosscheck,,,,13.188262314587098,,1,0,0,0,0,0,0,0,0.1,,,0,,0,0.1,0,,0,,,,4.222534747932295e-13,,2.804373126114091e-06,3000,,inf,static_regression_projector,0,False,0,1317,physical_density_SQ_equals_minus_legacy_contact_already_included,,raw/hs_crosscheck/task_0087_s720046,360,0,0,0,,,/home/sunxr/PfQMC-main/reproduction/projector_kitaev/regression_stress/raw/hs_crosscheck/task_0087_s720046/result.json,184.266468348,720046,0,20,150,20,10,87,18,80
10,0.8882289578849178,0.1415255842307712,0.15436799133895163,0.017253871261166596,0.035218079079787454,,0.11739859378053752,,4,0.6157699588477367,False,0,,,0.088,0.018766649527897195,8,1,500,hs_crosscheck,,,,6.793912994102444,,1,0,0,0,0,0,0,0,0.1,,,0,,0,0.1,0,,0,,,,2.793261807571128e-13,,1.0640948398788682e-06,3000,,inf,static_regression_projector,0,False,0,1368,physical_density_SQ_equals_minus_legacy_contact_already_included,,raw/hs_crosscheck/task_0088_s720047,360,0,0,0,,,/home/sunxr/PfQMC-main/reproduction/projector_kitaev/regression_stress/raw/hs_crosscheck/task_0088_s720047/result.json,227.023243615,720047,0,20,150,20,10,88,18,80
10,0.7946347216481011,0.15970970119579433,0.12150642147422965,0.024953200067598314,0.01813761357528631,,0.04475197461085711,,4,0.6158715020576132,False,0,,,0.12666666666666668,0.020116619064174262,8,1,500,hs_crosscheck,,,,8.368167140518008,,1,0,0,0,0,0,0,0,0.1,,,0,,0,0.1,0,,0,,,,1.4644015291483697e-13,,5.233478989288018e-07,3000,,inf,static_regression_projector,0,False,0,1310,physical_density_SQ_equals_minus_legacy_contact_already_included,,raw/hs_crosscheck/task_0089_s720048,360,0,0,0,,,/home/sunxr/PfQMC-main/reproduction/projector_kitaev/regression_stress/raw/hs_crosscheck/task_0089_s720048/result.json,185.038171075,720048,0,20,150,20,10,89,18,80
10,0.6628724763081177,0.010644812382033776,0.10435978695066164,0.03518255654768897,0.0005353373264771062,,0.0017845546262300932,,4,0.6076998456790124,False,0,,,1,0,8,1,500,hs_crosscheck,,,,14.566463517857711,,1,0,0,0,0,0,0,0,0.1,,,0,,0,0.1,0,,1,,,,4.673103646595452e-14,,7.144981607493822e-08,3000,,inf,static_regression_projector,0,False,0,0,physical_density_SQ_equals_minus_legacy_contact_already_included,,raw/hs_crosscheck/task_0090_s720043,360,0,0,0,,,/home/sunxr/PfQMC-main/reproduction/projector_kitaev/regression_stress/raw/hs_crosscheck/task_0090_s720043/result.json,216.887569493,720043,0,20,150,20,10,90,18,80
10,0.6684658830339605,0.010607539285006837,0.10588246022982137,0.03510364795448562,0.0005534428621664663,,0.0018905602623917428,,4,0.6087957818930041,False,0,,,1,0,8,1,500,hs_crosscheck,,,,12.885327327189822,,1,0,0,0,0,0,0,0,0.1,,,0,,0,0.1,0,,1,,,,6.758185688187943e-14,,2.587178813183099e-08,3000,,inf,static_regression_projector,0,False,0,0,physical_density_SQ_equals_minus_legacy_contact_already_included,,raw/hs_crosscheck/task_0091_s720044,360,0,0,0,,,/home/sunxr/PfQMC-main/reproduction/projector_kitaev/regression_stress/raw/hs_crosscheck/task_0091_s720044/result.json,215.37417756,720044,0,20,150,20,10,91,18,80
10,0.6725737355450354,0.012724608718994767,0.10626592764758334,0.03479425572848975,0.0006292536099984116,,0.002221441141042568,,4,0.6073301954732511,False,0,,,1,0,8,1,500,hs_crosscheck,,,,9.98170005713228,,1,0,0,0,0,0,0,0,0.1,,,0,,0,0.1,0,,1,,,,2.5370786185049177e-14,,2.3470473866873655e-08,3000,,inf,static_regression_projector,0,False,0,0,physical_density_SQ_equals_minus_legacy_contact_already_included,,raw/hs_crosscheck/task_0092_s720045,360,0,0,0,,,/home/sunxr/PfQMC-main/reproduction/projector_kitaev/regression_stress/raw/hs_crosscheck/task_0092_s720045/result.json,185.383394187,720045,0,20,150,20,10,92,18,80
10,0.6652423024959464,0.01034477344475107,0.10527289339084703,0.035240911401109645,0.0005187040040446373,,0.0018733370046601192,,4,0.6074914609053498,False,0,,,1,0,8,1,500,hs_crosscheck,,,,6.725255841760893,,1,0,0,0,0,0,0,0,0.1,,,0,,0,0.1,0,,1,,,,6.35467434869276e-13,,5.7044854248775766e-08,3000,,inf,static_regression_projector,0,False,0,0,physical_density_SQ_equals_minus_legacy_contact_already_included,,raw/hs_crosscheck/task_0093_s720046,360,0,0,0,,,/home/sunxr/PfQMC-main/reproduction/projector_kitaev/regression_stress/raw/hs_crosscheck/task_0093_s720046/result.json,214.292478686,720046,0,20,150,20,10,93,18,80
10,0.6873944335863896,0.010901021338651699,0.10887867065063239,0.034036078509101876,0.0006281287200876083,,0.0018693735209825682,,4,0.6073432098765432,False,0,,,1,0,8,1,500,hs_crosscheck,,,,6.424341071633623,,1,0,0,0,0,0,0,0,0.1,,,0,,0,0.1,0,,1,,,,2.8352472820982126e-14,,2.20021452889521e-08,3000,,inf,static_regression_projector,0,False,0,0,physical_density_SQ_equals_minus_legacy_contact_already_included,,raw/hs_crosscheck/task_0094_s720047,360,0,0,0,,,/home/sunxr/PfQMC-main/reproduction/projector_kitaev/regression_stress/raw/hs_crosscheck/task_0094_s720047/result.json,214.447856365,720047,0,20,150,20,10,94,18,80
10,0.6679185016595539,0.01230152385910721,0.10580916689761358,0.03513726668151385,0.0006624994705098018,,0.002205938123942772,,4,0.6083246913580247,False,0,,,1,0,8,1,500,hs_crosscheck,,,,7.270720867492528,,1,0,0,0,0,0,0,0,0.1,,,0,,0,0.1,0,,1,,,,5.875904580181605e-14,,2.8510179571898318e-08,3000,,inf,static_regression_projector,0,False,0,0,physical_density_SQ_equals_minus_legacy_contact_already_included,,raw/hs_crosscheck/task_0095_s720048,360,0,0,0,,,/home/sunxr/PfQMC-main/reproduction/projector_kitaev/regression_stress/raw/hs_crosscheck/task_0095_s720048/result.json,217.497958258,720048,0,20,150,20,10,95,18,80
10,1.0714873116688441,0.548004294923763,0.07957334832300691,-0.005688484752100289,0.019053030920880384,,0.12257054069467223,,6,0.5604355833333333,False,0,,,0.16733333333333333,0.01766418387055755,8,0,500,hs_crosscheck,,,,10.323296910931239,,1,0,0,0,0,0,0,0,0.1,,,0,,0,0.1,0,,0,,,,8.414396694897186e-12,,0.0002732964502017705,3000,,inf,static_regression_projector,0,False,0,1249,physical_density_SQ_equals_minus_legacy_contact_already_included,,raw/hs_crosscheck/task_0096_s720049,200,0,0,0,,,/home/sunxr/PfQMC-main/reproduction/projector_kitaev/regression_stress/raw/hs_crosscheck/task_0096_s720049/result.json,133.976086989,720049,0,20,150,20,10,96,10,80
10,1.0080234281993432,0.09517366542838586,0.20455514871329986,-0.001641233548507147,0.06683416711953859,,0.41711429897873914,,6,0.5606190833333333,False,0,,,0.152,0.017529257080697105,8,0,500,hs_crosscheck,,,,7.478513943732989,,1,0,0,0,0,0,0,0,0.1,,,0,,0,0.1,0,,0,,,,1.783895576860884e-10,,1.0762617373603246e-06,3000,,inf,static_regression_projector,0,False,0,1272,physical_density_SQ_equals_minus_legacy_contact_already_included,,raw/hs_crosscheck/task_0097_s720050,200,0,0,0,,,/home/sunxr/PfQMC-main/reproduction/projector_kitaev/regression_stress/raw/hs_crosscheck/task_0097_s720050/result.json,131.364427913,720050,1,20,150,20,10,97,10,80
10,0.8140021350802916,0.2080527883358299,0.19291187982063568,0.03588119776428561,0.03010204206432601,,0.07676339771899643,,6,0.56039575,False,0,,,0.14,0.009745294261022504,8,0,500,hs_crosscheck,,,,7.786811712677247,,1,0,0,0,0,0,0,0,0.1,,,0,,0,0.1,0,,0,,,,1.6321786712659266e-12,,5.780249697651874e-06,3000,,inf,static_regression_projector,0,False,0,1290,physical_density_SQ_equals_minus_legacy_contact_already_included,,raw/hs_crosscheck/task_0098_s720051,200,0,0,0,,,/home/sunxr/PfQMC-main/reproduction/projector_kitaev/regression_stress/raw/hs_crosscheck/task_0098_s720051/result.json,130.840101376,720051,0,20,150,20,10,98,10,80
10,0.8173083588427508,0.16556869490345008,0.1631961548176873,0.029814573354195816,0.015203905186168256,,0.04249914355879568,,6,0.5603486666666667,False,0,,,0.15,0.009618452052333627,8,0,500,hs_crosscheck,,,,6.888909679494118,,1,0,0,0,0,0,0,0,0.1,,,0,,0,0.1,0,,0,,,,1.5708905097729552e-11,,4.2852014089375834e-05,3000,,inf,static_regression_projector,0,False,0,1275,physical_density_SQ_equals_minus_legacy_contact_already_included,,raw/hs_crosscheck/task_0099_s720052,200,0,0,0,,,/home/sunxr/PfQMC-main/reproduction/projector_kitaev/regression_stress/raw/hs_crosscheck/task_0099_s720052/result.json,130.832219501,720052,0,20,150,20,10,99,10,80
10,1.1367131130904022,0.2604017813220783,0.14052911975221802,-0.01921217344117967,0.1274392457629995,,0.2421652708715889,,6,0.5605523333333333,False,0,,,0.17266666666666666,0.019114306818354642,8,0,500,hs_crosscheck,,,,7.556332117397857,,1,0,0,0,0,0,0,0,0.1,,,0,,0,0.1,0,,0,,,,1.5289035776591786e-11,,0.0028847080685973445,3000,,inf,static_regression_projector,0,False,0,1241,physical_density_SQ_equals_minus_legacy_contact_already_included,,raw/hs_crosscheck/task_0100_s720053,200,0,0,0,,,/home/sunxr/PfQMC-main/reproduction/projector_kitaev/regression_stress/raw/hs_crosscheck/task_0100_s720053/result.json,134.136822666,720053,0,20,150,20,10,100,10,80
10,0.8617721304307153,0.13553687166847367,0.14998979166184725,0.02073276935855801,0.06654011086409564,,0.14063388452649794,,6,0.5604164166666666,False,0,,,0.144,0.016715017584959253,8,0,500,hs_crosscheck,,,,13.215407966328195,,1,0,0,0,0,0,0,0,0.1,,,0,,0,0.1,0,,0,,,,1.9690394895751675e-12,,0.00104584409239459,3000,,inf,static_regression_projector,0,False,0,1284,physical_density_SQ_equals_minus_legacy_contact_already_included,,raw/hs_crosscheck/task_0101_s720054,200,0,0,0,,,/home/sunxr/PfQMC-main/reproduction/projector_kitaev/regression_stress/raw/hs_crosscheck/task_0101_s720054/result.json,132.435392704,720054,0,20,150,20,10,101,10,80
10,0.933564202203957,0.004305563932159153,0.19531019343253736,0.012975588518390098,0.0006513376796364902,,0.002321786990354857,,6,0.41715216666666666,False,0,,,1,0,8,0,500,hs_crosscheck,,,,6.355391081327279,,1,0,0,0,0,0,0,0,0.1,,,0,,0,0.1,0,,1,,,,4.237655538989573e-14,,2.2179315442477323e-08,3000,,inf,static_regression_projector,0,False,0,0,physical_density_SQ_equals_minus_legacy_contact_already_included,,raw/hs_crosscheck/task_0102_s720049,200,0,0,0,,,/home/sunxr/PfQMC-main/reproduction/projector_kitaev/regression_stress/raw/hs_crosscheck/task_0102_s720049/result.json,117.394029676,720049,0,20,150,20,10,102,10,80
10,0.9320805448345544,0.003921487684566419,0.19461811779192018,0.013218356525751727,0.0005873066089251184,,0.002063413543867136,,6,0.41961725,False,0,,,1,0,8,0,500,hs_crosscheck,,,,11.288930916171774,,1,0,0,0,0,0,0,0,0.1,,,0,,0,0.1,0,,1,,,,2.208250994820387e-14,,1.7614702656288748e-08,3000,,inf,static_regression_projector,0,False,0,0,physical_density_SQ_equals_minus_legacy_contact_already_included,,raw/hs_crosscheck/task_0103_s720050,200,0,0,0,,,/home/sunxr/PfQMC-main/reproduction/projector_kitaev/regression_stress/raw/hs_crosscheck/task_0103_s720050/result.json,144.291171113,720050,0,20,150,20,10,103,10,80
10,0.9230667197211907,0.005440622400643037,0.1901007385324126,0.014625073398722748,0.0007541660504454777,,0.002752654321083667,,6,0.4185125,False,0,,,1,0,8,0,500,hs_crosscheck,,,,6.700797994827567,,1,0,0,0,0,0,0,0,0.1,,,0,,0,0.1,0,,1,,,,4.8917331713363864e-14,,1.0970546200688739e-08,3000,,inf,static_regression_projector,0,False,0,0,physical_density_SQ_equals_minus_legacy_contact_already_included,,raw/hs_crosscheck/task_0104_s720051,200,0,0,0,,,/home/sunxr/PfQMC-main/reproduction/projector_kitaev/regression_stress/raw/hs_crosscheck/task_0104_s720051/result.json,138.013837004,720051,0,20,150,20,10,104,10,80
10,0.9268629284687911,0.005128157705203983,0.19189260240525766,0.014034462988423146,0.0007378435261799621,,0.0025458151812597723,,6,0.419308,False,0,,,1,0,8,0,500,hs_crosscheck,,,,6.330933144708862,,1,0,0,0,0,0,0,0,0.1,,,0,,0,0.1,0,,1,,,,2.503036964744886e-14,,2.2206826830557004e-08,3000,,inf,static_regression_projector,0,False,0,0,physical_density_SQ_equals_minus_legacy_contact_already_included,,raw/hs_crosscheck/task_0105_s720052,200,0,0,0,,,/home/sunxr/PfQMC-main/reproduction/projector_kitaev/regression_stress/raw/hs_crosscheck/task_0105_s720052/result.json,138.589196389,720052,0,20,150,20,10,105,10,80
10,0.931353609546198,0.003980891713539576,0.19449156295876885,0.013351143770837874,0.0006002082818580484,,0.0020315490902331674,,6,0.41815066666666667,False,0,,,1,0,8,0,500,hs_crosscheck,,,,6.345570691030025,,1,0,0,0,0,0,0,0,0.1,,,0,,0,0.1,0,,1,,,,1.6106282284734182e-14,,2.337614305065703e-08,3000,,inf,static_regression_projector,0,False,0,0,physical_density_SQ_equals_minus_legacy_contact_already_included,,raw/hs_crosscheck/task_0106_s720053,200,0,0,0,,,/home/sunxr/PfQMC-main/reproduction/projector_kitaev/regression_stress/raw/hs_crosscheck/task_0106_s720053/result.json,138.588221255,720053,0,20,150,20,10,106,10,80
10,0.9315048911166495,0.005021380445550041,0.19461137873104914,0.013329927576122188,0.0007090300768883722,,0.002497559687949677,,6,0.41858391666666667,False,0,,,1,0,8,0,500,hs_crosscheck,,,,10.04618198466542,,1,0,0,0,0,0,0,0,0.1,,,0,,0,0.1,0,,1,,,,2.0525174688782833e-14,,9.939724553624951e-09,3000,,inf,static_regression_projector,0,False,0,0,physical_density_SQ_equals_minus_legacy_contact_already_included,,raw/hs_crosscheck/task_0107_s720054,200,0,0,0,,,/home/sunxr/PfQMC-main/reproduction/projector_kitaev/regression_stress/raw/hs_crosscheck/task_0107_s720054/result.json,142.766165238,720054,0,20,150,20,10,107,10,80
10,0.9944826913966902,0.3216987089181268,0.11595642979552834,0.0006397674077199621,0.13213107215870137,,0.26404038341907393,,6,0.5605486111111111,False,0,,,0.06533333333333333,0.019164162945744134,8,0,500,hs_crosscheck,,,,30.7090880728397,,1,0,0,0,0,0,0,0,0.1,,,0,,0,0.1,0,,0,,,,3.1432554123439204e-12,,2.607082233636883e-05,3000,,inf,static_regression_projector,0,False,0,1402,physical_density_SQ_equals_minus_legacy_contact_already_included,,raw/hs_crosscheck/task_0108_s720055,360,0,0,0,,,/home/sunxr/PfQMC-main/reproduction/projector_kitaev/regression_stress/raw/hs_crosscheck/task_0108_s720055/result.json,290.121855793,720055,1,20,150,20,10,108,18,80
10,1.0974890061211062,0.9119362435876568,1.2815403933365277,-0.12493609925042953,0.09753785622095597,,0.31208336460029024,,6,0.5605246759259259,False,0,,,0.016666666666666666,0.022826577307580465,8,0,500,hs_crosscheck,,,,7.819953115785178,,1,0,0,0,0,0,0,0,0.1,,,0,,0,0.1,0,,0,,,,5.6960760770195246e-12,,9.947726881921346e-06,3000,,inf,static_regression_projector,0,False,0,1475,physical_density_SQ_equals_minus_legacy_contact_already_included,,raw/hs_crosscheck/task_0109_s720056,360,0,0,0,,,/home/sunxr/PfQMC-main/reproduction/projector_kitaev/regression_stress/raw/hs_crosscheck/task_0109_s720056/result.json,277.977397668,720056,0,20,150,20,10,109,18,80
10,1.322554018296654,0.11652680720753468,0.2578894326201428,-0.08318327276787127,0.08718917341956589,,0.18275503059951892,,6,0.5604069444444445,False,0,,,0.03933333333333333,0.022033329359834198,8,0,500,hs_crosscheck,,,,9.528826492587838,,1,0,0,0,0,0,0,0,0.1,,,0,,0,0.1,0,,0,,,,1.8191908637565494e-11,,2.6533974232309257e-06,3000,,inf,static_regression_projector,0,False,0,1441,physical_density_SQ_equals_minus_legacy_contact_already_included,,raw/hs_crosscheck/task_0110_s720057,360,0,0,0,,,/home/sunxr/PfQMC-main/reproduction/projector_kitaev/regression_stress/raw/hs_crosscheck/task_0110_s720057/result.json,339.516605231,720057,1,20,150,20,10,110,18,80
10,0.9579487322491663,0.7661831152962816,0.15108847695015803,0.0063534619982967555,0.07817096967922026,,0.16221112791915962,,6,0.5604411111111111,False,0,,,0.056666666666666664,0.019343010282363647,8,0,500,hs_crosscheck,,,,15.912848995318544,,1,0,0,0,0,0,0,0,0.1,,,0,,0,0.1,0,,0,,,,9.626241612263822e-12,,0.0006117545880769803,3000,,inf,static_regression_projector,0,False,0,1415,physical_density_SQ_equals_minus_legacy_contact_already_included,,raw/hs_crosscheck/task_0111_s720058,360,0,0,0,,,/home/sunxr/PfQMC-main/reproduction/projector_kitaev/regression_stress/raw/hs_crosscheck/task_0111_s720058/result.json,330.867437385,720058,0,20,150,20,10,111,18,80
10,1.11778582448145,0.16606039761954483,0.3243297608723915,-0.03820144828822617,0.12325805652361067,,0.2685473972845704,,6,0.5601839814814815,False,0,,,0.08,0.020897413504551043,8,0,500,hs_crosscheck,,,,26.412459766687896,,1,0,0,0,0,0,0,0,0.1,,,0,,0,0.1,0,,0,,,,1.0478995799513149e-12,,3.3094027120313175e-06,3000,,inf,static_regression_projector,0,False,0,1380,physical_density_SQ_equals_minus_legacy_contact_already_included,,raw/hs_crosscheck/task_0112_s720059,360,0,0,0,,,/home/sunxr/PfQMC-main/reproduction/projector_kitaev/regression_stress/raw/hs_crosscheck/task_0112_s720059/result.json,337.041520651,720059,1,20,150,20,10,112,18,80
10,1.633224323066818,0.16408306902416325,-0.23392800575349015,0.14812890308962454,0.08417441511582963,,0.22556187843528913,,6,0.5605279629629629,False,0,,,0.05533333333333333,0.01910840525699118,8,0,500,hs_crosscheck,,,,9.587333840913457,,1,0,0,0,0,0,0,0,0.1,,,0,,0,0.1,0,,0,,,,1.3778648357269517e-11,,0.00014091718919728187,3000,,inf,static_regression_projector,0,False,0,1417,physical_density_SQ_equals_minus_legacy_contact_already_included,,raw/hs_crosscheck/task_0113_s720060,360,0,0,0,,,/home/sunxr/PfQMC-main/reproduction/projector_kitaev/regression_stress/raw/hs_crosscheck/task_0113_s720060/result.json,340.840154512,720060,0,20,150,20,10,113,18,80
10,0.9359163599805213,0.004361906773431443,0.19673583980684153,0.012607548737111477,0.0006613902659395422,,0.002253305497604801,,6,0.414848287037037,False,0,,,1,0,8,0,500,hs_crosscheck,,,,6.949908106309514,,1,0,0,0,0,0,0,0,0.1,,,0,,0,0.1,0,,1,,,,4.4939819795129917e-14,,2.2425545431013773e-08,3000,,inf,static_regression_projector,0,False,0,0,physical_density_SQ_equals_minus_legacy_contact_already_included,,raw/hs_crosscheck/task_0114_s720055,360,0,0,0,,,/home/sunxr/PfQMC-main/reproduction/projector_kitaev/regression_stress/raw/hs_crosscheck/task_0114_s720055/result.json,321.018049415,720055,0,20,150,20,10,114,18,80
10,0.9251552234512093,0.003730361646745493,0.19053593196263566,0.01426061925225905,0.0005527570115726652,,0.0020549095346465663,,6,0.41858666666666666,False,0,,,1,0,8,0,500,hs_crosscheck,,,,19.466977790536724,,1,0,0,0,0,0,0,0,0.1,,,0,,0,0.1,0,,1,,,,4.196042700876251e-14,,1.5705584904492322e-08,3000,,inf,static_regression_projector,0,False,0,0,physical_density_SQ_equals_minus_legacy_contact_already_included,,raw/hs_crosscheck/task_0115_s720056,360,0,0,0,,,/home/sunxr/PfQMC-main/reproduction/projector_kitaev/regression_stress/raw/hs_crosscheck/task_0115_s720056/result.json,341.556499035,720056,0,20,150,20,10,115,18,80
10,0.9321923969465112,0.004553230941590432,0.19499932202357184,0.013222436623473798,0.0006558874676674248,,0.0024589968920010344,,6,0.41492212962962965,False,0,,,1,0,8,0,500,hs_crosscheck,,,,6.330931076270802,,1,0,0,0,0,0,0,0,0.1,,,0,,0,0.1,0,,1,,,,2.2031234145732384e-14,,3.812972440042673e-08,3000,,inf,static_regression_projector,0,False,0,0,physical_density_SQ_equals_minus_legacy_contact_already_included,,raw/hs_crosscheck/task_0116_s720057,360,0,0,0,,,/home/sunxr/PfQMC-main/reproduction/projector_kitaev/regression_stress/raw/hs_crosscheck/task_0116_s720057/result.json,336.007028526,720057,0,20,150,20,10,116,18,80
10,0.9183888760308319,0.0070402555887613535,0.18761215016478153,0.015311238445220168,0.0009818769911785032,,0.003425807340971549,,6,0.41773958333333333,False,0,,,1,0,8,0,500,hs_crosscheck,,,,6.380291942781976,,1,0,0,0,0,0,0,0,0.1,,,0,,0,0.1,0,,1,,,,2.3078475039586133e-14,,3.1865529650594315e-08,3000,,inf,static_regression_projector,0,False,0,0,physical_density_SQ_equals_minus_legacy_contact_already_included,,raw/hs_crosscheck/task_0117_s720058,360,0,0,0,,,/home/sunxr/PfQMC-main/reproduction/projector_kitaev/regression_stress/raw/hs_crosscheck/task_0117_s720058/result.json,318.999423567,720058,0,20,150,20,10,117,18,80
10,0.9211427327057383,0.006279084220788855,0.18878073842764345,0.014886733150196771,0.0008619229806409132,,0.003066833979003612,,6,0.41842296296296294,False,0,,,1,0,8,0,500,hs_crosscheck,,,,10.840475047188713,,1,0,0,0,0,0,0,0,0.1,,,0,,0,0.1,0,,1,,,,2.8177662912173342e-14,,5.28789531290687e-08,3000,,inf,static_regression_projector,0,False,0,0,physical_density_SQ_equals_minus_legacy_contact_already_included,,raw/hs_crosscheck/task_0118_s720059,360,0,0,0,,,/home/sunxr/PfQMC-main/reproduction/projector_kitaev/regression_stress/raw/hs_crosscheck/task_0118_s720059/result.json,267.600652276,720059,0,20,150,20,10,118,18,80
10,0.9198636764241453,0.005432742430772533,0.1880075383407368,0.01506623292717319,0.0007541725615621138,,0.0027434481361196315,,6,0.4184103703703704,False,0,,,1,0,8,0,500,hs_crosscheck,,,,19.88992484556148,,1,0,0,0,0,0,0,0,0.1,,,0,,0,0.1,0,,1,,,,1.3596986967083414e-14,,2.2064139718331998e-08,3000,,inf,static_regression_projector,0,False,0,0,physical_density_SQ_equals_minus_legacy_contact_already_included,,raw/hs_crosscheck/task_0119_s720060,360,0,0,0,,,/home/sunxr/PfQMC-main/reproduction/projector_kitaev/regression_stress/raw/hs_crosscheck/task_0119_s720060/result.json,285.501271327,720060,0,20,150,20,10,119,18,80
10,0.9674934416998692,0.14851300507035384,0.18459140590209736,0.006000431297659635,0.01265638118586805,,0.03225003174967466,,6,0.5515203703703704,False,0,,,0.244,0.015956080070871733,8,1,500,hs_crosscheck,,,,14.2871510413629,,1,0,0,0,0,0,0,0,0.1,,,0,,0,0.1,0,,0,,,,3.4962980965233442e-12,,1.7358244617806868e-06,3000,,inf,static_regression_projector,0,False,0,1134,physical_density_SQ_equals_minus_legacy_contact_already_included,,raw/hs_crosscheck/task_0120_s720061,200,0,0,0,,,/home/sunxr/PfQMC-main/reproduction/projector_kitaev/regression_stress/raw/hs_crosscheck/task_0120_s720061/result.json,152.128326786,720061,0,20,150,20,10,120,10,80
10,0.9307068437021285,0.13703029012633525,0.17232919215080256,0.011941233646391495,0.044683387444147904,,0.09300200756456482,,6,0.5519088888888889,False,0,,,0.258,0.02061680459186019,8,1,500,hs_crosscheck,,,,8.219059880912292,,1,0,0,0,0,0,0,0,0.1,,,0,,0,0.1,0,,0,,,,1.9500228500129144e-11,,1.1168664451371052e-06,3000,,inf,static_regression_projector,0,False,0,1113,physical_density_SQ_equals_minus_legacy_contact_already_included,,raw/hs_crosscheck/task_0121_s720062,200,0,0,0,,,/home/sunxr/PfQMC-main/reproduction/projector_kitaev/regression_stress/raw/hs_crosscheck/task_0121_s720062/result.json,158.967061298,720062,1,20,150,20,10,121,10,80
10,0.7019063697078372,0.1779656611108733,0.11739982773121634,0.03499614084407281,0.008676220509178087,,0.02470479299799367,,6,0.5516534259259259,False,0,,,0.252,0.015443539878428399,8,1,500,hs_crosscheck,,,,27.7005972866896,,1,0,0,0,0,0,0,0,0.1,,,0,,0,0.1,0,,0,,,,7.264373420142109e-12,,5.458821871189906e-06,3000,,inf,static_regression_projector,0,False,0,1122,physical_density_SQ_equals_minus_legacy_contact_already_included,,raw/hs_crosscheck/task_0122_s720063,200,0,0,0,,,/home/sunxr/PfQMC-main/reproduction/projector_kitaev/regression_stress/raw/hs_crosscheck/task_0122_s720063/result.json,164.436295331,720063,0,20,150,20,10,122,10,80
10,0.9101012784106836,0.5648385539735139,0.170252152895997,0.015305450893178972,0.00751835601020847,,0.026389663132446704,,6,0.5516274074074075,False,0,,,0.252,0.014147096906333576,8,1,500,hs_crosscheck,,,,9.474678870442663,,1,0,0,0,0,0,0,0,0.1,,,0,,0,0.1,0,,0,,,,1.2515896613619405e-11,,3.7760479301671297e-06,3000,,inf,static_regression_projector,0,False,0,1122,physical_density_SQ_equals_minus_legacy_contact_already_included,,raw/hs_crosscheck/task_0123_s720064,200,0,0,0,,,/home/sunxr/PfQMC-main/reproduction/projector_kitaev/regression_stress/raw/hs_crosscheck/task_0123_s720064/result.json,151.673097739,720064,0,20,150,20,10,123,10,80
10,1.0071901960208833,0.11353945464508963,0.26582627473599607,-0.0019113430228529906,0.021907949831485182,,0.06960136670377416,,6,0.5519433333333333,False,0,,,0.234,0.018314344232823698,8,1,500,hs_crosscheck,,,,7.477264226581385,,1,0,0,0,0,0,0,0,0.1,,,0,,0,0.1,0,,0,,,,4.782012288384624e-12,,3.286600289159544e-06,3000,,inf,static_regression_projector,0,False,0,1149,physical_density_SQ_equals_minus_legacy_contact_already_included,,raw/hs_crosscheck/task_0124_s720065,200,0,0,0,,,/home/sunxr/PfQMC-main/reproduction/projector_kitaev/regression_stress/raw/hs_crosscheck/task_0124_s720065/result.json,159.882897331,720065,0,20,150,20,10,124,10,80
10,0.829914997733184,0.32977038263949604,0.16066463970516615,0.02732664560845036,0.005255239650752,,0.017827788487721218,,6,0.5515287962962963,False,0,,,0.29533333333333334,0.0170386557413924,8,1,500,hs_crosscheck,,,,8.157809585482765,,1,0,0,0,0,0,0,0,0.1,,,0,,0,0.1,0,,0,,,,1.6720566022796352e-12,,2.8263324980643187e-07,3000,,inf,static_regression_projector,0,False,0,1057,physical_density_SQ_equals_minus_legacy_contact_already_included,,raw/hs_crosscheck/task_0125_s720066,200,0,0,0,,,/home/sunxr/PfQMC-main/reproduction/projector_kitaev/regression_stress/raw/hs_crosscheck/task_0125_s720066/result.json,162.82696662,720066,0,20,150,20,10,125,10,80
10,0.8703911584643107,0.008549901218059021,0.16482347032912426,0.021362579047249863,0.0009397336364373186,,0.003021169787854339,,6,0.4398196296296296,False,0,,,1,0,8,1,500,hs_crosscheck,,,,6.867472915768082,,1,0,0,0,0,0,0,0,0.1,,,0,,0,0.1,0,,1,,,,1.004430051591102e-12,,5.143295630967626e-08,3000,,inf,static_regression_projector,0,False,0,0,physical_density_SQ_equals_minus_legacy_contact_already_included,,raw/hs_crosscheck/task_0126_s720061,200,0,0,0,,,/home/sunxr/PfQMC-main/reproduction/projector_kitaev/regression_stress/raw/hs_crosscheck/task_0126_s720061/result.json,148.405632098,720061,0,20,150,20,10,126,10,80
10,0.8812394095217225,0.009166834330309636,0.17073676573673402,0.020276799115245863,0.0010787155852012742,,0.003365990027136292,,6,0.4383650925925926,False,0,,,1,0,8,1,500,hs_crosscheck,,,,6.336529510342957,,1,0,0,0,0,0,0,0,0.1,,,0,,0,0.1,0,,1,,,,2.04852776912796e-13,,8.595889555732379e-08,3000,,inf,static_regression_projector,0,False,0,0,physical_density_SQ_equals_minus_legacy_contact_already_included,,raw/hs_crosscheck/task_0127_s720062,200,0,0,0,,,/home/sunxr/PfQMC-main/reproduction/projector_kitaev/regression_stress/raw/hs_crosscheck/task_0127_s720062/result.json,122.637595283,720062,0,20,150,20,10,127,10,80
10,0.8714368576541827,0.00926391808799431,0.16578367507808195,0.021313670217676176,0.000972748135756197,,0.003303925829681321,,6,0.44087203703703703,False,0,,,1,0,8,1,500,hs_crosscheck,,,,12.277405171317824,,1,0,0,0,0,0,0,0,0.1,,,0,,0,0.1,0,,1,,,,2.128859034556098e-13,,2.454053162153827e-07,3000,,inf,static_regression_projector,0,False,0,0,physical_density_SQ_equals_minus_legacy_contact_already_included,,raw/hs_crosscheck/task_0128_s720063,200,0,0,0,,,/home/sunxr/PfQMC-main/reproduction/projector_kitaev/regression_stress/raw/hs_crosscheck/task_0128_s720063/result.json,153.997873756,720063,0,20,150,20,10,128,10,80
10,0.8757540177351555,0.010366410151190525,0.16720858565396748,0.020774994967692577,0.0010914455567303785,,0.0035952091702097727,,6,0.4400046296296296,False,0,,,1,0,8,1,500,hs_crosscheck,,,,7.0830630226879245,,1,0,0,0,0,0,0,0,0.1,,,0,,0,0.1,0,,1,,,,1.4901870745199157e-13,,2.7336857118923088e-08,3000,,inf,static_regression_projector,0,False,0,0,physical_density_SQ_equals_minus_legacy_contact_already_included,,raw/hs_crosscheck/task_0129_s720064,200,0,0,0,,,/home/sunxr/PfQMC-main/reproduction/projector_kitaev/regression_stress/raw/hs_crosscheck/task_0129_s720064/result.json,163.528743656,720064,0,20,150,20,10,129,10,80
10,0.8799715909047634,0.009241270080608984,0.16910049609660588,0.020296863523690867,0.001031073070203765,,0.003493797768987729,,6,0.4405589814814815,False,0,,,1,0,8,1,500,hs_crosscheck,,,,7.247656769405775,,1,0,0,0,0,0,0,0,0.1,,,0,,0,0.1,0,,1,,,,4.4762463919318653e-13,,6.61311769750979e-08,3000,,inf,static_regression_projector,0,False,0,0,physical_density_SQ_equals_minus_legacy_contact_already_included,,raw/hs_crosscheck/task_0130_s720065,200,0,0,0,,,/home/sunxr/PfQMC-main/reproduction/projector_kitaev/regression_stress/raw/hs_crosscheck/task_0130_s720065/result.json,161.003998552,720065,0,20,150,20,10,130,10,80
10,0.8803561100661901,0.009327281525884523,0.16997724092221678,0.020336738304150392,0.001120922134300011,,0.0034575940771761474,,6,0.4384708333333333,False,0,,,1,0,8,1,500,hs_crosscheck,,,,6.3424214036853455,,1,0,0,0,0,0,0,0,0.1,,,0,,0,0.1,0,,1,,,,6.431934735545694e-13,,9.897877011265053e-08,3000,,inf,static_regression_projector,0,False,0,0,physical_density_SQ_equals_minus_legacy_contact_already_included,,raw/hs_crosscheck/task_0131_s720066,200,0,0,0,,,/home/sunxr/PfQMC-main/reproduction/projector_kitaev/regression_stress/raw/hs_crosscheck/task_0131_s720066/result.json,102.393636471,720066,0,20,150,20,10,131,10,80
10,1.1278836541554493,0.2404318681505513,0.3401124419830502,-0.043494821904525686,0.07040357490191457,,0.18025345272257476,,6,0.5514525720164609,False,0,,,0.09933333333333333,0.016542696839193127,8,1,500,hs_crosscheck,,,,12.049279400248745,,1,0,0,0,0,0,0,0,0.1,,,0,,0,0.1,0,,0,,,,2.978935840637632e-12,,2.745767756440399e-06,3000,,inf,static_regression_projector,0,False,0,1351,physical_density_SQ_equals_minus_legacy_contact_already_included,,raw/hs_crosscheck/task_0132_s720067,360,0,0,0,,,/home/sunxr/PfQMC-main/reproduction/projector_kitaev/regression_stress/raw/hs_crosscheck/task_0132_s720067/result.json,181.849041134,720067,1,20,150,20,10,132,18,80
10,0.9432747029087019,2.5099062160007475,0.21222157958660945,0.012038332151234992,0.033907747176613996,,0.12028688944942689,,6,0.551653549382716,False,0,,,0.13133333333333333,0.011818312680746056,8,1,500,hs_crosscheck,,,,8.192691658110997,,1,0,0,0,0,0,0,0,0.1,,,0,,0,0.1,0,,0,,,,1.5763343561014618e-12,,0.008719342925954202,3000,,inf,static_regression_projector,0,False,0,1303,physical_density_SQ_equals_minus_legacy_contact_already_included,,raw/hs_crosscheck/task_0133_s720068,360,0,0,0,,,/home/sunxr/PfQMC-main/reproduction/projector_kitaev/regression_stress/raw/hs_crosscheck/task_0133_s720068/result.json,180.999420805,720068,0,20,150,20,10,133,18,80
10,0.883001014471649,1.3878631124649246,0.1856813140839299,0.021724525379390913,0.0259824084732334,,0.0862493470077109,,6,0.5516709362139918,False,0,,,0.132,0.022988333102729238,8,1,500,hs_crosscheck,,,,14.559251841333884,,1,0,0,0,0,0,0,0,0.1,,,0,,0,0.1,0,,0,,,,1.8449867018971455e-12,,8.420846076562762e-07,3000,,inf,static_regression_projector,0,False,0,1302,physical_density_SQ_equals_minus_legacy_contact_already_included,,raw/hs_crosscheck/task_0134_s720069,360,0,0,0,,,/home/sunxr/PfQMC-main/reproduction/projector_kitaev/regression_stress/raw/hs_crosscheck/task_0134_s720069/result.json,182.792391522,720069,1,20,150,20,10,134,18,80
10,1.8089445867259795,0.18717090249156135,-0.1762674334897768,0.14259058613763656,0.29165061718552515,,0.5698813797267358,,6,0.5515925925925926,False,0,,,0.09533333333333334,0.013959842154639721,8,1,500,hs_crosscheck,,,,8.739497787904412,,1,0,0,0,0,0,0,0,0.1,,,0,,0,0.1,0,,0,,,,5.595601336938632e-12,,1.4436436946572232e-06,3000,,inf,static_regression_projector,0,False,0,1357,physical_density_SQ_equals_minus_legacy_contact_already_included,,raw/hs_crosscheck/task_0135_s720070,360,0,0,0,,,/home/sunxr/PfQMC-main/reproduction/projector_kitaev/regression_stress/raw/hs_crosscheck/task_0135_s720070/result.json,183.661552105,720070,0,20,150,20,10,135,18,80
10,0.9157449371781146,0.09532855454984185,0.2300091395640197,0.01937943450357429,0.06803940689985748,,0.20572440580349569,,6,0.5516276748971194,False,0,,,0.13266666666666665,0.021070197350150022,8,1,500,hs_crosscheck,,,,8.088457966638924,,1,0,0,0,0,0,0,0,0.1,,,0,,0,0.1,0,,0,,,,1.9346254252893472e-11,,8.51165361523348e-05,3000,,inf,static_regression_projector,0,False,0,1301,physical_density_SQ_equals_minus_legacy_contact_already_included,,raw/hs_crosscheck/task_0136_s720071,360,0,0,0,,,/home/sunxr/PfQMC-main/reproduction/projector_kitaev/regression_stress/raw/hs_crosscheck/task_0136_s720071/result.json,181.386105271,720071,0,20,150,20,10,136,18,80
10,0.9306097029614614,0.12670248227024664,0.20376455377514535,0.014139282912382608,0.07101533101760994,,0.21401446519288464,,6,0.5515878086419753,False,0,,,0.10266666666666667,0.020153794645090813,8,1,500,hs_crosscheck,,,,6.765017571774014,,1,0,0,0,0,0,0,0,0.1,,,0,,0,0.1,0,,0,,,,4.1119447048608613e-10,,2.479256105628292e-06,3000,,inf,static_regression_projector,0,False,0,1346,physical_density_SQ_equals_minus_legacy_contact_already_included,,raw/hs_crosscheck/task_0137_s720072,360,0,0,0,,,/home/sunxr/PfQMC-main/reproduction/projector_kitaev/regression_stress/raw/hs_crosscheck/task_0137_s720072/result.json,182.078190273,720072,1,20,150,20,10,137,18,80
10,0.8822448638182485,0.009439874821781463,0.1701844761505802,0.020040096165131614,0.001093466078005876,,0.003445235999724378,,6,0.4363614197530864,False,0,,,1,0,8,1,500,hs_crosscheck,,,,8.696959657502582,,1,0,0,0,0,0,0,0,0.1,,,0,,0,0.1,0,,1,,,,4.678348324423328e-14,,6.711753520302476e-08,3000,,inf,static_regression_projector,0,False,0,0,physical_density_SQ_equals_minus_legacy_contact_already_included,,raw/hs_crosscheck/task_0138_s720067,360,0,0,0,,,/home/sunxr/PfQMC-main/reproduction/projector_kitaev/regression_stress/raw/hs_crosscheck/task_0138_s720067/result.json,177.354776073,720067,0,20,150,20,10,138,18,80
10,0.88227099905617,0.006997275064977746,0.17014904534381436,0.020031477119873686,0.0008128371965455884,,0.0026353784973561735,,6,0.43659799382716047,False,0,,,1,0,8,1,500,hs_crosscheck,,,,7.309678135671374,,1,0,0,0,0,0,0,0,0.1,,,0,,0,0.1,0,,1,,,,8.940313452449773e-14,,1.2635697627737636e-06,3000,,inf,static_regression_projector,0,False,0,0,physical_density_SQ_equals_minus_legacy_contact_already_included,,raw/hs_crosscheck/task_0139_s720068,360,0,0,0,,,/home/sunxr/PfQMC-main/reproduction/projector_kitaev/regression_stress/raw/hs_crosscheck/task_0139_s720068/result.json,176.769568507,720068,0,20,150,20,10,139,18,80
10,0.8862444295013808,0.005725518587729352,0.1713920537887872,0.019496800857673514,0.0006956486617808836,,0.002418165238237615,,6,0.436569804526749,False,0,,,1,0,8,1,500,hs_crosscheck,,,,15.039911732725784,,1,0,0,0,0,0,0,0,0.1,,,0,,0,0.1,0,,1,,,,6.587498792797403e-14,,1.5361172166899934e-06,3000,,inf,static_regression_projector,0,False,0,0,physical_density_SQ_equals_minus_legacy_contact_already_included,,raw/hs_crosscheck/task_0140_s720069,360,0,0,0,,,/home/sunxr/PfQMC-main/reproduction/projector_kitaev/regression_stress/raw/hs_crosscheck/task_0140_s720069/result.json,203.397132052,720069,0,20,150,20,10,140,18,80
10,0.8809306899404972,0.006195787652106246,0.17025277791429522,0.02027188080196889,0.0007582838353652752,,0.002444257217086602,,6,0.43755066872427983,False,0,,,1,0,8,1,500,hs_crosscheck,,,,6.333543245356032,,1,0,0,0,0,0,0,0,0.1,,,0,,0,0.1,0,,1,,,,9.31080248118314e-14,,3.4877128590230734e-06,3000,,inf,static_regression_projector,0,False,0,0,physical_density_SQ_equals_minus_legacy_contact_already_included,,raw/hs_crosscheck/task_0141_s720070,360,0,0,0,,,/home/sunxr/PfQMC-main/reproduction/projector_kitaev/regression_stress/raw/hs_crosscheck/task_0141_s720070/result.json,213.708112983,720070,0,20,150,20,10,141,18,80
10,0.8698532473910643,0.010243442782930576,0.16555127684767984,0.02154596107198842,0.0011058540219451914,,0.003832136631033247,,6,0.43877767489711933,False,0,,,1,0,8,1,500,hs_crosscheck,,,,17.83787719034928,,1,0,0,0,0,0,0,0,0.1,,,0,,0,0.1,0,,1,,,,8.496023081405083e-14,,2.1393729752747668e-07,3000,,inf,static_regression_projector,0,False,0,0,physical_density_SQ_equals_minus_legacy_contact_already_included,,raw/hs_crosscheck/task_0142_s720071,360,0,0,0,,,/home/sunxr/PfQMC-main/reproduction/projector_kitaev/regression_stress/raw/hs_crosscheck/task_0142_s720071/result.json,200.784119592,720071,0,20,150,20,10,142,18,80
10,0.8781608606168357,0.0068588188140113315,0.1683048045603658,0.020506112541686623,0.0008161400931859169,,0.0027052653677891074,,6,0.4385389403292181,False,0,,,1,0,8,1,500,hs_crosscheck,,,,6.327098343978863,,1,0,0,0,0,0,0,0,0.1,,,0,,0,0.1,0,,1,,,,1.05104588242305e-13,,1.6683763766173348e-06,3000,,inf,static_regression_projector,0,False,0,0,physical_density_SQ_equals_minus_legacy_contact_already_included,,raw/hs_crosscheck/task_0143_s720072,360,0,0,0,,,/home/sunxr/PfQMC-main/reproduction/projector_kitaev/regression_stress/raw/hs_crosscheck/task_0143_s720072/result.json,206.974223502,720072,0,20,150,20,10,143,18,80
18,0.07749821887151331,0.00397410299949241,0.024355503370329434,0.022467995239409764,0.00011202921062013232,,0.0001958876065590627,,2,0.7472108796296296,False,0,,,0.818,0.00781511505940974,8,0,500,hs_crosscheck,,,,30.84897437970502,,1,0,0,0,0,0,0,0,0.1,,,0,,0,0.1,0,,0,,,,1.789784695938516e-15,,1.8972045046603647e-09,3000,,inf,static_regression_projector,0,False,0,273,physical_density_SQ_equals_minus_legacy_contact_already_included,,raw/hs_crosscheck/task_0144_s720073,200,0,0,0,,,/home/sunxr/PfQMC-main/reproduction/projector_kitaev/regression_stress/raw/hs_crosscheck/task_0144_s720073/result.json,457.117271603,720073,0,20,150,20,10,144,10,80
18,0.06872239958497584,0.002531776257517009,0.023612994859556643,0.02199025319142021,6.598361092771035e-05,,9.616016413187386e-05,,2,0.7474608333333334,False,0,,,0.7793333333333333,0.013419894457538105,8,0,500,hs_crosscheck,,,,9.284304958552449,,1,0,0,0,0,0,0,0,0.1,,,0,,0,0.1,0,,0,,,,4.412239248696781e-15,,1.8274238777377845e-10,3000,,inf,static_regression_projector,0,False,0,331,physical_density_SQ_equals_minus_legacy_contact_already_included,,raw/hs_crosscheck/task_0145_s720074,200,0,0,0,,,/home/sunxr/PfQMC-main/reproduction/projector_kitaev/regression_stress/raw/hs_crosscheck/task_0145_s720074/result.json,620.658823517,720074,0,20,150,20,10,145,10,80
18,0.08143028758081294,0.005871247390576033,0.024408466523209892,0.022420878074818264,0.00019690105360542647,,0.0003363566275395768,,2,0.7473192592592592,False,0,,,0.7906666666666666,0.014863118135228367,8,0,500,hs_crosscheck,,,,9.639201596831022,,1,0,0,0,0,0,0,0,0.1,,,0,,0,0.1,0,,0,,,,1.726171658719857e-14,,2.0094124609025e-10,3000,,inf,static_regression_projector,0,False,0,314,physical_density_SQ_equals_minus_legacy_contact_already_included,,raw/hs_crosscheck/task_0146_s720075,200,0,0,0,,,/home/sunxr/PfQMC-main/reproduction/projector_kitaev/regression_stress/raw/hs_crosscheck/task_0146_s720075/result.json,626.338129225,720075,0,20,150,20,10,146,10,80
18,0.07472979078314246,0.003883929893562537,0.024285740141367994,0.0224708718615898,0.0002553636932989258,,0.0003448491404841523,,2,0.7473304166666667,False,0,,,0.7826666666666666,0.007864346966937195,8,0,500,hs_crosscheck,,,,11.710659190859456,,1,0,0,0,0,0,0,0,0.1,,,0,,0,0.1,0,,0,,,,4.0579311505173396e-15,,2.4072187769841787e-09,3000,,inf,static_regression_projector,0,False,0,326,physical_density_SQ_equals_minus_legacy_contact_already_included,,raw/hs_crosscheck/task_0147_s720076,200,0,0,0,,,/home/sunxr/PfQMC-main/reproduction/projector_kitaev/regression_stress/raw/hs_crosscheck/task_0147_s720076/result.json,449.810407456,720076,0,20,150,20,10,147,10,80
18,0.07644914453929597,0.0072725440326174276,0.024298672996103776,0.02244106023211155,0.00014923348230926406,,0.00024302838343297862,,2,0.7475068981481482,False,0,,,0.808,0.009977753031397179,8,0,500,hs_crosscheck,,,,9.74122492225333,,1,0,0,0,0,0,0,0,0.1,,,0,,0,0.1,0,,0,,,,8.252331025654422e-15,,3.318685100776836e-10,3000,,inf,static_regression_projector,0,False,0,288,physical_density_SQ_equals_minus_legacy_contact_already_included,,raw/hs_crosscheck/task_0148_s720077,200,0,0,0,,,/home/sunxr/PfQMC-main/reproduction/projector_kitaev/regression_stress/raw/hs_crosscheck/task_0148_s720077/result.json,637.03265324,720077,0,20,150,20,10,148,10,80
18,0.07218044848107419,0.002919754508700412,0.024009739862057556,0.022276706070900317,8.629947090284183e-05,,0.0001417039307755496,,2,0.7473683796296297,False,0,,,0.818,0.010203771805774938,8,0,500,hs_crosscheck,,,,9.340120010743487,,1,0,0,0,0,0,0,0,0.1,,,0,,0,0.1,0,,0,,,,9.541234234919867e-16,,7.298221530892441e-10,3000,,inf,static_regression_projector,0,False,0,273,physical_density_SQ_equals_minus_legacy_contact_already_included,,raw/hs_crosscheck/task_0149_s720078,200,0,0,0,,,/home/sunxr/PfQMC-main/reproduction/projector_kitaev/regression_stress/raw/hs_crosscheck/task_0149_s720078/result.json,624.231526245,720078,0,20,150,20,10,149,10,80
18,0.08429257467171869,0.01620641353584851,0.024173232932828567,0.022135608890781266,0.00021217672893780485,,0.00039696537181690137,,2,0.8430984722222222,False,0,,,1,0,8,0,500,hs_crosscheck,,,,11.500362767092826,,1,0,0,0,0,0,0,0,0.1,,,0,,0,0.1,0,,1,,,,7.341982900908583e-17,,4.505185725843512e-12,3000,,inf,static_regression_projector,0,False,0,0,physical_density_SQ_equals_minus_legacy_contact_already_included,,raw/hs_crosscheck/task_0150_s720073,200,0,0,0,,,/home/sunxr/PfQMC-main/reproduction/projector_kitaev/regression_stress/raw/hs_crosscheck/task_0150_s720073/result.json,631.271189612,720073,0,20,150,20,10,150,10,80
18,0.060650446409267866,0.023322811098315927,0.023808667228176407,0.0223646609323778,0.00020781608828533487,,0.0004205051066699493,,2,0.8432434259259259,False,0,,,1,0,8,0,500,hs_crosscheck,,,,10.999512744174567,,1,0,0,0,0,0,0,0,0.1,,,0,,0,0.1,0,,1,,,,1.2853082251723746e-16,,1.3942229015651968e-11,3000,,inf,static_regression_projector,0,False,0,0,physical_density_SQ_equals_minus_legacy_contact_already_included,,raw/hs_crosscheck/task_0151_s720074,200,0,0,0,,,/home/sunxr/PfQMC-main/reproduction/projector_kitaev/regression_stress/raw/hs_crosscheck/task_0151_s720074/result.json,631.913023871,720074,0,20,150,20,10,151,10,80
18,0.0651636781043271,0.014364379272001408,0.024016125642739805,0.022451146562043233,0.00016062458705285807,,0.0002734214732525728,,2,0.8429022685185186,False,0,,,1,0,8,0,500,hs_crosscheck,,,,11.196197112114946,,1,0,0,0,0,0,0,0,0.1,,,0,,0,0.1,0,,1,,,,7.926566104722286e-17,,7.9282176624088e-12,3000,,inf,static_regression_projector,0,False,0,0,physical_density_SQ_equals_minus_legacy_contact_already_included,,raw/hs_crosscheck/task_0152_s720075,200,0,0,0,,,/home/sunxr/PfQMC-main/reproduction/projector_kitaev/regression_stress/raw/hs_crosscheck/task_0152_s720075/result.json,640.703579361,720075,0,20,150,20,10,152,10,80
18,0.06824938876491415,0.016109021041082368,0.024077083082073965,0.02243383687848036,0.00024323332823449666,,0.000282250134546559,,2,0.842954537037037,False,0,,,1,0,8,0,500,hs_crosscheck,,,,13.100840232074683,,1,0,0,0,0,0,0,0,0.1,,,0,,0,0.1,0,,1,,,,9.738777348496269e-17,,9.948364401309924e-12,3000,,inf,static_regression_projector,0,False,0,0,physical_density_SQ_equals_minus_legacy_contact_already_included,,raw/hs_crosscheck/task_0153_s720076,200,0,0,0,,,/home/sunxr/PfQMC-main/reproduction/projector_kitaev/regression_stress/raw/hs_crosscheck/task_0153_s720076/result.json,638.374634883,720076,0,20,150,20,10,153,10,80
18,0.0918463349725146,0.01834601036805046,0.02442411302358433,0.022180847757413646,0.00027045234606243177,,0.00032629663238942404,,2,0.8429171296296296,False,0,,,1,0,8,0,500,hs_crosscheck,,,,12.798798738665148,,1,0,0,0,0,0,0,0,0.1,,,0,,0,0.1,0,,1,,,,1.018328627525323e-16,,4.908233647772195e-12,3000,,inf,static_regression_projector,0,False,0,0,physical_density_SQ_equals_minus_legacy_contact_already_included,,raw/hs_crosscheck/task_0154_s720077,200,0,0,0,,,/home/sunxr/PfQMC-main/reproduction/projector_kitaev/regression_stress/raw/hs_crosscheck/task_0154_s720077/result.json,615.872232758,720077,0,20,150,20,10,154,10,80
18,0.06986341433378973,0.02020739456510748,0.02418064205079407,0.022491299836342384,0.00025365755687345524,,0.00037513164242777033,,2,0.8428966203703704,False,0,,,1,0,8,0,500,hs_crosscheck,,,,9.950401875668787,,1,0,0,0,0,0,0,0,0.1,,,0,,0,0.1,0,,1,,,,6.07720185799514e-17,,7.707756849606063e-12,3000,,inf,static_regression_projector,0,False,0,0,physical_density_SQ_equals_minus_legacy_contact_already_included,,raw/hs_crosscheck/task_0155_s720078,200,0,0,0,,,/home/sunxr/PfQMC-main/reproduction/projector_kitaev/regression_stress/raw/hs_crosscheck/task_0155_s720078/result.json,464.997798475,720078,0,20,150,20,10,155,10,80
18,0.06496071684062421,0.003828108897139667,0.02362338666486201,0.02208879453290933,0.0001981694182926434,,0.0002456081695111382,,2,0.7471873713991769,False,0,,,0.656,0.01663083868365145,8,0,500,hs_crosscheck,,,,10.391064817863889,,1,0,0,0,0,0,0,0,0.1,,,0,,0,0.1,0,,0,,,,8.66857556241216e-15,,5.612629904567377e-10,3000,,inf,static_regression_projector,0,False,0,516,physical_density_SQ_equals_minus_legacy_contact_already_included,,raw/hs_crosscheck/task_0156_s720079,360,0,0,0,,,/home/sunxr/PfQMC-main/reproduction/projector_kitaev/regression_stress/raw/hs_crosscheck/task_0156_s720079/result.json,778.152285937,720079,0,20,150,20,10,156,18,80
18,0.07436762101848982,0.004789605057079077,0.024244960341485825,0.02244192031920189,0.00016372275511057004,,0.00023035081282828733,,2,0.7472240997942386,False,0,,,0.6613333333333333,0.010745324020432961,8,0,500,hs_crosscheck,,,,10.83134106570375,,1,0,0,0,0,0,0,0,0.1,,,0,,0,0.1,0,,0,,,,3.775151121902679e-15,,3.0268031570420513e-09,3000,,inf,static_regression_projector,0,False,0,508,physical_density_SQ_equals_minus_legacy_contact_already_included,,raw/hs_crosscheck/task_0157_s720080,360,0,0,0,,,/home/sunxr/PfQMC-main/reproduction/projector_kitaev/regression_stress/raw/hs_crosscheck/task_0157_s720080/result.json,802.618322822,720080,0,20,150,20,10,157,18,80
18,0.0723626791066615,0.0039247654047024245,0.02389183533840192,0.022162958124539948,0.00017377112770909628,,0.00026858489498183716,,2,0.7471766718106996,False,0,,,0.6626666666666666,0.012726543610922087,8,0,500,hs_crosscheck,,,,10.462140205279841,,1,0,0,0,0,0,0,0,0.1,,,0,,0,0.1,0,,0,,,,8.697147414843627e-16,,6.176371956842137e-10,3000,,inf,static_regression_projector,0,False,0,506,physical_density_SQ_equals_minus_legacy_contact_already_included,,raw/hs_crosscheck/task_0158_s720081,360,0,0,0,,,/home/sunxr/PfQMC-main/reproduction/projector_kitaev/regression_stress/raw/hs_crosscheck/task_0158_s720081/result.json,1076.179480333,720081,0,20,150,20,10,158,18,80
18,0.07155203859333015,0.00757356716239286,0.023782903753239305,0.02208118850602607,0.00016751020234101376,,0.0003377136853113345,,2,0.7471906121399177,False,0,,,0.6786666666666666,0.011522670255828786,8,0,500,hs_crosscheck,,,,11.458624356753075,,1,0,0,0,0,0,0,0,0.1,,,0,,0,0.1,0,,0,,,,3.686372085585396e-14,,8.9282344713495e-10,3000,,inf,static_regression_projector,0,False,0,482,physical_density_SQ_equals_minus_legacy_contact_already_included,,raw/hs_crosscheck/task_0159_s720082,360,0,0,0,,,/home/sunxr/PfQMC-main/reproduction/projector_kitaev/regression_stress/raw/hs_crosscheck/task_0159_s720082/result.json,783.572118339,720082,0,20,150,20,10,159,18,80
18,0.0698882738325246,0.003699566040372877,0.023954966632438582,0.022280795364781725,0.00014995768078219753,,0.00022497549882647885,,2,0.7471400462962963,False,0,,,0.6733333333333333,0.01146568743268774,8,0,500,hs_crosscheck,,,,9.404534483896523,,1,0,0,0,0,0,0,0,0.1,,,0,,0,0.1,0,,0,,,,5.682632953396162e-16,,2.715795695067749e-09,3000,,inf,static_regression_projector,0,False,0,490,physical_density_SQ_equals_minus_legacy_contact_already_included,,raw/hs_crosscheck/task_0160_s720083,360,0,0,0,,,/home/sunxr/PfQMC-main/reproduction/projector_kitaev/regression_stress/raw/hs_crosscheck/task_0160_s720083/result.json,1065.072197175,720083,0,20,150,20,10,160,18,80
18,0.07965376771794486,0.005155196798610001,0.024403351474556505,0.022459532584662815,0.00019714960299032044,,0.00028759995726715035,,2,0.7470322530864197,False,0,,,0.658,0.011618698380058913,8,0,500,hs_crosscheck,,,,10.378782943486062,,1,0,0,0,0,0,0,0,0.1,,,0,,0,0.1,0,,0,,,,2.5449266536000457e-14,,5.595984455991913e-10,3000,,inf,static_regression_projector,0,False,0,513,physical_density_SQ_equals_minus_legacy_contact_already_included,,raw/hs_crosscheck/task_0161_s720084,360,0,0,0,,,/home/sunxr/PfQMC-main/reproduction/projector_kitaev/regression_stress/raw/hs_crosscheck/task_0161_s720084/result.json,777.071484601,720084,0,20,150,20,10,161,18,80
18,0.07212852521063529,0.016892592386483357,0.02388468536938889,0.022161918238574833,0.0001645081809854972,,0.0003214588736637474,,2,0.842323816872428,False,0,,,1,0,8,0,500,hs_crosscheck,,,,10.278590501532063,,1,0,0,0,0,0,0,0,0.1,,,0,,0,0.1,0,,1,,,,8.070767796381932e-17,,7.677084252133413e-12,3000,,inf,static_regression_projector,0,False,0,0,physical_density_SQ_equals_minus_legacy_contact_already_included,,raw/hs_crosscheck/task_0162_s720079,360,0,0,0,,,/home/sunxr/PfQMC-main/reproduction/projector_kitaev/regression_stress/raw/hs_crosscheck/task_0162_s720079/result.json,759.652289938,720079,0,20,150,20,10,162,18,80
18,0.05398480514757131,0.01720886768829919,0.023877405211846815,0.02258838814405566,0.00022438491714748757,,0.0003991967545034774,,2,0.8424249485596708,False,0,,,1,0,8,0,500,hs_crosscheck,,,,10.862064543618974,,1,0,0,0,0,0,0,0,0.1,,,0,,0,0.1,0,,1,,,,5.408325654820929e-17,,5.6792835298461475e-12,3000,,inf,static_regression_projector,0,False,0,0,physical_density_SQ_equals_minus_legacy_contact_already_included,,raw/hs_crosscheck/task_0163_s720080,360,0,0,0,,,/home/sunxr/PfQMC-main/reproduction/projector_kitaev/regression_stress/raw/hs_crosscheck/task_0163_s720080/result.json,774.710164746,720080,0,20,150,20,10,163,18,80
18,0.06288666215338412,0.018327286009191673,0.024068302927334296,0.022554727692537718,0.0001999386838264427,,0.0003838667868259438,,2,0.8423463991769548,False,0,,,1,0,8,0,500,hs_crosscheck,,,,13.1368952506446,,1,0,0,0,0,0,0,0,0.1,,,0,,0,0.1,0,,1,,,,8.712628967015645e-17,,1.0151537451819637e-11,3000,,inf,static_regression_projector,0,False,0,0,physical_density_SQ_equals_minus_legacy_contact_already_included,,raw/hs_crosscheck/task_0164_s720081,360,0,0,0,,,/home/sunxr/PfQMC-main/reproduction/projector_kitaev/regression_stress/raw/hs_crosscheck/task_0164_s720081/result.json,962.015445025,720081,0,20,150,20,10,164,18,80
18,0.07420224941734899,0.019423983077478682,0.024243381221569223,0.022444467801446467,0.0001695495998284454,,0.0003962876446416113,,2,0.8425316615226337,False,0,,,1,0,8,0,500,hs_crosscheck,,,,9.832289651267168,,1,0,0,0,0,0,0,0,0.1,,,0,,0,0.1,0,,1,,,,8.985979688109218e-17,,2.031789115241958e-11,3000,,inf,static_regression_projector,0,False,0,0,physical_density_SQ_equals_minus_legacy_contact_already_included,,raw/hs_crosscheck/task_0165_s720082,360,0,0,0,,,/home/sunxr/PfQMC-main/reproduction/projector_kitaev/regression_stress/raw/hs_crosscheck/task_0165_s720082/result.json,763.331823462,720082,0,20,150,20,10,165,18,80
18,0.04942174017547929,0.021728597944563215,0.023964227694878996,0.022779873860236662,0.00022678764109186375,,0.000370789495951554,,2,0.8423235339506173,False,0,,,1,0,8,0,500,hs_crosscheck,,,,10.110324777105477,,1,0,0,0,0,0,0,0,0.1,,,0,,0,0.1,0,,1,,,,8.963416960212904e-17,,1.3816785211199807e-11,3000,,inf,static_regression_projector,0,False,0,0,physical_density_SQ_equals_minus_legacy_contact_already_included,,raw/hs_crosscheck/task_0166_s720083,360,0,0,0,,,/home/sunxr/PfQMC-main/reproduction/projector_kitaev/regression_stress/raw/hs_crosscheck/task_0166_s720083/result.json,821.681230353,720083,0,20,150,20,10,166,18,80
18,0.08374457856476347,0.016519324258433103,0.02424574558591955,0.022215295839838244,0.00021700871266521602,,0.00032793395414462673,,2,0.8423053497942387,False,0,,,1,0,8,0,500,hs_crosscheck,,,,11.76911854316818,,1,0,0,0,0,0,0,0,0.1,,,0,,0,0.1,0,,1,,,,7.00254734279965e-17,,5.38255614552928e-12,3000,,inf,static_regression_projector,0,False,0,0,physical_density_SQ_equals_minus_legacy_contact_already_included,,raw/hs_crosscheck/task_0167_s720084,360,0,0,0,,,/home/sunxr/PfQMC-main/reproduction/projector_kitaev/regression_stress/raw/hs_crosscheck/task_0167_s720084/result.json,953.51724671,720084,0,20,150,20,10,167,18,80
18,0.07270898074556087,0.002693325133359709,0.024611036255681232,0.022821592894438605,0.00011855536000648603,,0.00017822198963147884,,2,0.7429470588235294,False,0,,,0.778,0.010608393454991495,8,1,500,hs_crosscheck,,,,12.606286933638389,,1,0,0,0,0,0,0,0,0.1,,,0,,0,0.1,0,,0,,,,2.2266166164892157e-15,,2.8048542651207925e-10,3000,,inf,static_regression_projector,0,False,0,333,physical_density_SQ_equals_minus_legacy_contact_already_included,,raw/hs_crosscheck/task_0168_s720085,200,0,0,0,,,/home/sunxr/PfQMC-main/reproduction/projector_kitaev/regression_stress/raw/hs_crosscheck/task_0168_s720085/result.json,510.013074185,720085,0,20,150,20,10,168,10,80
18,0.07436771792944163,0.0027419718916273125,0.024608060163492314,0.02277801488646299,0.00015205032736012513,,0.00020761054972552798,,2,0.742853431372549,False,0,,,0.7926666666666666,0.011423787637058395,8,1,500,hs_crosscheck,,,,12.620944914000306,,1,0,0,0,0,0,0,0,0.1,,,0,,0,0.1,0,,0,,,,9.333863243746745e-15,,2.583830665027898e-08,3000,,inf,static_regression_projector,0,False,0,311,physical_density_SQ_equals_minus_legacy_contact_already_included,,raw/hs_crosscheck/task_0169_s720086,200,0,0,0,,,/home/sunxr/PfQMC-main/reproduction/projector_kitaev/regression_stress/raw/hs_crosscheck/task_0169_s720086/result.json,521.189816666,720086,0,20,150,20,10,169,10,80
18,0.06960055596430892,0.002992169870948569,0.02435001111164878,0.022655236800540924,0.0001748025798425737,,0.0002512534264150212,,2,0.742785,False,0,,,0.7866666666666666,0.01102893589158015,8,1,500,hs_crosscheck,,,,10.226841476404463,,1,0,0,0,0,0,0,0,0.1,,,0,,0,0.1,0,,0,,,,8.650709236605784e-15,,1.1535917704217384e-09,3000,,inf,static_regression_projector,0,False,0,320,physical_density_SQ_equals_minus_legacy_contact_already_included,,raw/hs_crosscheck/task_0170_s720087,200,0,0,0,,,/home/sunxr/PfQMC-main/reproduction/projector_kitaev/regression_stress/raw/hs_crosscheck/task_0170_s720087/result.json,630.133611638,720087,0,20,150,20,10,170,10,80
18,0.07423915146185844,0.003387585486254179,0.024579429392307596,0.022754673410806017,0.00013699757100456753,,0.00019521311789540046,,2,0.7427679901960784,False,0,,,0.792,0.011003455066105958,8,1,500,hs_crosscheck,,,,10.370696786804274,,1,0,0,0,0,0,0,0,0.1,,,0,,0,0.1,0,,0,,,,3.4107132748739506e-15,,7.42310799334406e-10,3000,,inf,static_regression_projector,0,False,0,312,physical_density_SQ_equals_minus_legacy_contact_already_included,,raw/hs_crosscheck/task_0171_s720088,200,0,0,0,,,/home/sunxr/PfQMC-main/reproduction/projector_kitaev/regression_stress/raw/hs_crosscheck/task_0171_s720088/result.json,640.223529384,720088,0,20,150,20,10,171,10,80
18,0.06486391967348903,0.0058641178209827265,0.024131095098879677,0.02256585768475262,0.00013802459476068446,,0.00025482621721482153,,2,0.7430478921568627,False,0,,,0.7926666666666666,0.009598976553632841,8,1,500,hs_crosscheck,,,,10.745552642998573,,1,0,0,0,0,0,0,0,0.1,,,0,,0,0.1,0,,0,,,,7.697053591440656e-15,,3.7897545006913996e-10,3000,,inf,static_regression_projector,0,False,0,311,physical_density_SQ_equals_minus_legacy_contact_already_included,,raw/hs_crosscheck/task_0172_s720089,200,0,0,0,,,/home/sunxr/PfQMC-main/reproduction/projector_kitaev/regression_stress/raw/hs_crosscheck/task_0172_s720089/result.json,515.830709294,720089,0,20,150,20,10,172,10,80
18,0.06807977340791305,0.0024590139761689715,0.02423397693477782,0.022584133276285553,0.00016351355837235525,,0.00022237314263119607,,2,0.742841568627451,False,0,,,0.7886666666666666,0.010783352992199874,8,1,500,hs_crosscheck,,,,12.209873703789595,,1,0,0,0,0,0,0,0,0.1,,,0,,0,0.1,0,,0,,,,4.5666656329136425e-15,,4.525915391445439e-10,3000,,inf,static_regression_projector,0,False,0,317,physical_density_SQ_equals_minus_legacy_contact_already_included,,raw/hs_crosscheck/task_0173_s720090,200,0,0,0,,,/home/sunxr/PfQMC-main/reproduction/projector_kitaev/regression_stress/raw/hs_crosscheck/task_0173_s720090/result.json,525.302514579,720090,0,20,150,20,10,173,10,80
18,0.10080100625906374,0.019488427882720278,0.02482253500465843,0.022320398498288027,0.00020328135662854558,,0.0004386451313688389,,2,0.8379039705882353,False,0,,,1,0,8,1,500,hs_crosscheck,,,,10.495789173023223,,1,0,0,0,0,0,0,0,0.1,,,0,,0,0.1,0,,1,,,,9.595827315117357e-17,,4.10798859632738e-12,3000,,inf,static_regression_projector,0,False,0,0,physical_density_SQ_equals_minus_legacy_contact_already_included,,raw/hs_crosscheck/task_0174_s720085,200,0,0,0,,,/home/sunxr/PfQMC-main/reproduction/projector_kitaev/regression_stress/raw/hs_crosscheck/task_0174_s720085/result.json,643.821676073,720085,0,20,150,20,10,174,10,80
18,0.0635643356696316,0.016305796970797256,0.024257359491947975,0.02271545655074287,0.00019854569492641354,,0.00033802687052072176,,2,0.8379283823529412,False,0,,,1,0,8,1,500,hs_crosscheck,,,,11.643471935270634,,1,0,0,0,0,0,0,0,0.1,,,0,,0,0.1,0,,1,,,,6.359840042019008e-17,,7.95734214176657e-12,3000,,inf,static_regression_projector,0,False,0,0,physical_density_SQ_equals_minus_legacy_contact_already_included,,raw/hs_crosscheck/task_0175_s720086,200,0,0,0,,,/home/sunxr/PfQMC-main/reproduction/projector_kitaev/regression_stress/raw/hs_crosscheck/task_0175_s720086/result.json,476.859124882,720086,0,20,150,20,10,175,10,80
18,0.042673311952707293,0.015859393099565387,0.023861984518093526,0.02284371460894225,0.00017778507135550442,,0.00029830995210921327,,2,0.8380370098039216,False,0,,,1,0,8,1,500,hs_crosscheck,,,,12.345097878540964,,1,0,0,0,0,0,0,0,0.1,,,0,,0,0.1,0,,1,,,,1.739895651048867e-16,,3.2541617193317426e-12,3000,,inf,static_regression_projector,0,False,0,0,physical_density_SQ_equals_minus_legacy_contact_already_included,,raw/hs_crosscheck/task_0176_s720087,200,0,0,0,,,/home/sunxr/PfQMC-main/reproduction/projector_kitaev/regression_stress/raw/hs_crosscheck/task_0176_s720087/result.json,470.426687894,720087,0,20,150,20,10,176,10,80
18,0.06346272419613097,0.014523817160560573,0.024321404120791423,0.022777901559010993,0.00017627439874140616,,0.00036475011201309905,,2,0.8378918627450981,False,0,,,1,0,8,1,500,hs_crosscheck,,,,10.511844139992307,,1,0,0,0,0,0,0,0,0.1,,,0,,0,0.1,0,,1,,,,8.049661560960884e-17,,5.921064150112293e-12,3000,,inf,static_regression_projector,0,False,0,0,physical_density_SQ_equals_minus_legacy_contact_already_included,,raw/hs_crosscheck/task_0177_s720088,200,0,0,0,,,/home/sunxr/PfQMC-main/reproduction/projector_kitaev/regression_stress/raw/hs_crosscheck/task_0177_s720088/result.json,376.136580782,720088,0,20,150,20,10,177,10,80
18,0.058291591640411866,0.022254169765226362,0.024366292413483464,0.02294594244632582,0.00021120022054200868,,0.00043077193658790374,,2,0.8379624019607843,False,0,,,1,0,8,1,500,hs_crosscheck,,,,10.910411636656084,,1,0,0,0,0,0,0,0,0.1,,,0,,0,0.1,0,,1,,,,7.56900653601979e-17,,4.133886866898608e-12,3000,,inf,static_regression_projector,0,False,0,0,physical_density_SQ_equals_minus_legacy_contact_already_included,,raw/hs_crosscheck/task_0178_s720089,200,0,0,0,,,/home/sunxr/PfQMC-main/reproduction/projector_kitaev/regression_stress/raw/hs_crosscheck/task_0178_s720089/result.json,523.981080812,720089,0,20,150,20,10,178,10,80
18,0.06937484470069455,0.01697406046515833,0.024466346077983214,0.022768997118429682,0.0002840573580382386,,0.0003304753432450211,,2,0.8378869117647059,False,0,,,1,0,8,1,500,hs_crosscheck,,,,10.505703475505934,,1,0,0,0,0,0,0,0,0.1,,,0,,0,0.1,0,,1,,,,3.498114340709105e-16,,1.1016402229818793e-11,3000,,inf,static_regression_projector,0,False,0,0,physical_density_SQ_equals_minus_legacy_contact_already_included,,raw/hs_crosscheck/task_0179_s720090,200,0,0,0,,,/home/sunxr/PfQMC-main/reproduction/projector_kitaev/regression_stress/raw/hs_crosscheck/task_0179_s720090/result.json,593.58191671,720090,0,20,150,20,10,179,10,80
18,0.07506560445256183,0.007565736480203579,0.024389246449479283,0.022558452922606623,0.00015479038914105434,,0.0002799846044773851,,2,0.7426358387799564,False,0,,,0.6513333333333333,0.013482498944104453,8,1,500,hs_crosscheck,,,,13.079810722966208,,1,0,0,0,0,0,0,0,0.1,,,0,,0,0.1,0,,0,,,,1.9831530710333054e-14,,2.8696255843619064e-10,3000,,inf,static_regression_projector,0,False,0,523,physical_density_SQ_equals_minus_legacy_contact_already_included,,raw/hs_crosscheck/task_0180_s720091,360,0,0,0,,,/home/sunxr/PfQMC-main/reproduction/projector_kitaev/regression_stress/raw/hs_crosscheck/task_0180_s720091/result.json,830.067039187,720091,0,20,150,20,10,180,18,80
18,0.0745482428616453,0.0045030363576723294,0.024822061310109257,0.022971620255236583,0.0002270516841294664,,0.0003015604747227563,,2,0.742618954248366,False,0,,,0.6446666666666667,0.01486862547082994,8,1,500,hs_crosscheck,,,,9.298270430859715,,1,0,0,0,0,0,0,0,0.1,,,0,,0,0.1,0,,0,,,,1.9873290598191332e-13,,5.614396292644007e-10,3000,,inf,static_regression_projector,0,False,0,533,physical_density_SQ_equals_minus_legacy_contact_already_included,,raw/hs_crosscheck/task_0181_s720092,360,0,0,0,,,/home/sunxr/PfQMC-main/reproduction/projector_kitaev/regression_stress/raw/hs_crosscheck/task_0181_s720092/result.json,1085.849708846,720092,0,20,150,20,10,181,18,80
18,0.07166294459921363,0.0037381583393083532,0.024502062094753682,0.022746172176290855,0.00034562392896307024,,0.0004713049612465388,,2,0.7426486111111111,False,0,,,0.664,0.016318467993681845,8,1,500,hs_crosscheck,,,,10.508219142059643,,1,0,0,0,0,0,0,0,0.1,,,0,,0,0.1,0,,0,,,,8.088549220151357e-15,,7.056031710008246e-10,3000,,inf,static_regression_projector,0,False,0,504,physical_density_SQ_equals_minus_legacy_contact_already_included,,raw/hs_crosscheck/task_0182_s720093,360,0,0,0,,,/home/sunxr/PfQMC-main/reproduction/projector_kitaev/regression_stress/raw/hs_crosscheck/task_0182_s720093/result.json,1091.311125277,720093,0,20,150,20,10,182,18,80
18,0.07153830444470033,0.004021311901261932,0.02436156254660063,0.022618777668393306,0.00016018472762731217,,0.00021634336943704625,,2,0.7425427559912854,False,0,,,0.6313333333333333,0.01530279185627548,8,1,500,hs_crosscheck,,,,9.370678583692609,,1,0,0,0,0,0,0,0,0.1,,,0,,0,0.1,0,,0,,,,3.5958902938474435e-14,,1.6885601391079684e-09,3000,,inf,static_regression_projector,0,False,0,553,physical_density_SQ_equals_minus_legacy_contact_already_included,,raw/hs_crosscheck/task_0183_s720094,360,0,0,0,,,/home/sunxr/PfQMC-main/reproduction/projector_kitaev/regression_stress/raw/hs_crosscheck/task_0183_s720094/result.json,807.030010926,720094,0,20,150,20,10,183,18,80
18,0.0699706974619696,0.0027580956400598475,0.024342636462133922,0.02263936521081524,0.0001592323830350828,,0.00022086822964847397,,2,0.7427485021786492,False,0,,,0.6673333333333333,0.01659916153733947,8,1,500,hs_crosscheck,,,,9.29287788011709,,1,0,0,0,0,0,0,0,0.1,,,0,,0,0.1,0,,0,,,,2.900545809281492e-14,,1.3910402926780943e-09,3000,,inf,static_regression_projector,0,False,0,499,physical_density_SQ_equals_minus_legacy_contact_already_included,,raw/hs_crosscheck/task_0184_s720095,360,0,0,0,,,/home/sunxr/PfQMC-main/reproduction/projector_kitaev/regression_stress/raw/hs_crosscheck/task_0184_s720095/result.json,1021.544785644,720095,0,20,150,20,10,184,18,80
18,0.07442370842395751,0.004217689393584568,0.02474145041224754,0.022900099920780626,0.00016661674128559448,,0.0002499231825242041,,2,0.7427000816993464,False,0,,,0.654,0.013066630862822412,8,1,500,hs_crosscheck,,,,10.206036786700047,,1,0,0,0,0,0,0,0,0.1,,,0,,0,0.1,0,,0,,,,7.211598513925451e-14,,1.9557617415491404e-10,3000,,inf,static_regression_projector,0,False,0,519,physical_density_SQ_equals_minus_legacy_contact_already_included,,raw/hs_crosscheck/task_0185_s720096,360,0,0,0,,,/home/sunxr/PfQMC-main/reproduction/projector_kitaev/regression_stress/raw/hs_crosscheck/task_0185_s720096/result.json,830.586314296,720096,0,20,150,20,10,185,18,80
18,0.08882401585438215,0.014998269295360257,0.024771854903619914,0.022571519270918324,0.00017920549040434708,,0.00031672631101561206,,2,0.8372369825708061,False,0,,,1,0,8,1,500,hs_crosscheck,,,,10.358596861660274,,1,0,0,0,0,0,0,0,0.1,,,0,,0,0.1,0,,1,,,,7.344618629681382e-17,,1.2773234389435475e-11,3000,,inf,static_regression_projector,0,False,0,0,physical_density_SQ_equals_minus_legacy_contact_already_included,,raw/hs_crosscheck/task_0186_s720091,360,0,0,0,,,/home/sunxr/PfQMC-main/reproduction/projector_kitaev/regression_stress/raw/hs_crosscheck/task_0186_s720091/result.json,757.414172532,720091,0,20,150,20,10,186,18,80
18,0.08093024097743962,0.01621888811185436,0.02483468800658516,0.022824810721612694,0.0002190208303893933,,0.0003394894354662277,,2,0.8373662581699346,False,0,,,1,0,8,1,500,hs_crosscheck,,,,9.920671017640496,,1,0,0,0,0,0,0,0,0.1,,,0,,0,0.1,0,,1,,,,1.4353076577603121e-16,,1.1688894016735095e-11,3000,,inf,static_regression_projector,0,False,0,0,physical_density_SQ_equals_minus_legacy_contact_already_included,,raw/hs_crosscheck/task_0187_s720092,360,0,0,0,,,/home/sunxr/PfQMC-main/reproduction/projector_kitaev/regression_stress/raw/hs_crosscheck/task_0187_s720092/result.json,1089.432143513,720092,0,20,150,20,10,187,18,80
18,0.061776805152598535,0.021686917980494564,0.02435151076430705,0.02284715222864905,0.00021021038267006722,,0.00044595726602791766,,2,0.8371991557734205,False,0,,,1,0,8,1,500,hs_crosscheck,,,,9.467901545188797,,1,0,0,0,0,0,0,0,0.1,,,0,,0,0.1,0,,1,,,,6.47578086369564e-17,,9.418181787441324e-12,3000,,inf,static_regression_projector,0,False,0,0,physical_density_SQ_equals_minus_legacy_contact_already_included,,raw/hs_crosscheck/task_0188_s720093,360,0,0,0,,,/home/sunxr/PfQMC-main/reproduction/projector_kitaev/regression_stress/raw/hs_crosscheck/task_0188_s720093/result.json,1109.498127043,720093,0,20,150,20,10,188,18,80
18,0.061755172410940085,0.020797634935657273,0.024408765327844754,0.022901397816685525,0.00024103633216863862,,0.00045127356642976336,,2,0.8372141612200436,False,0,,,1,0,8,1,500,hs_crosscheck,,,,19.267010147226607,,1,0,0,0,0,0,0,0,0.1,,,0,,0,0.1,0,,1,,,,1.0257289668689341e-16,,1.554657023398042e-11,3000,,inf,static_regression_projector,0,False,0,0,physical_density_SQ_equals_minus_legacy_contact_already_included,,raw/hs_crosscheck/task_0189_s720094,360,0,0,0,,,/home/sunxr/PfQMC-main/reproduction/projector_kitaev/regression_stress/raw/hs_crosscheck/task_0189_s720094/result.json,1096.143306727,720094,0,20,150,20,10,189,18,80
18,0.06733732688143201,0.01595837821156286,0.02435708788073594,0.022716946692231055,0.00019814470328098844,,0.000321257158416895,,2,0.837136165577342,False,0,,,1,0,8,1,500,hs_crosscheck,,,,12.204550850762718,,1,0,0,0,0,0,0,0,0.1,,,0,,0,0.1,0,,1,,,,1.155560874810468e-16,,8.847143626698963e-12,3000,,inf,static_regression_projector,0,False,0,0,physical_density_SQ_equals_minus_legacy_contact_already_included,,raw/hs_crosscheck/task_0190_s720095,360,0,0,0,,,/home/sunxr/PfQMC-main/reproduction/projector_kitaev/regression_stress/raw/hs_crosscheck/task_0190_s720095/result.json,659.15297132,720095,0,20,150,20,10,190,18,80
18,0.07509868731579739,0.015881704373334214,0.024501023736094592,0.022661029015620695,0.00016306525618452745,,0.0003360269909070777,,2,0.8374088507625272,False,0,,,1,0,8,1,500,hs_crosscheck,,,,11.029240682302722,,1,0,0,0,0,0,0,0,0.1,,,0,,0,0.1,0,,1,,,,7.571279056816521e-17,,1.1860687087896917e-11,3000,,inf,static_regression_projector,0,False,0,0,physical_density_SQ_equals_minus_legacy_contact_already_included,,raw/hs_crosscheck/task_0191_s720096,360,0,0,0,,,/home/sunxr/PfQMC-main/reproduction/projector_kitaev/regression_stress/raw/hs_crosscheck/task_0191_s720096/result.json,661.046072424,720096,0,20,150,20,10,191,18,80
18,0.4836631760578797,0.5610675087145387,0.046233213480629885,0.023871910609226457,0.0506578927118085,,0.10073938247404315,,4,0.6307975,False,0,,,0.030666666666666665,0.017162322983415332,8,0,500,hs_crosscheck,,,,11.449987460879687,,1,0,0,0,0,0,0,0,0.1,,,0,,0,0.1,0,,0,,,,7.278613689269302e-12,,2.0756230845779513e-06,3000,,inf,static_regression_projector,0,False,0,1454,physical_density_SQ_equals_minus_legacy_contact_already_included,,raw/hs_crosscheck/task_0192_s720097,200,0,0,0,,,/home/sunxr/PfQMC-main/reproduction/projector_kitaev/regression_stress/raw/hs_crosscheck/task_0192_s720097/result.json,361.058216193,720097,0,20,150,20,10,192,10,80
18,1.2795270265072904,0.6511787859064693,-1.3715902012970018,0.38339653055508677,0.037490443779526546,,0.0782673384051136,,4,0.6310458796296297,False,0,,,0.004,0.019929769650969025,8,0,500,hs_crosscheck,,,,14.335454292899296,,1,0,0,0,0,0,0,0,0.1,,,0,,0,0.1,0,,0,,,,3.23958820660577e-11,,1.0540576553715104e-05,3000,,inf,static_regression_projector,0,False,0,1494,physical_density_SQ_equals_minus_legacy_contact_already_included,,raw/hs_crosscheck/task_0193_s720098,200,0,0,0,,,/home/sunxr/PfQMC-main/reproduction/projector_kitaev/regression_stress/raw/hs_crosscheck/task_0193_s720098/result.json,617.617394998,720098,0,20,150,20,10,193,10,80
18,1.2097287833291117,10.758263541145821,-0.12063937531966347,0.025301549407377093,0.017971067969654118,,0.0365913983531518,,4,0.6312685185185185,False,0,,,0.028,0.02369008323271543,8,0,500,hs_crosscheck,,,,18.67539733263354,,1,0,0,0,0,0,0,0,0.1,,,0,,0,0.1,0,,0,,,,5.919075279594232e-11,,5.248707898246746e-06,3000,,inf,static_regression_projector,0,False,0,1458,physical_density_SQ_equals_minus_legacy_contact_already_included,,raw/hs_crosscheck/task_0194_s720099,200,0,0,0,,,/home/sunxr/PfQMC-main/reproduction/projector_kitaev/regression_stress/raw/hs_crosscheck/task_0194_s720099/result.json,599.047074448,720099,0,20,150,20,10,194,10,80
18,0.4240008161103115,0.2450134579233816,0.1383042252003459,0.07966312084389493,0.09842253749817584,,0.14428860172711755,,4,0.6310178703703704,False,0,,,0.028,0.019312813090156953,8,0,500,hs_crosscheck,,,,14.623837075681429,,1,0,0,0,0,0,0,0,0.1,,,0,,0,0.1,0,,0,,,,5.235663921394317e-12,,1.413191461806288e-05,3000,,inf,static_regression_projector,0,False,0,1458,physical_density_SQ_equals_minus_legacy_contact_already_included,,raw/hs_crosscheck/task_0195_s720100,200,0,0,0,,,/home/sunxr/PfQMC-main/reproduction/projector_kitaev/regression_stress/raw/hs_crosscheck/task_0195_s720100/result.json,617.817781545,720100,0,20,150,20,10,195,10,80
18,0.7168480950882625,0.35146268478360804,0.09291136948068467,0.026308031256414125,0.03546224462417575,,0.14031886802664173,,4,0.6308966666666667,False,0,,,0.04133333333333333,0.015790773175894897,8,0,500,hs_crosscheck,,,,13.282428277451935,,1,0,0,0,0,0,0,0,0.1,,,0,,0,0.1,0,,0,,,,9.851805436517693e-12,,0.004025863278553708,3000,,inf,static_regression_projector,0,False,0,1438,physical_density_SQ_equals_minus_legacy_contact_already_included,,raw/hs_crosscheck/task_0196_s720101,200,0,0,0,,,/home/sunxr/PfQMC-main/reproduction/projector_kitaev/regression_stress/raw/hs_crosscheck/task_0196_s720101/result.json,604.54489087,720101,0,20,150,20,10,196,10,80
18,1.9421871776895392,0.34423914183209164,-0.23156971262824608,0.21818201397958484,0.04320224073792417,,0.07775627069948954,,4,0.6309756018518519,False,0,,,-0.014,0.027261249084611115,8,0,500,hs_crosscheck,,,,12.746765631211403,,1,0,0,0,0,0,0,0,0.1,,,0,,0,0.1,0,,0,,,,8.41368988171876e-12,,1.2162466671841779e-06,3000,,inf,static_regression_projector,0,False,0,1521,physical_density_SQ_equals_minus_legacy_contact_already_included,,raw/hs_crosscheck/task_0197_s720102,200,0,0,0,,,/home/sunxr/PfQMC-main/reproduction/projector_kitaev/regression_stress/raw/hs_crosscheck/task_0197_s720102/result.json,607.250791702,720102,0,20,150,20,10,197,10,80
18,0.7416823102928785,0.012413773617805157,0.09562810637168925,0.02470243150900164,0.0005926655356487134,,0.00230339894223639,,4,0.6120064814814815,False,0,,,1,0,8,0,500,hs_crosscheck,,,,15.253985987025372,,1,0,0,0,0,0,0,0,0.1,,,0,,0,0.1,0,,1,,,,7.89946408723529e-15,,1.9541412891775937e-09,3000,,inf,static_regression_projector,0,False,0,0,physical_density_SQ_equals_minus_legacy_contact_already_included,,raw/hs_crosscheck/task_0198_s720097,200,0,0,0,,,/home/sunxr/PfQMC-main/reproduction/projector_kitaev/regression_stress/raw/hs_crosscheck/task_0198_s720097/result.json,605.129064037,720097,0,20,150,20,10,198,10,80
18,0.7335480026052529,0.008811325603572404,0.09295761617288377,0.024768742502319127,0.0004003131973378769,,0.0018097058320450826,,4,0.6114250462962963,False,0,,,1,0,8,0,500,hs_crosscheck,,,,9.424187645618163,,1,0,0,0,0,0,0,0,0.1,,,0,,0,0.1,0,,1,,,,5.822384972281045e-15,,2.885914013488216e-09,3000,,inf,static_regression_projector,0,False,0,0,physical_density_SQ_equals_minus_legacy_contact_already_included,,raw/hs_crosscheck/task_0199_s720098,200,0,0,0,,,/home/sunxr/PfQMC-main/reproduction/projector_kitaev/regression_stress/raw/hs_crosscheck/task_0199_s720098/result.json,581.567997219,720098,0,20,150,20,10,199,10,80
18,0.7106721009413681,0.012243649570631778,0.08995585653232921,0.026026738978518517,0.0005242254307131802,,0.0021958576364034645,,4,0.6120472222222222,False,0,,,1,0,8,0,500,hs_crosscheck,,,,10.059866239901568,,1,0,0,0,0,0,0,0,0.1,,,0,,0,0.1,0,,1,,,,5.6201953196602867e-14,,9.168896530332747e-09,3000,,inf,static_regression_projector,0,False,0,0,physical_density_SQ_equals_minus_legacy_contact_already_included,,raw/hs_crosscheck/task_0200_s720099,200,0,0,0,,,/home/sunxr/PfQMC-main/reproduction/projector_kitaev/regression_stress/raw/hs_crosscheck/task_0200_s720099/result.json,594.968933503,720099,0,20,150,20,10,200,10,80
18,0.7165048183232066,0.014793113548830837,0.09139399309541253,0.025909756676751574,0.0006393341173450931,,0.0025479686563757466,,4,0.6119386111111111,False,0,,,1,0,8,0,500,hs_crosscheck,,,,25.028248521873973,,1,0,0,0,0,0,0,0,0.1,,,0,,0,0.1,0,,1,,,,1.3672581949836342e-14,,3.809669239121267e-09,3000,,inf,static_regression_projector,0,False,0,0,physical_density_SQ_equals_minus_legacy_contact_already_included,,raw/hs_crosscheck/task_0201_s720100,200,0,0,0,,,/home/sunxr/PfQMC-main/reproduction/projector_kitaev/regression_stress/raw/hs_crosscheck/task_0201_s720100/result.json,407.911597908,720100,0,20,150,20,10,201,10,80
18,0.7255278720554661,0.009911666282113424,0.0928603164982857,0.025487568670887386,0.0004488597410682801,,0.0017566265505492517,,4,0.6113375,False,0,,,1,0,8,0,500,hs_crosscheck,,,,12.542658535182998,,1,0,0,0,0,0,0,0,0.1,,,0,,0,0.1,0,,1,,,,1.6900407943190512e-14,,3.182725297580297e-09,3000,,inf,static_regression_projector,0,False,0,0,physical_density_SQ_equals_minus_legacy_contact_already_included,,raw/hs_crosscheck/task_0202_s720101,200,0,0,0,,,/home/sunxr/PfQMC-main/reproduction/projector_kitaev/regression_stress/raw/hs_crosscheck/task_0202_s720101/result.json,415.896479978,720101,0,20,150,20,10,202,10,80
18,0.7448897978268967,0.012964496223354282,0.0963872466101395,0.02458936996962146,0.0005296436771910049,,0.0022352454007376,,4,0.6119954629629629,False,0,,,1,0,8,0,500,hs_crosscheck,,,,9.821928612903585,,1,0,0,0,0,0,0,0,0.1,,,0,,0,0.1,0,,1,,,,2.9027340675611456e-14,,3.3762142755563306e-09,3000,,inf,static_regression_projector,0,False,0,0,physical_density_SQ_equals_minus_legacy_contact_already_included,,raw/hs_crosscheck/task_0203_s720102,200,0,0,0,,,/home/sunxr/PfQMC-main/reproduction/projector_kitaev/regression_stress/raw/hs_crosscheck/task_0203_s720102/result.json,423.209100554,720102,0,20,150,20,10,203,10,80
18,1.6253002698054808,0.3012064044187485,-0.5282089463722962,0.3302891966802656,0.04608657501282124,,0.09371389937049523,,4,0.6306205504115227,False,0,,,-0.011333333333333334,0.022802163824043122,8,0,500,hs_crosscheck,,,,22.275729991112055,,1,0,0,0,0,0,0,0,0.1,,,0,,0,0.1,0,,0,,,,1.7084866956334745e-12,,7.2547035927433e-06,3000,,inf,static_regression_projector,0,False,0,1517,physical_density_SQ_equals_minus_legacy_contact_already_included,,raw/hs_crosscheck/task_0204_s720103,360,0,0,0,,,/home/sunxr/PfQMC-main/reproduction/projector_kitaev/regression_stress/raw/hs_crosscheck/task_0204_s720103/result.json,726.865486125,720103,0,20,150,20,10,204,18,80
18,1.8796401751149336,0.35121875069902625,-0.12112827438024602,0.10654929648720934,0.052697703649118244,,0.13280685991078067,,4,0.6307309927983539,False,0,,,-0.016,0.02286190426597633,8,0,500,hs_crosscheck,,,,19.008003261248394,,1,0,0,0,0,0,0,0,0.1,,,0,,0,0.1,0,,0,,,,2.280254953446966e-11,,7.576472224338098e-06,3000,,inf,static_regression_projector,0,False,0,1524,physical_density_SQ_equals_minus_legacy_contact_already_included,,raw/hs_crosscheck/task_0205_s720104,360,0,0,0,,,/home/sunxr/PfQMC-main/reproduction/projector_kitaev/regression_stress/raw/hs_crosscheck/task_0205_s720104/result.json,1042.989629194,720104,0,20,150,20,10,205,18,80
18,0.20901455777690725,0.1315086455189224,0.064185335224722,0.050769665766964185,0.04096342419362181,,0.11507853626110234,,4,0.6305958333333334,False,0,,,0.030666666666666665,0.017085277918030807,8,0,500,hs_crosscheck,,,,15.685947214696395,,1,0,0,0,0,0,0,0,0.1,,,0,,0,0.1,0,,0,,,,5.0015456189815707e-11,,0.003235314926830212,3000,,inf,static_regression_projector,0,False,0,1454,physical_density_SQ_equals_minus_legacy_contact_already_included,,raw/hs_crosscheck/task_0206_s720105,360,0,0,0,,,/home/sunxr/PfQMC-main/reproduction/projector_kitaev/regression_stress/raw/hs_crosscheck/task_0206_s720105/result.json,718.43497865,720105,1,20,150,20,10,206,18,80
18,1.8914551276215303,1.2192886704736166,-0.3419397679703303,0.30482395949486724,0.14992580198305416,,0.2834425054082557,,4,0.6308267489711934,False,0,,,-0.018666666666666668,0.02384429821734943,8,0,500,hs_crosscheck,,,,28.338777159945604,,1,0,0,0,0,0,0,0,0.1,,,0,,0,0.1,0,,0,,,,2.714390375624125e-11,,6.92242357566734e-05,3000,,inf,static_regression_projector,0,False,0,1528,physical_density_SQ_equals_minus_legacy_contact_already_included,,raw/hs_crosscheck/task_0207_s720106,360,0,0,0,,,/home/sunxr/PfQMC-main/reproduction/projector_kitaev/regression_stress/raw/hs_crosscheck/task_0207_s720106/result.json,1064.33692888,720106,0,20,150,20,10,207,18,80
18,1.9004334038740085,0.42062322148998754,-0.18360867075245707,0.165327380386417,0.046499526692190575,,0.07610012820961075,,4,0.6308861882716049,False,0,,,0.01,0.01927031471563882,8,0,500,hs_crosscheck,,,,50.84579557415153,,1,0,0,0,0,0,0,0,0.1,,,0,,0,0.1,0,,0,,,,7.696554212466909e-11,,0.00011334203649094296,3000,,inf,static_regression_projector,0,False,0,1485,physical_density_SQ_equals_minus_legacy_contact_already_included,,raw/hs_crosscheck/task_0208_s720107,360,0,0,0,,,/home/sunxr/PfQMC-main/reproduction/projector_kitaev/regression_stress/raw/hs_crosscheck/task_0208_s720107/result.json,1115.089741258,720107,0,20,150,20,10,208,18,80
18,1.2194920719278108,0.6982670847722352,0.8938701042667709,-0.1961974012198418,0.06560494489887393,,0.20074962391354165,,4,0.6307561471193416,False,0,,,-0.006,0.01853275332657521,8,0,500,hs_crosscheck,,,,10.031396330146526,,1,0,0,0,0,0,0,0,0.1,,,0,,0,0.1,0,,0,,,,1.1486414318332517e-12,,4.779236659625822e-05,3000,,inf,static_regression_projector,0,False,0,1509,physical_density_SQ_equals_minus_legacy_contact_already_included,,raw/hs_crosscheck/task_0209_s720108,360,0,0,0,,,/home/sunxr/PfQMC-main/reproduction/projector_kitaev/regression_stress/raw/hs_crosscheck/task_0209_s720108/result.json,1078.731250266,720108,1,20,150,20,10,209,18,80
18,0.7125786241155028,0.014236508007055395,0.08966251758498686,0.025770924169544848,0.0005852389732571006,,0.0025645346802702063,,4,0.6078870113168724,False,0,,,1,0,8,0,500,hs_crosscheck,,,,10.025590881571885,,1,0,0,0,0,0,0,0,0.1,,,0,,0,0.1,0,,1,,,,1.0676431128529694e-13,,9.722026219583603e-09,3000,,inf,static_regression_projector,0,False,0,0,physical_density_SQ_equals_minus_legacy_contact_already_included,,raw/hs_crosscheck/task_0210_s720103,360,0,0,0,,,/home/sunxr/PfQMC-main/reproduction/projector_kitaev/regression_stress/raw/hs_crosscheck/task_0210_s720103/result.json,752.436583375,720103,0,20,150,20,10,210,18,80
18,0.7319340099611868,0.012385946207814061,0.09455567147308157,0.02534715968721637,0.000600405671719631,,0.0024182817450685693,,4,0.6080875771604938,False,0,,,1,0,8,0,500,hs_crosscheck,,,,10.010352620372325,,1,0,0,0,0,0,0,0,0.1,,,0,,0,0.1,0,,1,,,,6.4513579126696e-14,,5.1501120232615694e-09,3000,,inf,static_regression_projector,0,False,0,0,physical_density_SQ_equals_minus_legacy_contact_already_included,,raw/hs_crosscheck/task_0211_s720104,360,0,0,0,,,/home/sunxr/PfQMC-main/reproduction/projector_kitaev/regression_stress/raw/hs_crosscheck/task_0211_s720104/result.json,735.914145469,720104,0,20,150,20,10,211,18,80
18,0.7481673856328057,0.011044902374726863,0.09790571806888915,0.024655852942785803,0.0005224581216719188,,0.0020741479300769344,,4,0.6083709619341564,False,0,,,1,0,8,0,500,hs_crosscheck,,,,12.242376713518173,,1,0,0,0,0,0,0,0,0.1,,,0,,0,0.1,0,,1,,,,7.005430495992454e-14,,7.435425554211639e-09,3000,,inf,static_regression_projector,0,False,0,0,physical_density_SQ_equals_minus_legacy_contact_already_included,,raw/hs_crosscheck/task_0212_s720105,360,0,0,0,,,/home/sunxr/PfQMC-main/reproduction/projector_kitaev/regression_stress/raw/hs_crosscheck/task_0212_s720105/result.json,625.141784744,720105,0,20,150,20,10,212,18,80
18,0.7422031000182552,0.01443189423241217,0.09513328369356386,0.024525065621284634,0.0006889990009767887,,0.0026713447424851692,,4,0.6087279835390946,False,0,,,1,0,8,0,500,hs_crosscheck,,,,13.877233731225243,,1,0,0,0,0,0,0,0,0.1,,,0,,0,0.1,0,,1,,,,7.739975913382861e-15,,6.61097323131306e-09,3000,,inf,static_regression_projector,0,False,0,0,physical_density_SQ_equals_minus_legacy_contact_already_included,,raw/hs_crosscheck/task_0213_s720106,360,0,0,0,,,/home/sunxr/PfQMC-main/reproduction/projector_kitaev/regression_stress/raw/hs_crosscheck/task_0213_s720106/result.json,628.380760304,720106,0,20,150,20,10,213,18,80
18,0.7308480161410102,0.009311932438407477,0.09296516931072506,0.025021759749768526,0.00040980118133047527,,0.0018050470438601485,,4,0.6076834619341563,False,0,,,1,0,8,0,500,hs_crosscheck,,,,25.651994665144365,,1,0,0,0,0,0,0,0,0.1,,,0,,0,0.1,0,,1,,,,6.853749304303021e-15,,8.446604438155688e-09,3000,,inf,static_regression_projector,0,False,0,0,physical_density_SQ_equals_minus_legacy_contact_already_included,,raw/hs_crosscheck/task_0214_s720107,360,0,0,0,,,/home/sunxr/PfQMC-main/reproduction/projector_kitaev/regression_stress/raw/hs_crosscheck/task_0214_s720107/result.json,627.902854664,720107,0,20,150,20,10,214,18,80
18,0.7238728268571487,0.011278263174381622,0.09224743080176703,0.02547202229698272,0.0005378079963994673,,0.0018283607785231405,,4,0.6082722993827161,False,0,,,1,0,8,0,500,hs_crosscheck,,,,24.976925839513772,,1,0,0,0,0,0,0,0,0.1,,,0,,0,0.1,0,,1,,,,9.984698299209041e-14,,3.853427358863607e-09,3000,,inf,static_regression_projector,0,False,0,0,physical_density_SQ_equals_minus_legacy_contact_already_included,,raw/hs_crosscheck/task_0215_s720108,360,0,0,0,,,/home/sunxr/PfQMC-main/reproduction/projector_kitaev/regression_stress/raw/hs_crosscheck/task_0215_s720108/result.json,626.198504308,720108,0,20,150,20,10,215,18,80
18,-13.943378765392538,0.17390703069548705,0.003644421992377955,0.0544599782130303,0.02116752559888068,,0.06368295787418689,,4,0.624631568627451,False,0,,,0.06133333333333333,0.02434450596664952,8,1,500,hs_crosscheck,,,,46.312472016496855,,1,0,0,0,0,0,0,0,0.1,,,0,,0,0.1,0,,0,,,,5.1113456146479724e-11,,4.8166004157154e-07,3000,,inf,static_regression_projector,0,False,0,1408,physical_density_SQ_equals_minus_legacy_contact_already_included,,raw/hs_crosscheck/task_0216_s720109,200,0,0,0,,,/home/sunxr/PfQMC-main/reproduction/projector_kitaev/regression_stress/raw/hs_crosscheck/task_0216_s720109/result.json,354.681401232,720109,0,20,150,20,10,216,10,80
18,1.5755311182776897,1.383959264723647,0.1878658856132735,-0.10812266323323581,0.07991624064126504,,0.09187043989445658,,4,0.6246025,False,0,,,0.015333333333333332,0.014773929939185216,8,1,500,hs_crosscheck,,,,9.514073072054655,,1,0,0,0,0,0,0,0,0.1,,,0,,0,0.1,0,,0,,,,4.87892927762661e-13,,2.124172480292621e-06,3000,,inf,static_regression_projector,0,False,0,1477,physical_density_SQ_equals_minus_legacy_contact_already_included,,raw/hs_crosscheck/task_0217_s720110,200,0,0,0,,,/home/sunxr/PfQMC-main/reproduction/projector_kitaev/regression_stress/raw/hs_crosscheck/task_0217_s720110/result.json,355.414207273,720110,0,20,150,20,10,217,10,80
18,-0.9320408476711284,0.3981763055133135,0.008508616531564869,0.016438994696153165,0.013066600463163878,,0.03178986220135673,,4,0.6246343137254902,False,0,,,0.05533333333333333,0.022148356769799857,8,1,500,hs_crosscheck,,,,12.567326045203446,,1,0,0,0,0,0,0,0,0.1,,,0,,0,0.1,0,,0,,,,2.0530220276487146e-11,,8.808711412330696e-07,3000,,inf,static_regression_projector,0,False,0,1417,physical_density_SQ_equals_minus_legacy_contact_already_included,,raw/hs_crosscheck/task_0218_s720111,200,0,0,0,,,/home/sunxr/PfQMC-main/reproduction/projector_kitaev/regression_stress/raw/hs_crosscheck/task_0218_s720111/result.json,356.952874652,720111,0,20,150,20,10,218,10,80
18,0.35038079733589356,0.21370981240487724,0.07423666260107727,0.04822556156735611,0.020414075532112552,,0.04428667520555597,,4,0.6247431862745098,False,0,,,0.07266666666666667,0.022182244359371068,8,1,500,hs_crosscheck,,,,9.966036934590925,,1,0,0,0,0,0,0,0,0.1,,,0,,0,0.1,0,,0,,,,1.346674541542435e-11,,3.163336232580332e-07,3000,,inf,static_regression_projector,0,False,0,1391,physical_density_SQ_equals_minus_legacy_contact_already_included,,raw/hs_crosscheck/task_0219_s720112,200,0,0,0,,,/home/sunxr/PfQMC-main/reproduction/projector_kitaev/regression_stress/raw/hs_crosscheck/task_0219_s720112/result.json,357.258921789,720112,0,20,150,20,10,219,10,80
18,0.2028321657406562,0.2897756924203719,0.051217306301158595,0.04082878914069204,0.11540317053436579,,0.17242399087572177,,4,0.6245842647058824,False,0,,,0.051333333333333335,0.02113046042692157,8,1,500,hs_crosscheck,,,,15.330303953619312,,1,0,0,0,0,0,0,0,0.1,,,0,,0,0.1,0,,0,,,,6.281860437034641e-10,,2.2408126644273098e-05,3000,,inf,static_regression_projector,0,False,0,1423,physical_density_SQ_equals_minus_legacy_contact_already_included,,raw/hs_crosscheck/task_0220_s720113,200,0,0,0,,,/home/sunxr/PfQMC-main/reproduction/projector_kitaev/regression_stress/raw/hs_crosscheck/task_0220_s720113/result.json,595.877169522,720113,0,20,150,20,10,220,10,80
18,-2.282338035823128,0.7319811844016999,0.02568906156063365,0.08432018386506968,0.0462003531386598,,0.09600967161167615,,4,0.6245667647058823,False,0,,,0.016,0.02073451509427279,8,1,500,hs_crosscheck,,,,10.627753088063955,,1,0,0,0,0,0,0,0,0.1,,,0,,0,0.1,0,,0,,,,9.3847158517861e-12,,0.00021505053257738058,3000,,inf,static_regression_projector,0,False,0,1476,physical_density_SQ_equals_minus_legacy_contact_already_included,,raw/hs_crosscheck/task_0221_s720114,200,0,0,0,,,/home/sunxr/PfQMC-main/reproduction/projector_kitaev/regression_stress/raw/hs_crosscheck/task_0221_s720114/result.json,609.311803274,720114,0,20,150,20,10,221,10,80
18,0.6344301469197088,0.020210340425374475,0.07886122703525976,0.0288292871810114,0.000728790747055485,,0.002511720027337458,,4,0.6116679901960784,False,0,,,1,0,8,1,500,hs_crosscheck,,,,23.24539886899747,,1,0,0,0,0,0,0,0,0.1,,,0,,0,0.1,0,,1,,,,2.28869589968016e-13,,2.0279769065029292e-07,3000,,inf,static_regression_projector,0,False,0,0,physical_density_SQ_equals_minus_legacy_contact_already_included,,raw/hs_crosscheck/task_0222_s720109,200,0,0,0,,,/home/sunxr/PfQMC-main/reproduction/projector_kitaev/regression_stress/raw/hs_crosscheck/task_0222_s720109/result.json,407.487787106,720109,0,20,150,20,10,222,10,80
18,0.6500674568602838,0.01342315662695255,0.08191366756149718,0.028664258007695988,0.0005527486277862975,,0.0015670659354341363,,4,0.6116006862745098,False,0,,,1,0,8,1,500,hs_crosscheck,,,,9.177443532539936,,1,0,0,0,0,0,0,0,0.1,,,0,,0,0.1,0,,1,,,,4.170295970625967e-12,,2.132371426955259e-06,3000,,inf,static_regression_projector,0,False,0,0,physical_density_SQ_equals_minus_legacy_contact_already_included,,raw/hs_crosscheck/task_0223_s720110,200,0,0,0,,,/home/sunxr/PfQMC-main/reproduction/projector_kitaev/regression_stress/raw/hs_crosscheck/task_0223_s720110/result.json,577.218018868,720110,0,20,150,20,10,223,10,80
18,0.6520334570573969,0.02047980276946947,0.0806839916280186,0.02807532963761156,0.0006385817867010304,,0.0022675321704138853,,4,0.6111432352941176,False,0,,,1,0,8,1,500,hs_crosscheck,,,,14.539144113893343,,1,0,0,0,0,0,0,0,0.1,,,0,,0,0.1,0,,1,,,,2.0740809408517448e-13,,8.48429225748551e-08,3000,,inf,static_regression_projector,0,False,0,0,physical_density_SQ_equals_minus_legacy_contact_already_included,,raw/hs_crosscheck/task_0224_s720111,200,0,0,0,,,/home/sunxr/PfQMC-main/reproduction/projector_kitaev/regression_stress/raw/hs_crosscheck/task_0224_s720111/result.json,604.453982805,720111,0,20,150,20,10,224,10,80
18,0.6526849389811323,0.013583911570221234,0.08143225878592934,0.028282649929139272,0.000542890198186111,,0.0018044727651418012,,4,0.611334068627451,False,0,,,1,0,8,1,500,hs_crosscheck,,,,8.989924691301846,,1,0,0,0,0,0,0,0,0.1,,,0,,0,0.1,0,,1,,,,3.080693126007104e-13,,5.997576827081356e-08,3000,,inf,static_regression_projector,0,False,0,0,physical_density_SQ_equals_minus_legacy_contact_already_included,,raw/hs_crosscheck/task_0225_s720112,200,0,0,0,,,/home/sunxr/PfQMC-main/reproduction/projector_kitaev/regression_stress/raw/hs_crosscheck/task_0225_s720112/result.json,437.056300741,720112,0,20,150,20,10,225,10,80
18,0.6654620272218408,0.013028064639843054,0.0835042862600949,0.02793535464373925,0.0005665463716971567,,0.0017705318385336853,,4,0.6101375980392156,False,0,,,1,0,8,1,500,hs_crosscheck,,,,11.639183707504529,,1,0,0,0,0,0,0,0,0.1,,,0,,0,0.1,0,,1,,,,4.8674080575006577e-14,,1.716376550090712e-07,3000,,inf,static_regression_projector,0,False,0,0,physical_density_SQ_equals_minus_legacy_contact_already_included,,raw/hs_crosscheck/task_0226_s720113,200,0,0,0,,,/home/sunxr/PfQMC-main/reproduction/projector_kitaev/regression_stress/raw/hs_crosscheck/task_0226_s720113/result.json,571.919776073,720113,0,20,150,20,10,226,10,80
18,0.6283082657402228,0.017098399972437818,0.07854495491212095,0.029194510508642243,0.0006291208248240898,,0.002009296311902628,,4,0.6119949509803921,False,0,,,1,0,8,1,500,hs_crosscheck,,,,20.091066411365702,,1,0,0,0,0,0,0,0,0.1,,,0,,0,0.1,0,,1,,,,9.92839820296388e-13,,6.32230030133098e-08,3000,,inf,static_regression_projector,0,False,0,0,physical_density_SQ_equals_minus_legacy_contact_already_included,,raw/hs_crosscheck/task_0227_s720114,200,0,0,0,,,/home/sunxr/PfQMC-main/reproduction/projector_kitaev/regression_stress/raw/hs_crosscheck/task_0227_s720114/result.json,570.584675621,720114,0,20,150,20,10,227,10,80
18,0.6418528076662344,0.20534190833951715,-0.6050465709938231,-0.21669573063261013,0.04318794447428573,,0.1343066541858508,,4,0.6243816448801743,False,0,,,0.006666666666666667,0.01774412018584158,8,1,500,hs_crosscheck,,,,52.6812012235619,,1,0,0,0,0,0,0,0,0.1,,,0,,0,0.1,0,,0,,,,1.8585314553197674e-10,,7.667064866419681e-06,3000,,inf,static_regression_projector,0,False,0,1490,physical_density_SQ_equals_minus_legacy_contact_already_included,,raw/hs_crosscheck/task_0228_s720115,360,0,0,0,,,/home/sunxr/PfQMC-main/reproduction/projector_kitaev/regression_stress/raw/hs_crosscheck/task_0228_s720115/result.json,763.924690952,720115,0,20,150,20,10,228,18,80
18,1.6623281566432238,5.50509728186491,-0.2678581111108079,0.17740996897395722,0.040302968176787614,,0.08600894791045978,,4,0.6242910130718954,False,0,,,0.011333333333333334,0.014388917112573644,8,1,500,hs_crosscheck,,,,21.98443339844017,,1,0,0,0,0,0,0,0,0.1,,,0,,0,0.1,0,,0,,,,2.0061491535862304e-12,,0.000509829252975233,3000,,inf,static_regression_projector,0,False,0,1483,physical_density_SQ_equals_minus_legacy_contact_already_included,,raw/hs_crosscheck/task_0229_s720116,360,0,0,0,,,/home/sunxr/PfQMC-main/reproduction/projector_kitaev/regression_stress/raw/hs_crosscheck/task_0229_s720116/result.json,748.985287729,720116,0,20,150,20,10,229,18,80
18,0.8832135777634995,0.22958792157413854,0.5481668323078432,0.06401844313394876,0.043957921870635575,,0.11176209956805998,,4,0.6243981481481482,False,0,,,0.015333333333333332,0.017711792747748076,8,1,500,hs_crosscheck,,,,14.302717617076516,,1,0,0,0,0,0,0,0,0.1,,,0,,0,0.1,0,,0,,,,1.55480144428541e-10,,8.493809058551176e-06,3000,,inf,static_regression_projector,0,False,0,1477,physical_density_SQ_equals_minus_legacy_contact_already_included,,raw/hs_crosscheck/task_0230_s720117,360,0,0,0,,,/home/sunxr/PfQMC-main/reproduction/projector_kitaev/regression_stress/raw/hs_crosscheck/task_0230_s720117/result.json,747.615114214,720117,0,20,150,20,10,230,18,80
18,0.7720121907514774,1.3603285716522426,-0.13560611086643212,-0.030916540137150124,0.025079242278116767,,0.03526969748127053,,4,0.6241024237472766,False,0,,,-0.009333333333333334,0.01958875438218607,8,1,500,hs_crosscheck,,,,11.678027295879277,,1,0,0,0,0,0,0,0,0.1,,,0,,0,0.1,0,,0,,,,1.7801540008078055e-11,,0.00047417974771543837,3000,,inf,static_regression_projector,0,False,0,1514,physical_density_SQ_equals_minus_legacy_contact_already_included,,raw/hs_crosscheck/task_0231_s720118,360,0,0,0,,,/home/sunxr/PfQMC-main/reproduction/projector_kitaev/regression_stress/raw/hs_crosscheck/task_0231_s720118/result.json,1033.114055508,720118,0,20,150,20,10,231,18,80
18,1.7722001425182288,0.4047556071823491,-2.5325508614919228,1.9556361361787258,0.10594747652427831,,0.2889048721139035,,4,0.6242455065359477,False,0,,,0.0033333333333333335,0.020286245422946263,8,1,500,hs_crosscheck,,,,12.609254701422211,,1,0,0,0,0,0,0,0,0.1,,,0,,0,0.1,0,,0,,,,1.3504986794593432e-12,,0.0005459579091408957,3000,,inf,static_regression_projector,0,False,0,1495,physical_density_SQ_equals_minus_legacy_contact_already_included,,raw/hs_crosscheck/task_0232_s720119,360,0,0,0,,,/home/sunxr/PfQMC-main/reproduction/projector_kitaev/regression_stress/raw/hs_crosscheck/task_0232_s720119/result.json,1047.232368677,720119,0,20,150,20,10,232,18,80
18,-14.197952551714875,0.26371847854464403,0.010784263456072769,0.1638987243105866,0.09138549773948687,,0.0957287685095166,,4,0.6241298747276689,False,0,,,0.013333333333333334,0.01924906012743151,8,1,500,hs_crosscheck,,,,11.85317744842426,,1,0,0,0,0,0,0,0,0.1,,,0,,0,0.1,0,,0,,,,5.974819532259694e-11,,2.9985546099584012e-06,3000,,inf,static_regression_projector,0,False,0,1480,physical_density_SQ_equals_minus_legacy_contact_already_included,,raw/hs_crosscheck/task_0233_s720120,360,0,0,0,,,/home/sunxr/PfQMC-main/reproduction/projector_kitaev/regression_stress/raw/hs_crosscheck/task_0233_s720120/result.json,1024.46261395,720120,0,20,150,20,10,233,18,80
18,0.6554999823931746,0.015090984752090055,0.08143234638671697,0.02805344476398909,0.0005993075173584598,,0.0018771174217402226,,4,0.6087317538126361,False,0,,,1,0,8,1,500,hs_crosscheck,,,,19.47109760870399,,1,0,0,0,0,0,0,0,0.1,,,0,,0,0.1,0,,1,,,,3.303425817166178e-14,,1.1746393837672727e-07,3000,,inf,static_regression_projector,0,False,0,0,physical_density_SQ_equals_minus_legacy_contact_already_included,,raw/hs_crosscheck/task_0234_s720115,360,0,0,0,,,/home/sunxr/PfQMC-main/reproduction/projector_kitaev/regression_stress/raw/hs_crosscheck/task_0234_s720115/result.json,1036.870586664,720115,0,20,150,20,10,234,18,80
18,0.6396352718145772,0.02122184639441587,0.07943093829742658,0.02862410848906522,0.0007621887213021983,,0.0023893004703286432,,4,0.6081988562091504,False,0,,,1,0,8,1,500,hs_crosscheck,,,,10.50240216109043,,1,0,0,0,0,0,0,0,0.1,,,0,,0,0.1,0,,1,,,,2.4885656697753784e-13,,4.79198138154437e-08,3000,,inf,static_regression_projector,0,False,0,0,physical_density_SQ_equals_minus_legacy_contact_already_included,,raw/hs_crosscheck/task_0235_s720116,360,0,0,0,,,/home/sunxr/PfQMC-main/reproduction/projector_kitaev/regression_stress/raw/hs_crosscheck/task_0235_s720116/result.json,1097.108121743,720116,0,20,150,20,10,235,18,80
18,0.6549646623056904,0.01839059350141578,0.08136362464524827,0.028073325705506292,0.0006999584545349009,,0.0023646543696423244,,4,0.6080660675381263,False,0,,,1,0,8,1,500,hs_crosscheck,,,,12.372136980295474,,1,0,0,0,0,0,0,0,0.1,,,0,,0,0.1,0,,1,,,,6.699210565872134e-13,,1.6867536185414485e-07,3000,,inf,static_regression_projector,0,False,0,0,physical_density_SQ_equals_minus_legacy_contact_already_included,,raw/hs_crosscheck/task_0236_s720117,360,0,0,0,,,/home/sunxr/PfQMC-main/reproduction/projector_kitaev/regression_stress/raw/hs_crosscheck/task_0236_s720117/result.json,1086.596377615,720117,0,20,150,20,10,236,18,80
18,0.6523763889655945,0.015113012700461914,0.08156155637123053,0.028352722747353384,0.0004726850590493933,,0.0018602212194240148,,4,0.6078372821350763,False,0,,,1,0,8,1,500,hs_crosscheck,,,,8.695691237842514,,1,0,0,0,0,0,0,0,0.1,,,0,,0,0.1,0,,1,,,,4.788043569869938e-13,,4.220311198572095e-06,3000,,inf,static_regression_projector,0,False,0,0,physical_density_SQ_equals_minus_legacy_contact_already_included,,raw/hs_crosscheck/task_0237_s720118,360,0,0,0,,,/home/sunxr/PfQMC-main/reproduction/projector_kitaev/regression_stress/raw/hs_crosscheck/task_0237_s720118/result.json,1123.062098717,720118,0,20,150,20,10,237,18,80
18,0.6556939118201873,0.011250083433651427,0.08153645733592167,0.028073498669371384,0.00047914196483817353,,0.0014012681272641252,,4,0.60695552832244,False,0,,,1,0,8,1,500,hs_crosscheck,,,,9.939366258006604,,1,0,0,0,0,0,0,0,0.1,,,0,,0,0.1,0,,1,,,,7.948408430477987e-14,,6.700684581201664e-07,3000,,inf,static_regression_projector,0,False,0,0,physical_density_SQ_equals_minus_legacy_contact_already_included,,raw/hs_crosscheck/task_0238_s720119,360,0,0,0,,,/home/sunxr/PfQMC-main/reproduction/projector_kitaev/regression_stress/raw/hs_crosscheck/task_0238_s720119/result.json,1086.928836331,720119,0,20,150,20,10,238,18,80
18,0.6420750567175195,0.018674209773359613,0.07996025279466387,0.02861976894638287,0.0006081188973033144,,0.0023642543707357373,,4,0.6079825435729848,False,0,,,1,0,8,1,500,hs_crosscheck,,,,15.87191609446914,,1,0,0,0,0,0,0,0,0.1,,,0,,0,0.1,0,,1,,,,9.757785164415558e-14,,3.0859470450813556e-08,3000,,inf,static_regression_projector,0,False,0,0,physical_density_SQ_equals_minus_legacy_contact_already_included,,raw/hs_crosscheck/task_0239_s720120,360,0,0,0,,,/home/sunxr/PfQMC-main/reproduction/projector_kitaev/regression_stress/raw/hs_crosscheck/task_0239_s720120/result.json,1082.72455132,720120,0,20,150,20,10,239,18,80
18,1.959117979462917,0.2932503681525911,-1.8766671511043382,1.799945206091622,0.23126646545748292,,0.32489675396633894,,6,0.5663172222222222,False,0,,,0.012666666666666666,0.021487926706689194,8,0,500,hs_crosscheck,,,,24.033114620156066,,1,0,0,0,0,0,0,0,0.1,,,0,,0,0.1,0,,0,,,,1.8299923619218154e-11,,0.019687052538916037,3000,,inf,static_regression_projector,0,False,0,1481,physical_density_SQ_equals_minus_legacy_contact_already_included,,raw/hs_crosscheck/task_0240_s720121,200,0,0,0,,,/home/sunxr/PfQMC-main/reproduction/projector_kitaev/regression_stress/raw/hs_crosscheck/task_0240_s720121/result.json,611.529616138,720121,1,20,150,20,10,240,10,80
18,1.3769365162369345,0.2953135476336933,0.5257453046002841,-0.19817260354395708,0.19711828201577558,,0.3630778324724076,,6,0.5663856018518518,False,0,,,0.012,0.022076952073723788,8,0,500,hs_crosscheck,,,,11.333105534647812,,1,0,0,0,0,0,0,0,0.1,,,0,,0,0.1,0,,0,,,,3.1943414707139595e-11,,0.00019518690710741191,3000,,inf,static_regression_projector,0,False,0,1482,physical_density_SQ_equals_minus_legacy_contact_already_included,,raw/hs_crosscheck/task_0241_s720122,200,0,0,0,,,/home/sunxr/PfQMC-main/reproduction/projector_kitaev/regression_stress/raw/hs_crosscheck/task_0241_s720122/result.json,627.974977334,720122,0,20,150,20,10,241,10,80
18,0.7831498416261817,0.36317790683376516,0.6642112065643344,0.14403430533714084,0.07178083831435515,,0.38560554958635956,,6,0.5665124537037037,False,0,,,0.005333333333333333,0.017816209613407824,8,0,500,hs_crosscheck,,,,18.769780161515715,,1,0,0,0,0,0,0,0,0.1,,,0,,0,0.1,0,,0,,,,1.8035666227461175e-10,,0.00015845630382652087,3000,,inf,static_regression_projector,0,False,0,1492,physical_density_SQ_equals_minus_legacy_contact_already_included,,raw/hs_crosscheck/task_0242_s720123,200,0,0,0,,,/home/sunxr/PfQMC-main/reproduction/projector_kitaev/regression_stress/raw/hs_crosscheck/task_0242_s720123/result.json,637.972607647,720123,0,20,150,20,10,242,10,80
18,-1.9082757653250386,0.2093446783861891,0.09453242410767657,0.2749263580697842,0.15251717599563813,,0.5657409530601155,,6,0.5663906018518519,False,0,,,0.03,0.013263384797506281,8,0,500,hs_crosscheck,,,,23.46397593268483,,1,0,0,0,0,0,0,0,0.1,,,0,,0,0.1,0,,0,,,,8.911350773639482e-12,,0.00022519269028525643,3000,,inf,static_regression_projector,0,False,0,1455,physical_density_SQ_equals_minus_legacy_contact_already_included,,raw/hs_crosscheck/task_0243_s720124,200,0,0,0,,,/home/sunxr/PfQMC-main/reproduction/projector_kitaev/regression_stress/raw/hs_crosscheck/task_0243_s720124/result.json,585.181822195,720124,1,20,150,20,10,243,10,80
18,1.7935409250410843,0.4764729683430979,-0.17421532137055007,0.13824698727671608,0.09246076708851421,,0.3122050030537416,,6,0.566313287037037,False,0,,,0.036,0.018932937974621825,8,0,500,hs_crosscheck,,,,11.30481603891006,,1,0,0,0,0,0,0,0,0.1,,,0,,0,0.1,0,,0,,,,6.509265746458141e-10,,0.0001190269774661581,3000,,inf,static_regression_projector,0,False,0,1446,physical_density_SQ_equals_minus_legacy_contact_already_included,,raw/hs_crosscheck/task_0244_s720125,200,0,0,0,,,/home/sunxr/PfQMC-main/reproduction/projector_kitaev/regression_stress/raw/hs_crosscheck/task_0244_s720125/result.json,590.21731011,720125,0,20,150,20,10,244,10,80
18,1.4622272667269656,0.13127961323875803,1.946566042257064,-0.8997559012160097,0.056005515933329,,0.13902415526777157,,6,0.5662581481481481,False,0,,,-0.012666666666666666,0.024085617265586688,8,0,500,hs_crosscheck,,,,17.89524508832983,,1,0,0,0,0,0,0,0,0.1,,,0,,0,0.1,0,,0,,,,5.878809529658605e-10,,0.00024995613647271807,3000,,inf,static_regression_projector,0,False,0,1519,physical_density_SQ_equals_minus_legacy_contact_already_included,,raw/hs_crosscheck/task_0245_s720126,200,0,0,0,,,/home/sunxr/PfQMC-main/reproduction/projector_kitaev/regression_stress/raw/hs_crosscheck/task_0245_s720126/result.json,592.138168665,720126,0,20,150,20,10,245,10,80
18,0.9451534242709508,0.0069855725239687865,0.18263281095646966,0.01001678429673313,0.0009040271642932898,,0.0036914550578127005,,6,0.4138039814814815,False,0,,,1,0,8,0,500,hs_crosscheck,,,,8.92242253807678,,1,0,0,0,0,0,0,0,0.1,,,0,,0,0.1,0,,1,,,,1.3865046304801855e-13,,3.124451373189914e-08,3000,,inf,static_regression_projector,0,False,0,0,physical_density_SQ_equals_minus_legacy_contact_already_included,,raw/hs_crosscheck/task_0246_s720121,200,0,0,0,,,/home/sunxr/PfQMC-main/reproduction/projector_kitaev/regression_stress/raw/hs_crosscheck/task_0246_s720121/result.json,569.408185265,720121,0,20,150,20,10,246,10,80
18,0.9587184054792759,0.001427011862991222,0.19236675749850268,0.007941206482319645,0.0002311758371203325,,0.0011474997462963242,,6,0.4109097222222222,False,0,,,1,0,8,0,500,hs_crosscheck,,,,8.614840339064799,,1,0,0,0,0,0,0,0,0.1,,,0,,0,0.1,0,,1,,,,2.067681674107943e-13,,6.079334771008492e-08,3000,,inf,static_regression_projector,0,False,0,0,physical_density_SQ_equals_minus_legacy_contact_already_included,,raw/hs_crosscheck/task_0247_s720122,200,0,0,0,,,/home/sunxr/PfQMC-main/reproduction/projector_kitaev/regression_stress/raw/hs_crosscheck/task_0247_s720122/result.json,593.136188046,720122,0,20,150,20,10,247,10,80
18,0.9594140626014936,0.0025276509325266334,0.1923782255479735,0.0078078506189257916,0.00037502966416607655,,0.0019426754964566822,,6,0.41022694444444446,False,0,,,1,0,8,0,500,hs_crosscheck,,,,12.754616550819364,,1,0,0,0,0,0,0,0,0.1,,,0,,0,0.1,0,,1,,,,1.7800829292519067e-14,,7.206065369503202e-08,3000,,inf,static_regression_projector,0,False,0,0,physical_density_SQ_equals_minus_legacy_contact_already_included,,raw/hs_crosscheck/task_0248_s720123,200,0,0,0,,,/home/sunxr/PfQMC-main/reproduction/projector_kitaev/regression_stress/raw/hs_crosscheck/task_0248_s720123/result.json,543.929949495,720123,0,20,150,20,10,248,10,80
18,0.9580354689302626,0.001870693629828239,0.19190788143089418,0.008053324252834232,0.0002963987033335155,,0.0013831021377456966,,6,0.4094011111111111,False,0,,,1,0,8,0,500,hs_crosscheck,,,,9.457107547270473,,1,0,0,0,0,0,0,0,0.1,,,0,,0,0.1,0,,1,,,,6.030670561225117e-14,,1.1986934323165313e-07,3000,,inf,static_regression_projector,0,False,0,0,physical_density_SQ_equals_minus_legacy_contact_already_included,,raw/hs_crosscheck/task_0249_s720124,200,0,0,0,,,/home/sunxr/PfQMC-main/reproduction/projector_kitaev/regression_stress/raw/hs_crosscheck/task_0249_s720124/result.json,572.390862381,720124,0,20,150,20,10,249,10,80
18,0.9502273748405546,0.006978359838406053,0.18718133297916256,0.009316506323217181,0.0008691977030656142,,0.003476497855250688,,6,0.41467324074074075,False,0,,,1,0,8,0,500,hs_crosscheck,,,,8.796674553367628,,1,0,0,0,0,0,0,0,0.1,,,0,,0,0.1,0,,1,,,,9.831048837885162e-14,,1.0598444370377502e-07,3000,,inf,static_regression_projector,0,False,0,0,physical_density_SQ_equals_minus_legacy_contact_already_included,,raw/hs_crosscheck/task_0250_s720125,200,0,0,0,,,/home/sunxr/PfQMC-main/reproduction/projector_kitaev/regression_stress/raw/hs_crosscheck/task_0250_s720125/result.json,570.145611801,720125,0,20,150,20,10,250,10,80
18,0.9592508696050404,0.002112674312715905,0.19310761488279282,0.007868967379118571,0.00034065716550372895,,0.001376248935601147,,6,0.41008652777777777,False,0,,,1,0,8,0,500,hs_crosscheck,,,,8.742881820964234,,1,0,0,0,0,0,0,0,0.1,,,0,,0,0.1,0,,1,,,,6.177535255271233e-14,,3.169329211477111e-07,3000,,inf,static_regression_projector,0,False,0,0,physical_density_SQ_equals_minus_legacy_contact_already_included,,raw/hs_crosscheck/task_0251_s720126,200,0,0,0,,,/home/sunxr/PfQMC-main/reproduction/projector_kitaev/regression_stress/raw/hs_crosscheck/task_0251_s720126/result.json,339.997136898,720126,0,20,150,20,10,251,10,80
18,1.027350298904004,0.44329259358998624,0.6351634682099492,-0.017371910708445872,0.14466055379212583,,0.28466080816792433,,6,0.5661994598765432,False,0,,,0.006666666666666667,0.019938004526184827,8,0,500,hs_crosscheck,,,,21.498828389847862,,1,0,0,0,0,0,0,0,0.1,,,0,,0,0.1,0,,0,,,,1.5657228043242855e-10,,0.001670373217846394,3000,,inf,static_regression_projector,0,False,0,1490,physical_density_SQ_equals_minus_legacy_contact_already_included,,raw/hs_crosscheck/task_0252_s720127,360,0,0,0,,,/home/sunxr/PfQMC-main/reproduction/projector_kitaev/regression_stress/raw/hs_crosscheck/task_0252_s720127/result.json,618.390345066,720127,1,20,150,20,10,252,18,80
18,-7.874096178598231,0.5583482536379507,0.025010508460555494,0.22194565755461423,0.08515426660252394,,0.2223145608485422,,6,0.5661697273662551,False,0,,,0.009333333333333334,0.019395466610265498,8,0,500,hs_crosscheck,,,,13.839643058417412,,1,0,0,0,0,0,0,0,0.1,,,0,,0,0.1,0,,0,,,,1.2681950538445383e-10,,0.0003565123876091122,3000,,inf,static_regression_projector,0,False,0,1486,physical_density_SQ_equals_minus_legacy_contact_already_included,,raw/hs_crosscheck/task_0253_s720128,360,0,0,0,,,/home/sunxr/PfQMC-main/reproduction/projector_kitaev/regression_stress/raw/hs_crosscheck/task_0253_s720128/result.json,759.66061097,720128,1,20,150,20,10,253,18,80
18,1.4260524224891404,0.5310395539135752,1.3945981230177544,-0.5941719087105224,0.08819278494586395,,0.2916712877963128,,6,0.5662270061728395,False,0,,,0.016,0.018178012416826133,8,0,500,hs_crosscheck,,,,15.820148132924222,,1,0,0,0,0,0,0,0,0.1,,,0,,0,0.1,0,,0,,,,4.398711169053612e-11,,0.0003563846036117381,3000,,inf,static_regression_projector,0,False,0,1476,physical_density_SQ_equals_minus_legacy_contact_already_included,,raw/hs_crosscheck/task_0254_s720129,360,0,0,0,,,/home/sunxr/PfQMC-main/reproduction/projector_kitaev/regression_stress/raw/hs_crosscheck/task_0254_s720129/result.json,758.456070383,720129,0,20,150,20,10,254,18,80
18,-9.000763874061436,0.23854223828078835,0.03667420747628916,0.36677008923870646,0.11439128977828204,,0.19013598953866204,,6,0.5661967335390946,False,0,,,-0.016666666666666666,0.02302757352918845,8,0,500,hs_crosscheck,,,,30.110571881631703,,1,0,0,0,0,0,0,0,0.1,,,0,,0,0.1,0,,0,,,,1.252434330673189e-10,,0.00022407654069258015,3000,,inf,static_regression_projector,0,False,0,1525,physical_density_SQ_equals_minus_legacy_contact_already_included,,raw/hs_crosscheck/task_0255_s720130,360,0,0,0,,,/home/sunxr/PfQMC-main/reproduction/projector_kitaev/regression_stress/raw/hs_crosscheck/task_0255_s720130/result.json,738.40926898,720130,0,20,150,20,10,255,18,80
18,0.6627939590879097,0.44149096169465046,0.32428916460947194,0.1093522653086492,0.07738828110708691,,0.22808700445745742,,6,0.5661082561728396,False,0,,,-0.012666666666666666,0.021180924884134984,8,0,500,hs_crosscheck,,,,17.083412371515198,,1,0,0,0,0,0,0,0,0.1,,,0,,0,0.1,0,,0,,,,3.9862120295540645e-12,,0.00036828511785345593,3000,,inf,static_regression_projector,0,False,0,1519,physical_density_SQ_equals_minus_legacy_contact_already_included,,raw/hs_crosscheck/task_0256_s720131,360,0,0,0,,,/home/sunxr/PfQMC-main/reproduction/projector_kitaev/regression_stress/raw/hs_crosscheck/task_0256_s720131/result.json,619.00095968,720131,1,20,150,20,10,256,18,80
18,-0.15109542990173686,0.4622535973406647,0.18799793347890717,0.21640356205854078,0.0819516177161911,,0.2509895559145154,,6,0.5662581532921811,False,0,,,0.018,0.02062860834457453,8,0,500,hs_crosscheck,,,,10.297598325080052,,1,0,0,0,0,0,0,0,0.1,,,0,,0,0.1,0,,0,,,,7.154939743451686e-11,,0.00026786480091910223,3000,,inf,static_regression_projector,0,False,0,1473,physical_density_SQ_equals_minus_legacy_contact_already_included,,raw/hs_crosscheck/task_0257_s720132,360,0,0,0,,,/home/sunxr/PfQMC-main/reproduction/projector_kitaev/regression_stress/raw/hs_crosscheck/task_0257_s720132/result.json,619.251154084,720132,1,20,150,20,10,257,18,80
18,0.9575049319424189,0.0012807994001864489,0.19166622383691803,0.008144869226289389,0.00020773126756645877,,0.0010099158593343562,,6,0.41085437242798356,False,0,,,1,0,8,0,500,hs_crosscheck,,,,8.746109663368356,,1,0,0,0,0,0,0,0,0.1,,,0,,0,0.1,0,,1,,,,1.5607528938099248e-14,,6.45805357275579e-08,3000,,inf,static_regression_projector,0,False,0,0,physical_density_SQ_equals_minus_legacy_contact_already_included,,raw/hs_crosscheck/task_0258_s720127,360,0,0,0,,,/home/sunxr/PfQMC-main/reproduction/projector_kitaev/regression_stress/raw/hs_crosscheck/task_0258_s720127/result.json,589.49638768,720127,0,20,150,20,10,258,18,80
18,0.9588132480590296,0.002400893020711923,0.1928969855918106,0.007944800295730857,0.0003834787064507378,,0.0015338666873962754,,6,0.4063281378600823,False,0,,,1,0,8,0,500,hs_crosscheck,,,,9.69886430831779,,1,0,0,0,0,0,0,0,0.1,,,0,,0,0.1,0,,1,,,,3.847272264099377e-14,,3.7611722703415815e-08,3000,,inf,static_regression_projector,0,False,0,0,physical_density_SQ_equals_minus_legacy_contact_already_included,,raw/hs_crosscheck/task_0259_s720128,360,0,0,0,,,/home/sunxr/PfQMC-main/reproduction/projector_kitaev/regression_stress/raw/hs_crosscheck/task_0259_s720128/result.json,590.569781712,720128,0,20,150,20,10,259,18,80
18,0.9496619232719223,0.004866215718723999,0.18634309848510722,0.009380153189291057,0.0006047212244576094,,0.003000716410524282,,6,0.4105331532921811,False,0,,,1,0,8,0,500,hs_crosscheck,,,,9.636878915151815,,1,0,0,0,0,0,0,0,0.1,,,0,,0,0.1,0,,1,,,,8.030469647188813e-14,,5.0702352144543624e-08,3000,,inf,static_regression_projector,0,False,0,0,physical_density_SQ_equals_minus_legacy_contact_already_included,,raw/hs_crosscheck/task_0260_s720129,360,0,0,0,,,/home/sunxr/PfQMC-main/reproduction/projector_kitaev/regression_stress/raw/hs_crosscheck/task_0260_s720129/result.json,677.173185215,720129,0,20,150,20,10,260,18,80
18,0.9460597818485165,0.005328038632226719,0.185237076940472,0.009991728339912208,0.000747681251860087,,0.002788062041030926,,6,0.4123520318930041,False,0,,,1,0,8,0,500,hs_crosscheck,,,,13.528203744308767,,1,0,0,0,0,0,0,0,0.1,,,0,,0,0.1,0,,1,,,,6.894621554641834e-14,,1.8595834853865585e-07,3000,,inf,static_regression_projector,0,False,0,0,physical_density_SQ_equals_minus_legacy_contact_already_included,,raw/hs_crosscheck/task_0261_s720130,360,0,0,0,,,/home/sunxr/PfQMC-main/reproduction/projector_kitaev/regression_stress/raw/hs_crosscheck/task_0261_s720130/result.json,685.731863037,720130,0,20,150,20,10,261,18,80
18,0.9585118005903156,0.0021150914646742647,0.19204844611189506,0.007967744228610333,0.0003291756548218639,,0.0016553084818650753,,6,0.4064852366255144,False,0,,,1,0,8,0,500,hs_crosscheck,,,,14.737919757920379,,1,0,0,0,0,0,0,0,0.1,,,0,,0,0.1,0,,1,,,,9.461610965047626e-15,,1.312918222778547e-07,3000,,inf,static_regression_projector,0,False,0,0,physical_density_SQ_equals_minus_legacy_contact_already_included,,raw/hs_crosscheck/task_0262_s720131,360,0,0,0,,,/home/sunxr/PfQMC-main/reproduction/projector_kitaev/regression_stress/raw/hs_crosscheck/task_0262_s720131/result.json,676.775004521,720131,0,20,150,20,10,262,18,80
18,0.9549863839809773,0.0037829828087892836,0.1898476956367845,0.008545731273490493,0.000548940262858342,,0.0023629762444842346,,6,0.4108596450617284,False,0,,,1,0,8,0,500,hs_crosscheck,,,,11.906418368178207,,1,0,0,0,0,0,0,0,0.1,,,0,,0,0.1,0,,1,,,,4.333145937768952e-14,,8.247380096137259e-07,3000,,inf,static_regression_projector,0,False,0,0,physical_density_SQ_equals_minus_legacy_contact_already_included,,raw/hs_crosscheck/task_0263_s720132,360,0,0,0,,,/home/sunxr/PfQMC-main/reproduction/projector_kitaev/regression_stress/raw/hs_crosscheck/task_0263_s720132/result.json,757.218860887,720132,0,20,150,20,10,263,18,80
18,1.2969587146369546,0.17043619053958858,-0.41779446878085313,0.12406770843159133,0.16074175825146764,,0.23925069920962447,,6,0.5605427941176471,False,0,,,0.008666666666666666,0.019304273380788876,8,1,500,hs_crosscheck,,,,19.813761912507598,,1,0,0,0,0,0,0,0,0.1,,,0,,0,0.1,0,,0,,,,2.309267355812199e-12,,4.218484761917975e-05,3000,,inf,static_regression_projector,0,False,0,1487,physical_density_SQ_equals_minus_legacy_contact_already_included,,raw/hs_crosscheck/task_0264_s720133,200,0,0,0,,,/home/sunxr/PfQMC-main/reproduction/projector_kitaev/regression_stress/raw/hs_crosscheck/task_0264_s720133/result.json,446.632691441,720133,0,20,150,20,10,264,10,80
18,0.8754726176585956,0.7061440737031097,0.37215948515466235,0.046344046499834854,0.10403242230653299,,0.3684258543832144,,6,0.560390637254902,False,0,,,0.052,0.016437638447495545,8,1,500,hs_crosscheck,,,,15.19637074697842,,1,0,0,0,0,0,0,0,0.1,,,0,,0,0.1,0,,0,,,,4.414589036596798e-11,,0.0001833127553658388,3000,,inf,static_regression_projector,0,False,0,1422,physical_density_SQ_equals_minus_legacy_contact_already_included,,raw/hs_crosscheck/task_0265_s720134,200,0,0,0,,,/home/sunxr/PfQMC-main/reproduction/projector_kitaev/regression_stress/raw/hs_crosscheck/task_0265_s720134/result.json,507.516110643,720134,0,20,150,20,10,265,10,80
18,1.037383072252205,0.26064740743035086,-0.9884822784539801,0.036952504435469435,0.16944165706486392,,0.3815985358885035,,6,0.5604811274509804,False,0,,,-0.012666666666666666,0.020022794028350648,8,1,500,hs_crosscheck,,,,11.338576445653551,,1,0,0,0,0,0,0,0,0.1,,,0,,0,0.1,0,,0,,,,3.625211043294325e-11,,7.02214495686987e-05,3000,,inf,static_regression_projector,0,False,0,1519,physical_density_SQ_equals_minus_legacy_contact_already_included,,raw/hs_crosscheck/task_0266_s720135,200,0,0,0,,,/home/sunxr/PfQMC-main/reproduction/projector_kitaev/regression_stress/raw/hs_crosscheck/task_0266_s720135/result.json,497.31644733,720135,1,20,150,20,10,266,10,80
18,1.5276661518741705,0.1829471919898002,0.8557471534400032,-0.45154880743296194,0.26699760993535926,,0.32505529189483634,,6,0.5606168137254902,False,0,,,0.03266666666666666,0.019858257688256213,8,1,500,hs_crosscheck,,,,24.93602178685215,,1,0,0,0,0,0,0,0,0.1,,,0,,0,0.1,0,,0,,,,8.027941799359075e-11,,9.171229036252645e-05,3000,,inf,static_regression_projector,0,False,0,1451,physical_density_SQ_equals_minus_legacy_contact_already_included,,raw/hs_crosscheck/task_0267_s720136,200,0,0,0,,,/home/sunxr/PfQMC-main/reproduction/projector_kitaev/regression_stress/raw/hs_crosscheck/task_0267_s720136/result.json,490.292154019,720136,0,20,150,20,10,267,10,80
18,0.5878752988800895,0.2399323526362612,0.07786591666843487,0.03209046763440657,0.04743425528012959,,0.18738425464746936,,6,0.5605426960784313,False,0,,,0.030666666666666665,0.02724290891444456,8,1,500,hs_crosscheck,,,,62.89000807141006,,1,0,0,0,0,0,0,0,0.1,,,0,,0,0.1,0,,0,,,,2.633019447847729e-11,,0.00011779837412955771,3000,,inf,static_regression_projector,0,False,0,1454,physical_density_SQ_equals_minus_legacy_contact_already_included,,raw/hs_crosscheck/task_0268_s720137,200,0,0,0,,,/home/sunxr/PfQMC-main/reproduction/projector_kitaev/regression_stress/raw/hs_crosscheck/task_0268_s720137/result.json,494.684567961,720137,0,20,150,20,10,268,10,80
18,-0.7231503643575257,0.08571836656570242,0.07949722240889853,0.13698566775930476,0.11428550758259869,,0.22199711891611282,,6,0.560380637254902,False,0,,,0.04733333333333333,0.020691663068000313,8,1,500,hs_crosscheck,,,,18.64320998209608,,1,0,0,0,0,0,0,0,0.1,,,0,,0,0.1,0,,0,,,,4.151916688461663e-11,,2.8324605270464003e-05,3000,,inf,static_regression_projector,0,False,0,1429,physical_density_SQ_equals_minus_legacy_contact_already_included,,raw/hs_crosscheck/task_0269_s720138,200,0,0,0,,,/home/sunxr/PfQMC-main/reproduction/projector_kitaev/regression_stress/raw/hs_crosscheck/task_0269_s720138/result.json,509.287181757,720138,0,20,150,20,10,269,10,80
18,0.9308001401196054,0.004668663311798247,0.17279520595306727,0.011957404039956172,0.000601814209679939,,0.0021848105716067694,,6,0.4225486274509804,False,0,,,1,0,8,1,500,hs_crosscheck,,,,8.827967623596779,,1,0,0,0,0,0,0,0,0.1,,,0,,0,0.1,0,,1,,,,1.0260817148143471e-11,,4.4129375556716815e-07,3000,,inf,static_regression_projector,0,False,0,0,physical_density_SQ_equals_minus_legacy_contact_already_included,,raw/hs_crosscheck/task_0270_s720133,200,0,0,0,,,/home/sunxr/PfQMC-main/reproduction/projector_kitaev/regression_stress/raw/hs_crosscheck/task_0270_s720133/result.json,383.684394778,720133,0,20,150,20,10,270,10,80
18,0.9381085320191691,0.005069162788335258,0.17762601794142935,0.010993535001984476,0.0006804092518105605,,0.002827206494964432,,6,0.4219337745098039,False,0,,,1,0,8,1,500,hs_crosscheck,,,,9.059089725957463,,1,0,0,0,0,0,0,0,0.1,,,0,,0,0.1,0,,1,,,,1.9835200706903596e-14,,1.3360318718497042e-07,3000,,inf,static_regression_projector,0,False,0,0,physical_density_SQ_equals_minus_legacy_contact_already_included,,raw/hs_crosscheck/task_0271_s720134,200,0,0,0,,,/home/sunxr/PfQMC-main/reproduction/projector_kitaev/regression_stress/raw/hs_crosscheck/task_0271_s720134/result.json,481.226944633,720134,0,20,150,20,10,271,10,80
18,0.9285010600405198,0.004325825168517725,0.17094502255494823,0.012222387904028225,0.0005614542727702047,,0.0020440619911816517,,6,0.4242155882352941,False,0,,,1,0,8,1,500,hs_crosscheck,,,,22.463174649700253,,1,0,0,0,0,0,0,0,0.1,,,0,,0,0.1,0,,1,,,,1.7187572773767305e-12,,3.5905948991626655e-07,3000,,inf,static_regression_projector,0,False,0,0,physical_density_SQ_equals_minus_legacy_contact_already_included,,raw/hs_crosscheck/task_0272_s720135,200,0,0,0,,,/home/sunxr/PfQMC-main/reproduction/projector_kitaev/regression_stress/raw/hs_crosscheck/task_0272_s720135/result.json,586.771097701,720135,0,20,150,20,10,272,10,80
18,0.9166397126603198,0.022255211243784736,0.16747580750830293,0.013960831436337095,0.0016644786749180386,,0.005166333721693498,,6,0.4252142156862745,False,0,,,1,0,8,1,500,hs_crosscheck,,,,8.516649935016316,,1,0,0,0,0,0,0,0,0.1,,,0,,0,0.1,0,,1,,,,5.1319791329228816e-14,,1.6721602664095433e-07,3000,,inf,static_regression_projector,0,False,0,0,physical_density_SQ_equals_minus_legacy_contact_already_included,,raw/hs_crosscheck/task_0273_s720136,200,0,0,0,,,/home/sunxr/PfQMC-main/reproduction/projector_kitaev/regression_stress/raw/hs_crosscheck/task_0273_s720136/result.json,549.720472931,720136,0,20,150,20,10,273,10,80
18,0.9267331356413251,0.00860121719995467,0.1705357789666895,0.012494621785853399,0.0009154411979787533,,0.003685867115847383,,6,0.4240567647058823,False,0,,,1,0,8,1,500,hs_crosscheck,,,,8.709759131233591,,1,0,0,0,0,0,0,0,0.1,,,0,,0,0.1,0,,1,,,,2.2363766440393297e-13,,1.0335368127507101e-06,3000,,inf,static_regression_projector,0,False,0,0,physical_density_SQ_equals_minus_legacy_contact_already_included,,raw/hs_crosscheck/task_0274_s720137,200,0,0,0,,,/home/sunxr/PfQMC-main/reproduction/projector_kitaev/regression_stress/raw/hs_crosscheck/task_0274_s720137/result.json,578.960567346,720137,0,20,150,20,10,274,10,80
18,0.928723961344154,0.015332650941796117,0.17218673874205304,0.012272788646602632,0.0014500907687271163,,0.005113023427555669,,6,0.42470539215686276,False,0,,,1,0,8,1,500,hs_crosscheck,,,,11.357108907665724,,1,0,0,0,0,0,0,0,0.1,,,0,,0,0.1,0,,1,,,,2.3244520285155197e-13,,2.1722408652439557e-06,3000,,inf,static_regression_projector,0,False,0,0,physical_density_SQ_equals_minus_legacy_contact_already_included,,raw/hs_crosscheck/task_0275_s720138,200,0,0,0,,,/home/sunxr/PfQMC-main/reproduction/projector_kitaev/regression_stress/raw/hs_crosscheck/task_0275_s720138/result.json,563.657889886,720138,0,20,150,20,10,275,10,80
18,0.4413436349507853,0.20047096875495118,-0.3118007657739342,-0.17418948242682766,0.06328518633877278,,0.1842314090990788,,6,0.5604834694989107,False,0,,,-0.016,0.017448473636464575,8,1,500,hs_crosscheck,,,,22.204143789601584,,1,0,0,0,0,0,0,0,0.1,,,0,,0,0.1,0,,0,,,,8.319945061609059e-12,,5.9697749465879536e-05,3000,,inf,static_regression_projector,0,False,0,1524,physical_density_SQ_equals_minus_legacy_contact_already_included,,raw/hs_crosscheck/task_0276_s720139,360,0,0,0,,,/home/sunxr/PfQMC-main/reproduction/projector_kitaev/regression_stress/raw/hs_crosscheck/task_0276_s720139/result.json,997.470915739,720139,1,20,150,20,10,276,18,80
18,1.7023690473957354,0.5834908926925485,0.26638333366224737,-0.18709940830645302,0.08557083895545492,,0.32950234384854005,,6,0.5604754357298475,False,0,,,-0.008666666666666666,0.023611613049472735,8,1,500,hs_crosscheck,,,,12.273423758236513,,1,0,0,0,0,0,0,0,0.1,,,0,,0,0.1,0,,0,,,,1.9312814288993204e-11,,0.0003152342415004417,3000,,inf,static_regression_projector,0,False,0,1513,physical_density_SQ_equals_minus_legacy_contact_already_included,,raw/hs_crosscheck/task_0277_s720140,360,0,0,0,,,/home/sunxr/PfQMC-main/reproduction/projector_kitaev/regression_stress/raw/hs_crosscheck/task_0277_s720140/result.json,737.957817807,720140,0,20,150,20,10,277,18,80
18,2.0436045611170965,0.2932598727315793,0.8840179496914298,-0.92256516440736,0.17937392888343975,,0.5106904565879968,,6,0.560359531590414,False,0,,,-0.011333333333333334,0.024018202301541825,8,1,500,hs_crosscheck,,,,11.984145987477795,,1,0,0,0,0,0,0,0,0.1,,,0,,0,0.1,0,,0,,,,8.063363727253994e-11,,0.0036367484070078406,3000,,inf,static_regression_projector,0,False,0,1517,physical_density_SQ_equals_minus_legacy_contact_already_included,,raw/hs_crosscheck/task_0278_s720141,360,0,0,0,,,/home/sunxr/PfQMC-main/reproduction/projector_kitaev/regression_stress/raw/hs_crosscheck/task_0278_s720141/result.json,1008.459955901,720141,0,20,150,20,10,278,18,80
18,1.2223108761797745,6.043730036661371,1.6881442493702554,-0.3752928271953493,0.3488158875463097,,0.8322565940701654,,6,0.560359531590414,False,0,,,0.008,0.017309941520467834,8,1,500,hs_crosscheck,,,,14.481394030326877,,1,0,0,0,0,0,0,0,0.1,,,0,,0,0.1,0,,0,,,,1.5438628819118398e-10,,0.0001245728683588865,3000,,inf,static_regression_projector,0,False,0,1488,physical_density_SQ_equals_minus_legacy_contact_already_included,,raw/hs_crosscheck/task_0279_s720142,360,0,0,0,,,/home/sunxr/PfQMC-main/reproduction/projector_kitaev/regression_stress/raw/hs_crosscheck/task_0279_s720142/result.json,962.026713527,720142,1,20,150,20,10,279,18,80
18,1.9846330709565558,0.1296873289584124,0.7166721260524336,-0.7056590763439715,0.08878946553279325,,0.21128456197221065,,6,0.5603486655773421,False,0,,,0.011333333333333334,0.017463636991222296,8,1,500,hs_crosscheck,,,,11.537899234921289,,1,0,0,0,0,0,0,0,0.1,,,0,,0,0.1,0,,0,,,,3.605969375881175e-11,,2.5130086975027737e-05,3000,,inf,static_regression_projector,0,False,0,1483,physical_density_SQ_equals_minus_legacy_contact_already_included,,raw/hs_crosscheck/task_0280_s720143,360,0,0,0,,,/home/sunxr/PfQMC-main/reproduction/projector_kitaev/regression_stress/raw/hs_crosscheck/task_0280_s720143/result.json,988.739904827,720143,1,20,150,20,10,280,18,80
18,1.506303992338248,0.21049202320197014,2.034904881320931,-1.030280465441376,0.13161881416609114,,0.31638148311914915,,6,0.5603180555555556,False,0,,,0.01,0.017068962504172835,8,1,500,hs_crosscheck,,,,24.41044153898334,,1,0,0,0,0,0,0,0,0.1,,,0,,0,0.1,0,,0,,,,1.3962798823804078e-11,,4.13134941050744e-05,3000,,inf,static_regression_projector,0,False,0,1485,physical_density_SQ_equals_minus_legacy_contact_already_included,,raw/hs_crosscheck/task_0281_s720144,360,0,0,0,,,/home/sunxr/PfQMC-main/reproduction/projector_kitaev/regression_stress/raw/hs_crosscheck/task_0281_s720144/result.json,999.240726862,720144,0,20,150,20,10,281,18,80
18,0.9409985493642204,0.0024567319689522606,0.17790574858255986,0.010496697242815316,0.00034377306621738776,,0.0014718386956441738,,6,0.42248011982570804,False,0,,,1,0,8,1,500,hs_crosscheck,,,,40.878281890830806,,1,0,0,0,0,0,0,0,0.1,,,0,,0,0.1,0,,1,,,,3.0982771159379077e-13,,4.189187521341443e-06,3000,,inf,static_regression_projector,0,False,0,0,physical_density_SQ_equals_minus_legacy_contact_already_included,,raw/hs_crosscheck/task_0282_s720139,360,0,0,0,,,/home/sunxr/PfQMC-main/reproduction/projector_kitaev/regression_stress/raw/hs_crosscheck/task_0282_s720139/result.json,969.639750683,720139,0,20,150,20,10,282,18,80
18,0.9420938213317647,0.0030551721896459184,0.17847981350900344,0.010335083969725685,0.0004403946690812967,,0.0016417452584346506,,6,0.4207032135076253,False,0,,,1,0,8,1,500,hs_crosscheck,,,,8.508132871123427,,1,0,0,0,0,0,0,0,0.1,,,0,,0,0.1,0,,1,,,,1.1987403890321685e-13,,1.2864407427271177e-06,3000,,inf,static_regression_projector,0,False,0,0,physical_density_SQ_equals_minus_legacy_contact_already_included,,raw/hs_crosscheck/task_0283_s720140,360,0,0,0,,,/home/sunxr/PfQMC-main/reproduction/projector_kitaev/regression_stress/raw/hs_crosscheck/task_0283_s720140/result.json,1003.464563493,720140,0,20,150,20,10,283,18,80
18,0.9421178647481563,0.002344179302399793,0.17898455846829964,0.01036000842125365,0.00033899666516141503,,0.0013780765231643404,,6,0.4230314814814815,False,0,,,1,0,8,1,500,hs_crosscheck,,,,18.089751824158316,,1,0,0,0,0,0,0,0,0.1,,,0,,0,0.1,0,,1,,,,1.443452970929757e-13,,1.7053289859320967e-06,3000,,inf,static_regression_projector,0,False,0,0,physical_density_SQ_equals_minus_legacy_contact_already_included,,raw/hs_crosscheck/task_0284_s720141,360,0,0,0,,,/home/sunxr/PfQMC-main/reproduction/projector_kitaev/regression_stress/raw/hs_crosscheck/task_0284_s720141/result.json,947.75044573,720141,0,20,150,20,10,284,18,80
18,0.935990644436366,0.003063549039157953,0.17560719128155725,0.011240503146272273,0.0004167322913930194,,0.0019054455614091537,,6,0.42139316448801745,False,0,,,1,0,8,1,500,hs_crosscheck,,,,8.697519806442019,,1,0,0,0,0,0,0,0,0.1,,,0,,0,0.1,0,,1,,,,1.9641820983333383e-12,,3.6596499705575347e-05,3000,,inf,static_regression_projector,0,False,0,0,physical_density_SQ_equals_minus_legacy_contact_already_included,,raw/hs_crosscheck/task_0285_s720142,360,0,0,0,,,/home/sunxr/PfQMC-main/reproduction/projector_kitaev/regression_stress/raw/hs_crosscheck/task_0285_s720142/result.json,1011.114380975,720142,0,20,150,20,10,285,18,80
18,0.9384480648156115,0.003959562231288728,0.17707425350684214,0.010899262974677129,0.0005517664753903896,,0.002264517457655287,,6,0.41905934095860564,False,0,,,1,0,8,1,500,hs_crosscheck,,,,9.77947202527161,,1,0,0,0,0,0,0,0,0.1,,,0,,0,0.1,0,,1,,,,1.5867538636841247e-12,,1.3770596344125974e-06,3000,,inf,static_regression_projector,0,False,0,0,physical_density_SQ_equals_minus_legacy_contact_already_included,,raw/hs_crosscheck/task_0286_s720143,360,0,0,0,,,/home/sunxr/PfQMC-main/reproduction/projector_kitaev/regression_stress/raw/hs_crosscheck/task_0286_s720143/result.json,997.455253445,720143,0,20,150,20,10,286,18,80
18,0.9240750458719612,0.0076506593755396035,0.16908295496776402,0.012837615599760729,0.0008831664194252849,,0.0031160090067421328,,6,0.42122186819172114,False,0,,,1,0,8,1,500,hs_crosscheck,,,,8.60197014273645,,1,0,0,0,0,0,0,0,0.1,,,0,,0,0.1,0,,1,,,,3.0782262005505674e-14,,1.0501593052036346e-06,3000,,inf,static_regression_projector,0,False,0,0,physical_density_SQ_equals_minus_legacy_contact_already_included,,raw/hs_crosscheck/task_0287_s720144,360,0,0,0,,,/home/sunxr/PfQMC-main/reproduction/projector_kitaev/regression_stress/raw/hs_crosscheck/task_0287_s720144/result.json,972.250574332,720144,0,20,150,20,10,287,18,80
6,0.5822616404543777,0.012029179342980985,0.10806491848698853,0.04514286177318598,0.0006543269035414746,,0.002204443206165608,,2,0.7251522222222222,False,0,,,0.9433333333333334,0.004419520759391235,8,0,500,delta_symmetry,,,,5.989395465739268,,-0.6,0,0,0,0,0,0,0,0.1,,,0,,0,0.1,0,,0,,,,5.405935112126435e-13,,1.1174775462370673e-08,3000,,inf,static_regression_projector,0.7,False,0,85,physical_density_SQ_equals_minus_legacy_contact_already_included,,raw/delta_symmetry/task_0000_s730001,200,0,0,0,,,/home/sunxr/PfQMC-main/reproduction/projector_kitaev/regression_stress/raw/delta_symmetry/task_0000_s730001/result.json,66.806171625,730001,0,20,150,20,10,0,10,80
6,0.5689436820225209,0.009019796855917158,0.1061762908872093,0.04576796100634622,0.0004922581241872759,,0.0013258732486192044,,2,0.7249670833333334,False,0,,,0.9393333333333334,0.00687226819728673,8,0,500,delta_symmetry,,,,5.08939815030159,,-0.6,0,0,0,0,0,0,0,0.1,,,0,,0,0.1,0,,0,,,,1.4904755983887085e-12,,4.024705790905071e-08,3000,,inf,static_regression_projector,0.7,False,0,91,physical_density_SQ_equals_minus_legacy_contact_already_included,,raw/delta_symmetry/task_0001_s730002,200,0,0,0,,,/home/sunxr/PfQMC-main/reproduction/projector_kitaev/regression_stress/raw/delta_symmetry/task_0001_s730002/result.json,64.714676248,730002,0,20,150,20,10,1,10,80
6,0.5704923492718414,0.01424519170662053,0.1060901909521486,0.045566548681159086,0.0007345506900313699,,0.0020741116336032385,,2,0.7253116666666667,False,0,,,0.9393333333333334,0.005921513952139278,8,0,500,delta_symmetry,,,,7.145572874007626,,-0.6,0,0,0,0,0,0,0,0.1,,,0,,0,0.1,0,,0,,,,2.8241661765974403e-13,,1.1972068274687788e-06,3000,,inf,static_regression_projector,0.7,False,0,91,physical_density_SQ_equals_minus_legacy_contact_already_included,,raw/delta_symmetry/task_0002_s730003,200,0,0,0,,,/home/sunxr/PfQMC-main/reproduction/projector_kitaev/regression_stress/raw/delta_symmetry/task_0002_s730003/result.json,69.197913293,730003,0,20,150,20,10,2,10,80
6,0.5883805963756035,0.009697080205726846,0.10930278760980142,0.04499114825043054,0.00042515768128632744,,0.0016985539391362221,,2,0.7253016666666666,False,0,,,0.9366666666666666,0.007230539520283808,8,0,500,delta_symmetry,,,,5.3416024091144205,,-0.6,0,0,0,0,0,0,0,0.1,,,0,,0,0.1,0,,0,,,,2.3252270259985754e-13,,2.4429826739610876e-05,3000,,inf,static_regression_projector,0.7,False,0,95,physical_density_SQ_equals_minus_legacy_contact_already_included,,raw/delta_symmetry/task_0003_s730004,200,0,0,0,,,/home/sunxr/PfQMC-main/reproduction/projector_kitaev/regression_stress/raw/delta_symmetry/task_0003_s730004/result.json,69.010034688,730004,0,20,150,20,10,3,10,80
6,0.5684255072286206,0.010809268681547732,0.1065090601342015,0.04596659360297435,0.0004757137185959353,,0.0018269802585296946,,2,0.7250183333333333,False,0,,,0.9326666666666666,0.00584197355101512,8,0,500,delta_symmetry,,,,5.422263159578551,,-0.6,0,0,0,0,0,0,0,0.1,,,0,,0,0.1,0,,0,,,,2.579854297076575e-13,,4.3784975941275944e-08,3000,,inf,static_regression_projector,0.7,False,0,101,physical_density_SQ_equals_minus_legacy_contact_already_included,,raw/delta_symmetry/task_0004_s730005,200,0,0,0,,,/home/sunxr/PfQMC-main/reproduction/projector_kitaev/regression_stress/raw/delta_symmetry/task_0004_s730005/result.json,64.780547154,730005,0,20,150,20,10,4,10,80
6,0.6298881319713283,0.022733963211515364,0.11661707625474228,0.04316136393668471,0.0016321495660605475,,0.00597665739190812,,2,0.7253670833333333,False,0,,,0.932,0.0071671766444417724,8,0,500,delta_symmetry,,,,5.348684485914784,,-0.6,0,0,0,0,0,0,0,0.1,,,0,,0,0.1,0,,0,,,,2.2694138112026237e-12,,5.058124452757388e-09,3000,,inf,static_regression_projector,0.7,False,0,102,physical_density_SQ_equals_minus_legacy_contact_already_included,,raw/delta_symmetry/task_0005_s730006,200,0,0,0,,,/home/sunxr/PfQMC-main/reproduction/projector_kitaev/regression_stress/raw/delta_symmetry/task_0005_s730006/result.json,61.454584186,730006,0,20,150,20,10,5,10,80
6,0.5822616404543806,0.012029179342981538,0.10806491848699133,0.04514286177318685,0.000654326903541499,,0.0022044432061656266,,2,0.7251522222222222,False,0,,,0.9433333333333334,0.004419520759391235,8,0,500,delta_symmetry,,,,5.989395465739265,,0.6,0,0,0,0,0,0,0,0.1,,,0,,0,0.1,0,,0,,,,6.311185998351336e-13,,1.1841797471622199e-09,3000,,inf,static_regression_projector,0.7,False,0,85,physical_density_SQ_equals_minus_legacy_contact_already_included,,raw/delta_symmetry/task_0006_s730001,200,0,0,0,,,/home/sunxr/PfQMC-main/reproduction/projector_kitaev/regression_stress/raw/delta_symmetry/task_0006_s730001/result.json,45.943894889,730001,0,20,150,20,10,6,10,80
6,0.5689436820225225,0.009019796855917693,0.10617629088720826,0.04576796100634559,0.0004922581241874485,,0.0013258732486189865,,2,0.7249670833333334,False,0,,,0.9393333333333334,0.00687226819728673,8,0,500,delta_symmetry,,,,5.08939815030159,,0.6,0,0,0,0,0,0,0,0.1,,,0,,0,0.1,0,,0,,,,1.5720773128115488e-12,,3.2308418873271243e-08,3000,,inf,static_regression_projector,0.7,False,0,91,physical_density_SQ_equals_minus_legacy_contact_already_included,,raw/delta_symmetry/task_0007_s730002,200,0,0,0,,,/home/sunxr/PfQMC-main/reproduction/projector_kitaev/regression_stress/raw/delta_symmetry/task_0007_s730002/result.json,46.115860512,730002,0,20,150,20,10,7,10,80
6,0.5704923492718413,0.014245191706620645,0.10609019095214864,0.045566548681159114,0.0007345506900313725,,0.002074111633603267,,2,0.7253116666666667,False,0,,,0.9393333333333334,0.005921513952139278,8,0,500,delta_symmetry,,,,7.1455728740076205,,0.6,0,0,0,0,0,0,0,0.1,,,0,,0,0.1,0,,0,,,,1.260946432891179e-13,,5.882936021096742e-07,3000,,inf,static_regression_projector,0.7,False,0,91,physical_density_SQ_equals_minus_legacy_contact_already_included,,raw/delta_symmetry/task_0008_s730003,200,0,0,0,,,/home/sunxr/PfQMC-main/reproduction/projector_kitaev/regression_stress/raw/delta_symmetry/task_0008_s730003/result.json,57.168093087,730003,0,20,150,20,10,8,10,80
6,0.5883805963756047,0.009697080205727,0.10930278760980158,0.04499114825043047,0.0004251576812863306,,0.0016985539391362674,,2,0.7253016666666666,False,0,,,0.9366666666666666,0.007230539520283808,8,0,500,delta_symmetry,,,,5.34160240911442,,0.6,0,0,0,0,0,0,0,0.1,,,0,,0,0.1,0,,0,,,,2.924564834127355e-13,,3.7636649345708927e-06,3000,,inf,static_regression_projector,0.7,False,0,95,physical_density_SQ_equals_minus_legacy_contact_already_included,,raw/delta_symmetry/task_0009_s730004,200,0,0,0,,,/home/sunxr/PfQMC-main/reproduction/projector_kitaev/regression_stress/raw/delta_symmetry/task_0009_s730004/result.json,45.753361955,730004,0,20,150,20,10,9,10,80
6,0.5684255072286204,0.010809268681547612,0.10650906013420142,0.04596659360297435,0.000475713718595938,,0.0018269802585296545,,2,0.7250183333333333,False,0,,,0.9326666666666666,0.00584197355101512,8,0,500,delta_symmetry,,,,5.422263159578552,,0.6,0,0,0,0,0,0,0,0.1,,,0,,0,0.1,0,,0,,,,1.781564585961427e-13,,7.094555228296343e-08,3000,,inf,static_regression_projector,0.7,False,0,101,physical_density_SQ_equals_minus_legacy_contact_already_included,,raw/delta_symmetry/task_0010_s730005,200,0,0,0,,,/home/sunxr/PfQMC-main/reproduction/projector_kitaev/regression_stress/raw/delta_symmetry/task_0010_s730005/result.json,45.684835557,730005,0,20,150,20,10,10,10,80
6,0.6298881319713301,0.022733963211516023,0.11661707625474092,0.043161363936684016,0.0016321495660607244,,0.005976657391907612,,2,0.7253670833333333,False,0,,,0.932,0.0071671766444417724,8,0,500,delta_symmetry,,,,5.348684485914787,,0.6,0,0,0,0,0,0,0,0.1,,,0,,0,0.1,0,,0,,,,1.3598609764652089e-12,,1.6951272004640531e-09,3000,,inf,static_regression_projector,0.7,False,0,102,physical_density_SQ_equals_minus_legacy_contact_already_included,,raw/delta_symmetry/task_0011_s730006,200,0,0,0,,,/home/sunxr/PfQMC-main/reproduction/projector_kitaev/regression_stress/raw/delta_symmetry/task_0011_s730006/result.json,46.448519793,730006,0,20,150,20,10,11,10,80
6,0.7942872124020829,0.024903859282982537,0.1592352343210329,0.0327567239359872,0.002927744710996439,,0.010052922668101556,,4,0.6112472222222223,False,0,,,0.7926666666666666,0.010617209906507004,8,0,500,delta_symmetry,,,,5.209165641731256,,-0.6,0,0,0,0,0,0,0,0.1,,,0,,0,0.1,0,,0,,,,4.163204307007461e-12,,0.00015787683168399898,3000,,inf,static_regression_projector,0.7,False,0,311,physical_density_SQ_equals_minus_legacy_contact_already_included,,raw/delta_symmetry/task_0012_s730007,200,0,0,0,,,/home/sunxr/PfQMC-main/reproduction/projector_kitaev/regression_stress/raw/delta_symmetry/task_0012_s730007/result.json,61.590276837,730007,0,20,150,20,10,12,10,80
6,0.8520568490063312,0.15476545152409965,0.17230593733905764,0.025491483304857843,0.006428649134476433,,0.018894304384082603,,4,0.6108593055555556,False,0,,,0.8073333333333333,0.007886623511323257,8,0,500,delta_symmetry,,,,5.998240623966189,,-0.6,0,0,0,0,0,0,0,0.1,,,0,,0,0.1,0,,0,,,,1.2658296127820815e-10,,0.00042754479317162265,3000,,inf,static_regression_projector,0.7,False,0,289,physical_density_SQ_equals_minus_legacy_contact_already_included,,raw/delta_symmetry/task_0013_s730008,200,0,0,0,,,/home/sunxr/PfQMC-main/reproduction/projector_kitaev/regression_stress/raw/delta_symmetry/task_0013_s730008/result.json,44.19720305,730008,0,20,150,20,10,13,10,80
6,0.8126005480446818,0.028271517236054568,0.1622726340659467,0.03040980269130431,0.003536464609854859,,0.010438036683282142,,4,0.6111643055555556,False,0,,,0.776,0.014910257860737497,8,0,500,delta_symmetry,,,,7.1182848899937055,,-0.6,0,0,0,0,0,0,0,0.1,,,0,,0,0.1,0,,0,,,,4.406574606224962e-12,,1.6664441469355082e-06,3000,,inf,static_regression_projector,0.7,False,0,336,physical_density_SQ_equals_minus_legacy_contact_already_included,,raw/delta_symmetry/task_0014_s730009,200,0,0,0,,,/home/sunxr/PfQMC-main/reproduction/projector_kitaev/regression_stress/raw/delta_symmetry/task_0014_s730009/result.json,44.202513229,730009,0,20,150,20,10,14,10,80
6,0.7761643267325188,0.013985441642602146,0.15450865271671527,0.034584548306497404,0.001419356292310075,,0.004578579472853956,,4,0.6110484722222222,False,0,,,0.786,0.012776989551075955,8,0,500,delta_symmetry,,,,5.260590962228495,,-0.6,0,0,0,0,0,0,0,0.1,,,0,,0,0.1,0,,0,,,,1.5082301694241522e-12,,6.60683581500307e-05,3000,,inf,static_regression_projector,0.7,False,0,321,physical_density_SQ_equals_minus_legacy_contact_already_included,,raw/delta_symmetry/task_0015_s730010,200,0,0,0,,,/home/sunxr/PfQMC-main/reproduction/projector_kitaev/regression_stress/raw/delta_symmetry/task_0015_s730010/result.json,64.665197309,730010,0,20,150,20,10,15,10,80
6,0.7830756695041795,0.01680316101278001,0.15639958833384174,0.033926875989140556,0.0017369854187472273,,0.005639175381583621,,4,0.6111343055555556,False,0,,,0.7653333333333333,0.012212542684896107,8,0,500,delta_symmetry,,,,5.809427395557277,,-0.6,0,0,0,0,0,0,0,0.1,,,0,,0,0.1,0,,0,,,,3.8374346428342695e-07,,1.1607739190477034e-05,3000,,inf,static_regression_projector,0.7,False,0,352,physical_density_SQ_equals_minus_legacy_contact_already_included,,raw/delta_symmetry/task_0016_s730011,200,0,0,0,,,/home/sunxr/PfQMC-main/reproduction/projector_kitaev/regression_stress/raw/delta_symmetry/task_0016_s730011/result.json,44.35904066,730011,1,20,150,20,10,16,10,80
6,0.7841721618951085,0.019187212069502448,0.15665720482756032,0.03381098584148751,0.0019437029208937732,,0.006636327599505778,,4,0.6115615277777777,False,0,,,0.792,0.00817355599135772,8,0,500,delta_symmetry,,,,6.691686711272503,,-0.6,0,0,0,0,0,0,0,0.1,,,0,,0,0.1,0,,0,,,,4.567156857651628e-13,,1.2457899544727812e-06,3000,,inf,static_regression_projector,0.7,False,0,312,physical_density_SQ_equals_minus_legacy_contact_already_included,,raw/delta_symmetry/task_0017_s730012,200,0,0,0,,,/home/sunxr/PfQMC-main/reproduction/projector_kitaev/regression_stress/raw/delta_symmetry/task_0017_s730012/result.json,59.028183787,730012,0,20,150,20,10,17,10,80
6,0.7942872124020958,0.02490385928298167,0.15923523432103634,0.03275672393598586,0.0029277447109964045,,0.010052922668101302,,4,0.6112472222222223,False,0,,,0.7926666666666666,0.010617209906507004,8,0,500,delta_symmetry,,,,5.209165641731256,,0.6,0,0,0,0,0,0,0,0.1,,,0,,0,0.1,0,,0,,,,3.518437170866126e-12,,0.00011017868528619368,3000,,inf,static_regression_projector,0.7,False,0,311,physical_density_SQ_equals_minus_legacy_contact_already_included,,raw/delta_symmetry/task_0018_s730007,200,0,0,0,,,/home/sunxr/PfQMC-main/reproduction/projector_kitaev/regression_stress/raw/delta_symmetry/task_0018_s730007/result.json,58.421770188,730007,0,20,150,20,10,18,10,80
6,0.8520568490063123,0.15476545152030652,0.17230593733901933,0.025491483304855428,0.006428649134475796,,0.01889430438410563,,4,0.6108593055555556,False,0,,,0.8073333333333333,0.007886623511323257,8,0,500,delta_symmetry,,,,5.998240623966189,,0.6,0,0,0,0,0,0,0,0.1,,,0,,0,0.1,0,,0,,,,8.631315094784064e-11,,0.0007307417475043463,3000,,inf,static_regression_projector,0.7,False,0,289,physical_density_SQ_equals_minus_legacy_contact_already_included,,raw/delta_symmetry/task_0019_s730008,200,0,0,0,,,/home/sunxr/PfQMC-main/reproduction/projector_kitaev/regression_stress/raw/delta_symmetry/task_0019_s730008/result.json,44.578171553,730008,0,20,150,20,10,19,10,80
6,0.8126005480446814,0.0282715172360546,0.16227263406593598,0.030409802691302366,0.0035364646098549647,,0.010438036683281655,,4,0.6111643055555556,False,0,,,0.776,0.014910257860737497,8,0,500,delta_symmetry,,,,7.118284889993695,,0.6,0,0,0,0,0,0,0,0.1,,,0,,0,0.1,0,,0,,,,9.906859554554163e-12,,1.7055012021550362e-06,3000,,inf,static_regression_projector,0.7,False,0,336,physical_density_SQ_equals_minus_legacy_contact_already_included,,raw/delta_symmetry/task_0020_s730009,200,0,0,0,,,/home/sunxr/PfQMC-main/reproduction/projector_kitaev/regression_stress/raw/delta_symmetry/task_0020_s730009/result.json,55.995101762,730009,0,20,150,20,10,20,10,80
6,0.776164326732586,0.01398544164259796,0.15450865271669248,0.03458454830648192,0.0014193562923087366,,0.004578579472855633,,4,0.6110484722222222,False,0,,,0.786,0.012776989551075955,8,0,500,delta_symmetry,,,,5.260590962228494,,0.6,0,0,0,0,0,0,0,0.1,,,0,,0,0.1,0,,0,,,,1.7623551943045228e-12,,6.786642302364128e-05,3000,,inf,static_regression_projector,0.7,False,0,321,physical_density_SQ_equals_minus_legacy_contact_already_included,,raw/delta_symmetry/task_0021_s730010,200,0,0,0,,,/home/sunxr/PfQMC-main/reproduction/projector_kitaev/regression_stress/raw/delta_symmetry/task_0021_s730010/result.json,59.435187711,730010,0,20,150,20,10,21,10,80
6,0.7830756706044673,0.016803161131754944,0.15639958975666257,0.03392687612570046,0.0017369853855842676,,0.005639175473323024,,4,0.6111343055555556,False,0,,,0.7653333333333333,0.012212542684896107,8,0,500,delta_symmetry,,,,5.809427395557273,,0.6,0,0,0,0,0,0,0,0.1,,,0,,0,0.1,0,,0,,,,1.6011266851890693e-07,,0.0016896321749133663,3000,,inf,static_regression_projector,0.7,False,0,352,physical_density_SQ_equals_minus_legacy_contact_already_included,,raw/delta_symmetry/task_0022_s730011,200,0,0,0,,,/home/sunxr/PfQMC-main/reproduction/projector_kitaev/regression_stress/raw/delta_symmetry/task_0022_s730011/result.json,60.851028125,730011,0,20,150,20,10,22,10,80
6,0.7841721618951074,0.0191872120695022,0.15665720482756054,0.03381098584148773,0.0019437029208937285,,0.006636327599505669,,4,0.6115615277777777,False,0,,,0.792,0.00817355599135772,8,0,500,delta_symmetry,,,,6.691686711272506,,0.6,0,0,0,0,0,0,0,0.1,,,0,,0,0.1,0,,0,,,,1.718041060637658e-13,,1.144499607866493e-06,3000,,inf,static_regression_projector,0.7,False,0,312,physical_density_SQ_equals_minus_legacy_contact_already_included,,raw/delta_symmetry/task_0023_s730012,200,0,0,0,,,/home/sunxr/PfQMC-main/reproduction/projector_kitaev/regression_stress/raw/delta_symmetry/task_0023_s730012/result.json,58.405235385,730012,0,20,150,20,10,23,10,80
6,0.5283408733061492,0.014995943349518348,0.10224362652078167,0.04822413959480413,0.0007352909872811278,,0.0023896235018789147,,2,0.7118678333333334,False,0,,,0.9346666666666666,0.007610396090544221,8,1,500,delta_symmetry,,,,5.644768742910174,,-0.6,0,0,0,0,0,0,0,0.1,,,0,,0,0.1,0,,0,,,,3.4725803888039597e-12,,3.817644753608947e-08,3000,,inf,static_regression_projector,0.7,False,0,98,physical_density_SQ_equals_minus_legacy_contact_already_included,,raw/delta_symmetry/task_0024_s730013,200,0,0,0,,,/home/sunxr/PfQMC-main/reproduction/projector_kitaev/regression_stress/raw/delta_symmetry/task_0024_s730013/result.json,50.86722774,730013,0,20,150,20,10,24,10,80
6,0.5188023755031772,0.006122562101184663,0.10086452997759651,0.04853577222120801,0.0002998745472727143,,0.000832523369322455,,2,0.711186,False,0,,,0.9306666666666666,0.006387121545534179,8,1,500,delta_symmetry,,,,5.512074498177771,,-0.6,0,0,0,0,0,0,0,0.1,,,0,,0,0.1,0,,0,,,,1.817311042079111e-11,,1.1547189714134678e-07,3000,,inf,static_regression_projector,0.7,False,0,104,physical_density_SQ_equals_minus_legacy_contact_already_included,,raw/delta_symmetry/task_0025_s730014,200,0,0,0,,,/home/sunxr/PfQMC-main/reproduction/projector_kitaev/regression_stress/raw/delta_symmetry/task_0025_s730014/result.json,60.91099491,730014,0,20,150,20,10,25,10,80
6,0.5193442415567153,0.011150561896261853,0.1009841289751249,0.04853860310327314,0.0004934487622540631,,0.001577673221272936,,2,0.712043,False,0,,,0.9293333333333333,0.006496062685146806,8,1,500,delta_symmetry,,,,5.085292149615551,,-0.6,0,0,0,0,0,0,0,0.1,,,0,,0,0.1,0,,0,,,,3.946713477002392e-12,,4.591568128003516e-06,3000,,inf,static_regression_projector,0.7,False,0,106,physical_density_SQ_equals_minus_legacy_contact_already_included,,raw/delta_symmetry/task_0026_s730015,200,0,0,0,,,/home/sunxr/PfQMC-main/reproduction/projector_kitaev/regression_stress/raw/delta_symmetry/task_0026_s730015/result.json,64.494226235,730015,0,20,150,20,10,26,10,80
6,0.510906053796662,0.006095357283231568,0.1002336024561205,0.049023648167440564,0.00024158577739521675,,0.000969474744052521,,2,0.7114541666666667,False,0,,,0.928,0.007579597113149275,8,1,500,delta_symmetry,,,,5.833637841230314,,-0.6,0,0,0,0,0,0,0,0.1,,,0,,0,0.1,0,,0,,,,6.790783043060935e-12,,4.985698748600104e-07,3000,,inf,static_regression_projector,0.7,False,0,108,physical_density_SQ_equals_minus_legacy_contact_already_included,,raw/delta_symmetry/task_0027_s730016,200,0,0,0,,,/home/sunxr/PfQMC-main/reproduction/projector_kitaev/regression_stress/raw/delta_symmetry/task_0027_s730016/result.json,51.432383637,730016,0,20,150,20,10,27,10,80
6,0.5118255304330755,0.00885254122506729,0.09946548045081051,0.048556508159293715,0.00038451787082530305,,0.0010476625841403988,,2,0.7118365,False,0,,,0.928,0.006223892841723995,8,1,500,delta_symmetry,,,,5.4922829142038765,,-0.6,0,0,0,0,0,0,0,0.1,,,0,,0,0.1,0,,0,,,,1.7301299923996143e-11,,3.624843332321098e-08,3000,,inf,static_regression_projector,0.7,False,0,108,physical_density_SQ_equals_minus_legacy_contact_already_included,,raw/delta_symmetry/task_0028_s730017,200,0,0,0,,,/home/sunxr/PfQMC-main/reproduction/projector_kitaev/regression_stress/raw/delta_symmetry/task_0028_s730017/result.json,52.238941231,730017,0,20,150,20,10,28,10,80
6,0.5148401521946846,0.011827571924804357,0.10028268507450482,0.04865313222825514,0.0005439359922733205,,0.0014520072079757178,,2,0.7120166666666666,False,0,,,0.9393333333333334,0.004785455547314346,8,1,500,delta_symmetry,,,,5.353988539618648,,-0.6,0,0,0,0,0,0,0,0.1,,,0,,0,0.1,0,,0,,,,8.389038716644371e-13,,9.146646252181196e-09,3000,,inf,static_regression_projector,0.7,False,0,91,physical_density_SQ_equals_minus_legacy_contact_already_included,,raw/delta_symmetry/task_0029_s730018,200,0,0,0,,,/home/sunxr/PfQMC-main/reproduction/projector_kitaev/regression_stress/raw/delta_symmetry/task_0029_s730018/result.json,54.960775432,730018,0,20,150,20,10,29,10,80
6,0.5283408733060877,0.014995943349511263,0.10224362652077736,0.048224139594808375,0.0007352909872808263,,0.002389623501878936,,2,0.7118678333333334,False,0,,,0.9346666666666666,0.007610396090544221,8,1,500,delta_symmetry,,,,5.6447687429101885,,0.6,0,0,0,0,0,0,0,0.1,,,0,,0,0.1,0,,0,,,,3.4205009292943154e-12,,9.761858012215924e-08,3000,,inf,static_regression_projector,0.7,False,0,98,physical_density_SQ_equals_minus_legacy_contact_already_included,,raw/delta_symmetry/task_0030_s730013,200,0,0,0,,,/home/sunxr/PfQMC-main/reproduction/projector_kitaev/regression_stress/raw/delta_symmetry/task_0030_s730013/result.json,55.286755515,730013,0,20,150,20,10,30,10,80
6,0.5188023755030526,0.006122562101194579,0.10086452997758565,0.04853577222121534,0.0002998745472736445,,0.0008325233693238188,,2,0.711186,False,0,,,0.9306666666666666,0.006387121545534179,8,1,500,delta_symmetry,,,,5.512074498177781,,0.6,0,0,0,0,0,0,0,0.1,,,0,,0,0.1,0,,0,,,,6.459007279884343e-11,,9.568760734123969e-07,3000,,inf,static_regression_projector,0.7,False,0,104,physical_density_SQ_equals_minus_legacy_contact_already_included,,raw/delta_symmetry/task_0031_s730014,200,0,0,0,,,/home/sunxr/PfQMC-main/reproduction/projector_kitaev/regression_stress/raw/delta_symmetry/task_0031_s730014/result.json,43.601208714,730014,0,20,150,20,10,31,10,80
6,0.5193442415566782,0.011150561896265822,0.10098412897515095,0.0485386031032894,0.0004934487622564913,,0.0015776732212681665,,2,0.712043,False,0,,,0.9293333333333333,0.006496062685146806,8,1,500,delta_symmetry,,,,5.085292149615552,,0.6,0,0,0,0,0,0,0,0.1,,,0,,0,0.1,0,,0,,,,9.717234769878378e-12,,5.211970820478678e-05,3000,,inf,static_regression_projector,0.7,False,0,106,physical_density_SQ_equals_minus_legacy_contact_already_included,,raw/delta_symmetry/task_0032_s730015,200,0,0,0,,,/home/sunxr/PfQMC-main/reproduction/projector_kitaev/regression_stress/raw/delta_symmetry/task_0032_s730015/result.json,43.750011399,730015,0,20,150,20,10,32,10,80
6,0.510906053796627,0.006095357283214719,0.10023360245609006,0.049023648167429185,0.00024158577739435668,,0.0009694747440352632,,2,0.7114541666666667,False,0,,,0.928,0.007579597113149275,8,1,500,delta_symmetry,,,,5.833637841230317,,0.6,0,0,0,0,0,0,0,0.1,,,0,,0,0.1,0,,0,,,,1.2195586168560127e-11,,1.0676978209106083e-05,3000,,inf,static_regression_projector,0.7,False,0,108,physical_density_SQ_equals_minus_legacy_contact_already_included,,raw/delta_symmetry/task_0033_s730016,200,0,0,0,,,/home/sunxr/PfQMC-main/reproduction/projector_kitaev/regression_stress/raw/delta_symmetry/task_0033_s730016/result.json,62.912363313,730016,0,20,150,20,10,33,10,80
6,0.5118255304332848,0.008852541225077764,0.09946548045083192,0.048556508159283356,0.00038451787082667663,,0.001047662584141211,,2,0.7118365,False,0,,,0.928,0.006223892841723995,8,1,500,delta_symmetry,,,,5.492282914203878,,0.6,0,0,0,0,0,0,0,0.1,,,0,,0,0.1,0,,0,,,,1.2724333788584783e-11,,4.3639232592130796e-07,3000,,inf,static_regression_projector,0.7,False,0,108,physical_density_SQ_equals_minus_legacy_contact_already_included,,raw/delta_symmetry/task_0034_s730017,200,0,0,0,,,/home/sunxr/PfQMC-main/reproduction/projector_kitaev/regression_stress/raw/delta_symmetry/task_0034_s730017/result.json,50.434010783,730017,0,20,150,20,10,34,10,80
6,0.5148401521947095,0.01182757192480275,0.10028268507450883,0.04865313222825458,0.0005439359922730352,,0.0014520072079761768,,2,0.7120166666666666,False,0,,,0.9393333333333334,0.004785455547314346,8,1,500,delta_symmetry,,,,5.353988539618646,,0.6,0,0,0,0,0,0,0,0.1,,,0,,0,0.1,0,,0,,,,1.300423971171355e-12,,8.535663547680341e-08,3000,,inf,static_regression_projector,0.7,False,0,91,physical_density_SQ_equals_minus_legacy_contact_already_included,,raw/delta_symmetry/task_0035_s730018,200,0,0,0,,,/home/sunxr/PfQMC-main/reproduction/projector_kitaev/regression_stress/raw/delta_symmetry/task_0035_s730018/result.json,44.110419554,730018,0,20,150,20,10,35,10,80
6,0.7717626437511577,0.023073283964311558,0.1501069481545524,0.03426001300137708,0.00267206364235331,,0.005838956531949139,,4,0.5962126666666666,False,0,,,0.8793333333333333,0.0065230136901848635,8,1,500,delta_symmetry,,,,6.149716725696406,,-0.6,0,0,0,0,0,0,0,0.1,,,0,,0,0.1,0,,0,,,,7.737968854021099e-12,,1.622485452513525e-07,3000,,inf,static_regression_projector,0.7,False,0,181,physical_density_SQ_equals_minus_legacy_contact_already_included,,raw/delta_symmetry/task_0036_s730019,200,0,0,0,,,/home/sunxr/PfQMC-main/reproduction/projector_kitaev/regression_stress/raw/delta_symmetry/task_0036_s730019/result.json,42.94842303,730019,0,20,150,20,10,36,10,80
6,0.7049794369329544,0.01200147045983008,0.13875945316424004,0.040936892003389444,0.0008098845454446363,,0.0036492552026968677,,4,0.596304,False,0,,,0.8826666666666667,0.0093082369358435,8,1,500,delta_symmetry,,,,9.937552911257495,,-0.6,0,0,0,0,0,0,0,0.1,,,0,,0,0.1,0,,0,,,,7.540517275950844e-12,,1.078790243712815e-05,3000,,inf,static_regression_projector,0.7,False,0,176,physical_density_SQ_equals_minus_legacy_contact_already_included,,raw/delta_symmetry/task_0037_s730020,200,0,0,0,,,/home/sunxr/PfQMC-main/reproduction/projector_kitaev/regression_stress/raw/delta_symmetry/task_0037_s730020/result.json,43.433061306,730020,0,20,150,20,10,37,10,80
6,0.7522280029469627,0.019139996597659845,0.14727522058088982,0.03649067551975365,0.0016895613522249417,,0.005292348706237052,,4,0.5955231666666667,False,0,,,0.8553333333333333,0.012659277623210594,8,1,500,delta_symmetry,,,,5.426589048180139,,-0.6,0,0,0,0,0,0,0,0.1,,,0,,0,0.1,0,,0,,,,1.278151077756841e-11,,3.079283234665391e-06,3000,,inf,static_regression_projector,0.7,False,0,217,physical_density_SQ_equals_minus_legacy_contact_already_included,,raw/delta_symmetry/task_0038_s730021,200,0,0,0,,,/home/sunxr/PfQMC-main/reproduction/projector_kitaev/regression_stress/raw/delta_symmetry/task_0038_s730021/result.json,52.496052555,730021,0,20,150,20,10,38,10,80
6,0.7273306322926698,0.02997401614822231,0.1420265932366566,0.03872630137546533,0.0032656662208078936,,0.010542639062282425,,4,0.5961625,False,0,,,0.8646666666666667,0.008051006983619649,8,1,500,delta_symmetry,,,,5.143472470229644,,-0.6,0,0,0,0,0,0,0,0.1,,,0,,0,0.1,0,,0,,,,9.305543874134647e-11,,9.436677484621248e-07,3000,,inf,static_regression_projector,0.7,False,0,203,physical_density_SQ_equals_minus_legacy_contact_already_included,,raw/delta_symmetry/task_0039_s730022,200,0,0,0,,,/home/sunxr/PfQMC-main/reproduction/projector_kitaev/regression_stress/raw/delta_symmetry/task_0039_s730022/result.json,61.127746466,730022,0,20,150,20,10,39,10,80
6,0.8221395268605702,0.037885467309401295,0.1686572512531573,0.02999745850628225,0.006363801307625513,,0.01914925322608829,,4,0.5957421666666667,False,0,,,0.8586666666666667,0.007941305149997708,8,1,500,delta_symmetry,,,,5.0526823988004175,,-0.6,0,0,0,0,0,0,0,0.1,,,0,,0,0.1,0,,0,,,,2.2986885439593447e-11,,6.383047093807998e-07,3000,,inf,static_regression_projector,0.7,False,0,212,physical_density_SQ_equals_minus_legacy_contact_already_included,,raw/delta_symmetry/task_0040_s730023,200,0,0,0,,,/home/sunxr/PfQMC-main/reproduction/projector_kitaev/regression_stress/raw/delta_symmetry/task_0040_s730023/result.json,50.71073585,730023,0,20,150,20,10,40,10,80
6,0.7401437121966546,0.017211896670738455,0.1486949502962572,0.038639317799088344,0.0016859005072902677,,0.005151822372238013,,4,0.5960195,False,0,,,0.8546666666666667,0.010094292290304716,8,1,500,delta_symmetry,,,,8.105680003671024,,-0.6,0,0,0,0,0,0,0,0.1,,,0,,0,0.1,0,,0,,,,6.95753103933741e-12,,5.197883014195611e-07,3000,,inf,static_regression_projector,0.7,False,0,218,physical_density_SQ_equals_minus_legacy_contact_already_included,,raw/delta_symmetry/task_0041_s730024,200,0,0,0,,,/home/sunxr/PfQMC-main/reproduction/projector_kitaev/regression_stress/raw/delta_symmetry/task_0041_s730024/result.json,42.96380736,730024,0,20,150,20,10,41,10,80
6,0.7717626437509699,0.023073283964326795,0.1501069481544027,0.034260013001371104,0.0026720636423543855,,0.005838956531959191,,4,0.5962126666666666,False,0,,,0.8793333333333333,0.0065230136901848635,8,1,500,delta_symmetry,,,,6.149716725696411,,0.6,0,0,0,0,0,0,0,0.1,,,0,,0,0.1,0,,0,,,,1.8096832479236808e-11,,4.4520623609377063e-07,3000,,inf,static_regression_projector,0.7,False,0,181,physical_density_SQ_equals_minus_legacy_contact_already_included,,raw/delta_symmetry/task_0042_s730019,200,0,0,0,,,/home/sunxr/PfQMC-main/reproduction/projector_kitaev/regression_stress/raw/delta_symmetry/task_0042_s730019/result.json,42.804193974,730019,0,20,150,20,10,42,10,80
6,0.704979436932871,0.012001470459814792,0.13875945316420707,0.04093689200339128,0.0008098845454448014,,0.003649255202670947,,4,0.596304,False,0,,,0.8826666666666667,0.0093082369358435,8,1,500,delta_symmetry,,,,9.93755291125753,,0.6,0,0,0,0,0,0,0,0.1,,,0,,0,0.1,0,,0,,,,1.1312903736957839e-11,,3.625810092536432e-05,3000,,inf,static_regression_projector,0.7,False,0,176,physical_density_SQ_equals_minus_legacy_contact_already_included,,raw/delta_symmetry/task_0043_s730020,200,0,0,0,,,/home/sunxr/PfQMC-main/reproduction/projector_kitaev/regression_stress/raw/delta_symmetry/task_0043_s730020/result.json,41.263870538,730020,0,20,150,20,10,43,10,80
6,0.7522280029469564,0.01913999659765976,0.1472752205808958,0.03649067551975606,0.0016895613522251631,,0.00529234870623609,,4,0.5955231666666667,False,0,,,0.8553333333333333,0.012659277623210594,8,1,500,delta_symmetry,,,,5.426589048180139,,0.6,0,0,0,0,0,0,0,0.1,,,0,,0,0.1,0,,0,,,,8.551037566254592e-12,,1.3447384026509864e-05,3000,,inf,static_regression_projector,0.7,False,0,217,physical_density_SQ_equals_minus_legacy_contact_already_included,,raw/delta_symmetry/task_0044_s730021,200,0,0,0,,,/home/sunxr/PfQMC-main/reproduction/projector_kitaev/regression_stress/raw/delta_symmetry/task_0044_s730021/result.json,50.114061522,730021,0,20,150,20,10,44,10,80
6,0.72733063229241,0.029974016148244895,0.14202659323573574,0.03872630137525115,0.003265666220785655,,0.010542639062360776,,4,0.5961625,False,0,,,0.8646666666666667,0.008051006983619649,8,1,500,delta_symmetry,,,,5.1434724702296455,,0.6,0,0,0,0,0,0,0,0.1,,,0,,0,0.1,0,,0,,,,4.353584912706523e-10,,8.001346748632973e-07,3000,,inf,static_regression_projector,0.7,False,0,203,physical_density_SQ_equals_minus_legacy_contact_already_included,,raw/delta_symmetry/task_0045_s730022,200,0,0,0,,,/home/sunxr/PfQMC-main/reproduction/projector_kitaev/regression_stress/raw/delta_symmetry/task_0045_s730022/result.json,63.306563828,730022,0,20,150,20,10,45,10,80
6,0.8221395268604185,0.0378854673094019,0.16865725125325914,0.029997458506325955,0.006363801307627232,,0.019149253226079993,,4,0.5957421666666667,False,0,,,0.8586666666666667,0.007941305149997708,8,1,500,delta_symmetry,,,,5.0526823988004175,,0.6,0,0,0,0,0,0,0,0.1,,,0,,0,0.1,0,,0,,,,4.155956740438996e-11,,4.3167038513513574e-05,3000,,inf,static_regression_projector,0.7,False,0,212,physical_density_SQ_equals_minus_legacy_contact_already_included,,raw/delta_symmetry/task_0046_s730023,200,0,0,0,,,/home/sunxr/PfQMC-main/reproduction/projector_kitaev/regression_stress/raw/delta_symmetry/task_0046_s730023/result.json,56.743131526,730023,0,20,150,20,10,46,10,80
6,0.7401437121966621,0.017211896670740093,0.14869495029626692,0.038639317799089766,0.0016859005072906467,,0.005151822372238248,,4,0.5960195,False,0,,,0.8546666666666667,0.010094292290304716,8,1,500,delta_symmetry,,,,8.10568000367103,,0.6,0,0,0,0,0,0,0,0.1,,,0,,0,0.1,0,,0,,,,3.87093279512614e-12,,2.8250361527812146e-06,3000,,inf,static_regression_projector,0.7,False,0,218,physical_density_SQ_equals_minus_legacy_contact_already_included,,raw/delta_symmetry/task_0047_s730024,200,0,0,0,,,/home/sunxr/PfQMC-main/reproduction/projector_kitaev/regression_stress/raw/delta_symmetry/task_0047_s730024/result.json,55.742971054,730024,0,20,150,20,10,47,10,80
6,0.5804802291857335,,0.10767033672653431,0.045169834987010576,,,,,2.0,,,,,,,,8.0,PBC,0,delta_ed,,,,,,-0.6,,,,,,,0,0.1,"[0.06008624857619202, 0.05880427832547122, 0.021335501568136683]","[-5.923401333816166, -4.732978044637704, -4.732978044637703, -4.253422416091249, -3.7015520048846726, -3.7015520048846704]",,-5.923401333816166,0,,,,0,"[0, 1, 2, 3, 4, 5]","[0.0, 0.0, -1.6, -0.4]",,,,,0,static_projector_same_contour_exact_general,,,0.7,,,,,"[0.1076703367265352, 0.045169834987010334, 0.5804802291857392]",raw/delta_ed/task_0000_s730001,,,,,,,/home/sunxr/PfQMC-main/reproduction/projector_kitaev/regression_stress/raw/delta_ed/task_0000_s730001/result.json,,730001,,,,20,10,0,10.0,
6,0.5804802291857335,,0.10767033672653431,0.045169834987010576,,,,,2.0,,,,,,,,8.0,PBC,0,delta_ed,,,,,,0.6,,,,,,,0,0.1,"[0.06008624857619202, 0.05880427832547122, 0.021335501568136683]","[-5.923401333816159, -4.732978044637705, -4.732978044637702, -4.253422416091239, -3.7015520048846726, -3.7015520048846695]",,-5.923401333816159,0,,,,0,"[0, 1, 2, 3, 4, 5]","[0.0, 0.0, -0.4, -1.6]",,,,,0,static_projector_same_contour_exact_general,,,0.7,,,,,"[0.1076703367265352, 0.045169834987010334, 0.5804802291857392]",raw/delta_ed/task_0001_s730001,,,,,,,/home/sunxr/PfQMC-main/reproduction/projector_kitaev/regression_stress/raw/delta_ed/task_0001_s730001/result.json,,730001,,,,20,10,1,10.0,
6,0.8235126248896182,,0.16681395889785475,0.029440557737653503,,,,,4.0,,,,,,,,8.0,PBC,0,delta_ed,,,,,,-0.6,,,,,,,0,0.1,"[0.061290767685082445, 0.06118009646340529, 0.0018056752404504994]","[-7.808637563061583, -6.908924747395532, -5.606803716153985, -5.606803716153967, -4.529639882220284, -4.529639882220281]",,-7.808637563061583,0,,,,0,"[0, 1, 2, 3, 4, 5]","[0.0, 0.0, -1.6, -0.4]",,,,,0,static_projector_same_contour_exact_general,,,0.7,,,,,"[0.16681395889785475, 0.029440557737653503, 0.8235126248896182]",raw/delta_ed/task_0002_s730007,,,,,,,/home/sunxr/PfQMC-main/reproduction/projector_kitaev/regression_stress/raw/delta_ed/task_0002_s730007/result.json,,730007,,,,20,10,2,10.0,
6,0.8235126248896182,,0.16681395889785475,0.029440557737653503,,,,,4.0,,,,,,,,8.0,PBC,0,delta_ed,,,,,,0.6,,,,,,,0,0.1,"[0.061290767685082445, 0.06118009646340529, 0.0018056752404504994]","[-7.808637563061573, -6.908924747395521, -5.60680371615399, -5.606803716153975, -4.5296398822202875, -4.529639882220285]",,-7.808637563061573,0,,,,0,"[0, 1, 2, 3, 4, 5]","[0.0, 0.0, -0.4, -1.6]",,,,,0,static_projector_same_contour_exact_general,,,0.7,,,,,"[0.16681395889785475, 0.029440557737653503, 0.8235126248896182]",raw/delta_ed/task_0003_s730007,,,,,,,/home/sunxr/PfQMC-main/reproduction/projector_kitaev/regression_stress/raw/delta_ed/task_0003_s730007/result.json,,730007,,,,20,10,3,10.0,
6,0.5236548827600419,,0.10159753653979048,0.04839549045433742,,,,,2.0,,,,,,,,8.0,OBC,0,delta_ed,,,,,,-0.6,,,,,,,0,0.1,"[0.05813201946186297, 0.05673791615159223, 0.023981676934263896]","[-5.185591064853402, -5.01641428163958, -4.065701386971634, -3.7012270390787365, -3.6233761897134165, -3.352358452506942]",,-5.185591064853402,0,,,,0,"[0, 1, 2, 3, 4]","[0.0, 0.0, 0.0, 0.0]",,,,,0,static_projector_same_contour_exact_general,,,0.7,,,,,"[0.1038697530144539, 0.047959379293529794, 0.5382738679771767]",raw/delta_ed/task_0004_s730013,,,,,,,/home/sunxr/PfQMC-main/reproduction/projector_kitaev/regression_stress/raw/delta_ed/task_0004_s730013/result.json,,730013,,,,20,10,4,10.0,
6,0.5236548827600419,,0.10159753653979048,0.04839549045433742,,,,,2.0,,,,,,,,8.0,OBC,0,delta_ed,,,,,,0.6,,,,,,,0,0.1,"[0.05813201946186297, 0.05673791615159223, 0.023981676934263896]","[-5.1855910648534165, -5.016414281639589, -4.06570138697163, -3.7012270390787427, -3.623376189713438, -3.352358452506936]",,-5.1855910648534165,0,,,,0,"[0, 1, 2, 3, 4]","[0.0, 0.0, 0.0, 0.0]",,,,,0,static_projector_same_contour_exact_general,,,0.7,,,,,"[0.1038697530144539, 0.047959379293529794, 0.5382738679771767]",raw/delta_ed/task_0005_s730013,,,,,,,/home/sunxr/PfQMC-main/reproduction/projector_kitaev/regression_stress/raw/delta_ed/task_0005_s730013/result.json,,730013,,,,20,10,5,10.0,
6,0.7526175939958554,,0.1478327002768278,0.03657120908057124,,,,,4.0,,,,,,,,8.0,OBC,0,delta_ed,,,,,,-0.6,,,,,,,0,0.1,"[0.05922155279480801, 0.06147712139436137, -0.03808695471678192]","[-6.8582509292891976, -6.070551578109425, -6.061193086177394, -4.717982623677302, -4.6219265528356805, -4.322924339457572]",,-6.8582509292891976,0,,,,0,"[0, 1, 2, 3, 4]","[0.0, 0.0, 0.0, 0.0]",,,,,0,static_projector_same_contour_exact_general,,,0.7,,,,,"[0.14783272256048652, 0.036571202817309044, 0.7526176736524233]",raw/delta_ed/task_0006_s730019,,,,,,,/home/sunxr/PfQMC-main/reproduction/projector_kitaev/regression_stress/raw/delta_ed/task_0006_s730019/result.json,,730019,,,,20,10,6,10.0,
6,0.7526175939958554,,0.1478327002768278,0.03657120908057124,,,,,4.0,,,,,,,,8.0,OBC,0,delta_ed,,,,,,0.6,,,,,,,0,0.1,"[0.05922155279480801, 0.06147712139436137, -0.03808695471678192]","[-6.858250929289204, -6.070551578109428, -6.061193086177399, -4.717982623677301, -4.621926552835671, -4.322924339457571]",,-6.858250929289204,0,,,,0,"[0, 1, 2, 3, 4]","[0.0, 0.0, 0.0, 0.0]",,,,,0,static_projector_same_contour_exact_general,,,0.7,,,,,"[0.14783272256048652, 0.036571202817309044, 0.7526176736524233]",raw/delta_ed/task_0007_s730019,,,,,,,/home/sunxr/PfQMC-main/reproduction/projector_kitaev/regression_stress/raw/delta_ed/task_0007_s730019/result.json,,730019,,,,20,10,7,10.0,
18,1.5398654077566292,0.45876320424256795,0.9075934183628014,-0.48997829088166683,0.038670322586471725,,0.09929351336612324,,4,0.6308771347736626,False,0,,,0.01,0.020534228161267598,8,0,500,stability,,,,16.236907453251998,,1,2.9976021664879227e-15,2.3592239273284576e-16,0,30,1.850893532840315e-13,0,100,0.1,,,0,,0,0.1,0,,0,,,,5.383599541489815e-12,,3.7444999849563047e-06,3000,,inf,static_regression_projector,0,False,0,1485,physical_density_SQ_equals_minus_legacy_contact_already_included,,raw/stability/task_0000_s740001,360,0,0,0,,,/home/sunxr/PfQMC-main/reproduction/projector_kitaev/regression_stress/raw/stability/task_0000_s740001/result.json,929.479412066,740001,0,20,150,20,5,0,18,80
18,1.0920165188546298,0.3358755304232167,0.5157526148942667,-0.0474577602127429,0.04867823169657052,,0.15604177682558426,,4,0.6308486368312757,False,0,,,-0.03,0.022012755472879172,8,0,500,stability,,,,10.870498607220561,,1,8.181899602277554e-12,4.0787685728904677e-16,0,30,1.3329274828067395e-13,0,100,0.1,,,0,,0,0.1,0,,0,,,,2.4338316425657402e-11,,2.5171471742065153e-06,3000,,inf,static_regression_projector,0,False,0,1545,physical_density_SQ_equals_minus_legacy_contact_already_included,,raw/stability/task_0001_s740002,360,0,0,0,,,/home/sunxr/PfQMC-main/reproduction/projector_kitaev/regression_stress/raw/stability/task_0001_s740002/result.json,1308.797874713,740002,0,20,150,20,5,1,18,80
18,1.6958948309321649,0.36149302992557314,-11.083138452838726,7.71269875983598,0.1735791328961835,,0.23568821681814228,,4,0.6305429012345679,False,0,,,0.002,0.016285399406882374,8,0,500,stability,,,,15.031299106246383,,1,2.942091015256665e-13,7.528699885739343e-16,0,30,5.134206543657127e-12,0,100,0.1,,,0,,0,0.1,0,,0,,,,1.3277786612082914e-10,,7.380111754801153e-07,3000,,inf,static_regression_projector,0,False,0,1497,physical_density_SQ_equals_minus_legacy_contact_already_included,,raw/stability/task_0002_s740003,360,0,0,0,,,/home/sunxr/PfQMC-main/reproduction/projector_kitaev/regression_stress/raw/stability/task_0002_s740003/result.json,1308.353545994,740003,0,20,150,20,5,2,18,80
18,1.9898689449008042,1.2183149434173213,1.2535154354505351,-1.2408160015062935,0.10787922018360199,,0.2940025730007993,,4,0.6308472222222222,False,0,,,-0.0026666666666666666,0.01119634895323913,8,0,500,stability,,,,10.995957720436524,,1,1.1546319456101628e-14,1.8735013540549517e-16,0,30,5.060312515938851e-13,0,100,0.1,,,0,,0,0.1,0,,0,,,,1.7059684357531978e-11,,5.951321252288081e-06,3000,,inf,static_regression_projector,0,False,0,1504,physical_density_SQ_equals_minus_legacy_contact_already_included,,raw/stability/task_0003_s740004,360,0,0,0,,,/home/sunxr/PfQMC-main/reproduction/projector_kitaev/regression_stress/raw/stability/task_0003_s740004/result.json,949.74172081,740004,0,20,150,20,5,3,18,80
18,2.0699742997047967,8.963822594290663,0.3368012320087679,-0.3603686623582942,0.07874844150899529,,0.09729692479616221,,4,0.630783153292181,False,0,,,-0.005333333333333333,0.022150996967781535,8,0,500,stability,,,,29.37871158387449,,1,1.0029754804463664e-12,2.220446049250313e-16,0,30,5.687147561387841e-13,0,100,0.1,,,0,,0,0.1,0,,0,,,,9.947384343246042e-11,,5.030004052408019e-06,3000,,inf,static_regression_projector,0,False,0,1508,physical_density_SQ_equals_minus_legacy_contact_already_included,,raw/stability/task_0004_s740005,360,0,0,0,,,/home/sunxr/PfQMC-main/reproduction/projector_kitaev/regression_stress/raw/stability/task_0004_s740005/result.json,822.993369361,740005,0,20,150,20,5,4,18,80
18,-1.1350218438120026,0.6848633097389419,0.045173779314897806,0.09644700560484962,0.02952720211341343,,0.02843813665784476,,4,0.6309162551440329,False,0,,,0.01,0.02414366721661535,8,0,500,stability,,,,16.93868304624781,,1,1.2745360322696797e-12,1.0200174038743626e-15,0,30,4.6714395864844e-13,0,100,0.1,,,0,,0,0.1,0,,0,,,,3.8664692746750074e-11,,8.744212831550005e-05,3000,,inf,static_regression_projector,0,False,0,1485,physical_density_SQ_equals_minus_legacy_contact_already_included,,raw/stability/task_0005_s740006,360,0,0,0,,,/home/sunxr/PfQMC-main/reproduction/projector_kitaev/regression_stress/raw/stability/task_0005_s740006/result.json,1268.480896142,740006,0,20,150,20,5,5,18,80
18,1.539865407756948,0.45876320424262335,0.9075934183627901,-0.48997829088194994,0.03867032258646078,,0.09929351336612333,,4,0.6308771347736626,False,0,,,0.01,0.020534228161267598,8,0,500,stability,,,,16.236907453251952,,1,2.9753977059954195e-14,8.326672684688674e-17,0,30,2.763276507758814e-13,0,100,0.1,,,0,,0,0.1,0,,0,,,,4.3926632284103144e-12,,9.403142162984753e-05,3000,,inf,static_regression_projector,0,False,0,1485,physical_density_SQ_equals_minus_legacy_contact_already_included,,raw/stability/task_0006_s740001,360,0,0,0,,,/home/sunxr/PfQMC-main/reproduction/projector_kitaev/regression_stress/raw/stability/task_0006_s740001/result.json,645.358055718,740001,0,20,150,20,10,6,18,80
18,1.0920165188544455,0.33587553042348034,0.5157526148942486,-0.04745776021264616,0.048678231696512426,,0.15604177682557935,,4,0.6308486368312757,False,0,,,-0.03,0.022012755472879172,8,0,500,stability,,,,10.870498607220563,,1,1.4033219031261979e-11,6.700369425960417e-16,0,30,1.7868386392243098e-13,0,100,0.1,,,0,,0,0.1,0,,0,,,,2.5468284131314957e-12,,1.0213113785800676e-05,3000,,inf,static_regression_projector,0,False,0,1545,physical_density_SQ_equals_minus_legacy_contact_already_included,,raw/stability/task_0007_s740002,360,0,0,0,,,/home/sunxr/PfQMC-main/reproduction/projector_kitaev/regression_stress/raw/stability/task_0007_s740002/result.json,1035.650165992,740002,0,20,150,20,10,7,18,80
18,1.6958948309300221,0.36149302992550303,-11.083138452824798,7.712698759802541,0.17357913289543325,,0.235688216817857,,4,0.6305429012345679,False,0,,,0.002,0.016285399406882374,8,0,500,stability,,,,15.031299106246335,,1,1.8751666885918894e-13,4.544975507059235e-16,0,30,8.42299242958862e-12,0,100,0.1,,,0,,0,0.1,0,,0,,,,1.846707562699115e-10,,1.4537263149760056e-05,3000,,inf,static_regression_projector,0,False,0,1497,physical_density_SQ_equals_minus_legacy_contact_already_included,,raw/stability/task_0008_s740003,360,0,0,0,,,/home/sunxr/PfQMC-main/reproduction/projector_kitaev/regression_stress/raw/stability/task_0008_s740003/result.json,1035.261874823,740003,0,20,150,20,10,8,18,80
18,1.9898689449041296,1.218314943417649,1.2535154354505194,-1.2408160015104461,0.1078792201835984,,0.29400257300078825,,4,0.6308472222222222,False,0,,,-0.0026666666666666666,0.01119634895323913,8,0,500,stability,,,,10.99595772043652,,1,7.327471962526033e-15,2.3592239273284576e-16,0,30,4.973854479868514e-13,0,100,0.1,,,0,,0,0.1,0,,0,,,,5.683099326458747e-11,,1.350850522718071e-05,3000,,inf,static_regression_projector,0,False,0,1504,physical_density_SQ_equals_minus_legacy_contact_already_included,,raw/stability/task_0009_s740004,360,0,0,0,,,/home/sunxr/PfQMC-main/reproduction/projector_kitaev/regression_stress/raw/stability/task_0009_s740004/result.json,734.196747447,740004,0,20,150,20,10,9,18,80
18,2.069974299704998,8.963822594314717,0.3368012320087158,-0.3603686623583062,0.07874844150899746,,0.09729692479616277,,4,0.630783153292181,False,0,,,-0.005333333333333333,0.022150996967781535,8,0,500,stability,,,,29.3787115838747,,1,3.920419544556353e-12,2.502338614096544e-16,0,30,1.3951064626517025e-12,0,100,0.1,,,0,,0,0.1,0,,0,,,,1.060754916597671e-09,,0.0004504152105607477,3000,,inf,static_regression_projector,0,False,0,1508,physical_density_SQ_equals_minus_legacy_contact_already_included,,raw/stability/task_0010_s740005,360,0,0,0,,,/home/sunxr/PfQMC-main/reproduction/projector_kitaev/regression_stress/raw/stability/task_0010_s740005/result.json,786.754761459,740005,0,20,150,20,10,10,18,80
18,-1.1350218439301232,0.6848633097172131,0.04517377931490039,0.09644700561019108,0.029527202112130887,,0.028438136657844677,,4,0.6309162551440329,False,0,,,0.01,0.02414366721661535,8,0,500,stability,,,,16.93868304624781,,1,1.2034817586936697e-12,1.3114509478384662e-15,0,30,3.1744217000814757e-13,0,100,0.1,,,0,,0,0.1,0,,0,,,,2.2774987983745472e-10,,7.239470660027711e-05,3000,,inf,static_regression_projector,0,False,0,1485,physical_density_SQ_equals_minus_legacy_contact_already_included,,raw/stability/task_0011_s740006,360,0,0,0,,,/home/sunxr/PfQMC-main/reproduction/projector_kitaev/regression_stress/raw/stability/task_0011_s740006/result.json,645.956515236,740006,0,20,150,20,10,11,18,80
18,1.5398654077567926,0.4587632042435844,0.9075934183628451,-0.48997829088183875,0.03867032258648737,,0.09929351336612148,,4,0.6308771347736626,False,0,,,0.01,0.020534228161267598,8,0,500,stability,,,,16.236907453252137,,1,1.3677947663381929e-13,5.204170427930421e-16,0,30,1.076466908884459e-12,0,100,0.1,,,0,,0,0.1,0,,0,,,,2.4657790281799735e-11,,0.023253574187914548,3000,,inf,static_regression_projector,0,False,0,1485,physical_density_SQ_equals_minus_legacy_contact_already_included,,raw/stability/task_0012_s740001,360,0,0,0,,,/home/sunxr/PfQMC-main/reproduction/projector_kitaev/regression_stress/raw/stability/task_0012_s740001/result.json,804.030471698,740001,2,20,150,20,20,12,18,80
18,1.092016518861899,0.3358755304224694,0.5157526148943324,-0.04745776021649812,0.04867823169876912,,0.15604177682559933,,4,0.6308486368312757,False,0,,,-0.03,0.022012755472879172,8,0,500,stability,,,,10.870498607220567,,1,1.4946266446713707e-11,6.368603561179853e-16,0,30,3.66954915462052e-13,0,100,0.1,,,0,,0,0.1,0,,0,,,,6.408156204167383e-11,,0.00728509956807524,3000,,inf,static_regression_projector,0,False,0,1545,physical_density_SQ_equals_minus_legacy_contact_already_included,,raw/stability/task_0013_s740002,360,0,0,0,,,/home/sunxr/PfQMC-main/reproduction/projector_kitaev/regression_stress/raw/stability/task_0013_s740002/result.json,557.083728829,740002,0,20,150,20,20,13,18,80
18,1.69589483097276,0.36149302992597876,-11.083138452761085,7.712698760231871,0.17357913290429197,,0.2356882168165471,,4,0.6305429012345679,False,0,,,0.002,0.016285399406882374,8,0,500,stability,,,,15.031299106246978,,1,2.6290081223123707e-13,1.6930901125533637e-15,0,30,2.876278987050345e-11,0,100,0.1,,,0,,0,0.1,0,,0,,,,9.150947527556139e-10,,0.008525190321070764,3000,,inf,static_regression_projector,0,False,0,1497,physical_density_SQ_equals_minus_legacy_contact_already_included,,raw/stability/task_0014_s740003,360,0,0,0,,,/home/sunxr/PfQMC-main/reproduction/projector_kitaev/regression_stress/raw/stability/task_0014_s740003/result.json,907.940145323,740003,0,20,150,20,20,14,18,80
18,1.9898689449075622,1.2183149434196952,1.2535154354518814,-1.2408160015160972,0.10787922018356365,,0.29400257300066934,,4,0.6308472222222222,False,0,,,-0.0026666666666666666,0.01119634895323913,8,0,500,stability,,,,10.995957720436506,,1,1.7408297026122455e-13,8.257283745649602e-16,0,30,5.29712145213105e-12,0,100,0.1,,,0,,0,0.1,0,,0,,,,1.6088633675555608e-10,,0.003783297003456658,3000,,inf,static_regression_projector,0,False,0,1504,physical_density_SQ_equals_minus_legacy_contact_already_included,,raw/stability/task_0015_s740004,360,0,0,0,,,/home/sunxr/PfQMC-main/reproduction/projector_kitaev/regression_stress/raw/stability/task_0015_s740004/result.json,555.630812455,740004,0,20,150,20,20,15,18,80
18,2.0699742997039827,8.963822594606443,0.3368012320087567,-0.36036866235800813,0.07874844150901654,,0.09729692479614176,,4,0.630783153292181,False,0,,,-0.005333333333333333,0.022150996967781535,8,0,500,stability,,,,29.378711583876026,,1,6.397904428467882e-11,4.129075553693795e-15,0,30,1.6612830315225539e-12,0,100,0.1,,,0,,0,0.1,0,,0,,,,7.722157227819158e-10,,0.02429407028832073,3000,,inf,static_regression_projector,0,False,0,1508,physical_density_SQ_equals_minus_legacy_contact_already_included,,raw/stability/task_0016_s740005,360,0,0,0,,,/home/sunxr/PfQMC-main/reproduction/projector_kitaev/regression_stress/raw/stability/task_0016_s740005/result.json,667.219736106,740005,1,20,150,20,20,16,18,80
18,-1.135021843878874,0.6848633097301215,0.04517377931481976,0.0964470056077038,0.029527202112765254,,0.028438136657842353,,4,0.6309162551440329,False,0,,,0.01,0.02414366721661535,8,0,500,stability,,,,16.93868304624783,,1,4.2732484217822275e-13,2.3377133562263452e-14,0,30,7.655962230321924e-13,0,100,0.1,,,0,,0,0.1,0,,0,,,,2.877453295980603e-10,,0.005909985216195635,3000,,inf,static_regression_projector,0,False,0,1485,physical_density_SQ_equals_minus_legacy_contact_already_included,,raw/stability/task_0017_s740006,360,0,0,0,,,/home/sunxr/PfQMC-main/reproduction/projector_kitaev/regression_stress/raw/stability/task_0017_s740006/result.json,923.03990124,740006,1,20,150,20,20,17,18,80
10,0.9435756279822131,0.2242094288287525,0.15240775250119223,0.008599511725522075,0.02795667641319012,,0.06878052688434864,,4,0.6280075833333333,False,0,,,0.13733333333333334,0.017574569612824758,8,0,500,stability,,,,6.81198152070297,,1,9.325873406851315e-15,3.2751579226442118e-15,0,30,3.043565363238507e-14,0,100,0.1,,,0,,0,0.1,0,,0,,,,1.3326144070589629e-12,,4.1249464795771545e-06,3000,,inf,static_regression_projector,0,False,0,1294,physical_density_SQ_equals_minus_legacy_contact_already_included,,raw/stability/task_0018_s740007,200,0,0,0,,,/home/sunxr/PfQMC-main/reproduction/projector_kitaev/regression_stress/raw/stability/task_0018_s740007/result.json,156.667650247,740007,0,20,150,20,10,18,10,80
10,0.8574032937001186,0.2805706302174679,0.16514629425788735,0.023549317618805764,0.023916383031545176,,0.06712648200636165,,4,0.6279763333333334,False,0,,,0.142,0.016817562527213184,8,0,500,stability,,,,9.381947328351517,,1,8.43769498715119e-15,2.914335439641036e-15,0,30,5.0894661780312794e-14,0,100,0.1,,,0,,0,0.1,0,,0,,,,2.685119851051862e-12,,3.0276941343919653e-06,3000,,inf,static_regression_projector,0,False,0,1287,physical_density_SQ_equals_minus_legacy_contact_already_included,,raw/stability/task_0019_s740008,200,0,0,0,,,/home/sunxr/PfQMC-main/reproduction/projector_kitaev/regression_stress/raw/stability/task_0019_s740008/result.json,111.344137231,740008,0,20,150,20,10,19,10,80
10,0.805488786001718,0.9715254555451823,0.25864952450496925,0.05031023301153995,0.03269879007644924,,0.35044270966345753,,4,0.6278981666666666,False,0,,,0.14933333333333335,0.019978936276409766,8,0,500,stability,,,,9.46163947283758,,1,1.2612133559741778e-13,1.8318679906315083e-15,0,30,1.0658662767396451e-13,0,100,0.1,,,0,,0,0.1,0,,0,,,,7.039164471323373e-12,,4.145357967369166e-06,3000,,inf,static_regression_projector,0,False,0,1276,physical_density_SQ_equals_minus_legacy_contact_already_included,,raw/stability/task_0020_s740009,200,0,0,0,,,/home/sunxr/PfQMC-main/reproduction/projector_kitaev/regression_stress/raw/stability/task_0020_s740009/result.json,110.84393919,740009,0,20,150,20,10,20,10,80
10,0.8322626381340333,0.18228283592105624,0.14938149275107057,0.025056857505664595,0.016884100150070518,,0.05978759744025406,,4,0.628134,False,0,,,0.13333333333333333,0.02117043066408721,8,0,500,stability,,,,7.036712847137063,,1,5.023759186428833e-15,3.885780586188048e-16,0,30,3.0712400886325805e-14,0,100,0.1,,,0,,0,0.1,0,,0,,,,2.708153634767711e-12,,3.9608102984422033e-05,3000,,inf,static_regression_projector,0,False,0,1300,physical_density_SQ_equals_minus_legacy_contact_already_included,,raw/stability/task_0021_s740010,200,0,0,0,,,/home/sunxr/PfQMC-main/reproduction/projector_kitaev/regression_stress/raw/stability/task_0021_s740010/result.json,137.390925931,740010,0,20,150,20,10,21,10,80
10,0.5359185352357593,0.7007645975723795,0.08285815100951112,0.03845293208815057,0.02985105935882635,,0.08689232529717016,,4,0.6278234166666666,False,0,,,0.16866666666666666,0.021046132850106328,8,0,500,stability,,,,7.332258041712905,,1,1.5543122344752192e-15,6.38378239159465e-16,0,30,1.892239647110212e-14,0,100,0.1,,,0,,0,0.1,0,,0,,,,3.270966695626104e-10,,9.408771404026404e-08,3000,,inf,static_regression_projector,0,False,0,1247,physical_density_SQ_equals_minus_legacy_contact_already_included,,raw/stability/task_0022_s740011,200,0,0,0,,,/home/sunxr/PfQMC-main/reproduction/projector_kitaev/regression_stress/raw/stability/task_0022_s740011/result.json,130.717559561,740011,0,20,150,20,10,22,10,80
10,0.3328280887506261,0.31503678869091967,0.05890405859460355,0.03929913335290676,0.026988912470608396,,0.11746943712402033,,4,0.6279019166666666,False,0,,,0.118,0.012435564918965329,8,0,500,stability,,,,7.27643960464542,,1,1.5543122344752192e-15,1.6653345369377348e-16,0,30,2.2857080345510684e-14,0,100,0.1,,,0,,0,0.1,0,,0,,,,2.8732358297482126e-12,,5.96260721741487e-07,3000,,inf,static_regression_projector,0,False,0,1323,physical_density_SQ_equals_minus_legacy_contact_already_included,,raw/stability/task_0023_s740012,200,0,0,0,,,/home/sunxr/PfQMC-main/reproduction/projector_kitaev/regression_stress/raw/stability/task_0023_s740012/result.json,136.419294048,740012,0,20,150,20,10,23,10,80
10,0.9435756279822131,0.2242094288287525,0.15240775250119223,0.008599511725522075,0.02795667641319012,,0.06878052688434864,,4,0.6280075833333333,True,146982,,,0.13733333333333334,0.017574569612824758,8,0,500,stability,,,,6.81198152070297,,1,9.325873406851315e-15,3.2751579226442118e-15,0,30,3.043565363238507e-14,0,100,0.1,,,146982,,1,0.1,0.020233,,0,,,,1.3326144070589629e-12,,1.0606190836409686e-06,3000,,7.895660412149397e-07,static_regression_projector,0,False,0,1294,physical_density_SQ_equals_minus_legacy_contact_already_included,,raw/stability/task_0024_s740007,200,5351,141631,7000000,,,/home/sunxr/PfQMC-main/reproduction/projector_kitaev/regression_stress/raw/stability/task_0024_s740007/result.json,4762.895507031,740007,0,20,150,20,10,24,10,80
10,0.8574032937001186,0.2805706302174679,0.16514629425788735,0.023549317618805764,0.023916383031545176,,0.06712648200636165,,4,0.6279763333333334,True,148626,,,0.142,0.016817562527213184,8,0,500,stability,,,,9.381947328351517,,1,8.43769498715119e-15,2.914335439641036e-15,0,30,5.0894661780312794e-14,0,100,0.1,,,148626,,1,0.1,0.020428857142857144,,0,,,,2.685119851051862e-12,,2.9159233822630535e-06,3000,,1.5610931214382617e-07,static_regression_projector,0,False,0,1287,physical_density_SQ_equals_minus_legacy_contact_already_included,,raw/stability/task_0025_s740008,200,5624,143002,7000000,,,/home/sunxr/PfQMC-main/reproduction/projector_kitaev/regression_stress/raw/stability/task_0025_s740008/result.json,4827.048174452,740008,0,20,150,20,10,25,10,80
10,0.805488786001718,0.9715254555451823,0.25864952450496925,0.05031023301153995,0.03269879007644924,,0.35044270966345753,,4,0.6278981666666666,True,147145,,,0.14933333333333335,0.019978936276409766,8,0,500,stability,,,,9.46163947283758,,1,1.2612133559741778e-13,1.8318679906315083e-15,0,30,1.0658662767396451e-13,0,100,0.1,,,147145,,1,0.1,0.02023485714285714,,0,,,,7.039164471323373e-12,,4.222705452959587e-06,3000,,5.90787958554273e-08,static_regression_projector,0,False,0,1276,physical_density_SQ_equals_minus_legacy_contact_already_included,,raw/stability/task_0026_s740009,200,5501,141644,7000000,,,/home/sunxr/PfQMC-main/reproduction/projector_kitaev/regression_stress/raw/stability/task_0026_s740009/result.json,5428.778290393,740009,0,20,150,20,10,26,10,80
10,0.8322626381340333,0.18228283592105624,0.14938149275107057,0.025056857505664595,0.016884100150070518,,0.05978759744025406,,4,0.628134,True,148138,,,0.13333333333333333,0.02117043066408721,8,0,500,stability,,,,7.036712847137063,,1,5.023759186428833e-15,3.885780586188048e-16,0,30,3.0712400886325805e-14,0,100,0.1,,,148138,,1,0.1,0.020365,,0,,,,2.708153634767711e-12,,8.454329134494371e-05,3000,,7.832947936936563e-07,static_regression_projector,0,False,0,1300,physical_density_SQ_equals_minus_legacy_contact_already_included,,raw/stability/task_0027_s740010,200,5583,142555,7000000,,,/home/sunxr/PfQMC-main/reproduction/projector_kitaev/regression_stress/raw/stability/task_0027_s740010/result.json,4606.567841325,740010,0,20,150,20,10,27,10,80
10,0.5359185352357593,0.7007645975723795,0.08285815100951112,0.03845293208815057,0.02985105935882635,,0.08689232529717016,,4,0.6278234166666666,True,146957,,,0.16866666666666666,0.021046132850106328,8,0,500,stability,,,,7.332258041712905,,1,1.5543122344752192e-15,6.38378239159465e-16,0,30,1.892239647110212e-14,0,100,0.1,,,146957,,1,0.1,0.020187,,0,,,,3.270966695626104e-10,,7.159680742295088e-07,3000,,7.077058398197167e-07,static_regression_projector,0,False,0,1247,physical_density_SQ_equals_minus_legacy_contact_already_included,,raw/stability/task_0028_s740011,200,5648,141309,7000000,,,/home/sunxr/PfQMC-main/reproduction/projector_kitaev/regression_stress/raw/stability/task_0028_s740011/result.json,4819.746040723,740011,0,20,150,20,10,28,10,80
10,0.3328280887506261,0.31503678869091967,0.05890405859460355,0.03929913335290676,0.026988912470608396,,0.11746943712402033,,4,0.6279019166666666,True,148891,,,0.118,0.012435564918965329,8,0,500,stability,,,,7.27643960464542,,1,1.5543122344752192e-15,1.6653345369377348e-16,0,30,2.2857080345510684e-14,0,100,0.1,,,148891,,1,0.1,0.020449714285714286,,0,,,,2.8732358297482126e-12,,4.550563608695365e-07,3000,,2.5303276462995683e-07,static_regression_projector,0,False,0,1323,physical_density_SQ_equals_minus_legacy_contact_already_included,,raw/stability/task_0029_s740012,200,5743,143148,7000000,,,/home/sunxr/PfQMC-main/reproduction/projector_kitaev/regression_stress/raw/stability/task_0029_s740012/result.json,5907.120388037,740012,0,20,150,20,10,29,10,80
10,0.936876783135668,0.12634677504568828,0.23382151248023214,0.014759566039835794,0.017941414480558783,,0.044711777413537324,,6,0.5602316666666667,False,0,,,0.17066666666666666,0.01560954444042374,8,0,500,stability,,,,6.742695527800682,,1,2.3092638912203256e-13,1.609823385706477e-15,0,30,4.8643500321199917e-14,0,100,0.1,,,0,,0,0.1,0,,0,,,,2.516541284677967e-12,,3.781496751380069e-05,3000,,inf,static_regression_projector,0,False,0,1244,physical_density_SQ_equals_minus_legacy_contact_already_included,,raw/stability/task_0030_s740013,200,0,0,0,,,/home/sunxr/PfQMC-main/reproduction/projector_kitaev/regression_stress/raw/stability/task_0030_s740013/result.json,138.973201818,740013,0,20,150,20,10,30,10,80
10,0.9136718438789777,0.08763472298669017,0.14582753633877188,0.012589022323797544,0.03460926267295712,,0.0843359904878615,,6,0.56058925,False,0,,,0.15466666666666667,0.018261261846064372,8,0,500,stability,,,,10.731217924682042,,1,7.438494264988549e-15,4.440892098500626e-16,0,30,3.817661894960516e-13,0,100,0.1,,,0,,0,0.1,0,,0,,,,4.750854397265603e-12,,3.9609904884673613e-05,3000,,inf,static_regression_projector,0,False,0,1268,physical_density_SQ_equals_minus_legacy_contact_already_included,,raw/stability/task_0031_s740014,200,0,0,0,,,/home/sunxr/PfQMC-main/reproduction/projector_kitaev/regression_stress/raw/stability/task_0031_s740014/result.json,159.131917735,740014,1,20,150,20,10,31,10,80
10,0.9747902717558634,0.1184100056572309,0.21056832192479585,0.005308370172547976,0.02293798876085651,,0.0963044040878661,,6,0.5602930833333334,False,0,,,0.11666666666666667,0.018350072103368708,8,0,500,stability,,,,7.673375044967124,,1,6.80566714095221e-14,6.161737786669619e-15,0,30,2.5222852788845496e-13,0,100,0.1,,,0,,0,0.1,0,,0,,,,2.59677483271225e-12,,6.426984986788342e-06,3000,,inf,static_regression_projector,0,False,0,1325,physical_density_SQ_equals_minus_legacy_contact_already_included,,raw/stability/task_0032_s740015,200,0,0,0,,,/home/sunxr/PfQMC-main/reproduction/projector_kitaev/regression_stress/raw/stability/task_0032_s740015/result.json,153.580259252,740015,1,20,150,20,10,32,10,80
10,0.8950808659173969,0.2220546316838422,0.14944364326243387,0.015679497645244005,0.04200442531351071,,0.05622516000045523,,6,0.560705,False,0,,,0.166,0.022550268731947317,8,0,500,stability,,,,12.844756076887919,,1,1.0436096431476471e-14,1.1657341758564144e-15,0,30,4.957921510658127e-14,0,100,0.1,,,0,,0,0.1,0,,0,,,,7.925113698756803e-12,,1.86876248065613e-05,3000,,inf,static_regression_projector,0,False,0,1251,physical_density_SQ_equals_minus_legacy_contact_already_included,,raw/stability/task_0033_s740016,200,0,0,0,,,/home/sunxr/PfQMC-main/reproduction/projector_kitaev/regression_stress/raw/stability/task_0033_s740016/result.json,168.07572196,740016,0,20,150,20,10,33,10,80
10,0.8446392366430667,0.15285933323406248,0.18398687938419533,0.028584342028788602,0.04084516436586209,,0.11890964609930596,,6,0.5604855,False,0,,,0.126,0.012061247207918686,8,0,500,stability,,,,7.896755571188425,,1,2.255973186038318e-13,2.0816681711721685e-15,0,30,5.142868521679819e-13,0,100,0.1,,,0,,0,0.1,0,,0,,,,3.6050066150023137e-12,,0.0003013112945556326,3000,,inf,static_regression_projector,0,False,0,1311,physical_density_SQ_equals_minus_legacy_contact_already_included,,raw/stability/task_0034_s740017,200,0,0,0,,,/home/sunxr/PfQMC-main/reproduction/projector_kitaev/regression_stress/raw/stability/task_0034_s740017/result.json,174.220624742,740017,1,20,150,20,10,34,10,80
10,0.9177562436897524,0.18157939534124015,0.14171458885432003,0.011655140111341625,0.012306568783415399,,0.05933653446335155,,6,0.5604114166666667,False,0,,,0.15266666666666667,0.017791622802158055,8,0,500,stability,,,,14.60230943965339,,1,2.55351295663786e-14,6.38378239159465e-16,0,30,4.6565682698974e-13,0,100,0.1,,,0,,0,0.1,0,,0,,,,1.2030984149872043e-11,,2.772780729551268e-06,3000,,inf,static_regression_projector,0,False,0,1271,physical_density_SQ_equals_minus_legacy_contact_already_included,,raw/stability/task_0035_s740018,200,0,0,0,,,/home/sunxr/PfQMC-main/reproduction/projector_kitaev/regression_stress/raw/stability/task_0035_s740018/result.json,165.853913887,740018,0,20,150,20,10,35,10,80
10,0.6024612647259473,0.011678993728519852,0.09305724828985541,0.03699386079323262,0.0004651897497448954,,0.0016717105226857717,,3.6,0.6505880555555555,False,0,,,1,0,8,1,500,known_physics,,,,6.489823376034755,,1,0,0,0,0,0,0,0,0.1,,,0,,0,0.1,0,,1,,,,5.360252640435331e-14,,3.182568125118019e-09,3000,,inf,static_regression_projector,0,False,0,0,physical_density_SQ_equals_minus_legacy_contact_already_included,,raw/known_physics/task_0000_s750001,200,0,0,0,,,/home/sunxr/PfQMC-main/reproduction/projector_kitaev/regression_stress/raw/known_physics/task_0000_s750001/result.json,124.335416672,750001,0,20,150,20,10,0,10,80
10,0.6074694980654202,0.00962567388589807,0.0940021349139189,0.036898705200682676,0.0004524459857611073,,0.001309153750080611,,3.6,0.6512762962962962,False,0,,,1,0,8,1,500,known_physics,,,,12.054522241449103,,1,0,0,0,0,0,0,0,0.1,,,0,,0,0.1,0,,1,,,,9.02147979427052e-14,,2.8744129172242226e-09,3000,,inf,static_regression_projector,0,False,0,0,physical_density_SQ_equals_minus_legacy_contact_already_included,,raw/known_physics/task_0001_s750002,200,0,0,0,,,/home/sunxr/PfQMC-main/reproduction/projector_kitaev/regression_stress/raw/known_physics/task_0001_s750002/result.json,164.299728675,750002,0,20,150,20,10,1,10,80
10,0.6045570715738737,0.010922570429575272,0.09304227029989277,0.036792907834804794,0.00048660106187748016,,0.0013629380347648303,,3.6,0.6519993518518519,False,0,,,1,0,8,1,500,known_physics,,,,8.7717922181991,,1,0,0,0,0,0,0,0,0.1,,,0,,0,0.1,0,,1,,,,2.171604960714531e-14,,7.164011464761661e-09,3000,,inf,static_regression_projector,0,False,0,0,physical_density_SQ_equals_minus_legacy_contact_already_included,,raw/known_physics/task_0002_s750003,200,0,0,0,,,/home/sunxr/PfQMC-main/reproduction/projector_kitaev/regression_stress/raw/known_physics/task_0002_s750003/result.json,156.120595523,750003,0,20,150,20,10,2,10,80
10,0.6094769863317898,0.008542055550014662,0.09346109875281645,0.036498709945692084,0.0003946938319840705,,0.001100046403846825,,3.6,0.6500333333333334,False,0,,,1,0,8,1,500,known_physics,,,,7.053278259024455,,1,0,0,0,0,0,0,0,0.1,,,0,,0,0.1,0,,1,,,,6.215990692604398e-14,,7.400758356294592e-09,3000,,inf,static_regression_projector,0,False,0,0,physical_density_SQ_equals_minus_legacy_contact_already_included,,raw/known_physics/task_0003_s750004,200,0,0,0,,,/home/sunxr/PfQMC-main/reproduction/projector_kitaev/regression_stress/raw/known_physics/task_0003_s750004/result.json,173.211516912,750004,0,20,150,20,10,3,10,80
10,0.6427230097970724,0.010368662139981666,0.10057884727349849,0.035934507831955474,0.0004298354362042295,,0.0015775121670360932,,3.8,0.6303049074074074,False,0,,,1,0,8,1,500,known_physics,,,,9.016534855921952,,1,0,0,0,0,0,0,0,0.1,,,0,,0,0.1,0,,1,,,,2.4587815570290398e-14,,2.3016237582727587e-08,3000,,inf,static_regression_projector,0,False,0,0,physical_density_SQ_equals_minus_legacy_contact_already_included,,raw/known_physics/task_0004_s750005,200,0,0,0,,,/home/sunxr/PfQMC-main/reproduction/projector_kitaev/regression_stress/raw/known_physics/task_0004_s750005/result.json,149.700346783,750005,0,20,150,20,10,4,10,80
10,0.6204795916730885,0.01143642121172278,0.09662749085178353,0.03667210478367378,0.00048589948148374505,,0.0016880819580453676,,3.8,0.6312038888888889,False,0,,,1,0,8,1,500,known_physics,,,,6.506998961047634,,1,0,0,0,0,0,0,0,0.1,,,0,,0,0.1,0,,1,,,,2.645858351340172e-14,,1.0077927570304131e-08,3000,,inf,static_regression_projector,0,False,0,0,physical_density_SQ_equals_minus_legacy_contact_already_included,,raw/known_physics/task_0005_s750006,200,0,0,0,,,/home/sunxr/PfQMC-main/reproduction/projector_kitaev/regression_stress/raw/known_physics/task_0005_s750006/result.json,156.894001859,750006,0,20,150,20,10,5,10,80
10,0.6390310724653983,0.008125133322006485,0.0992884187582932,0.03584003403578753,0.0003428121916864755,,0.0014266591922028986,,3.8,0.6299061111111112,False,0,,,1,0,8,1,500,known_physics,,,,15.753299764877513,,1,0,0,0,0,0,0,0,0.1,,,0,,0,0.1,0,,1,,,,1.5907920298523673e-14,,9.952324051813134e-09,3000,,inf,static_regression_projector,0,False,0,0,physical_density_SQ_equals_minus_legacy_contact_already_included,,raw/known_physics/task_0006_s750007,200,0,0,0,,,/home/sunxr/PfQMC-main/reproduction/projector_kitaev/regression_stress/raw/known_physics/task_0006_s750007/result.json,152.640066897,750007,0,20,150,20,10,6,10,80
10,0.6436272081946883,0.014764994776903656,0.09968425909726744,0.03552475771353723,0.0006636738540942812,,0.002255002610293819,,3.8,0.6297845370370371,False,0,,,1,0,8,1,500,known_physics,,,,13.086828870249187,,1,0,0,0,0,0,0,0,0.1,,,0,,0,0.1,0,,1,,,,8.718192471183142e-15,,2.7106337376298603e-09,3000,,inf,static_regression_projector,0,False,0,0,physical_density_SQ_equals_minus_legacy_contact_already_included,,raw/known_physics/task_0007_s750008,200,0,0,0,,,/home/sunxr/PfQMC-main/reproduction/projector_kitaev/regression_stress/raw/known_physics/task_0007_s750008/result.json,159.421276025,750008,0,20,150,20,10,7,10,80
10,0.6720321748568823,0.008188186567354271,0.10597872484979738,0.03475761190042893,0.00043691635926379127,,0.001463989733995435,,4,0.6094358333333333,False,0,,,1,0,8,1,500,known_physics,,,,22.725141816849337,,1,0,0,0,0,0,0,0,0.1,,,0,,0,0.1,0,,1,,,,5.413934597613062e-13,,1.7730795062322002e-07,3000,,inf,static_regression_projector,0,False,0,0,physical_density_SQ_equals_minus_legacy_contact_already_included,,raw/known_physics/task_0008_s750009,200,0,0,0,,,/home/sunxr/PfQMC-main/reproduction/projector_kitaev/regression_stress/raw/known_physics/task_0008_s750009/result.json,126.974667111,750009,0,20,150,20,10,8,10,80
10,0.6668913240782721,0.010229367901596585,0.10551177158510777,0.035146886526871035,0.0005111424363635656,,0.0016351830976421547,,4,0.6104173148148148,False,0,,,1,0,8,1,500,known_physics,,,,6.731625433487734,,1,0,0,0,0,0,0,0,0.1,,,0,,0,0.1,0,,1,,,,1.306747618094204e-14,,7.763599921916478e-08,3000,,inf,static_regression_projector,0,False,0,0,physical_density_SQ_equals_minus_legacy_contact_already_included,,raw/known_physics/task_0009_s750010,200,0,0,0,,,/home/sunxr/PfQMC-main/reproduction/projector_kitaev/regression_stress/raw/known_physics/task_0009_s750010/result.json,158.231514323,750010,0,20,150,20,10,9,10,80
10,0.6562859019779066,0.012806658769764842,0.1028569429592561,0.035353381374550616,0.0006688900156043312,,0.0019011940786704666,,4,0.6106251851851852,False,0,,,1,0,8,1,500,known_physics,,,,6.325091248776944,,1,0,0,0,0,0,0,0,0.1,,,0,,0,0.1,0,,1,,,,4.98358424724543e-14,,3.417621024383968e-08,3000,,inf,static_regression_projector,0,False,0,0,physical_density_SQ_equals_minus_legacy_contact_already_included,,raw/known_physics/task_0010_s750011,200,0,0,0,,,/home/sunxr/PfQMC-main/reproduction/projector_kitaev/regression_stress/raw/known_physics/task_0010_s750011/result.json,156.971273673,750011,0,20,150,20,10,10,10,80
10,0.6513346293181408,0.01145391677364648,0.10319898059321772,0.03598191082252425,0.0005412414378688734,,0.0018186073990899213,,4,0.6101996296296296,False,0,,,1,0,8,1,500,known_physics,,,,9.255510749904335,,1,0,0,0,0,0,0,0,0.1,,,0,,0,0.1,0,,1,,,,6.242820797759003e-14,,3.922904052194589e-09,3000,,inf,static_regression_projector,0,False,0,0,physical_density_SQ_equals_minus_legacy_contact_already_included,,raw/known_physics/task_0011_s750012,200,0,0,0,,,/home/sunxr/PfQMC-main/reproduction/projector_kitaev/regression_stress/raw/known_physics/task_0011_s750012/result.json,127.190136286,750012,0,20,150,20,10,11,10,80
10,0.6974196822295511,0.013722280047025495,0.11195359562862632,0.03387495454085409,0.0006953430166003607,,0.0023377697377321605,,4.2,0.5897150925925926,False,0,,,1,0,8,1,500,known_physics,,,,6.6686886975280055,,1,0,0,0,0,0,0,0,0.1,,,0,,0,0.1,0,,1,,,,1.1525218432945436e-13,,7.255943894175758e-09,3000,,inf,static_regression_projector,0,False,0,0,physical_density_SQ_equals_minus_legacy_contact_already_included,,raw/known_physics/task_0012_s750013,200,0,0,0,,,/home/sunxr/PfQMC-main/reproduction/projector_kitaev/regression_stress/raw/known_physics/task_0012_s750013/result.json,119.631696154,750013,0,20,150,20,10,12,10,80
10,0.7147973816580765,0.007970641193475967,0.11539667508338791,0.03291143388173444,0.00048182208713781684,,0.0016364671491604888,,4.2,0.5895176851851852,False,0,,,1,0,8,1,500,known_physics,,,,7.444956991013502,,1,0,0,0,0,0,0,0,0.1,,,0,,0,0.1,0,,1,,,,1.5580029265923044e-11,,1.2027664467410084e-07,3000,,inf,static_regression_projector,0,False,0,0,physical_density_SQ_equals_minus_legacy_contact_already_included,,raw/known_physics/task_0013_s750014,200,0,0,0,,,/home/sunxr/PfQMC-main/reproduction/projector_kitaev/regression_stress/raw/known_physics/task_0013_s750014/result.json,138.201562203,750014,0,20,150,20,10,13,10,80
10,0.6988642060192912,0.009504277524560938,0.11170344855607316,0.033637906671316345,0.0005574602051882405,,0.0017360194308390408,,4.2,0.5901630555555556,False,0,,,1,0,8,1,500,known_physics,,,,11.678793133917695,,1,0,0,0,0,0,0,0,0.1,,,0,,0,0.1,0,,1,,,,5.023059882794814e-14,,1.8776200607043188e-08,3000,,inf,static_regression_projector,0,False,0,0,physical_density_SQ_equals_minus_legacy_contact_already_included,,raw/known_physics/task_0014_s750015,200,0,0,0,,,/home/sunxr/PfQMC-main/reproduction/projector_kitaev/regression_stress/raw/known_physics/task_0014_s750015/result.json,146.083394543,750015,0,20,150,20,10,14,10,80
10,0.7140769643305132,0.006779460521752266,0.11437461073676317,0.03270233590537121,0.00039285943545574835,,0.0014238056483826286,,4.2,0.5897174074074074,False,0,,,1,0,8,1,500,known_physics,,,,7.407676122476588,,1,0,0,0,0,0,0,0,0.1,,,0,,0,0.1,0,,1,,,,1.9108703298568248e-13,,2.8889272013366885e-09,3000,,inf,static_regression_projector,0,False,0,0,physical_density_SQ_equals_minus_legacy_contact_already_included,,raw/known_physics/task_0015_s750016,200,0,0,0,,,/home/sunxr/PfQMC-main/reproduction/projector_kitaev/regression_stress/raw/known_physics/task_0015_s750016/result.json,130.340233865,750016,0,20,150,20,10,15,10,80
10,0.7198948193673236,0.010641418551154575,0.11757116178077111,0.03293229150779652,0.000661149392049219,,0.0022003403408596897,,4.4,0.5707808333333333,False,0,,,1,0,8,1,500,known_physics,,,,12.818401640182898,,1,0,0,0,0,0,0,0,0.1,,,0,,0,0.1,0,,1,,,,1.3464750216370895e-13,,2.6980022403560335e-07,3000,,inf,static_regression_projector,0,False,0,0,physical_density_SQ_equals_minus_legacy_contact_already_included,,raw/known_physics/task_0016_s750017,200,0,0,0,,,/home/sunxr/PfQMC-main/reproduction/projector_kitaev/regression_stress/raw/known_physics/task_0016_s750017/result.json,105.732811079,750017,0,20,150,20,10,16,10,80
10,0.740558450472018,0.014181790534326123,0.1214717146854664,0.03151480988181833,0.0008536160656205906,,0.0028272962784275484,,4.4,0.5712973148148148,False,0,,,1,0,8,1,500,known_physics,,,,7.900258849161491,,1,0,0,0,0,0,0,0,0.1,,,0,,0,0.1,0,,1,,,,9.159663428053349e-14,,1.7818985323173666e-08,3000,,inf,static_regression_projector,0,False,0,0,physical_density_SQ_equals_minus_legacy_contact_already_included,,raw/known_physics/task_0017_s750018,200,0,0,0,,,/home/sunxr/PfQMC-main/reproduction/projector_kitaev/regression_stress/raw/known_physics/task_0017_s750018/result.json,141.268973578,750018,0,20,150,20,10,17,10,80
10,0.7390402913023875,0.011413198181886658,0.12146548311455481,0.031697597090389,0.0007082755628451497,,0.002403837965297745,,4.4,0.5706741666666667,False,0,,,1,0,8,1,500,known_physics,,,,6.781267464708342,,1,0,0,0,0,0,0,0,0.1,,,0,,0,0.1,0,,1,,,,2.7251759283792218e-14,,6.0999589294636094e-09,3000,,inf,static_regression_projector,0,False,0,0,physical_density_SQ_equals_minus_legacy_contact_already_included,,raw/known_physics/task_0018_s750019,200,0,0,0,,,/home/sunxr/PfQMC-main/reproduction/projector_kitaev/regression_stress/raw/known_physics/task_0018_s750019/result.json,154.137763523,750019,0,20,150,20,10,18,10,80
10,0.7434674560698882,0.00853225561371037,0.12227847263097684,0.031368407651913045,0.0006197965620728872,,0.0017321580801437442,,4.4,0.5702623148148148,False,0,,,1,0,8,1,500,known_physics,,,,20.798904674927076,,1,0,0,0,0,0,0,0,0.1,,,0,,0,0.1,0,,1,,,,5.633448949595083e-14,,1.6106018693387028e-08,3000,,inf,static_regression_projector,0,False,0,0,physical_density_SQ_equals_minus_legacy_contact_already_included,,raw/known_physics/task_0019_s750020,200,0,0,0,,,/home/sunxr/PfQMC-main/reproduction/projector_kitaev/regression_stress/raw/known_physics/task_0019_s750020/result.json,143.38269777,750020,0,20,150,20,10,19,10,80
18,0.49588491401981416,0.021824886379895072,0.06038908884751719,0.03044305071663121,0.0005959344905495185,,0.0015860399540504081,,3.6,0.6561653594771242,False,0,,,1,0,8,1,500,known_physics,,,,9.717307615792086,,1,0,0,0,0,0,0,0,0.1,,,0,,0,0.1,0,,1,,,,4.979875839378708e-14,,6.937289969979603e-08,3000,,inf,static_regression_projector,0,False,0,0,physical_density_SQ_equals_minus_legacy_contact_already_included,,raw/known_physics/task_0020_s750021,360,0,0,0,,,/home/sunxr/PfQMC-main/reproduction/projector_kitaev/regression_stress/raw/known_physics/task_0020_s750021/result.json,880.726827867,750021,0,20,150,20,10,20,18,80
18,0.4828727826311978,0.02166143005090316,0.06010982123929068,0.03108442459401051,0.0006016199117115426,,0.0014892586845764888,,3.6,0.6559122276688453,False,0,,,1,0,8,1,500,known_physics,,,,9.724814466657312,,1,0,0,0,0,0,0,0,0.1,,,0,,0,0.1,0,,1,,,,1.01620990213704e-13,,2.2193031378406065e-08,3000,,inf,static_regression_projector,0,False,0,0,physical_density_SQ_equals_minus_legacy_contact_already_included,,raw/known_physics/task_0021_s750022,360,0,0,0,,,/home/sunxr/PfQMC-main/reproduction/projector_kitaev/regression_stress/raw/known_physics/task_0021_s750022/result.json,885.94788266,750022,0,20,150,20,10,21,18,80
18,0.5107217757464395,0.02234481726051488,0.061626151624920716,0.03015233403462188,0.0004915102342024659,,0.0016615232996344091,,3.6,0.6560185729847494,False,0,,,1,0,8,1,500,known_physics,,,,11.509000877624265,,1,0,0,0,0,0,0,0,0.1,,,0,,0,0.1,0,,1,,,,4.765759895416232e-14,,2.796322358839878e-08,3000,,inf,static_regression_projector,0,False,0,0,physical_density_SQ_equals_minus_legacy_contact_already_included,,raw/known_physics/task_0022_s750023,360,0,0,0,,,/home/sunxr/PfQMC-main/reproduction/projector_kitaev/regression_stress/raw/known_physics/task_0022_s750023/result.json,905.435695027,750023,0,20,150,20,10,22,18,80
18,0.5102989900956604,0.016791483628191276,0.06104683898949919,0.02989469870462537,0.00041347280816656434,,0.0013290612908065625,,3.6,0.6552198801742919,False,0,,,1,0,8,1,500,known_physics,,,,17.285243130213807,,1,0,0,0,0,0,0,0,0.1,,,0,,0,0.1,0,,1,,,,2.9223466695071907e-13,,2.300136378419607e-08,3000,,inf,static_regression_projector,0,False,0,0,physical_density_SQ_equals_minus_legacy_contact_already_included,,raw/known_physics/task_0023_s750024,360,0,0,0,,,/home/sunxr/PfQMC-main/reproduction/projector_kitaev/regression_stress/raw/known_physics/task_0023_s750024/result.json,965.045460643,750024,0,20,150,20,10,23,18,80
18,0.5895995756740685,0.02163340676784056,0.07118555737331252,0.029214582951885396,0.0006392621860258894,,0.0023540780490189338,,3.8,0.6319607298474945,False,0,,,1,0,8,1,500,known_physics,,,,11.96574497603428,,1,0,0,0,0,0,0,0,0.1,,,0,,0,0.1,0,,1,,,,9.264707561713536e-14,,1.1255257403202395e-07,3000,,inf,static_regression_projector,0,False,0,0,physical_density_SQ_equals_minus_legacy_contact_already_included,,raw/known_physics/task_0024_s750025,360,0,0,0,,,/home/sunxr/PfQMC-main/reproduction/projector_kitaev/regression_stress/raw/known_physics/task_0024_s750025/result.json,1057.024314789,750025,0,20,150,20,10,24,18,80
18,0.5672763239634582,0.018888703166723225,0.0690826195873727,0.02989368509808192,0.0005733452266458303,,0.001956203271613136,,3.8,0.6318784586056645,False,0,,,1,0,8,1,500,known_physics,,,,10.502768051323354,,1,0,0,0,0,0,0,0,0.1,,,0,,0,0.1,0,,1,,,,2.6530618170479795e-13,,5.032851508185967e-07,3000,,inf,static_regression_projector,0,False,0,0,physical_density_SQ_equals_minus_legacy_contact_already_included,,raw/known_physics/task_0025_s750026,360,0,0,0,,,/home/sunxr/PfQMC-main/reproduction/projector_kitaev/regression_stress/raw/known_physics/task_0025_s750026/result.json,999.009502061,750026,0,20,150,20,10,25,18,80
18,0.5677954262662909,0.009635763816531587,0.06944316122764528,0.030013651897115665,0.0003772580605970171,,0.0009490260153801985,,3.8,0.6317572712418301,False,0,,,1,0,8,1,500,known_physics,,,,15.3922387300069,,1,0,0,0,0,0,0,0,0.1,,,0,,0,0.1,0,,1,,,,2.5515212003214185e-13,,4.571347237416894e-08,3000,,inf,static_regression_projector,0,False,0,0,physical_density_SQ_equals_minus_legacy_contact_already_included,,raw/known_physics/task_0026_s750027,360,0,0,0,,,/home/sunxr/PfQMC-main/reproduction/projector_kitaev/regression_stress/raw/known_physics/task_0026_s750027/result.json,960.148000413,750027,0,20,150,20,10,26,18,80
18,0.5703996608940515,0.020378183375529352,0.06968978830455794,0.029938756687859856,0.0005391553492040323,,0.0018938648065875297,,3.8,0.6318921296296296,False,0,,,1,0,8,1,500,known_physics,,,,18.357983632124093,,1,0,0,0,0,0,0,0,0.1,,,0,,0,0.1,0,,1,,,,1.7244319656338744e-13,,9.593326402774304e-08,3000,,inf,static_regression_projector,0,False,0,0,physical_density_SQ_equals_minus_legacy_contact_already_included,,raw/known_physics/task_0027_s750028,360,0,0,0,,,/home/sunxr/PfQMC-main/reproduction/projector_kitaev/regression_stress/raw/known_physics/task_0027_s750028/result.json,623.384992566,750028,0,20,150,20,10,27,18,80
18,0.6217332300188616,0.014081611291107765,0.07689688011168341,0.029087534461473327,0.0004710512555451185,,0.001684768982044322,,4,0.608894362745098,False,0,,,1,0,8,1,500,known_physics,,,,17.42191993353423,,1,0,0,0,0,0,0,0,0.1,,,0,,0,0.1,0,,1,,,,9.168504975667404e-14,,4.6765129609822416e-08,3000,,inf,static_regression_projector,0,False,0,0,physical_density_SQ_equals_minus_legacy_contact_already_included,,raw/known_physics/task_0028_s750029,360,0,0,0,,,/home/sunxr/PfQMC-main/reproduction/projector_kitaev/regression_stress/raw/known_physics/task_0028_s750029/result.json,1000.128323367,750029,0,20,150,20,10,28,18,80
18,0.6641137639874243,0.019722690205734857,0.08317413955229863,0.02793704866780629,0.0007251260404528058,,0.002685865516612507,,4,0.6084466503267973,False,0,,,1,0,8,1,500,known_physics,,,,13.797572143575172,,1,0,0,0,0,0,0,0,0.1,,,0,,0,0.1,0,,1,,,,4.769099049664181e-13,,7.67851259157454e-08,3000,,inf,static_regression_projector,0,False,0,0,physical_density_SQ_equals_minus_legacy_contact_already_included,,raw/known_physics/task_0029_s750030,360,0,0,0,,,/home/sunxr/PfQMC-main/reproduction/projector_kitaev/regression_stress/raw/known_physics/task_0029_s750030/result.json,870.287130066,750030,0,20,150,20,10,29,18,80
18,0.6290602492032353,0.014143712952139925,0.07877039510049308,0.0292190707287396,0.0004271231088578632,,0.0020052595154675286,,4,0.6084511437908496,False,0,,,1,0,8,1,500,known_physics,,,,10.2005166713075,,1,0,0,0,0,0,0,0,0.1,,,0,,0,0.1,0,,1,,,,5.4571306120242546e-14,,2.1876219297454744e-08,3000,,inf,static_regression_projector,0,False,0,0,physical_density_SQ_equals_minus_legacy_contact_already_included,,raw/known_physics/task_0030_s750031,360,0,0,0,,,/home/sunxr/PfQMC-main/reproduction/projector_kitaev/regression_stress/raw/known_physics/task_0030_s750031/result.json,621.59670809,750031,0,20,150,20,10,30,18,80
18,0.6367712936210048,0.0194453965909287,0.07893182209065035,0.028670303630123926,0.0007261488648348402,,0.0021049930131410654,,4,0.607987554466231,False,0,,,1,0,8,1,500,known_physics,,,,13.51647411332444,,1,0,0,0,0,0,0,0,0.1,,,0,,0,0.1,0,,1,,,,1.0183856005282642e-13,,6.537704766437994e-08,3000,,inf,static_regression_projector,0,False,0,0,physical_density_SQ_equals_minus_legacy_contact_already_included,,raw/known_physics/task_0031_s750032,360,0,0,0,,,/home/sunxr/PfQMC-main/reproduction/projector_kitaev/regression_stress/raw/known_physics/task_0031_s750032/result.json,960.375748013,750032,0,20,150,20,10,31,18,80
18,0.6863871143384501,0.021850053014372116,0.08832906377348818,0.0277011325777867,0.0008407228510470516,,0.002778229837751047,,4.2,0.5853624183006536,False,0,,,1,0,8,1,500,known_physics,,,,9.194188966981635,,1,0,0,0,0,0,0,0,0.1,,,0,,0,0.1,0,,1,,,,9.362680117920873e-14,,4.3670759028545766e-07,3000,,inf,static_regression_projector,0,False,0,0,physical_density_SQ_equals_minus_legacy_contact_already_included,,raw/known_physics/task_0032_s750033,360,0,0,0,,,/home/sunxr/PfQMC-main/reproduction/projector_kitaev/regression_stress/raw/known_physics/task_0032_s750033/result.json,875.690964601,750033,0,20,150,20,10,32,18,80
18,0.6839626465561216,0.018477103956880656,0.08841734259906422,0.027943182953548945,0.0007165453858262334,,0.0027916263096414394,,4.2,0.5858779684095861,False,0,,,1,0,8,1,500,known_physics,,,,11.125039148801097,,1,0,0,0,0,0,0,0,0.1,,,0,,0,0.1,0,,1,,,,8.354823003604377e-13,,1.0232738606095046e-07,3000,,inf,static_regression_projector,0,False,0,0,physical_density_SQ_equals_minus_legacy_contact_already_included,,raw/known_physics/task_0033_s750034,360,0,0,0,,,/home/sunxr/PfQMC-main/reproduction/projector_kitaev/regression_stress/raw/known_physics/task_0033_s750034/result.json,700.715276473,750034,0,20,150,20,10,33,18,80
18,0.6918797268884482,0.0160824741866327,0.08947992659100025,0.027570579419220604,0.0006806847937359252,,0.0023961451581013668,,4.2,0.5855028594771242,False,0,,,1,0,8,1,500,known_physics,,,,10.954202063335503,,1,0,0,0,0,0,0,0,0.1,,,0,,0,0.1,0,,1,,,,1.8081426396893176e-13,,1.7319641407077236e-07,3000,,inf,static_regression_projector,0,False,0,0,physical_density_SQ_equals_minus_legacy_contact_already_included,,raw/known_physics/task_0034_s750035,360,0,0,0,,,/home/sunxr/PfQMC-main/reproduction/projector_kitaev/regression_stress/raw/known_physics/task_0034_s750035/result.json,616.591560314,750035,0,20,150,20,10,34,18,80
18,0.6911702335438352,0.015463991553242826,0.08995159519243383,0.02777973013563882,0.0006936909837243654,,0.0023695078976218834,,4.2,0.5853936819172113,False,0,,,1,0,8,1,500,known_physics,,,,17.655643296417775,,1,0,0,0,0,0,0,0,0.1,,,0,,0,0.1,0,,1,,,,1.1560671830581562e-12,,4.307663477947069e-07,3000,,inf,static_regression_projector,0,False,0,0,physical_density_SQ_equals_minus_legacy_contact_already_included,,raw/known_physics/task_0035_s750036,360,0,0,0,,,/home/sunxr/PfQMC-main/reproduction/projector_kitaev/regression_stress/raw/known_physics/task_0035_s750036/result.json,616.047390519,750036,0,20,150,20,10,35,18,80
18,0.745341486166626,0.014626112695522298,0.10032142022471931,0.02554770378008041,0.0007581604984591138,,0.002485704973057408,,4.4,0.5635679466230937,False,0,,,1,0,8,1,500,known_physics,,,,12.560341942508863,,1,0,0,0,0,0,0,0,0.1,,,0,,0,0.1,0,,1,,,,2.8415701982786417e-13,,2.9050241963274954e-06,3000,,inf,static_regression_projector,0,False,0,0,physical_density_SQ_equals_minus_legacy_contact_already_included,,raw/known_physics/task_0036_s750037,360,0,0,0,,,/home/sunxr/PfQMC-main/reproduction/projector_kitaev/regression_stress/raw/known_physics/task_0036_s750037/result.json,723.47411594,750037,0,20,150,20,10,36,18,80
18,0.741130076259894,0.015539234304679192,0.10024702509809089,0.025950939742315285,0.0007617514155801465,,0.0028228250087859777,,4.4,0.5637585239651416,False,0,,,1,0,8,1,500,known_physics,,,,18.673295759288923,,1,0,0,0,0,0,0,0,0.1,,,0,,0,0.1,0,,1,,,,2.634358398328072e-13,,2.9618110535254526e-07,3000,,inf,static_regression_projector,0,False,0,0,physical_density_SQ_equals_minus_legacy_contact_already_included,,raw/known_physics/task_0037_s750038,360,0,0,0,,,/home/sunxr/PfQMC-main/reproduction/projector_kitaev/regression_stress/raw/known_physics/task_0037_s750038/result.json,712.494359915,750038,0,20,150,20,10,37,18,80
18,0.7354612239409997,0.009322608870357787,0.0994846962600501,0.02631755978523506,0.0005661369202397653,,0.0018192461297867313,,4.4,0.5639492647058824,False,0,,,1,0,8,1,500,known_physics,,,,12.009666246027887,,1,0,0,0,0,0,0,0,0.1,,,0,,0,0.1,0,,1,,,,1.4827187906752748e-13,,5.682382086428351e-07,3000,,inf,static_regression_projector,0,False,0,0,physical_density_SQ_equals_minus_legacy_contact_already_included,,raw/known_physics/task_0038_s750039,360,0,0,0,,,/home/sunxr/PfQMC-main/reproduction/projector_kitaev/regression_stress/raw/known_physics/task_0038_s750039/result.json,960.79313306,750039,0,20,150,20,10,38,18,80
18,0.7766546015548108,0.01266875994243913,0.10731950778564142,0.023969318227325672,0.0007837138530437148,,0.0024590913531549884,,4.4,0.5633396241830065,False,0,,,1,0,8,1,500,known_physics,,,,14.423851333448408,,1,0,0,0,0,0,0,0,0.1,,,0,,0,0.1,0,,1,,,,6.065097877659168e-14,,6.050808030904317e-08,3000,,inf,static_regression_projector,0,False,0,0,physical_density_SQ_equals_minus_legacy_contact_already_included,,raw/known_physics/task_0039_s750040,360,0,0,0,,,/home/sunxr/PfQMC-main/reproduction/projector_kitaev/regression_stress/raw/known_physics/task_0039_s750040/result.json,717.590716144,750040,0,20,150,20,10,39,18,80
26,0.4697079873044041,0.02400034735357606,0.04790920247501311,0.025405867407115524,0.00037012863886288724,,0.0015211798559950937,,3.6,0.6593297564102564,False,0,,,1,0,8,1,500,known_physics,,,,13.338313056676926,,1,0,0,0,0,0,0,0,0.1,,,0,,0,0.1,0,,1,,,,5.365780015417333e-14,,8.115325980396612e-08,3000,,inf,static_regression_projector,0,False,0,0,physical_density_SQ_equals_minus_legacy_contact_already_included,,raw/known_physics/task_0040_s750041,520,0,0,0,,,/home/sunxr/PfQMC-main/reproduction/projector_kitaev/regression_stress/raw/known_physics/task_0040_s750041/result.json,3101.762132321,750041,0,20,150,20,10,40,26,80
26,0.43784853206261765,0.03198758629423343,0.04503047046362361,0.02531394507303695,0.0005433259912594713,,0.0015598820075675656,,3.6,0.6594116666666666,False,0,,,1,0,8,1,500,known_physics,,,,15.479737659248613,,1,0,0,0,0,0,0,0,0.1,,,0,,0,0.1,0,,1,,,,3.182180576638371e-13,,1.2004073632761218e-07,3000,,inf,static_regression_projector,0,False,0,0,physical_density_SQ_equals_minus_legacy_contact_already_included,,raw/known_physics/task_0041_s750042,520,0,0,0,,,/home/sunxr/PfQMC-main/reproduction/projector_kitaev/regression_stress/raw/known_physics/task_0041_s750042/result.json,3147.642010536,750042,0,20,150,20,10,41,26,80
26,0.4222595858361793,0.01940166402983938,0.04504669228329749,0.02602529465646248,0.00032271800355986263,,0.0012829327721034208,,3.6,0.659167782051282,False,0,,,1,0,8,1,500,known_physics,,,,15.345049908589104,,1,0,0,0,0,0,0,0,0.1,,,0,,0,0.1,0,,1,,,,3.2728657234099985e-13,,1.0217895431345862e-07,3000,,inf,static_regression_projector,0,False,0,0,physical_density_SQ_equals_minus_legacy_contact_already_included,,raw/known_physics/task_0042_s750043,520,0,0,0,,,/home/sunxr/PfQMC-main/reproduction/projector_kitaev/regression_stress/raw/known_physics/task_0042_s750043/result.json,2986.384818278,750043,0,20,150,20,10,42,26,80
26,0.4606019894615462,0.018791457161289004,0.046996845983081396,0.025350005224856233,0.0003898893089595428,,0.0010607116710802543,,3.6,0.6587170897435898,False,0,,,1,0,8,1,500,known_physics,,,,20.101117497283916,,1,0,0,0,0,0,0,0,0.1,,,0,,0,0.1,0,,1,,,,5.219466247076211e-13,,2.837091054778461e-08,3000,,inf,static_regression_projector,0,False,0,0,physical_density_SQ_equals_minus_legacy_contact_already_included,,raw/known_physics/task_0043_s750044,520,0,0,0,,,/home/sunxr/PfQMC-main/reproduction/projector_kitaev/regression_stress/raw/known_physics/task_0043_s750044/result.json,3098.724281158,750044,0,20,150,20,10,43,26,80
26,0.5208855632676104,0.021849444522927062,0.05455167179706915,0.026136493505862966,0.0005780327041728189,,0.0016620252268998487,,3.8,0.6329396153846154,False,0,,,1,0,8,1,500,known_physics,,,,16.187906304586487,,1,0,0,0,0,0,0,0,0.1,,,0,,0,0.1,0,,1,,,,9.427380457655993e-14,,6.907417142426431e-07,3000,,inf,static_regression_projector,0,False,0,0,physical_density_SQ_equals_minus_legacy_contact_already_included,,raw/known_physics/task_0044_s750045,520,0,0,0,,,/home/sunxr/PfQMC-main/reproduction/projector_kitaev/regression_stress/raw/known_physics/task_0044_s750045/result.json,2149.282571086,750045,0,20,150,20,10,44,26,80
26,0.52996713341474,0.02990500656983246,0.05447408122681908,0.025604608553640072,0.000668743725494574,,0.0019249566059978223,,3.8,0.6333018076923077,False,0,,,1,0,8,1,500,known_physics,,,,11.26840887974744,,1,0,0,0,0,0,0,0,0.1,,,0,,0,0.1,0,,1,,,,1.2145636853012095e-12,,1.4082084081805973e-06,3000,,inf,static_regression_projector,0,False,0,0,physical_density_SQ_equals_minus_legacy_contact_already_included,,raw/known_physics/task_0045_s750046,520,0,0,0,,,/home/sunxr/PfQMC-main/reproduction/projector_kitaev/regression_stress/raw/known_physics/task_0045_s750046/result.json,2965.480359155,750046,0,20,150,20,10,45,26,80
26,0.5074966862537296,0.027304925998374658,0.05324804493930677,0.026224838583118915,0.000648252081646825,,0.0017298000169796426,,3.8,0.6329231282051282,False,0,,,1,0,8,1,500,known_physics,,,,13.33044860797083,,1,0,0,0,0,0,0,0,0.1,,,0,,0,0.1,0,,1,,,,1.679857223551428e-13,,2.3053368884283206e-07,3000,,inf,static_regression_projector,0,False,0,0,physical_density_SQ_equals_minus_legacy_contact_already_included,,raw/known_physics/task_0046_s750047,520,0,0,0,,,/home/sunxr/PfQMC-main/reproduction/projector_kitaev/regression_stress/raw/known_physics/task_0046_s750047/result.json,3058.511203298,750047,0,20,150,20,10,46,26,80
26,0.5425811485040636,0.02558940367882475,0.05654671030686035,0.02586553128443749,0.00042254460203196027,,0.0021725275102516504,,3.8,0.6331729615384616,False,0,,,1,0,8,1,500,known_physics,,,,29.974271615296182,,1,0,0,0,0,0,0,0,0.1,,,0,,0,0.1,0,,1,,,,2.512676518539389e-13,,6.193072281857386e-08,3000,,inf,static_regression_projector,0,False,0,0,physical_density_SQ_equals_minus_legacy_contact_already_included,,raw/known_physics/task_0047_s750048,520,0,0,0,,,/home/sunxr/PfQMC-main/reproduction/projector_kitaev/regression_stress/raw/known_physics/task_0047_s750048/result.json,3047.849446079,750048,0,20,150,20,10,47,26,80
26,0.6155893001824595,0.02647055029397757,0.06489187295771227,0.024945130296145108,0.0007108386507532864,,0.0023722870559155255,,4,0.6078907692307692,False,0,,,1,0,8,1,500,known_physics,,,,18.286986535778215,,1,0,0,0,0,0,0,0,0.1,,,0,,0,0.1,0,,1,,,,9.592968250598902e-13,,4.464711048631079e-06,3000,,inf,static_regression_projector,0,False,0,0,physical_density_SQ_equals_minus_legacy_contact_already_included,,raw/known_physics/task_0048_s750049,520,0,0,0,,,/home/sunxr/PfQMC-main/reproduction/projector_kitaev/regression_stress/raw/known_physics/task_0048_s750049/result.json,3073.412210207,750049,0,20,150,20,10,48,26,80
26,0.5832457627113807,0.027783155339067733,0.06230233963118543,0.025964764034291196,0.0007625171780035392,,0.0022775446170814465,,4,0.6075006282051282,False,0,,,1,0,8,1,500,known_physics,,,,13.4547190912386,,1,0,0,0,0,0,0,0,0.1,,,0,,0,0.1,0,,1,,,,3.6103488016582e-13,,6.136495639828505e-07,3000,,inf,static_regression_projector,0,False,0,0,physical_density_SQ_equals_minus_legacy_contact_already_included,,raw/known_physics/task_0049_s750050,520,0,0,0,,,/home/sunxr/PfQMC-main/reproduction/projector_kitaev/regression_stress/raw/known_physics/task_0049_s750050/result.json,3052.166476407,750050,0,20,150,20,10,49,26,80
26,0.5885864746942672,0.021724529534133,0.06389027507765228,0.02628532330244993,0.0006543315662648673,,0.0019122035278598415,,4,0.6077366923076923,False,0,,,1,0,8,1,500,known_physics,,,,32.6935729138326,,1,0,0,0,0,0,0,0,0.1,,,0,,0,0.1,0,,1,,,,1.0510800059814929e-12,,3.065327116640787e-07,3000,,inf,static_regression_projector,0,False,0,0,physical_density_SQ_equals_minus_legacy_contact_already_included,,raw/known_physics/task_0050_s750051,520,0,0,0,,,/home/sunxr/PfQMC-main/reproduction/projector_kitaev/regression_stress/raw/known_physics/task_0050_s750051/result.json,3114.088253501,750051,0,20,150,20,10,50,26,80
26,0.6274797195319146,0.0291696678763945,0.06720432078995124,0.025034972429339813,0.0008700488571271964,,0.0028881281881219275,,4,0.606759858974359,False,0,,,1,0,8,1,500,known_physics,,,,17.68102218694865,,1,0,0,0,0,0,0,0,0.1,,,0,,0,0.1,0,,1,,,,3.4829426975090082e-12,,4.899860960430141e-07,3000,,inf,static_regression_projector,0,False,0,0,physical_density_SQ_equals_minus_legacy_contact_already_included,,raw/known_physics/task_0051_s750052,520,0,0,0,,,/home/sunxr/PfQMC-main/reproduction/projector_kitaev/regression_stress/raw/known_physics/task_0051_s750052/result.json,3041.586945116,750052,0,20,150,20,10,51,26,80
26,0.726135905719133,0.019799662469197416,0.08322596246507166,0.022792602831150286,0.0006735343563025394,,0.002721763370760954,,4.2,0.582449423076923,False,0,,,1,0,8,1,500,known_physics,,,,25.067826197887527,,1,0,0,0,0,0,0,0,0.1,,,0,,0,0.1,0,,1,,,,2.487712635737657e-13,,3.30375126339735e-07,3000,,inf,static_regression_projector,0,False,0,0,physical_density_SQ_equals_minus_legacy_contact_already_included,,raw/known_physics/task_0052_s750053,520,0,0,0,,,/home/sunxr/PfQMC-main/reproduction/projector_kitaev/regression_stress/raw/known_physics/task_0052_s750053/result.json,3098.148314947,750053,0,20,150,20,10,52,26,80
26,0.7226999410787986,0.0200790712891062,0.08346252523675109,0.023144163165863336,0.0007579103213405469,,0.0028993101455546738,,4.2,0.5826027564102564,False,0,,,1,0,8,1,500,known_physics,,,,30.802934879407577,,1,0,0,0,0,0,0,0,0.1,,,0,,0,0.1,0,,1,,,,2.8822669073214794e-13,,2.6239236529200986e-07,3000,,inf,static_regression_projector,0,False,0,0,physical_density_SQ_equals_minus_legacy_contact_already_included,,raw/known_physics/task_0053_s750054,520,0,0,0,,,/home/sunxr/PfQMC-main/reproduction/projector_kitaev/regression_stress/raw/known_physics/task_0053_s750054/result.json,3010.921772092,750054,0,20,150,20,10,53,26,80
26,0.7013047430735888,0.022092861560872215,0.07955523512521985,0.02376277139556859,0.0008216716656658314,,0.002860062004332774,,4.2,0.583429,False,0,,,1,0,8,1,500,known_physics,,,,36.486444862106076,,1,0,0,0,0,0,0,0,0.1,,,0,,0,0.1,0,,1,,,,8.446244189157389e-13,,1.55564241863112e-06,3000,,inf,static_regression_projector,0,False,0,0,physical_density_SQ_equals_minus_legacy_contact_already_included,,raw/known_physics/task_0054_s750055,520,0,0,0,,,/home/sunxr/PfQMC-main/reproduction/projector_kitaev/regression_stress/raw/known_physics/task_0054_s750055/result.json,3032.394908973,750055,0,20,150,20,10,54,26,80
26,0.7097986661070456,0.01933688968117404,0.08097191699262693,0.02349815831912992,0.0007446491826743884,,0.0025163375410995953,,4.2,0.5823681923076923,False,0,,,1,0,8,1,500,known_physics,,,,12.160029194343224,,1,0,0,0,0,0,0,0,0.1,,,0,,0,0.1,0,,1,,,,1.9345436603225763e-12,,7.921462796848906e-07,3000,,inf,static_regression_projector,0,False,0,0,physical_density_SQ_equals_minus_legacy_contact_already_included,,raw/known_physics/task_0055_s750056,520,0,0,0,,,/home/sunxr/PfQMC-main/reproduction/projector_kitaev/regression_stress/raw/known_physics/task_0055_s750056/result.json,3072.313277488,750056,0,20,150,20,10,55,26,80
26,0.7677355832559596,0.020881616608258304,0.09367499085852105,0.021757367115257702,0.0010158211194489079,,0.003654471894748533,,4.4,0.5589860897435898,False,0,,,1,0,8,1,500,known_physics,,,,17.85854827207616,,1,0,0,0,0,0,0,0,0.1,,,0,,0,0.1,0,,1,,,,1.4760215080929972e-13,,1.6413404628593089e-06,3000,,inf,static_regression_projector,0,False,0,0,physical_density_SQ_equals_minus_legacy_contact_already_included,,raw/known_physics/task_0056_s750057,520,0,0,0,,,/home/sunxr/PfQMC-main/reproduction/projector_kitaev/regression_stress/raw/known_physics/task_0056_s750057/result.json,2525.698975885,750057,0,20,150,20,10,56,26,80
26,0.7668929890607067,0.027780611970368588,0.09290541710609497,0.02165690408167009,0.0012163271618854483,,0.004537809439184342,,4.4,0.5583635897435898,False,0,,,1,0,8,1,500,known_physics,,,,32.46626584488997,,1,0,0,0,0,0,0,0,0.1,,,0,,0,0.1,0,,1,,,,1.3724244186716628e-13,,1.5173651581014833e-07,3000,,inf,static_regression_projector,0,False,0,0,physical_density_SQ_equals_minus_legacy_contact_already_included,,raw/known_physics/task_0057_s750058,520,0,0,0,,,/home/sunxr/PfQMC-main/reproduction/projector_kitaev/regression_stress/raw/known_physics/task_0057_s750058/result.json,3704.733086214,750058,0,20,150,20,10,57,26,80
26,0.7461366137794148,0.021309129409000635,0.08932485612973846,0.022676310450762013,0.0009354392516209063,,0.0035095503429004114,,4.4,0.5595587051282052,False,0,,,1,0,8,1,500,known_physics,,,,23.316046609562832,,1,0,0,0,0,0,0,0,0.1,,,0,,0,0.1,0,,1,,,,1.2834279054643508e-12,,1.0401393004692154e-06,3000,,inf,static_regression_projector,0,False,0,0,physical_density_SQ_equals_minus_legacy_contact_already_included,,raw/known_physics/task_0058_s750059,520,0,0,0,,,/home/sunxr/PfQMC-main/reproduction/projector_kitaev/regression_stress/raw/known_physics/task_0058_s750059/result.json,3714.068185973,750059,0,20,150,20,10,58,26,80
26,0.7831830642811184,0.018201093422513245,0.09816518644757959,0.02128387491983689,0.0009342149736004165,,0.003552768271984425,,4.4,0.5588167307692308,False,0,,,1,0,8,1,500,known_physics,,,,11.560325284696187,,1,0,0,0,0,0,0,0,0.1,,,0,,0,0.1,0,,1,,,,1.5126635325216678e-12,,1.464814472533135e-06,3000,,inf,static_regression_projector,0,False,0,0,physical_density_SQ_equals_minus_legacy_contact_already_included,,raw/known_physics/task_0059_s750060,520,0,0,0,,,/home/sunxr/PfQMC-main/reproduction/projector_kitaev/regression_stress/raw/known_physics/task_0059_s750060/result.json,3597.162974909,750060,0,20,150,20,10,59,26,80
34,0.36724896778383354,0.03027083027575453,0.03545874533650708,0.022436557712765034,0.0003377788169807865,,0.0011253430998355376,,3.6,0.6613981654783125,False,0,,,1,0,8,1,500,known_physics,,,,26.138909046854682,,1,0,0,0,0,0,0,0,0.1,,,0,,0,0.1,0,,1,,,,4.43285857763309e-13,,5.856154594305364e-07,3000,,inf,static_regression_projector,0,False,0,0,physical_density_SQ_equals_minus_legacy_contact_already_included,,raw/known_physics/task_0060_s750061,680,0,0,0,,,/home/sunxr/PfQMC-main/reproduction/projector_kitaev/regression_stress/raw/known_physics/task_0060_s750061/result.json,6925.920978608,750061,0,20,150,20,10,60,34,80
34,0.3400364175996551,0.0250410650481459,0.03441562035233269,0.022713056098255704,0.00035770017495614963,,0.0010382361325145797,,3.6,0.6614914215686275,False,0,,,1,0,8,1,500,known_physics,,,,24.301761140661085,,1,0,0,0,0,0,0,0,0.1,,,0,,0,0.1,0,,1,,,,3.2763588186066624e-13,,4.6320151798180623e-07,3000,,inf,static_regression_projector,0,False,0,0,physical_density_SQ_equals_minus_legacy_contact_already_included,,raw/known_physics/task_0061_s750062,680,0,0,0,,,/home/sunxr/PfQMC-main/reproduction/projector_kitaev/regression_stress/raw/known_physics/task_0061_s750062/result.json,6931.113345097,750062,0,20,150,20,10,61,34,80
34,0.3793781213843098,0.03137362941268381,0.0355186903458242,0.022043676328394393,0.00048434891926494645,,0.0012643483285801635,,3.6,0.6615268345216875,False,0,,,1,0,8,1,500,known_physics,,,,20.057232098468887,,1,0,0,0,0,0,0,0,0.1,,,0,,0,0.1,0,,1,,,,2.6050793210604513e-13,,5.620346057305448e-07,3000,,inf,static_regression_projector,0,False,0,0,physical_density_SQ_equals_minus_legacy_contact_already_included,,raw/known_physics/task_0062_s750063,680,0,0,0,,,/home/sunxr/PfQMC-main/reproduction/projector_kitaev/regression_stress/raw/known_physics/task_0062_s750063/result.json,6264.41581192,750063,0,20,150,20,10,62,34,80
34,0.3525855345316593,0.02539339078447003,0.03512777849092744,0.022742231934794067,0.00046518661551010136,,0.0009111679004478784,,3.6,0.6616357323232324,False,0,,,1,0,8,1,500,known_physics,,,,18.511391676285378,,1,0,0,0,0,0,0,0,0.1,,,0,,0,0.1,0,,1,,,,7.098288104213178e-13,,6.226804210505004e-08,3000,,inf,static_regression_projector,0,False,0,0,physical_density_SQ_equals_minus_legacy_contact_already_included,,raw/known_physics/task_0063_s750064,680,0,0,0,,,/home/sunxr/PfQMC-main/reproduction/projector_kitaev/regression_stress/raw/known_physics/task_0063_s750064/result.json,9059.969881702,750064,0,20,150,20,10,63,34,80
34,0.5174042665531946,0.028268462679497244,0.04695734664494297,0.02266141514483214,0.0005577709174572665,,0.001561488026731566,,3.8,0.6342782531194295,False,0,,,1,0,8,1,500,known_physics,,,,21.0047014047913,,1,0,0,0,0,0,0,0,0.1,,,0,,0,0.1,0,,1,,,,3.443466503513998e-13,,3.623221585676178e-07,3000,,inf,static_regression_projector,0,False,0,0,physical_density_SQ_equals_minus_legacy_contact_already_included,,raw/known_physics/task_0064_s750065,680,0,0,0,,,/home/sunxr/PfQMC-main/reproduction/projector_kitaev/regression_stress/raw/known_physics/task_0064_s750065/result.json,7554.133512467,750065,0,20,150,20,10,64,34,80
34,0.5209438466253542,0.022141637065659917,0.046686172344416924,0.02236529813910214,0.00037686891905331927,,0.001565080301390491,,3.8,0.6342735591206179,False,0,,,1,0,8,1,500,known_physics,,,,14.775260343541483,,1,0,0,0,0,0,0,0,0.1,,,0,,0,0.1,0,,1,,,,1.6075125175562694e-13,,0.00015120538992472707,3000,,inf,static_regression_projector,0,False,0,0,physical_density_SQ_equals_minus_legacy_contact_already_included,,raw/known_physics/task_0065_s750066,680,0,0,0,,,/home/sunxr/PfQMC-main/reproduction/projector_kitaev/regression_stress/raw/known_physics/task_0065_s750066/result.json,6332.220826119,750066,0,20,150,20,10,65,34,80
34,0.48980947092052585,0.028674401286818255,0.04448181371510816,0.022694200073725645,0.0006071820225060349,,0.0015536536108508594,,3.8,0.6342118464052288,False,0,,,1,0,8,1,500,known_physics,,,,32.37637662722158,,1,0,0,0,0,0,0,0,0.1,,,0,,0,0.1,0,,1,,,,5.385026984220888e-13,,7.620403757626226e-06,3000,,inf,static_regression_projector,0,False,0,0,physical_density_SQ_equals_minus_legacy_contact_already_included,,raw/known_physics/task_0066_s750067,680,0,0,0,,,/home/sunxr/PfQMC-main/reproduction/projector_kitaev/regression_stress/raw/known_physics/task_0066_s750067/result.json,6205.856594853,750067,0,20,150,20,10,66,34,80
34,0.493312504028776,0.02945673996837336,0.04472248214947649,0.022660322493936003,0.0005635687456679174,,0.0015710371484428047,,3.8,0.6343011140819964,False,0,,,1,0,8,1,500,known_physics,,,,17.115598340593714,,1,0,0,0,0,0,0,0,0.1,,,0,,0,0.1,0,,1,,,,2.6737281810982593e-12,,1.4387845411321202e-06,3000,,inf,static_regression_projector,0,False,0,0,physical_density_SQ_equals_minus_legacy_contact_already_included,,raw/known_physics/task_0067_s750068,680,0,0,0,,,/home/sunxr/PfQMC-main/reproduction/projector_kitaev/regression_stress/raw/known_physics/task_0067_s750068/result.json,6910.044393642,750068,0,20,150,20,10,67,34,80
10,0.6771633006891686,0.01013952187141728,0.10679466908366933,0.034477238470964296,0.0005038379958302266,,0.0016625004581308836,,4,0.6073908024691358,False,0,,,1,0,8,1,500,known_physics,,,,9.666437055271064,,1,0,0,0,0,0,0,0,0.1,,,0,,0,0.1,0,,1,,,,9.427087432305161e-14,,2.232577889726948e-08,3000,,inf,static_regression_projector,0,False,0,0,physical_density_SQ_equals_minus_legacy_contact_already_included,,raw/known_physics/task_0080_s750009,300,0,0,0,,,/home/sunxr/PfQMC-main/reproduction/projector_kitaev/regression_stress/raw/known_physics/task_0080_s750009/result.json,243.364973446,750009,0,20,150,20,10,80,15,80
10,0.67170802117697,0.00872227568247967,0.1059925549254359,0.03479650559698004,0.00046998640075487165,,0.001434631960343082,,4,0.607435,False,0,,,1,0,8,1,500,known_physics,,,,12.249451197969975,,1,0,0,0,0,0,0,0,0.1,,,0,,0,0.1,0,,1,,,,1.8700590270659325e-14,,1.2370451972717215e-08,3000,,inf,static_regression_projector,0,False,0,0,physical_density_SQ_equals_minus_legacy_contact_already_included,,raw/known_physics/task_0081_s750010,300,0,0,0,,,/home/sunxr/PfQMC-main/reproduction/projector_kitaev/regression_stress/raw/known_physics/task_0081_s750010/result.json,180.913183334,750010,0,20,150,20,10,81,15,80
10,0.6596758515908535,0.009711338265720239,0.10449997505474745,0.03556386501928398,0.0004799870706745287,,0.0015210497811067507,,4,0.6084401851851852,False,0,,,1,0,8,1,500,known_physics,,,,9.241167629770565,,1,0,0,0,0,0,0,0,0.1,,,0,,0,0.1,0,,1,,,,6.077746989317005e-14,,1.0806441284684046e-08,3000,,inf,static_regression_projector,0,False,0,0,physical_density_SQ_equals_minus_legacy_contact_already_included,,raw/known_physics/task_0082_s750011,300,0,0,0,,,/home/sunxr/PfQMC-main/reproduction/projector_kitaev/regression_stress/raw/known_physics/task_0082_s750011/result.json,182.014260116,750011,0,20,150,20,10,82,15,80
10,0.6673298541282913,0.010361183935397797,0.10614255249762419,0.03531045842258015,0.0005092642191909866,,0.0016571854524953936,,4,0.6078577160493828,False,0,,,1,0,8,1,500,known_physics,,,,7.208630248642736,,1,0,0,0,0,0,0,0,0.1,,,0,,0,0.1,0,,1,,,,6.19537721830685e-14,,3.6712826705481107e-07,3000,,inf,static_regression_projector,0,False,0,0,physical_density_SQ_equals_minus_legacy_contact_already_included,,raw/known_physics/task_0083_s750012,300,0,0,0,,,/home/sunxr/PfQMC-main/reproduction/projector_kitaev/regression_stress/raw/known_physics/task_0083_s750012/result.json,246.198102235,750012,0,20,150,20,10,83,15,80
18,0.6384256925417621,0.02003172149112357,0.07995059003068553,0.02890807922122262,0.000660315897814688,,0.0023660013823559316,,4,0.6071658678286129,False,0,,,1,0,8,1,500,known_physics,,,,28.454463537579098,,1,0,0,0,0,0,0,0,0.1,,,0,,0,0.1,0,,1,,,,2.2995278173003205e-12,,2.3643252607323334e-07,3000,,inf,static_regression_projector,0,False,0,0,physical_density_SQ_equals_minus_legacy_contact_already_included,,raw/known_physics/task_0084_s750029,540,0,0,0,,,/home/sunxr/PfQMC-main/reproduction/projector_kitaev/regression_stress/raw/known_physics/task_0084_s750029/result.json,1568.344615776,750029,0,20,150,20,10,84,27,80
18,0.6518723859369566,0.014318278075316649,0.08170679904741857,0.02844439300510637,0.0005361804000197221,,0.001997265146975443,,4,0.6073042120551925,False,0,,,1,0,8,1,500,known_physics,,,,15.732244979287028,,1,0,0,0,0,0,0,0,0.1,,,0,,0,0.1,0,,1,,,,2.728732595713815e-13,,4.19095075812843e-07,3000,,inf,static_regression_projector,0,False,0,0,physical_density_SQ_equals_minus_legacy_contact_already_included,,raw/known_physics/task_0085_s750030,540,0,0,0,,,/home/sunxr/PfQMC-main/reproduction/projector_kitaev/regression_stress/raw/known_physics/task_0085_s750030/result.json,1194.975689631,750030,0,20,150,20,10,85,27,80
18,0.6208476075362475,0.023366879039151203,0.0766019039582048,0.029043795153031945,0.000755271263173522,,0.002501742622564477,,4,0.6073990377632534,False,0,,,1,0,8,1,500,known_physics,,,,11.647725148835649,,1,0,0,0,0,0,0,0,0.1,,,0,,0,0.1,0,,1,,,,3.479597065239835e-13,,2.687649390313628e-07,3000,,inf,static_regression_projector,0,False,0,0,physical_density_SQ_equals_minus_legacy_contact_already_included,,raw/known_physics/task_0086_s750031,540,0,0,0,,,/home/sunxr/PfQMC-main/reproduction/projector_kitaev/regression_stress/raw/known_physics/task_0086_s750031/result.json,1097.639721111,750031,0,20,150,20,10,86,27,80
18,0.6455503431252372,0.015183480575926969,0.07981629127622951,0.028290857055875675,0.0005367581450197649,,0.0019481179399577085,,4,0.6068885620915032,False,0,,,1,0,8,1,500,known_physics,,,,13.654817705287215,,1,0,0,0,0,0,0,0,0.1,,,0,,0,0.1,0,,1,,,,8.45785641563224e-14,,1.0648629984857466e-07,3000,,inf,static_regression_projector,0,False,0,0,physical_density_SQ_equals_minus_legacy_contact_already_included,,raw/known_physics/task_0087_s750032,540,0,0,0,,,/home/sunxr/PfQMC-main/reproduction/projector_kitaev/regression_stress/raw/known_physics/task_0087_s750032/result.json,909.921739597,750032,0,20,150,20,10,87,27,80
