kind,comparison,seed,bin,metric,value_a,value_b,difference_b_minus_a,sign_z_a,sign_z_b,bin_pair_valid
interval,5_vs_10,740001,0,S_pi,-0.2707563408203676,-0.27075634082035566,1.1934897514720433e-14,0.32562394774651304,0.32562394774651304,0
interval,5_vs_10,740001,0,S_pi_dq,0.32470648677073494,0.32470648677073427,-6.661338147750939e-16,0.32562394774651304,0.32562394774651304,0
interval,5_vs_10,740001,0,R_cdw,2.1992571837353956,2.1992571837354458,5.0182080713057076e-14,0.32562394774651304,0.32562394774651304,0
interval,5_vs_10,740001,1,S_pi,0.07335375148964775,0.07335375148965,2.248201624865942e-15,0.4886533037666392,0.4886533037666392,0
interval,5_vs_10,740001,1,S_pi_dq,-0.05712510718963487,-0.057125107189618364,1.6507628597395296e-14,0.4886533037666392,0.4886533037666392,0
interval,5_vs_10,740001,1,R_cdw,1.7787619041910463,1.7787619041907972,-2.4913404672588513e-13,0.4886533037666392,0.4886533037666392,0
interval,5_vs_10,740001,2,S_pi,-1.4206449394849292,-1.4206449394849323,-3.1086244689504383e-15,0.8155848033335169,0.8155848033335169,0
interval,5_vs_10,740001,2,S_pi_dq,0.4386727946718132,0.43867279467180065,-1.2545520178264269e-14,0.8155848033335169,0.8155848033335169,0
interval,5_vs_10,740001,2,R_cdw,1.3087842588105505,1.308784258810541,-9.547918011776346e-15,0.8155848033335169,0.8155848033335169,0
interval,5_vs_10,740001,3,S_pi,0.7170393561021183,0.7170393561021204,2.1094237467877974e-15,0.9796644073593258,0.9796644073593258,0
interval,5_vs_10,740001,3,S_pi_dq,-0.16006002122956256,-0.16006002122956495,-2.3869795029440866e-15,0.9796644073593258,0.9796644073593258,0
interval,5_vs_10,740001,3,R_cdw,1.2232234812042413,1.223223481204244,2.6645352591003757e-15,0.9796644073593258,0.9796644073593258,0
interval,5_vs_10,740001,4,S_pi,0.12129261031724835,0.12129261031724786,-4.85722573273506e-16,1.9785383800954366,1.9785383800954366,0
interval,5_vs_10,740001,4,S_pi_dq,-0.07247311592411466,-0.07247311592411058,4.08006961549745e-15,1.9785383800954366,1.9785383800954366,0
interval,5_vs_10,740001,4,R_cdw,1.597506441114234,1.5975064411142026,-3.1308289294429414e-14,1.9785383800954366,1.9785383800954366,0
interval,5_vs_10,740001,5,S_pi,0.10560583752171712,0.10560583752171858,1.457167719820518e-15,0.6519441692793733,0.6519441692793733,0
interval,5_vs_10,740001,5,S_pi_dq,-0.01661563116729084,-0.016615631167310806,-1.996666720849305e-14,0.6519441692793733,0.6519441692793733,0
interval,5_vs_10,740001,5,R_cdw,1.1573362946330874,1.1573362946332744,1.8696155734687636e-13,0.6519441692793733,0.6519441692793733,0
interval,5_vs_10,740001,6,S_pi,0.3172636458342545,0.31726364583427125,1.6764367671839864e-14,0.32562394774651304,0.32562394774651304,0
interval,5_vs_10,740001,6,S_pi_dq,-0.1373357494905384,-0.1373357494905435,-5.10702591327572e-15,0.32562394774651304,0.32562394774651304,0
interval,5_vs_10,740001,6,R_cdw,1.4328757842059396,1.4328757842059328,-6.8833827526759706e-15,0.32562394774651304,0.32562394774651304,0
interval,5_vs_10,740001,7,S_pi,0.1359608614732101,0.1359608614732013,-8.798517470154366e-15,0.6519441692793733,0.6519441692793733,0
interval,5_vs_10,740001,7,S_pi_dq,0.010106658273695194,0.010106658273206313,-4.888815047232598e-13,0.6519441692793733,0.6519441692793733,0
interval,5_vs_10,740001,7,R_cdw,0.9256649438361596,0.9256649438397506,3.591016373150069e-12,0.6519441692793733,0.6519441692793733,0
interval,5_vs_10,740001,8,S_pi,-0.03779655151143766,-0.03779655151143815,-4.926614671774132e-16,0.8155848033335169,0.8155848033335169,0
interval,5_vs_10,740001,8,S_pi_dq,0.05213518535377891,0.05213518535395052,1.7161272403143357e-13,0.8155848033335169,0.8155848033335169,0
interval,5_vs_10,740001,8,R_cdw,2.3793635469098873,2.3793635469144094,4.522160423903188e-12,0.8155848033335169,0.8155848033335169,0
interval,5_vs_10,740001,9,S_pi,-0.33396544030788716,-0.3339654403078886,-1.4432899320127035e-15,0.4886533037666392,0.4886533037666392,0
interval,5_vs_10,740001,9,S_pi_dq,0.31171554527650874,0.3117155452759171,-5.916378498227459e-13,0.4886533037666392,0.4886533037666392,0
interval,5_vs_10,740001,9,R_cdw,1.9333766541506034,1.9333766541488278,-1.7756907055854754e-12,0.4886533037666392,0.4886533037666392,0
interval,5_vs_10,740001,10,S_pi,-0.024540748179005176,-0.02454074817900209,3.0878077872387166e-15,0.4886533037666392,0.4886533037666392,0
interval,5_vs_10,740001,10,S_pi_dq,0.1852514832926384,0.18525148329264027,1.8596235662471372e-15,0.4886533037666392,0.4886533037666392,0
interval,5_vs_10,740001,10,R_cdw,8.548730052620101,8.548730052621128,1.0267342531733448e-12,0.4886533037666392,0.4886533037666392,0
interval,5_vs_10,740001,11,S_pi,0.0912485957180986,0.09124859571809954,9.43689570931383e-16,2.4916527312876755,2.4916527312876755,0
interval,5_vs_10,740001,11,S_pi_dq,-0.006232256165770171,-0.0062322561657720465,-1.8752360775309285e-15,2.4916527312876755,2.4916527312876755,0
interval,5_vs_10,740001,11,R_cdw,1.0682997487985895,1.0682997487986092,1.9761969838327786e-14,2.4916527312876755,2.4916527312876755,0
interval,5_vs_10,740001,12,S_pi,-0.14383647033075483,-0.14383647033075656,-1.7208456881689926e-15,1.3095035305387446,1.3095035305387446,0
interval,5_vs_10,740001,12,S_pi_dq,0.09692845587202249,0.09692845587202549,2.9976021664879227e-15,1.3095035305387446,1.3095035305387446,0
interval,5_vs_10,740001,12,R_cdw,1.6738795498049526,1.6738795498049654,1.2878587085651816e-14,1.3095035305387446,1.3095035305387446,0
interval,5_vs_10,740001,13,S_pi,0.1817082782946577,0.1817082782946573,-3.885780586188048e-16,1.4754484240216774,1.4754484240216774,0
interval,5_vs_10,740001,13,S_pi_dq,-0.01952123942484932,-0.019521239424850297,-9.749145934989656e-16,1.4754484240216774,1.4754484240216774,0
interval,5_vs_10,740001,13,R_cdw,1.107431756043573,1.1074317560435785,5.551115123125783e-15,1.4754484240216774,1.4754484240216774,0
interval,5_vs_10,740001,14,S_pi,0.05808747739492189,0.058087477394926354,4.461708780212348e-15,1.4754484240216774,1.4754484240216774,0
interval,5_vs_10,740001,14,S_pi_dq,0.2199324967268997,0.21993249672690574,6.022959908591474e-15,1.4754484240216774,1.4754484240216774,0
interval,5_vs_10,740001,14,R_cdw,-2.786229090852663,-2.7862290908524754,1.8740564655672642e-13,1.4754484240216774,1.4754484240216774,0
interval,5_vs_10,740001,15,S_pi,0.40746436302845673,0.4074643630284473,-9.43689570931383e-15,0.4886533037666392,0.4886533037666392,0
interval,5_vs_10,740001,15,S_pi_dq,-0.14670410754062863,-0.14670410754057767,5.0959236830294685e-14,0.4886533037666392,0.4886533037666392,0
interval,5_vs_10,740001,15,R_cdw,1.3600415664581273,1.3600415664580106,-1.1679546219056647e-13,0.4886533037666392,0.4886533037666392,0
interval,5_vs_10,740001,16,S_pi,0.18354140373324696,0.18354140373324768,7.216449660063518e-16,0.8155848033335169,0.8155848033335169,0
interval,5_vs_10,740001,16,S_pi_dq,-0.044585691618549236,-0.044585691618528024,2.1212198664244397e-14,0.8155848033335169,0.8155848033335169,0
interval,5_vs_10,740001,16,R_cdw,1.242918985643962,1.2429189856438454,-1.1657341758564144e-13,0.8155848033335169,0.8155848033335169,0
interval,5_vs_10,740001,17,S_pi,nan,nan,nan,0.0,0.0,0
interval,5_vs_10,740001,17,S_pi_dq,nan,nan,nan,0.0,0.0,0
interval,5_vs_10,740001,17,R_cdw,nan,nan,nan,0.0,0.0,0
interval,5_vs_10,740001,18,S_pi,0.06032306138968703,0.06032306138968694,-9.020562075079397e-17,0.8155848033335169,0.8155848033335169,0
interval,5_vs_10,740001,18,S_pi_dq,0.03155049319369816,0.03155049319370022,2.060851489460447e-15,0.8155848033335169,0.8155848033335169,0
interval,5_vs_10,740001,18,R_cdw,0.47697460197051433,0.47697460197047936,-3.497202527569243e-14,0.8155848033335169,0.8155848033335169,0
interval,5_vs_10,740001,19,S_pi,0.5115883640135693,0.5115883640135694,1.1102230246251565e-16,0.6519441692793733,0.6519441692793733,0
interval,5_vs_10,740001,19,S_pi_dq,0.05607910940465238,0.056079109405911834,1.2594508769225854e-12,0.6519441692793733,0.6519441692793733,0
interval,5_vs_10,740001,19,R_cdw,0.8903823594330911,0.8903823594306293,-2.461808534803822e-12,0.6519441692793733,0.6519441692793733,0
interval,5_vs_20,740001,0,S_pi,-0.2707563408203676,-0.27075634082034006,2.7533531010703882e-14,0.32562394774651304,0.32562394774651304,0
interval,5_vs_20,740001,0,S_pi_dq,0.32470648677073494,0.3247064867707456,1.0658141036401503e-14,0.32562394774651304,0.32562394774651304,0
interval,5_vs_20,740001,0,R_cdw,2.1992571837353956,2.199257183735557,1.6120438317557273e-13,0.32562394774651304,0.32562394774651304,0
interval,5_vs_20,740001,1,S_pi,0.07335375148964775,0.07335375148962828,-1.9470536294363683e-14,0.4886533037666392,0.4886533037666392,0
interval,5_vs_20,740001,1,S_pi_dq,-0.05712510718963487,-0.05712510718963621,-1.339206523454095e-15,0.4886533037666392,0.4886533037666392,0
interval,5_vs_20,740001,1,R_cdw,1.7787619041910463,1.778761904191271,2.2470914018413168e-13,0.4886533037666392,0.4886533037666392,0
interval,5_vs_20,740001,2,S_pi,-1.4206449394849292,-1.4206449394848664,6.283862319378386e-14,0.8155848033335169,0.8155848033335169,0
interval,5_vs_20,740001,2,S_pi_dq,0.4386727946718132,0.43867279467189435,8.115730310009894e-14,0.8155848033335169,0.8155848033335169,0
interval,5_vs_20,740001,2,R_cdw,1.3087842588105505,1.3087842588106213,7.083222897108499e-14,0.8155848033335169,0.8155848033335169,0
interval,5_vs_20,740001,3,S_pi,0.7170393561021183,0.7170393561023095,1.9118040484045196e-13,0.9796644073593258,0.9796644073593258,0
interval,5_vs_20,740001,3,S_pi_dq,-0.16006002122956256,-0.1600600212295546,7.965850201685498e-15,0.9796644073593258,0.9796644073593258,0
interval,5_vs_20,740001,3,R_cdw,1.2232234812042413,1.2232234812041707,-7.061018436615996e-14,0.9796644073593258,0.9796644073593258,0
interval,5_vs_20,740001,4,S_pi,0.12129261031724835,0.12129261031725029,1.942890293094024e-15,1.9785383800954366,1.9785383800954366,0
interval,5_vs_20,740001,4,S_pi_dq,-0.07247311592411466,-0.07247311592416524,-5.057065877167588e-14,1.9785383800954366,1.9785383800954366,0
interval,5_vs_20,740001,4,R_cdw,1.597506441114234,1.5975064411146414,4.0745185003743245e-13,1.9785383800954366,1.9785383800954366,0
interval,5_vs_20,740001,5,S_pi,0.10560583752171712,0.10560583752169325,-2.3869795029440866e-14,0.6519441692793733,0.6519441692793733,0
interval,5_vs_20,740001,5,S_pi_dq,-0.01661563116729084,-0.016615631167105523,1.8531703949165035e-13,0.6519441692793733,0.6519441692793733,0
interval,5_vs_20,740001,5,R_cdw,1.1573362946330874,1.1573362946313681,-1.7192913759345174e-12,0.6519441692793733,0.6519441692793733,0
interval,5_vs_20,740001,6,S_pi,0.3172636458342545,0.3172636458342379,-1.659783421814609e-14,0.32562394774651304,0.32562394774651304,0
interval,5_vs_20,740001,6,S_pi_dq,-0.1373357494905384,-0.13733574949066088,-1.224853551917704e-13,0.32562394774651304,0.32562394774651304,0
interval,5_vs_20,740001,6,R_cdw,1.4328757842059396,1.4328757842063484,4.0878411766698264e-13,0.32562394774651304,0.32562394774651304,0
interval,5_vs_20,740001,7,S_pi,0.1359608614732101,0.13596086147297098,-2.391142839286431e-13,0.6519441692793733,0.6519441692793733,0
interval,5_vs_20,740001,7,S_pi_dq,0.010106658273695194,0.010106658274512247,8.170530224616002e-13,0.6519441692793733,0.6519441692793733,0
interval,5_vs_20,740001,7,R_cdw,0.9256649438361596,0.9256649438300194,-6.140199459991891e-12,0.6519441692793733,0.6519441692793733,0
interval,5_vs_20,740001,8,S_pi,-0.03779655151143766,-0.03779655151144833,-1.0672018824209317e-14,0.8155848033335169,0.8155848033335169,0
interval,5_vs_20,740001,8,S_pi_dq,0.05213518535377891,0.05213518535395415,1.7524176554317705e-13,0.8155848033335169,0.8155848033335169,0
interval,5_vs_20,740001,8,R_cdw,2.3793635469098873,2.379363546914134,4.246825113796149e-12,0.8155848033335169,0.8155848033335169,0
interval,5_vs_20,740001,9,S_pi,-0.33396544030788716,-0.33396544030783065,5.651035195342047e-14,0.4886533037666392,0.4886533037666392,0
interval,5_vs_20,740001,9,S_pi_dq,0.31171554527650874,0.31171554527738055,8.718026300869042e-13,0.4886533037666392,0.4886533037666392,0
interval,5_vs_20,740001,9,R_cdw,1.9333766541506034,1.9333766541533717,2.7682300896003653e-12,0.4886533037666392,0.4886533037666392,0
interval,5_vs_20,740001,10,S_pi,-0.024540748179005176,-0.024540748179006668,-1.4918621893400541e-15,0.4886533037666392,0.4886533037666392,0
interval,5_vs_20,740001,10,S_pi_dq,0.1852514832926384,0.18525148329303173,3.9332426204907733e-13,0.4886533037666392,0.4886533037666392,0
interval,5_vs_20,740001,10,R_cdw,8.548730052620101,8.548730052635669,1.5567991340503795e-11,0.4886533037666392,0.4886533037666392,0
interval,5_vs_20,740001,11,S_pi,0.0912485957180986,0.09124859571809397,-4.621303340002214e-15,2.4916527312876755,2.4916527312876755,0
interval,5_vs_20,740001,11,S_pi_dq,-0.006232256165770171,-0.006232256165756847,1.3324411018977855e-14,2.4916527312876755,2.4916527312876755,0
interval,5_vs_20,740001,11,R_cdw,1.0682997487985895,1.068299748798447,-1.425526363618701e-13,2.4916527312876755,2.4916527312876755,0
interval,5_vs_20,740001,12,S_pi,-0.14383647033075483,-0.14383647033075525,-4.163336342344337e-16,1.3095035305387446,1.3095035305387446,0
interval,5_vs_20,740001,12,S_pi_dq,0.09692845587202249,0.09692845587201937,-3.1225022567582528e-15,1.3095035305387446,1.3095035305387446,0
interval,5_vs_20,740001,12,R_cdw,1.6738795498049526,1.673879549804929,-2.353672812205332e-14,1.3095035305387446,1.3095035305387446,0
interval,5_vs_20,740001,13,S_pi,0.1817082782946577,0.1817082782946534,-4.274358644806853e-15,1.4754484240216774,1.4754484240216774,0
interval,5_vs_20,740001,13,S_pi_dq,-0.01952123942484932,-0.01952123942484944,-1.1796119636642288e-16,1.4754484240216774,1.4754484240216774,0
interval,5_vs_20,740001,13,R_cdw,1.107431756043573,1.107431756043576,3.1086244689504383e-15,1.4754484240216774,1.4754484240216774,0
interval,5_vs_20,740001,14,S_pi,0.05808747739492189,0.058087477394786605,-1.3528761444447923e-13,1.4754484240216774,1.4754484240216774,0
interval,5_vs_20,740001,14,S_pi_dq,0.2199324967268997,0.21993249672690535,5.6343818499726694e-15,1.4754484240216774,1.4754484240216774,0
interval,5_vs_20,740001,14,R_cdw,-2.786229090852663,-2.786229090861578,-8.915090887740007e-12,1.4754484240216774,1.4754484240216774,0
interval,5_vs_20,740001,15,S_pi,0.40746436302845673,0.40746436302835237,-1.0436096431476471e-13,0.4886533037666392,0.4886533037666392,0
interval,5_vs_20,740001,15,S_pi_dq,-0.14670410754062863,-0.14670410754028837,3.4025560147199485e-13,0.4886533037666392,0.4886533037666392,0
interval,5_vs_20,740001,15,R_cdw,1.3600415664581273,1.3600415664573844,-7.429612480791548e-13,0.4886533037666392,0.4886533037666392,0
interval,5_vs_20,740001,16,S_pi,0.18354140373324696,0.18354140373324604,-9.159339953157541e-16,0.8155848033335169,0.8155848033335169,0
interval,5_vs_20,740001,16,S_pi_dq,-0.044585691618549236,-0.044585691618479494,6.974282262817155e-14,0.8155848033335169,0.8155848033335169,0
interval,5_vs_20,740001,16,R_cdw,1.242918985643962,1.2429189856435832,-3.788080960021034e-13,0.8155848033335169,0.8155848033335169,0
interval,5_vs_20,740001,17,S_pi,nan,nan,nan,0.0,0.0,0
interval,5_vs_20,740001,17,S_pi_dq,nan,nan,nan,0.0,0.0,0
interval,5_vs_20,740001,17,R_cdw,nan,nan,nan,0.0,0.0,0
interval,5_vs_20,740001,18,S_pi,0.06032306138968703,0.060323061389685476,-1.5543122344752192e-15,0.8155848033335169,0.8155848033335169,0
interval,5_vs_20,740001,18,S_pi_dq,0.03155049319369816,0.03155049319373923,4.1071313017226885e-14,0.8155848033335169,0.8155848033335169,0
interval,5_vs_20,740001,18,R_cdw,0.47697460197051433,0.47697460196982,-6.943334796005729e-13,0.8155848033335169,0.8155848033335169,0
interval,5_vs_20,740001,19,S_pi,0.5115883640135693,0.5115883640135729,3.552713678800501e-15,0.6519441692793733,0.6519441692793733,0
interval,5_vs_20,740001,19,S_pi_dq,0.05607910940465238,0.05607910940583436,1.1819781264854612e-12,0.6519441692793733,0.6519441692793733,0
interval,5_vs_20,740001,19,R_cdw,0.8903823594330911,0.8903823594307815,-2.309596958127713e-12,0.6519441692793733,0.6519441692793733,0
interval,10_vs_20,740001,0,S_pi,-0.27075634082035566,-0.27075634082034006,1.559863349598345e-14,0.32562394774651304,0.32562394774651304,0
interval,10_vs_20,740001,0,S_pi_dq,0.32470648677073427,0.3247064867707456,1.1324274851176597e-14,0.32562394774651304,0.32562394774651304,0
interval,10_vs_20,740001,0,R_cdw,2.1992571837354458,2.199257183735557,1.1102230246251565e-13,0.32562394774651304,0.32562394774651304,0
interval,10_vs_20,740001,1,S_pi,0.07335375148965,0.07335375148962828,-2.1718737919229625e-14,0.4886533037666392,0.4886533037666392,0
interval,10_vs_20,740001,1,S_pi_dq,-0.057125107189618364,-0.05712510718963621,-1.784683512084939e-14,0.4886533037666392,0.4886533037666392,0
interval,10_vs_20,740001,1,R_cdw,1.7787619041907972,1.778761904191271,4.738431869100168e-13,0.4886533037666392,0.4886533037666392,0
interval,10_vs_20,740001,2,S_pi,-1.4206449394849323,-1.4206449394848664,6.59472476627343e-14,0.8155848033335169,0.8155848033335169,0
interval,10_vs_20,740001,2,S_pi_dq,0.43867279467180065,0.43867279467189435,9.370282327836321e-14,0.8155848033335169,0.8155848033335169,0
interval,10_vs_20,740001,2,R_cdw,1.308784258810541,1.3087842588106213,8.038014698286133e-14,0.8155848033335169,0.8155848033335169,0
interval,10_vs_20,740001,3,S_pi,0.7170393561021204,0.7170393561023095,1.8907098109366416e-13,0.9796644073593258,0.9796644073593258,0
interval,10_vs_20,740001,3,S_pi_dq,-0.16006002122956495,-0.1600600212295546,1.0352829704629585e-14,0.9796644073593258,0.9796644073593258,0
interval,10_vs_20,740001,3,R_cdw,1.223223481204244,1.2232234812041707,-7.327471962526033e-14,0.9796644073593258,0.9796644073593258,0
interval,10_vs_20,740001,4,S_pi,0.12129261031724786,0.12129261031725029,2.42861286636753e-15,1.9785383800954366,1.9785383800954366,0
interval,10_vs_20,740001,4,S_pi_dq,-0.07247311592411058,-0.07247311592416524,-5.465072838717333e-14,1.9785383800954366,1.9785383800954366,0
interval,10_vs_20,740001,4,R_cdw,1.5975064411142026,1.5975064411146414,4.3876013933186186e-13,1.9785383800954366,1.9785383800954366,0
interval,10_vs_20,740001,5,S_pi,0.10560583752171858,0.10560583752169325,-2.5326962749261384e-14,0.6519441692793733,0.6519441692793733,0
interval,10_vs_20,740001,5,S_pi_dq,-0.016615631167310806,-0.016615631167105523,2.052837067001434e-13,0.6519441692793733,0.6519441692793733,0
interval,10_vs_20,740001,5,R_cdw,1.1573362946332744,1.1573362946313681,-1.9062529332813938e-12,0.6519441692793733,0.6519441692793733,0
interval,10_vs_20,740001,6,S_pi,0.31726364583427125,0.3172636458342379,-3.3362201889985954e-14,0.32562394774651304,0.32562394774651304,0
interval,10_vs_20,740001,6,S_pi_dq,-0.1373357494905435,-0.13733574949066088,-1.1737832927849468e-13,0.32562394774651304,0.32562394774651304,0
interval,10_vs_20,740001,6,R_cdw,1.4328757842059328,1.4328757842063484,4.156675004196586e-13,0.32562394774651304,0.32562394774651304,0
interval,10_vs_20,740001,7,S_pi,0.1359608614732013,0.13596086147297098,-2.303157664584887e-13,0.6519441692793733,0.6519441692793733,0
interval,10_vs_20,740001,7,S_pi_dq,0.010106658273206313,0.010106658274512247,1.30593452718486e-12,0.6519441692793733,0.6519441692793733,0
interval,10_vs_20,740001,7,R_cdw,0.9256649438397506,0.9256649438300194,-9.73121583314196e-12,0.6519441692793733,0.6519441692793733,0
interval,10_vs_20,740001,8,S_pi,-0.03779655151143815,-0.03779655151144833,-1.0179357357031904e-14,0.8155848033335169,0.8155848033335169,0
interval,10_vs_20,740001,8,S_pi_dq,0.05213518535395052,0.05213518535395415,3.6290415117434804e-15,0.8155848033335169,0.8155848033335169,0
interval,10_vs_20,740001,8,R_cdw,2.3793635469144094,2.379363546914134,-2.753353101070388e-13,0.8155848033335169,0.8155848033335169,0
interval,10_vs_20,740001,9,S_pi,-0.3339654403078886,-0.33396544030783065,5.795364188543317e-14,0.4886533037666392,0.4886533037666392,0
interval,10_vs_20,740001,9,S_pi_dq,0.3117155452759171,0.31171554527738055,1.46344047990965e-12,0.4886533037666392,0.4886533037666392,0
interval,10_vs_20,740001,9,R_cdw,1.9333766541488278,1.9333766541533717,4.543920795185841e-12,0.4886533037666392,0.4886533037666392,0
interval,10_vs_20,740001,10,S_pi,-0.02454074817900209,-0.024540748179006668,-4.579669976578771e-15,0.4886533037666392,0.4886533037666392,0
interval,10_vs_20,740001,10,S_pi_dq,0.18525148329264027,0.18525148329303173,3.914646384828302e-13,0.4886533037666392,0.4886533037666392,0
interval,10_vs_20,740001,10,R_cdw,8.548730052621128,8.548730052635669,1.454125708733045e-11,0.4886533037666392,0.4886533037666392,0
interval,10_vs_20,740001,11,S_pi,0.09124859571809954,0.09124859571809397,-5.564992910933597e-15,2.4916527312876755,2.4916527312876755,0
interval,10_vs_20,740001,11,S_pi_dq,-0.0062322561657720465,-0.006232256165756847,1.5199647096508784e-14,2.4916527312876755,2.4916527312876755,0
interval,10_vs_20,740001,11,R_cdw,1.0682997487986092,1.068299748798447,-1.6231460620019789e-13,2.4916527312876755,2.4916527312876755,0
interval,10_vs_20,740001,12,S_pi,-0.14383647033075656,-0.14383647033075525,1.304512053934559e-15,1.3095035305387446,1.3095035305387446,0
interval,10_vs_20,740001,12,S_pi_dq,0.09692845587202549,0.09692845587201937,-6.1201044232461754e-15,1.3095035305387446,1.3095035305387446,0
interval,10_vs_20,740001,12,R_cdw,1.6738795498049654,1.673879549804929,-3.6415315207705135e-14,1.3095035305387446,1.3095035305387446,0
interval,10_vs_20,740001,13,S_pi,0.1817082782946573,0.1817082782946534,-3.885780586188048e-15,1.4754484240216774,1.4754484240216774,0
interval,10_vs_20,740001,13,S_pi_dq,-0.019521239424850297,-0.01952123942484944,8.569533971325427e-16,1.4754484240216774,1.4754484240216774,0
interval,10_vs_20,740001,13,R_cdw,1.1074317560435785,1.107431756043576,-2.4424906541753444e-15,1.4754484240216774,1.4754484240216774,0
interval,10_vs_20,740001,14,S_pi,0.058087477394926354,0.058087477394786605,-1.3974932322469158e-13,1.4754484240216774,1.4754484240216774,0
interval,10_vs_20,740001,14,S_pi_dq,0.21993249672690574,0.21993249672690535,-3.885780586188048e-16,1.4754484240216774,1.4754484240216774,0
interval,10_vs_20,740001,14,R_cdw,-2.7862290908524754,-2.786229090861578,-9.102496534296733e-12,1.4754484240216774,1.4754484240216774,0
interval,10_vs_20,740001,15,S_pi,0.4074643630284473,0.40746436302835237,-9.492406860545088e-14,0.4886533037666392,0.4886533037666392,0
interval,10_vs_20,740001,15,S_pi_dq,-0.14670410754057767,-0.14670410754028837,2.8929636464170017e-13,0.4886533037666392,0.4886533037666392,0
interval,10_vs_20,740001,15,R_cdw,1.3600415664580106,1.3600415664573844,-6.261657858885883e-13,0.4886533037666392,0.4886533037666392,0
interval,10_vs_20,740001,16,S_pi,0.18354140373324768,0.18354140373324604,-1.6375789613221059e-15,0.8155848033335169,0.8155848033335169,0
interval,10_vs_20,740001,16,S_pi_dq,-0.044585691618528024,-0.044585691618479494,4.8530623963927155e-14,0.8155848033335169,0.8155848033335169,0
interval,10_vs_20,740001,16,R_cdw,1.2429189856438454,1.2429189856435832,-2.62234678416462e-13,0.8155848033335169,0.8155848033335169,0
interval,10_vs_20,740001,17,S_pi,nan,nan,nan,0.0,0.0,0
interval,10_vs_20,740001,17,S_pi_dq,nan,nan,nan,0.0,0.0,0
interval,10_vs_20,740001,17,R_cdw,nan,nan,nan,0.0,0.0,0
interval,10_vs_20,740001,18,S_pi,0.06032306138968694,0.060323061389685476,-1.4641066137244252e-15,0.8155848033335169,0.8155848033335169,0
interval,10_vs_20,740001,18,S_pi_dq,0.03155049319370022,0.03155049319373923,3.901046152776644e-14,0.8155848033335169,0.8155848033335169,0
interval,10_vs_20,740001,18,R_cdw,0.47697460197047936,0.47697460196982,-6.593614543248805e-13,0.8155848033335169,0.8155848033335169,0
interval,10_vs_20,740001,19,S_pi,0.5115883640135694,0.5115883640135729,3.4416913763379853e-15,0.6519441692793733,0.6519441692793733,0
interval,10_vs_20,740001,19,S_pi_dq,0.056079109405911834,0.05607910940583436,-7.74727504371242e-14,0.6519441692793733,0.6519441692793733,0
interval,10_vs_20,740001,19,R_cdw,0.8903823594306293,0.8903823594307815,1.5221157667610896e-13,0.6519441692793733,0.6519441692793733,0
interval,5_vs_10,740002,0,S_pi,-0.04480938329680869,-0.0448093832968086,9.020562075079397e-17,1.1442733718381495,1.1442733718381495,0
interval,5_vs_10,740002,0,S_pi_dq,0.04319323835800453,0.043193238358007334,2.8033131371785203e-15,1.1442733718381495,1.1442733718381495,0
interval,5_vs_10,740002,0,R_cdw,1.9639328903926412,1.9639328903927056,6.439293542825908e-14,1.1442733718381495,1.1442733718381495,0
interval,5_vs_10,740002,1,S_pi,-0.1582020211628672,-0.15820202116286722,-2.7755575615628914e-17,0.8155848033335169,0.8155848033335169,0
interval,5_vs_10,740002,1,S_pi_dq,0.06938454447198816,0.06938454447196264,-2.5521251778570786e-14,0.8155848033335169,0.8155848033335169,0
interval,5_vs_10,740002,1,R_cdw,1.4385819091436105,1.438581909143449,-1.6142642778049776e-13,0.8155848033335169,0.8155848033335169,0
interval,5_vs_10,740002,2,S_pi,0.17860967654108512,0.17860967654108664,1.5265566588595902e-15,1.1442733718381495,1.1442733718381495,0
interval,5_vs_10,740002,2,S_pi_dq,-0.025932779318906297,-0.02593277931890752,-1.2247147740396258e-15,1.1442733718381495,1.1442733718381495,0
interval,5_vs_10,740002,2,R_cdw,1.1451924656105688,1.1451924656105743,5.551115123125783e-15,1.1442733718381495,1.1442733718381495,0
interval,5_vs_10,740002,3,S_pi,0.2690713062773216,0.2690713062773187,-2.942091015256665e-15,1.8098667720465336,1.8098667720465336,0
interval,5_vs_10,740002,3,S_pi_dq,-0.14283168730101495,-0.14283168730100992,5.023759186428833e-15,1.8098667720465336,1.8098667720465336,0
interval,5_vs_10,740002,3,R_cdw,1.5308321027505019,1.530832102750489,-1.2878587085651816e-14,1.8098667720465336,1.8098667720465336,0
interval,5_vs_10,740002,4,S_pi,0.9594064960342421,0.9594064960342336,-8.548717289613705e-15,0.1627685438345503,0.1627685438345503,0
interval,5_vs_10,740002,4,S_pi_dq,0.5789410871104246,0.5789410871103715,-5.306866057708248e-14,0.1627685438345503,0.1627685438345503,0
interval,5_vs_10,740002,4,R_cdw,0.396563302934149,0.39656330293419884,4.984901380566953e-14,0.1627685438345503,0.1627685438345503,0
interval,5_vs_10,740002,5,S_pi,-1.1815569293038097,-1.1815569293038368,-2.708944180085382e-14,0.32562394774651304,0.32562394774651304,0
interval,5_vs_10,740002,5,S_pi_dq,-0.4473556011138604,-0.44735560111158723,2.273181642920008e-12,0.32562394774651304,0.32562394774651304,0
interval,5_vs_10,740002,5,R_cdw,0.6213846408759596,0.621384640877892,1.9324541966625475e-12,0.32562394774651304,0.32562394774651304,0
interval,5_vs_10,740002,6,S_pi,0.30456136016336666,0.30456136016338303,1.637578961322106e-14,0.32562394774651304,0.32562394774651304,0
interval,5_vs_10,740002,6,S_pi_dq,0.2576866973584396,0.25768669735845506,1.5487611193520934e-14,0.32562394774651304,0.32562394774651304,0
interval,5_vs_10,740002,6,R_cdw,0.15390876498510353,0.1539087649850982,-5.329070518200751e-15,0.32562394774651304,0.32562394774651304,0
interval,5_vs_10,740002,7,S_pi,0.4674143051158567,0.4674143051158806,2.3925306180672123e-14,0.1627685438345503,0.1627685438345503,0
interval,5_vs_10,740002,7,S_pi_dq,-0.29862875329181693,-0.2986287532918161,8.326672684688674e-16,0.1627685438345503,0.1627685438345503,0
interval,5_vs_10,740002,7,R_cdw,1.6388951943133119,1.6388951943132775,-3.441691376337985e-14,0.1627685438345503,0.1627685438345503,0
interval,5_vs_10,740002,8,S_pi,0.14112015785902,0.14112015785902585,5.856426454897701e-15,0.9796644073593258,0.9796644073593258,0
interval,5_vs_10,740002,8,S_pi_dq,0.08749704592259488,0.08749704592260416,9.270362255620057e-15,0.9796644073593258,0.9796644073593258,0
interval,5_vs_10,740002,8,R_cdw,0.37998194411031605,0.3799819441102761,-3.9968028886505635e-14,0.9796644073593258,0.9796644073593258,0
interval,5_vs_10,740002,9,S_pi,0.07695660439104832,0.0769566043910482,-1.1102230246251565e-16,2.6654246812857756,2.6654246812857756,0
interval,5_vs_10,740002,9,S_pi_dq,0.01637183923013426,0.01637183923013524,9.783840404509192e-16,2.6654246812857756,2.6654246812857756,0
interval,5_vs_10,740002,9,R_cdw,0.7872588147608206,0.7872588147608075,-1.3100631690576847e-14,2.6654246812857756,2.6654246812857756,0
interval,5_vs_10,740002,10,S_pi,-0.008534007344758388,-0.008534007344757706,6.817463260588852e-16,2.4916527312876755,2.4916527312876755,0
interval,5_vs_10,740002,10,S_pi_dq,0.04975745587135919,0.04975745587136605,6.855627177060342e-15,2.4916527312876755,2.4916527312876755,0
interval,5_vs_10,740002,10,R_cdw,6.830491334404623,6.830491334405893,1.269206961751479e-12,2.4916527312876755,2.4916527312876755,0
interval,5_vs_10,740002,11,S_pi,-0.3052267876404915,-0.30522678764048944,2.0539125955565396e-15,0.9796644073593258,0.9796644073593258,0
interval,5_vs_10,740002,11,S_pi_dq,0.17457849229225017,0.17457849229222863,-2.1538326677728037e-14,0.9796644073593258,0.9796644073593258,0
interval,5_vs_10,740002,11,R_cdw,1.5719632069052727,1.571963206905206,-6.661338147750939e-14,0.9796644073593258,0.9796644073593258,0
interval,5_vs_10,740002,12,S_pi,-2.46392189537351,-2.4639218953733777,1.3233858453531866e-13,0.9796644073593258,0.9796644073593258,0
interval,5_vs_10,740002,12,S_pi_dq,-0.18803640229388893,-0.18803640229387256,1.637578961322106e-14,0.9796644073593258,0.9796644073593258,0
interval,5_vs_10,740002,12,R_cdw,0.9236841059584869,0.9236841059584895,2.55351295663786e-15,0.9796644073593258,0.9796644073593258,0
interval,5_vs_10,740002,13,S_pi,0.30374332921531483,0.30374332921531544,6.106226635438361e-16,0.6519441692793733,0.6519441692793733,0
interval,5_vs_10,740002,13,S_pi_dq,-0.03768760702066657,-0.03768760702065493,1.164346397075633e-14,0.6519441692793733,0.6519441692793733,0
interval,5_vs_10,740002,13,R_cdw,1.1240771513172918,1.1240771513172532,-3.863576125695545e-14,0.6519441692793733,0.6519441692793733,0
interval,5_vs_10,740002,14,S_pi,-0.3139429197119707,-0.3139429197119739,-3.219646771412954e-15,0.32562394774651304,0.32562394774651304,0
interval,5_vs_10,740002,14,S_pi_dq,0.019581324800415346,0.0195813248005594,1.4405490689206601e-13,0.32562394774651304,0.32562394774651304,0
interval,5_vs_10,740002,14,R_cdw,1.0623722453061861,1.0623722453066444,4.583000645652646e-13,0.32562394774651304,0.32562394774651304,0
interval,5_vs_10,740002,15,S_pi,0.015521597845743602,0.0155215978457426,-1.0009354456386177e-15,0.32562394774651304,0.32562394774651304,0
interval,5_vs_10,740002,15,S_pi_dq,-0.03730424263404084,-0.03730424263424502,-2.041769531224702e-13,0.32562394774651304,0.32562394774651304,0
interval,5_vs_10,740002,15,R_cdw,3.4033764438930216,3.403376443906331,1.3309353619206377e-11,0.32562394774651304,0.32562394774651304,0
interval,5_vs_10,740002,16,S_pi,0.20484767826212358,0.20484767826211664,-6.938893903907228e-15,0.32562394774651304,0.32562394774651304,0
interval,5_vs_10,740002,16,S_pi_dq,0.15576030853418874,0.15576030853422887,4.013456234019941e-14,0.32562394774651304,0.32562394774651304,0
interval,5_vs_10,740002,16,R_cdw,0.2396286359912878,0.2396286359910661,-2.2171153801764376e-13,0.32562394774651304,0.32562394774651304,0
interval,5_vs_10,740002,17,S_pi,0.16957268995298216,0.16957268995298017,-1.9984014443252818e-15,1.8098667720465336,1.8098667720465336,0
interval,5_vs_10,740002,17,S_pi_dq,-0.009531660851557988,-0.00953166085155699,9.97465998686664e-16,1.8098667720465336,1.8098667720465336,0
interval,5_vs_10,740002,17,R_cdw,1.0562098817574979,1.0562098817574928,-5.10702591327572e-15,1.8098667720465336,1.8098667720465336,0
interval,5_vs_10,740002,18,S_pi,0.298452300656676,0.29845230065665224,-2.375877272697835e-14,0.1627685438345503,0.1627685438345503,0
interval,5_vs_10,740002,18,S_pi_dq,0.3084985239143779,0.3084985239144735,9.564571357145724e-14,0.1627685438345503,0.1627685438345503,0
interval,5_vs_10,740002,18,R_cdw,-0.033661068236356284,-0.03366106823675907,-4.027889133340068e-13,0.1627685438345503,0.1627685438345503,0
interval,5_vs_10,740002,19,S_pi,0.06789268414411785,0.06789268414411742,-4.3021142204224816e-16,1.9785383800954366,1.9785383800954366,0
interval,5_vs_10,740002,19,S_pi_dq,0.016230175080678373,0.016230175080678633,2.6020852139652106e-16,1.9785383800954366,1.9785383800954366,0
interval,5_vs_10,740002,19,R_cdw,0.7609436821465758,0.7609436821465704,-5.440092820663267e-15,1.9785383800954366,1.9785383800954366,0
interval,5_vs_20,740002,0,S_pi,-0.04480938329680869,-0.04480938329681071,-2.0192181260370035e-15,1.1442733718381495,1.1442733718381495,0
interval,5_vs_20,740002,0,S_pi_dq,0.04319323835800453,0.04319323835800826,3.726186026398182e-15,1.1442733718381495,1.1442733718381495,0
interval,5_vs_20,740002,0,R_cdw,1.9639328903926412,1.9639328903926807,3.952393967665557e-14,1.1442733718381495,1.1442733718381495,0
interval,5_vs_20,740002,1,S_pi,-0.1582020211628672,-0.15820202116284926,1.7930101847696278e-14,0.8155848033335169,0.8155848033335169,0
interval,5_vs_20,740002,1,S_pi_dq,0.06938454447198816,0.06938454447195377,-3.4389158187764224e-14,0.8155848033335169,0.8155848033335169,0
interval,5_vs_20,740002,1,R_cdw,1.4385819091436105,1.4385819091434429,-1.6764367671839864e-13,0.8155848033335169,0.8155848033335169,0
interval,5_vs_20,740002,2,S_pi,0.17860967654108512,0.17860967654107646,-8.659739592076221e-15,1.1442733718381495,1.1442733718381495,0
interval,5_vs_20,740002,2,S_pi_dq,-0.025932779318906297,-0.02593277931891278,-6.484396353201305e-15,1.1442733718381495,1.1442733718381495,0
interval,5_vs_20,740002,2,R_cdw,1.1451924656105688,1.145192465610612,4.3298697960381105e-14,1.1442733718381495,1.1442733718381495,0
interval,5_vs_20,740002,3,S_pi,0.2690713062773216,0.26907130627733,8.382183835919932e-15,1.8098667720465336,1.8098667720465336,0
interval,5_vs_20,740002,3,S_pi_dq,-0.14283168730101495,-0.14283168730103132,-1.637578961322106e-14,1.8098667720465336,1.8098667720465336,0
interval,5_vs_20,740002,3,R_cdw,1.5308321027505019,1.530832102750546,4.418687638008123e-14,1.8098667720465336,1.8098667720465336,0
interval,5_vs_20,740002,4,S_pi,0.9594064960342421,0.9594064960342672,2.5091040356528538e-14,0.1627685438345503,0.1627685438345503,0
interval,5_vs_20,740002,4,S_pi_dq,0.5789410871104246,0.5789410871108679,4.43312053732825e-13,0.1627685438345503,0.1627685438345503,0
interval,5_vs_20,740002,4,R_cdw,0.396563302934149,0.3965633029337027,-4.4630965589931293e-13,0.1627685438345503,0.1627685438345503,0
interval,5_vs_20,740002,5,S_pi,-1.1815569293038097,-1.1815569293037116,9.814371537686384e-14,0.32562394774651304,0.32562394774651304,0
interval,5_vs_20,740002,5,S_pi_dq,-0.4473556011138604,-0.4473556011988009,-8.494049907881163e-11,0.32562394774651304,0.32562394774651304,0
interval,5_vs_20,740002,5,R_cdw,0.6213846408759596,0.6213846408040395,-7.192002549061272e-11,0.32562394774651304,0.32562394774651304,0
interval,5_vs_20,740002,6,S_pi,0.30456136016336666,0.30456136016319957,-1.6708856520608606e-13,0.32562394774651304,0.32562394774651304,0
interval,5_vs_20,740002,6,S_pi_dq,0.2576866973584396,0.25768669735836486,-7.471800955727304e-14,0.32562394774651304,0.32562394774651304,0
interval,5_vs_20,740002,6,R_cdw,0.15390876498510353,0.1539087649848847,-2.1882495815361835e-13,0.32562394774651304,0.32562394774651304,0
interval,5_vs_20,740002,7,S_pi,0.4674143051158567,0.46741430511619,3.33288951992472e-13,0.1627685438345503,0.1627685438345503,0
interval,5_vs_20,740002,7,S_pi_dq,-0.29862875329181693,-0.2986287532911975,6.194489365896061e-13,0.1627685438345503,0.1627685438345503,0
interval,5_vs_20,740002,7,R_cdw,1.6388951943133119,1.638895194311531,-1.780797731498751e-12,0.1627685438345503,0.1627685438345503,0
interval,5_vs_20,740002,8,S_pi,0.14112015785902,0.14112015785914436,1.2437273433363316e-13,0.9796644073593258,0.9796644073593258,0
interval,5_vs_20,740002,8,S_pi_dq,0.08749704592259488,0.0874970459224932,-1.0168255126785652e-13,0.9796644073593258,0.9796644073593258,0
interval,5_vs_20,740002,8,R_cdw,0.37998194411031605,0.3799819441115829,1.2668754933997661e-12,0.9796644073593258,0.9796644073593258,0
interval,5_vs_20,740002,9,S_pi,0.07695660439104832,0.07695660439104941,1.096345236817342e-15,2.6654246812857756,2.6654246812857756,0
interval,5_vs_20,740002,9,S_pi_dq,0.01637183923013426,0.01637183923013304,-1.2212453270876722e-15,2.6654246812857756,2.6654246812857756,0
interval,5_vs_20,740002,9,R_cdw,0.7872588147608206,0.7872588147608395,1.887379141862766e-14,2.6654246812857756,2.6654246812857756,0
interval,5_vs_20,740002,10,S_pi,-0.008534007344758388,-0.008534007344772833,-1.4445042384458873e-14,2.4916527312876755,2.4916527312876755,0
interval,5_vs_20,740002,10,S_pi_dq,0.04975745587135919,0.04975745587139102,3.1828706337222457e-14,2.4916527312876755,2.4916527312876755,0
interval,5_vs_20,740002,10,R_cdw,6.830491334404623,6.830491334398484,-6.139089236967266e-12,2.4916527312876755,2.4916527312876755,0
interval,5_vs_20,740002,11,S_pi,-0.3052267876404915,-0.3052267876404203,7.116529587847253e-14,0.9796644073593258,0.9796644073593258,0
interval,5_vs_20,740002,11,S_pi_dq,0.17457849229225017,0.17457849229242964,1.7946755193065655e-13,0.9796644073593258,0.9796644073593258,0
interval,5_vs_20,740002,11,R_cdw,1.5719632069052727,1.571963206905994,7.212008767965017e-13,0.9796644073593258,0.9796644073593258,0
interval,5_vs_20,740002,12,S_pi,-2.46392189537351,-2.463921895373909,-3.9879211044535623e-13,0.9796644073593258,0.9796644073593258,0
interval,5_vs_20,740002,12,S_pi_dq,-0.18803640229388893,-0.18803640229396892,-7.999156892424253e-14,0.9796644073593258,0.9796644073593258,0
interval,5_vs_20,740002,12,R_cdw,0.9236841059584869,0.9236841059584668,-2.0095036745715333e-14,0.9796644073593258,0.9796644073593258,0
interval,5_vs_20,740002,13,S_pi,0.30374332921531483,0.30374332921529945,-1.5376588891058418e-14,0.6519441692793733,0.6519441692793733,0
interval,5_vs_20,740002,13,S_pi_dq,-0.03768760702066657,-0.03768760702066709,-5.204170427930421e-16,0.6519441692793733,0.6519441692793733,0
interval,5_vs_20,740002,13,R_cdw,1.1240771513172918,1.1240771513172998,7.993605777301127e-15,0.6519441692793733,0.6519441692793733,0
interval,5_vs_20,740002,14,S_pi,-0.3139429197119707,-0.3139429197119932,-2.248201624865942e-14,0.32562394774651304,0.32562394774651304,0
interval,5_vs_20,740002,14,S_pi_dq,0.019581324800415346,0.019581324800499393,8.40473524110763e-14,0.32562394774651304,0.32562394774651304,0
interval,5_vs_20,740002,14,R_cdw,1.0623722453061861,1.0623722453064495,2.6334490144108713e-13,0.32562394774651304,0.32562394774651304,0
interval,5_vs_20,740002,15,S_pi,0.015521597845743602,0.015521597845744315,7.129713486264677e-16,0.32562394774651304,0.32562394774651304,0
interval,5_vs_20,740002,15,S_pi_dq,-0.03730424263404084,-0.03730424263314769,8.931536066292267e-13,0.32562394774651304,0.32562394774651304,0
interval,5_vs_20,740002,15,R_cdw,3.4033764438930216,3.4033764438353686,-5.765299349036468e-11,0.32562394774651304,0.32562394774651304,0
interval,5_vs_20,740002,16,S_pi,0.20484767826212358,0.20484767826207448,-4.909961326404755e-14,0.32562394774651304,0.32562394774651304,0
interval,5_vs_20,740002,16,S_pi_dq,0.15576030853418874,0.15576030853448095,2.922107000813412e-13,0.32562394774651304,0.32562394774651304,0
interval,5_vs_20,740002,16,R_cdw,0.2396286359912878,0.23962863598967898,-1.6088241849843143e-12,0.32562394774651304,0.32562394774651304,0
interval,5_vs_20,740002,17,S_pi,0.16957268995298216,0.16957268995299682,1.4654943925052066e-14,1.8098667720465336,1.8098667720465336,0
interval,5_vs_20,740002,17,S_pi_dq,-0.009531660851557988,-0.009531660851571188,-1.3199510928707525e-14,1.8098667720465336,1.8098667720465336,0
interval,5_vs_20,740002,17,R_cdw,1.0562098817574979,1.056209881757571,7.30526750203353e-14,1.8098667720465336,1.8098667720465336,0
interval,5_vs_20,740002,18,S_pi,0.298452300656676,0.2984523006564065,-2.6950663922775675e-13,0.1627685438345503,0.1627685438345503,0
interval,5_vs_20,740002,18,S_pi_dq,0.3084985239143779,0.3084985239148212,4.43312053732825e-13,0.1627685438345503,0.1627685438345503,0
interval,5_vs_20,740002,18,R_cdw,-0.033661068236356284,-0.033661068238775016,-2.418731881448366e-12,0.1627685438345503,0.1627685438345503,0
interval,5_vs_20,740002,19,S_pi,0.06789268414411785,0.06789268414411913,1.27675647831893e-15,1.9785383800954366,1.9785383800954366,0
interval,5_vs_20,740002,19,S_pi_dq,0.016230175080678373,0.016230175080679008,6.349087922075114e-16,1.9785383800954366,1.9785383800954366,0
interval,5_vs_20,740002,19,R_cdw,0.7609436821465758,0.7609436821465709,-4.884981308350689e-15,1.9785383800954366,1.9785383800954366,0
interval,10_vs_20,740002,0,S_pi,-0.0448093832968086,-0.04480938329681071,-2.1094237467877974e-15,1.1442733718381495,1.1442733718381495,0
interval,10_vs_20,740002,0,S_pi_dq,0.043193238358007334,0.04319323835800826,9.228728892196614e-16,1.1442733718381495,1.1442733718381495,0
interval,10_vs_20,740002,0,R_cdw,1.9639328903927056,1.9639328903926807,-2.4868995751603507e-14,1.1442733718381495,1.1442733718381495,0
interval,10_vs_20,740002,1,S_pi,-0.15820202116286722,-0.15820202116284926,1.7957857423311907e-14,0.8155848033335169,0.8155848033335169,0
interval,10_vs_20,740002,1,S_pi_dq,0.06938454447196264,0.06938454447195377,-8.867906409193438e-15,0.8155848033335169,0.8155848033335169,0
interval,10_vs_20,740002,1,R_cdw,1.438581909143449,1.4385819091434429,-6.217248937900877e-15,0.8155848033335169,0.8155848033335169,0
interval,10_vs_20,740002,2,S_pi,0.17860967654108664,0.17860967654107646,-1.0186296250935811e-14,1.1442733718381495,1.1442733718381495,0
interval,10_vs_20,740002,2,S_pi_dq,-0.02593277931890752,-0.02593277931891278,-5.259681579161679e-15,1.1442733718381495,1.1442733718381495,0
interval,10_vs_20,740002,2,R_cdw,1.1451924656105743,1.145192465610612,3.774758283725532e-14,1.1442733718381495,1.1442733718381495,0
interval,10_vs_20,740002,3,S_pi,0.2690713062773187,0.26907130627733,1.1324274851176597e-14,1.8098667720465336,1.8098667720465336,0
interval,10_vs_20,740002,3,S_pi_dq,-0.14283168730100992,-0.14283168730103132,-2.1399548799649892e-14,1.8098667720465336,1.8098667720465336,0
interval,10_vs_20,740002,3,R_cdw,1.530832102750489,1.530832102750546,5.706546346573305e-14,1.8098667720465336,1.8098667720465336,0
interval,10_vs_20,740002,4,S_pi,0.9594064960342336,0.9594064960342672,3.3639757646142243e-14,0.1627685438345503,0.1627685438345503,0
interval,10_vs_20,740002,4,S_pi_dq,0.5789410871103715,0.5789410871108679,4.963807143099075e-13,0.1627685438345503,0.1627685438345503,0
interval,10_vs_20,740002,4,R_cdw,0.39656330293419884,0.3965633029337027,-4.961586697049825e-13,0.1627685438345503,0.1627685438345503,0
interval,10_vs_20,740002,5,S_pi,-1.1815569293038368,-1.1815569293037116,1.2523315717771766e-13,0.32562394774651304,0.32562394774651304,0
interval,10_vs_20,740002,5,S_pi_dq,-0.44735560111158723,-0.4473556011988009,-8.721368072173163e-11,0.32562394774651304,0.32562394774651304,0
interval,10_vs_20,740002,5,R_cdw,0.621384640877892,0.6213846408040395,-7.385247968727526e-11,0.32562394774651304,0.32562394774651304,0
interval,10_vs_20,740002,6,S_pi,0.30456136016338303,0.30456136016319957,-1.8346435481930712e-13,0.32562394774651304,0.32562394774651304,0
interval,10_vs_20,740002,6,S_pi_dq,0.25768669735845506,0.25768669735836486,-9.020562075079397e-14,0.32562394774651304,0.32562394774651304,0
interval,10_vs_20,740002,6,R_cdw,0.1539087649850982,0.1539087649848847,-2.134958876354176e-13,0.32562394774651304,0.32562394774651304,0
interval,10_vs_20,740002,7,S_pi,0.4674143051158806,0.46741430511619,3.0936364581179987e-13,0.1627685438345503,0.1627685438345503,0
interval,10_vs_20,740002,7,S_pi_dq,-0.2986287532918161,-0.2986287532911975,6.186162693211372e-13,0.1627685438345503,0.1627685438345503,0
interval,10_vs_20,740002,7,R_cdw,1.6388951943132775,1.638895194311531,-1.7463808177353712e-12,0.1627685438345503,0.1627685438345503,0
interval,10_vs_20,740002,8,S_pi,0.14112015785902585,0.14112015785914436,1.1851630787873546e-13,0.9796644073593258,0.9796644073593258,0
interval,10_vs_20,740002,8,S_pi_dq,0.08749704592260416,0.0874970459224932,-1.1095291352347658e-13,0.9796644073593258,0.9796644073593258,0
interval,10_vs_20,740002,8,R_cdw,0.3799819441102761,0.3799819441115829,1.3068435222862718e-12,0.9796644073593258,0.9796644073593258,0
interval,10_vs_20,740002,9,S_pi,0.0769566043910482,0.07695660439104941,1.2073675392798577e-15,2.6654246812857756,2.6654246812857756,0
interval,10_vs_20,740002,9,S_pi_dq,0.01637183923013524,0.01637183923013304,-2.1996293675385914e-15,2.6654246812857756,2.6654246812857756,0
interval,10_vs_20,740002,9,R_cdw,0.7872588147608075,0.7872588147608395,3.197442310920451e-14,2.6654246812857756,2.6654246812857756,0
interval,10_vs_20,740002,10,S_pi,-0.008534007344757706,-0.008534007344772833,-1.5126788710517758e-14,2.4916527312876755,2.4916527312876755,0
interval,10_vs_20,740002,10,S_pi_dq,0.04975745587136605,0.04975745587139102,2.4973079160162115e-14,2.4916527312876755,2.4916527312876755,0
interval,10_vs_20,740002,10,R_cdw,6.830491334405893,6.830491334398484,-7.408296198718745e-12,2.4916527312876755,2.4916527312876755,0
interval,10_vs_20,740002,11,S_pi,-0.30522678764048944,-0.3052267876404203,6.9111383282916e-14,0.9796644073593258,0.9796644073593258,0
interval,10_vs_20,740002,11,S_pi_dq,0.17457849229222863,0.17457849229242964,2.010058786083846e-13,0.9796644073593258,0.9796644073593258,0
interval,10_vs_20,740002,11,R_cdw,1.571963206905206,1.571963206905994,7.878142582740111e-13,0.9796644073593258,0.9796644073593258,0
interval,10_vs_20,740002,12,S_pi,-2.4639218953733777,-2.463921895373909,-5.311306949806749e-13,0.9796644073593258,0.9796644073593258,0
interval,10_vs_20,740002,12,S_pi_dq,-0.18803640229387256,-0.18803640229396892,-9.636735853746359e-14,0.9796644073593258,0.9796644073593258,0
interval,10_vs_20,740002,12,R_cdw,0.9236841059584895,0.9236841059584668,-2.2648549702353193e-14,0.9796644073593258,0.9796644073593258,0
interval,10_vs_20,740002,13,S_pi,0.30374332921531544,0.30374332921529945,-1.5987211554602254e-14,0.6519441692793733,0.6519441692793733,0
interval,10_vs_20,740002,13,S_pi_dq,-0.03768760702065493,-0.03768760702066709,-1.2163881013549371e-14,0.6519441692793733,0.6519441692793733,0
interval,10_vs_20,740002,13,R_cdw,1.1240771513172532,1.1240771513172998,4.6629367034256575e-14,0.6519441692793733,0.6519441692793733,0
interval,10_vs_20,740002,14,S_pi,-0.3139429197119739,-0.3139429197119932,-1.9262369477246466e-14,0.32562394774651304,0.32562394774651304,0
interval,10_vs_20,740002,14,S_pi_dq,0.0195813248005594,0.019581324800499393,-6.000755448098971e-14,0.32562394774651304,0.32562394774651304,0
interval,10_vs_20,740002,14,R_cdw,1.0623722453066444,1.0623722453064495,-1.949551631241775e-13,0.32562394774651304,0.32562394774651304,0
interval,10_vs_20,740002,15,S_pi,0.0155215978457426,0.015521597845744315,1.7139067942650854e-15,0.32562394774651304,0.32562394774651304,0
interval,10_vs_20,740002,15,S_pi_dq,-0.03730424263424502,-0.03730424263314769,1.097330559751697e-12,0.32562394774651304,0.32562394774651304,0
interval,10_vs_20,740002,15,R_cdw,3.403376443906331,3.4033764438353686,-7.096234710957106e-11,0.32562394774651304,0.32562394774651304,0
interval,10_vs_20,740002,16,S_pi,0.20484767826211664,0.20484767826207448,-4.216071936014032e-14,0.32562394774651304,0.32562394774651304,0
interval,10_vs_20,740002,16,S_pi_dq,0.15576030853422887,0.15576030853448095,2.520761377411418e-13,0.32562394774651304,0.32562394774651304,0
interval,10_vs_20,740002,16,R_cdw,0.2396286359910661,0.23962863598967898,-1.3871126469666706e-12,0.32562394774651304,0.32562394774651304,0
interval,10_vs_20,740002,17,S_pi,0.16957268995298017,0.16957268995299682,1.6653345369377348e-14,1.8098667720465336,1.8098667720465336,0
interval,10_vs_20,740002,17,S_pi_dq,-0.00953166085155699,-0.009531660851571188,-1.419697692739419e-14,1.8098667720465336,1.8098667720465336,0
interval,10_vs_20,740002,17,R_cdw,1.0562098817574928,1.056209881757571,7.815970093361102e-14,1.8098667720465336,1.8098667720465336,0
interval,10_vs_20,740002,18,S_pi,0.29845230065665224,0.2984523006564065,-2.457478665007784e-13,0.1627685438345503,0.1627685438345503,0
interval,10_vs_20,740002,18,S_pi_dq,0.3084985239144735,0.3084985239148212,3.4766634016136777e-13,0.1627685438345503,0.1627685438345503,0
interval,10_vs_20,740002,18,R_cdw,-0.03366106823675907,-0.033661068238775016,-2.0159429681143592e-12,0.1627685438345503,0.1627685438345503,0
interval,10_vs_20,740002,19,S_pi,0.06789268414411742,0.06789268414411913,1.7069679003611782e-15,1.9785383800954366,1.9785383800954366,0
interval,10_vs_20,740002,19,S_pi_dq,0.016230175080678633,0.016230175080679008,3.7470027081099033e-16,1.9785383800954366,1.9785383800954366,0
interval,10_vs_20,740002,19,R_cdw,0.7609436821465704,0.7609436821465709,5.551115123125783e-16,1.9785383800954366,1.9785383800954366,0
interval,5_vs_10,740003,0,S_pi,0.16139771321469942,0.1613977132146995,8.326672684688674e-17,0.4886533037666392,0.4886533037666392,0
interval,5_vs_10,740003,0,S_pi_dq,0.012081274989234836,0.012081274986706471,-2.5283646704066243e-12,0.4886533037666392,0.4886533037666392,0
interval,5_vs_10,740003,0,R_cdw,0.9251459345451586,0.9251459345608241,1.5665468922065884e-11,0.4886533037666392,0.4886533037666392,0
interval,5_vs_10,740003,1,S_pi,0.1706367180750383,0.17063671807503794,-3.608224830031759e-16,0.8155848033335169,0.8155848033335169,0
interval,5_vs_10,740003,1,S_pi_dq,-0.002767026875630457,-0.002767026875625353,5.103990147192761e-15,0.8155848033335169,0.8155848033335169,0
interval,5_vs_10,740003,1,R_cdw,1.016215893664889,1.016215893664859,-2.9976021664879227e-14,0.8155848033335169,0.8155848033335169,0
interval,5_vs_10,740003,2,S_pi,4.22920638943414,4.229206389428909,-5.2304827136140375e-12,1.3095035305387446,1.3095035305387446,0
interval,5_vs_10,740003,2,S_pi_dq,-3.048362698418887,-3.048362698405457,1.3430145884285594e-11,1.3095035305387446,1.3095035305387446,0
interval,5_vs_10,740003,2,R_cdw,1.7207883507493595,1.7207883507470756,-2.283950806258872e-12,1.3095035305387446,1.3095035305387446,0
interval,5_vs_10,740003,3,S_pi,0.016660537663429873,0.016660537663432146,2.2724877535296173e-15,0.6519441692793733,0.6519441692793733,0
interval,5_vs_10,740003,3,S_pi_dq,0.07330979800736162,0.07330979800735549,-6.13398221105399e-15,0.6519441692793733,0.6519441692793733,0
interval,5_vs_10,740003,3,R_cdw,-3.4002060130554916,-3.4002060130545235,9.681144774731365e-13,0.6519441692793733,0.6519441692793733,0
interval,5_vs_10,740003,4,S_pi,-0.19367986882472887,-0.19367986882472418,4.690692279041286e-15,0.4886533037666392,0.4886533037666392,0
interval,5_vs_10,740003,4,S_pi_dq,0.1765385866478971,0.17653858664789854,1.4432899320127035e-15,0.4886533037666392,0.4886533037666392,0
interval,5_vs_10,740003,4,R_cdw,1.9114968309259657,1.9114968309259952,2.9531932455029164e-14,0.4886533037666392,0.4886533037666392,0
interval,5_vs_10,740003,5,S_pi,nan,nan,nan,0.0,0.0,0
interval,5_vs_10,740003,5,S_pi_dq,nan,nan,nan,0.0,0.0,0
interval,5_vs_10,740003,5,R_cdw,nan,nan,nan,0.0,0.0,0
interval,5_vs_10,740003,6,S_pi,-0.15244469261310403,-0.15244469261311167,-7.632783294297951e-15,0.32562394774651304,0.32562394774651304,0
interval,5_vs_10,740003,6,S_pi_dq,-0.004608124138903605,-0.004608124138907406,-3.801646497603173e-15,0.32562394774651304,0.32562394774651304,0
interval,5_vs_10,740003,6,R_cdw,0.9697718296392334,0.9697718296392099,-2.3425705819590803e-14,0.32562394774651304,0.32562394774651304,0
interval,5_vs_10,740003,7,S_pi,0.017816633534239998,0.01781663353423882,-1.1761425167122752e-15,1.3095035305387446,1.3095035305387446,0
interval,5_vs_10,740003,7,S_pi_dq,0.030889882127606995,0.030889882127606606,-3.885780586188048e-16,1.3095035305387446,1.3095035305387446,0
interval,5_vs_10,740003,7,R_cdw,-0.7337664867070894,-0.733766486707182,-9.259260025373806e-14,1.3095035305387446,1.3095035305387446,0
interval,5_vs_10,740003,8,S_pi,0.06932036159949535,0.06932036159949441,-9.43689570931383e-16,0.8155848033335169,0.8155848033335169,0
interval,5_vs_10,740003,8,S_pi_dq,0.03382057262913466,0.033820572629130255,-4.40619762898109e-15,0.8155848033335169,0.8155848033335169,0
interval,5_vs_10,740003,8,R_cdw,0.5121119992919818,0.5121119992920389,5.706546346573305e-14,0.8155848033335169,0.8155848033335169,0
interval,5_vs_10,740003,9,S_pi,0.16130059577020928,0.16130059577021114,1.8596235662471372e-15,1.4754484240216774,1.4754484240216774,0
interval,5_vs_10,740003,9,S_pi_dq,0.10263653220322244,0.10263653220323161,9.173217740965356e-15,1.4754484240216774,1.4754484240216774,0
interval,5_vs_10,740003,9,R_cdw,0.3636940290695537,0.3636940290695042,-4.951594689828198e-14,1.4754484240216774,1.4754484240216774,0
interval,5_vs_10,740003,10,S_pi,0.19268445907769483,0.19268445907769982,4.9960036108132044e-15,0.4886533037666392,0.4886533037666392,0
interval,5_vs_10,740003,10,S_pi_dq,0.006754706861771637,0.006754706861718259,-5.3377441355806354e-14,0.4886533037666392,0.4886533037666392,0
interval,5_vs_10,740003,10,R_cdw,0.9649442051834186,0.9649442051836966,2.779998453661392e-13,0.4886533037666392,0.4886533037666392,0
interval,5_vs_10,740003,11,S_pi,-0.15089535537841178,-0.15089535537840998,1.8041124150158794e-15,0.32562394774651304,0.32562394774651304,0
interval,5_vs_10,740003,11,S_pi_dq,0.26389501682441063,0.2638950168241669,-2.437494650564531e-13,0.32562394774651304,0.32562394774651304,0
interval,5_vs_10,740003,11,R_cdw,2.7488610975640766,2.7488610975624823,-1.5942802633617248e-12,0.32562394774651304,0.32562394774651304,0
interval,5_vs_10,740003,12,S_pi,0.06561768503477972,0.06561768503477962,-9.71445146547012e-17,1.3095035305387446,1.3095035305387446,0
interval,5_vs_10,740003,12,S_pi_dq,0.013625519358448539,0.0136255193584472,-1.339206523454095e-15,1.3095035305387446,1.3095035305387446,0
interval,5_vs_10,740003,12,R_cdw,0.7923498923921726,0.7923498923921926,1.9984014443252818e-14,1.3095035305387446,1.3095035305387446,0
interval,5_vs_10,740003,13,S_pi,0.1756080083624115,0.17560800836241158,8.326672684688674e-17,0.32562394774651304,0.32562394774651304,0
interval,5_vs_10,740003,13,S_pi_dq,0.05779229654968598,0.05779229654969299,7.015221736850208e-15,0.32562394774651304,0.32562394774651304,0
interval,5_vs_10,740003,13,R_cdw,0.6709017026694081,0.6709017026693682,-3.985700658404312e-14,0.32562394774651304,0.32562394774651304,0
interval,5_vs_10,740003,14,S_pi,0.052814139225324346,0.05281413922532202,-2.3245294578089215e-15,0.4886533037666392,0.4886533037666392,0
interval,5_vs_10,740003,14,S_pi_dq,0.008768920864759317,0.008768920864754315,-5.002942504717112e-15,0.4886533037666392,0.4886533037666392,0
interval,5_vs_10,740003,14,R_cdw,0.8339664151800731,0.8339664151801606,8.748557434046234e-14,0.4886533037666392,0.4886533037666392,0
interval,5_vs_10,740003,15,S_pi,nan,nan,nan,0.0,0.0,0
interval,5_vs_10,740003,15,S_pi_dq,nan,nan,nan,0.0,0.0,0
interval,5_vs_10,740003,15,R_cdw,nan,nan,nan,0.0,0.0,0
interval,5_vs_10,740003,16,S_pi,0.6519965630507113,0.6519965630507158,4.551914400963142e-15,0.1627685438345503,0.1627685438345503,0
interval,5_vs_10,740003,16,S_pi_dq,0.03705735701340027,0.03705735701341115,1.0880185641326534e-14,0.1627685438345503,0.1627685438345503,0
interval,5_vs_10,740003,16,R_cdw,0.943163263254015,0.9431632632539987,-1.63202784619898e-14,0.1627685438345503,0.1627685438345503,0
interval,5_vs_10,740003,17,S_pi,-0.07613530916834334,-0.07613530916834518,-1.8457457784393227e-15,0.6519441692793733,0.6519441692793733,0
interval,5_vs_10,740003,17,S_pi_dq,0.0076589075227010365,0.007658907522699998,-1.038232000372119e-15,0.6519441692793733,0.6519441692793733,0
interval,5_vs_10,740003,17,R_cdw,1.100595999495666,1.1005959994956498,-1.6209256159527285e-14,0.6519441692793733,0.6519441692793733,0
interval,5_vs_10,740003,18,S_pi,-0.09001034504806173,-0.09001034504806354,-1.817990202823694e-15,0.32562394774651304,0.32562394774651304,0
interval,5_vs_10,740003,18,S_pi_dq,0.15477914099684092,0.15477914099684337,2.4424906541753444e-15,0.32562394774651304,0.32562394774651304,0
interval,5_vs_10,740003,18,R_cdw,2.7195705772952588,2.7195705772952508,-7.993605777301127e-15,0.32562394774651304,0.32562394774651304,0
interval,5_vs_10,740003,19,S_pi,0.0187337942528991,0.01873379425289939,2.914335439641036e-16,1.1442733718381495,1.1442733718381495,0
interval,5_vs_10,740003,19,S_pi_dq,0.06395179142007709,0.0639517914200626,-1.4488410471358293e-14,1.1442733718381495,1.1442733718381495,0
interval,5_vs_10,740003,19,R_cdw,-2.4137127031904066,-2.41371270318958,8.264500195309665e-13,1.1442733718381495,1.1442733718381495,0
interval,5_vs_20,740003,0,S_pi,0.16139771321469942,0.16139771321469784,-1.582067810090848e-15,0.4886533037666392,0.4886533037666392,0
interval,5_vs_20,740003,0,S_pi_dq,0.012081274989234836,0.01208127498427799,-4.95684569778998e-12,0.4886533037666392,0.4886533037666392,0
interval,5_vs_20,740003,0,R_cdw,0.9251459345451586,0.9251459345758698,3.0711211351786005e-11,0.4886533037666392,0.4886533037666392,0
interval,5_vs_20,740003,1,S_pi,0.1706367180750383,0.17063671807503744,-8.604228440844963e-16,0.8155848033335169,0.8155848033335169,0
interval,5_vs_20,740003,1,S_pi_dq,-0.002767026875630457,-0.0027670268756461664,-1.570922211757697e-14,0.8155848033335169,0.8155848033335169,0
interval,5_vs_20,740003,1,R_cdw,1.016215893664889,1.016215893664981,9.192646643896296e-14,0.8155848033335169,0.8155848033335169,0
interval,5_vs_20,740003,2,S_pi,4.22920638943414,4.229206389404908,-2.923172814917052e-11,1.3095035305387446,1.3095035305387446,0
interval,5_vs_20,740003,2,S_pi_dq,-3.048362698418887,-3.0483626985657355,-1.4684831128874976e-10,1.3095035305387446,1.3095035305387446,0
interval,5_vs_20,740003,2,R_cdw,1.7207883507493595,1.720788350789064,3.9704461940459623e-11,1.3095035305387446,1.3095035305387446,0
interval,5_vs_20,740003,3,S_pi,0.016660537663429873,0.01666053766343637,6.498274141009119e-15,0.6519441692793733,0.6519441692793733,0
interval,5_vs_20,740003,3,S_pi_dq,0.07330979800736162,0.07330979800738271,2.1094237467877974e-14,0.6519441692793733,0.6519441692793733,0
interval,5_vs_20,740003,3,R_cdw,-3.4002060130554916,-3.4002060130550413,4.503064587879635e-13,0.6519441692793733,0.6519441692793733,0
interval,5_vs_20,740003,4,S_pi,-0.19367986882472887,-0.19367986882470212,2.6756374893466273e-14,0.4886533037666392,0.4886533037666392,0
interval,5_vs_20,740003,4,S_pi_dq,0.1765385866478971,0.17653858664789823,1.1379786002407855e-15,0.4886533037666392,0.4886533037666392,0
interval,5_vs_20,740003,4,R_cdw,1.9114968309259657,1.9114968309260973,1.3167245072054357e-13,0.4886533037666392,0.4886533037666392,0
interval,5_vs_20,740003,5,S_pi,nan,nan,nan,0.0,0.0,0
interval,5_vs_20,740003,5,S_pi_dq,nan,nan,nan,0.0,0.0,0
interval,5_vs_20,740003,5,R_cdw,nan,nan,nan,0.0,0.0,0
interval,5_vs_20,740003,6,S_pi,-0.15244469261310403,-0.15244469261308088,2.3148150063434514e-14,0.32562394774651304,0.32562394774651304,0
interval,5_vs_20,740003,6,S_pi_dq,-0.004608124138903605,-0.0046081241389055606,-1.95590071916385e-15,0.32562394774651304,0.32562394774651304,0
interval,5_vs_20,740003,6,R_cdw,0.9697718296392334,0.969771829639216,-1.7319479184152442e-14,0.32562394774651304,0.32562394774651304,0
interval,5_vs_20,740003,7,S_pi,0.017816633534239998,0.01781663353424773,7.733397255904606e-15,1.3095035305387446,1.3095035305387446,0
interval,5_vs_20,740003,7,S_pi_dq,0.030889882127606995,0.03088988212760567,-1.3253287356462806e-15,1.3095035305387446,1.3095035305387446,0
interval,5_vs_20,740003,7,R_cdw,-0.7337664867070894,-0.7337664867062625,8.268941087408166e-13,1.3095035305387446,1.3095035305387446,0
interval,5_vs_20,740003,8,S_pi,0.06932036159949535,0.06932036159949266,-2.6922908347160046e-15,0.8155848033335169,0.8155848033335169,0
interval,5_vs_20,740003,8,S_pi_dq,0.03382057262913466,0.03382057262918212,4.746203430272544e-14,0.8155848033335169,0.8155848033335169,0
interval,5_vs_20,740003,8,R_cdw,0.5121119992919818,0.5121119992912783,-7.035483307049617e-13,0.8155848033335169,0.8155848033335169,0
interval,5_vs_20,740003,9,S_pi,0.16130059577020928,0.16130059577026523,5.595524044110789e-14,1.4754484240216774,1.4754484240216774,0
interval,5_vs_20,740003,9,S_pi_dq,0.10263653220322244,0.10263653220322791,5.467848396278896e-15,1.4754484240216774,1.4754484240216774,0
interval,5_vs_20,740003,9,R_cdw,0.3636940290695537,0.3636940290697406,1.8685053504441385e-13,1.4754484240216774,1.4754484240216774,0
interval,5_vs_20,740003,10,S_pi,0.19268445907769483,0.19268445907776677,7.194245199571014e-14,0.4886533037666392,0.4886533037666392,0
interval,5_vs_20,740003,10,S_pi_dq,0.006754706861771637,0.006754706862011806,2.40168995802037e-13,0.4886533037666392,0.4886533037666392,0
interval,5_vs_20,740003,10,R_cdw,0.9649442051834186,0.9649442051821853,-1.2333467580560864e-12,0.4886533037666392,0.4886533037666392,0
interval,5_vs_20,740003,11,S_pi,-0.15089535537841178,-0.15089535537842222,-1.0436096431476471e-14,0.32562394774651304,0.32562394774651304,0
interval,5_vs_20,740003,11,S_pi_dq,0.26389501682441063,0.263895016824422,1.1379786002407855e-14,0.32562394774651304,0.32562394774651304,0
interval,5_vs_20,740003,11,R_cdw,2.7488610975640766,2.7488610975640313,-4.529709940470639e-14,0.32562394774651304,0.32562394774651304,0
interval,5_vs_20,740003,12,S_pi,0.06561768503477972,0.06561768503478796,8.243405957841787e-15,1.3095035305387446,1.3095035305387446,0
interval,5_vs_20,740003,12,S_pi_dq,0.013625519358448539,0.013625519358451757,3.217912047936977e-15,1.3095035305387446,1.3095035305387446,0
interval,5_vs_20,740003,12,R_cdw,0.7923498923921726,0.7923498923921496,-2.298161660974074e-14,1.3095035305387446,1.3095035305387446,0
interval,5_vs_20,740003,13,S_pi,0.1756080083624115,0.17560800836247792,6.641909244819999e-14,0.32562394774651304,0.32562394774651304,0
interval,5_vs_20,740003,13,S_pi_dq,0.05779229654968598,0.057792296549676915,-9.06219543850284e-15,0.32562394774651304,0.32562394774651304,0
interval,5_vs_20,740003,13,R_cdw,0.6709017026694081,0.6709017026695842,1.7608137170554983e-13,0.32562394774651304,0.32562394774651304,0
interval,5_vs_20,740003,14,S_pi,0.052814139225324346,0.05281413922530889,-1.5452916724001398e-14,0.4886533037666392,0.4886533037666392,0
interval,5_vs_20,740003,14,S_pi_dq,0.008768920864759317,0.008768920864675614,-8.37038771628329e-14,0.4886533037666392,0.4886533037666392,0
interval,5_vs_20,740003,14,R_cdw,0.8339664151800731,0.8339664151816094,1.5363266214762916e-12,0.4886533037666392,0.4886533037666392,0
interval,5_vs_20,740003,15,S_pi,nan,nan,nan,0.0,0.0,0
interval,5_vs_20,740003,15,S_pi_dq,nan,nan,nan,0.0,0.0,0
interval,5_vs_20,740003,15,R_cdw,nan,nan,nan,0.0,0.0,0
interval,5_vs_20,740003,16,S_pi,0.6519965630507113,0.6519965630507176,6.328271240363392e-15,0.1627685438345503,0.1627685438345503,0
interval,5_vs_20,740003,16,S_pi_dq,0.03705735701340027,0.037057357013484386,8.411327190316342e-14,0.1627685438345503,0.1627685438345503,0
interval,5_vs_20,740003,16,R_cdw,0.943163263254015,0.9431632632538866,-1.284528039491306e-13,0.1627685438345503,0.1627685438345503,0
interval,5_vs_20,740003,17,S_pi,-0.07613530916834334,-0.07613530916833515,8.18789480661053e-15,0.6519441692793733,0.6519441692793733,0
interval,5_vs_20,740003,17,S_pi_dq,0.0076589075227010365,0.007658907522679138,-2.1898281798993224e-14,0.6519441692793733,0.6519441692793733,0
interval,5_vs_20,740003,17,R_cdw,1.100595999495666,1.100595999495389,-2.7688962234151404e-13,0.6519441692793733,0.6519441692793733,0
interval,5_vs_20,740003,18,S_pi,-0.09001034504806173,-0.09001034504805112,1.0602629885170245e-14,0.32562394774651304,0.32562394774651304,0
interval,5_vs_20,740003,18,S_pi_dq,0.15477914099684092,0.15477914099691162,7.069345109300684e-14,0.32562394774651304,0.32562394774651304,0
interval,5_vs_20,740003,18,R_cdw,2.7195705772952588,2.7195705772962464,9.876544027065393e-13,0.32562394774651304,0.32562394774651304,0
interval,5_vs_20,740003,19,S_pi,0.0187337942528991,0.018733794252907745,8.645861804268407e-15,1.1442733718381495,1.1442733718381495,0
interval,5_vs_20,740003,19,S_pi_dq,0.06395179142007709,0.06395179142007443,-2.6645352591003757e-15,1.1442733718381495,1.1442733718381495,0
interval,5_vs_20,740003,19,R_cdw,-2.4137127031904066,-2.4137127031886894,1.7172929744901921e-12,1.1442733718381495,1.1442733718381495,0
interval,10_vs_20,740003,0,S_pi,0.1613977132146995,0.16139771321469784,-1.6653345369377348e-15,0.4886533037666392,0.4886533037666392,0
interval,10_vs_20,740003,0,S_pi_dq,0.012081274986706471,0.01208127498427799,-2.4284810273833557e-12,0.4886533037666392,0.4886533037666392,0
interval,10_vs_20,740003,0,R_cdw,0.9251459345608241,0.9251459345758698,1.504574242972012e-11,0.4886533037666392,0.4886533037666392,0
interval,10_vs_20,740003,1,S_pi,0.17063671807503794,0.17063671807503744,-4.996003610813204e-16,0.8155848033335169,0.8155848033335169,0
interval,10_vs_20,740003,1,S_pi_dq,-0.002767026875625353,-0.0027670268756461664,-2.081321226476973e-14,0.8155848033335169,0.8155848033335169,0
interval,10_vs_20,740003,1,R_cdw,1.016215893664859,1.016215893664981,1.219024881038422e-13,0.8155848033335169,0.8155848033335169,0
interval,10_vs_20,740003,2,S_pi,4.229206389428909,4.229206389404908,-2.4001245435556484e-11,1.3095035305387446,1.3095035305387446,0
interval,10_vs_20,740003,2,S_pi_dq,-3.048362698405457,-3.0483626985657355,-1.6027845717303535e-10,1.3095035305387446,1.3095035305387446,0
interval,10_vs_20,740003,2,R_cdw,1.7207883507470756,1.720788350789064,4.1988412746718495e-11,1.3095035305387446,1.3095035305387446,0
interval,10_vs_20,740003,3,S_pi,0.016660537663432146,0.01666053766343637,4.225786387479502e-15,0.6519441692793733,0.6519441692793733,0
interval,10_vs_20,740003,3,S_pi_dq,0.07330979800735549,0.07330979800738271,2.7228219678931964e-14,0.6519441692793733,0.6519441692793733,0
interval,10_vs_20,740003,3,R_cdw,-3.4002060130545235,-3.4002060130550413,-5.17808018685173e-13,0.6519441692793733,0.6519441692793733,0
interval,10_vs_20,740003,4,S_pi,-0.19367986882472418,-0.19367986882470212,2.2065682614424986e-14,0.4886533037666392,0.4886533037666392,0
interval,10_vs_20,740003,4,S_pi_dq,0.17653858664789854,0.17653858664789823,-3.0531133177191805e-16,0.4886533037666392,0.4886533037666392,0
interval,10_vs_20,740003,4,R_cdw,1.9114968309259952,1.9114968309260973,1.021405182655144e-13,0.4886533037666392,0.4886533037666392,0
interval,10_vs_20,740003,5,S_pi,nan,nan,nan,0.0,0.0,0
interval,10_vs_20,740003,5,S_pi_dq,nan,nan,nan,0.0,0.0,0
interval,10_vs_20,740003,5,R_cdw,nan,nan,nan,0.0,0.0,0
interval,10_vs_20,740003,6,S_pi,-0.15244469261311167,-0.15244469261308088,3.0780933357732465e-14,0.32562394774651304,0.32562394774651304,0
interval,10_vs_20,740003,6,S_pi_dq,-0.004608124138907406,-0.0046081241389055606,1.8457457784393227e-15,0.32562394774651304,0.32562394774651304,0
interval,10_vs_20,740003,6,R_cdw,0.9697718296392099,0.969771829639216,6.106226635438361e-15,0.32562394774651304,0.32562394774651304,0
interval,10_vs_20,740003,7,S_pi,0.01781663353423882,0.01781663353424773,8.909539772616881e-15,1.3095035305387446,1.3095035305387446,0
interval,10_vs_20,740003,7,S_pi_dq,0.030889882127606606,0.03088988212760567,-9.367506770274758e-16,1.3095035305387446,1.3095035305387446,0
interval,10_vs_20,740003,7,R_cdw,-0.733766486707182,-0.7337664867062625,9.194867089945546e-13,1.3095035305387446,1.3095035305387446,0
interval,10_vs_20,740003,8,S_pi,0.06932036159949441,0.06932036159949266,-1.7486012637846216e-15,0.8155848033335169,0.8155848033335169,0
interval,10_vs_20,740003,8,S_pi_dq,0.033820572629130255,0.03382057262918212,5.186823193170653e-14,0.8155848033335169,0.8155848033335169,0
interval,10_vs_20,740003,8,R_cdw,0.5121119992920389,0.5121119992912783,-7.606137941706947e-13,0.8155848033335169,0.8155848033335169,0
interval,10_vs_20,740003,9,S_pi,0.16130059577021114,0.16130059577026523,5.409561687486075e-14,1.4754484240216774,1.4754484240216774,0
interval,10_vs_20,740003,9,S_pi_dq,0.10263653220323161,0.10263653220322791,-3.70536934468646e-15,1.4754484240216774,1.4754484240216774,0
interval,10_vs_20,740003,9,R_cdw,0.3636940290695042,0.3636940290697406,2.3636648194269583e-13,1.4754484240216774,1.4754484240216774,0
interval,10_vs_20,740003,10,S_pi,0.19268445907769982,0.19268445907776677,6.694644838489694e-14,0.4886533037666392,0.4886533037666392,0
interval,10_vs_20,740003,10,S_pi_dq,0.006754706861718259,0.006754706862011806,2.9354643715784334e-13,0.4886533037666392,0.4886533037666392,0
interval,10_vs_20,740003,10,R_cdw,0.9649442051836966,0.9649442051821853,-1.5113466034222256e-12,0.4886533037666392,0.4886533037666392,0
interval,10_vs_20,740003,11,S_pi,-0.15089535537840998,-0.15089535537842222,-1.2240208846492351e-14,0.32562394774651304,0.32562394774651304,0
interval,10_vs_20,740003,11,S_pi_dq,0.2638950168241669,0.263895016824422,2.5512925105886097e-13,0.32562394774651304,0.32562394774651304,0
interval,10_vs_20,740003,11,R_cdw,2.7488610975624823,2.7488610975640313,1.5489831639570184e-12,0.32562394774651304,0.32562394774651304,0
interval,10_vs_20,740003,12,S_pi,0.06561768503477962,0.06561768503478796,8.340550472496489e-15,1.3095035305387446,1.3095035305387446,0
interval,10_vs_20,740003,12,S_pi_dq,0.0136255193584472,0.013625519358451757,4.557118571391072e-15,1.3095035305387446,1.3095035305387446,0
interval,10_vs_20,740003,12,R_cdw,0.7923498923921926,0.7923498923921496,-4.296563105299356e-14,1.3095035305387446,1.3095035305387446,0
interval,10_vs_20,740003,13,S_pi,0.17560800836241158,0.17560800836247792,6.63358257213531e-14,0.32562394774651304,0.32562394774651304,0
interval,10_vs_20,740003,13,S_pi_dq,0.05779229654969299,0.057792296549676915,-1.6077417175353048e-14,0.32562394774651304,0.32562394774651304,0
interval,10_vs_20,740003,13,R_cdw,0.6709017026693682,0.6709017026695842,2.1593837828959295e-13,0.32562394774651304,0.32562394774651304,0
interval,10_vs_20,740003,14,S_pi,0.05281413922532202,0.05281413922530889,-1.3128387266192476e-14,0.4886533037666392,0.4886533037666392,0
interval,10_vs_20,740003,14,S_pi_dq,0.008768920864754315,0.008768920864675614,-7.870093465811578e-14,0.4886533037666392,0.4886533037666392,0
interval,10_vs_20,740003,14,R_cdw,0.8339664151801606,0.8339664151816094,1.4488410471358293e-12,0.4886533037666392,0.4886533037666392,0
interval,10_vs_20,740003,15,S_pi,nan,nan,nan,0.0,0.0,0
interval,10_vs_20,740003,15,S_pi_dq,nan,nan,nan,0.0,0.0,0
interval,10_vs_20,740003,15,R_cdw,nan,nan,nan,0.0,0.0,0
interval,10_vs_20,740003,16,S_pi,0.6519965630507158,0.6519965630507176,1.7763568394002505e-15,0.1627685438345503,0.1627685438345503,0
interval,10_vs_20,740003,16,S_pi_dq,0.03705735701341115,0.037057357013484386,7.323308626183689e-14,0.1627685438345503,0.1627685438345503,0
interval,10_vs_20,740003,16,R_cdw,0.9431632632539987,0.9431632632538866,-1.1213252548714081e-13,0.1627685438345503,0.1627685438345503,0
interval,10_vs_20,740003,17,S_pi,-0.07613530916834518,-0.07613530916833515,1.0033640585049852e-14,0.6519441692793733,0.6519441692793733,0
interval,10_vs_20,740003,17,S_pi_dq,0.007658907522699998,0.007658907522679138,-2.0860049798621105e-14,0.6519441692793733,0.6519441692793733,0
interval,10_vs_20,740003,17,R_cdw,1.1005959994956498,1.100595999495389,-2.6068036618198676e-13,0.6519441692793733,0.6519441692793733,0
interval,10_vs_20,740003,18,S_pi,-0.09001034504806354,-0.09001034504805112,1.2420620087993939e-14,0.32562394774651304,0.32562394774651304,0
interval,10_vs_20,740003,18,S_pi_dq,0.15477914099684337,0.15477914099691162,6.82509604388315e-14,0.32562394774651304,0.32562394774651304,0
interval,10_vs_20,740003,18,R_cdw,2.7195705772952508,2.7195705772962464,9.956480084838404e-13,0.32562394774651304,0.32562394774651304,0
interval,10_vs_20,740003,19,S_pi,0.01873379425289939,0.018733794252907745,8.354428260304303e-15,1.1442733718381495,1.1442733718381495,0
interval,10_vs_20,740003,19,S_pi_dq,0.0639517914200626,0.06395179142007443,1.1823875212257917e-14,1.1442733718381495,1.1442733718381495,0
interval,10_vs_20,740003,19,R_cdw,-2.41371270318958,-2.4137127031886894,8.908429549592256e-13,1.1442733718381495,1.1442733718381495,0
interval,5_vs_10,740004,0,S_pi,-0.03915698708206503,-0.03915698708205687,8.1601392309949e-15,0.1627685438345503,0.1627685438345503,0
interval,5_vs_10,740004,0,S_pi_dq,-0.8989175855216,-0.8989175855217033,-1.0336176359260207e-13,0.1627685438345503,0.1627685438345503,0
interval,5_vs_10,740004,0,R_cdw,-21.956760785441755,-21.95676078544918,-7.425171588693047e-12,0.1627685438345503,0.1627685438345503,0
interval,5_vs_10,740004,1,S_pi,1.121361867122698,1.1213618671227001,2.220446049250313e-15,0.1627685438345503,0.1627685438345503,0
interval,5_vs_10,740004,1,S_pi_dq,-0.3793148170694368,-0.37931481706942194,1.4876988529977098e-14,0.1627685438345503,0.1627685438345503,0
interval,5_vs_10,740004,1,R_cdw,1.338262632420987,1.338262632420973,-1.3988810110276972e-14,0.1627685438345503,0.1627685438345503,0
interval,5_vs_10,740004,2,S_pi,-0.12286159424225254,-0.12286159424223916,1.3378187446733136e-14,0.32562394774651304,0.32562394774651304,0
interval,5_vs_10,740004,2,S_pi_dq,0.03086785450193361,0.03086785450195424,2.062933157631619e-14,0.32562394774651304,0.32562394774651304,0
interval,5_vs_10,740004,2,R_cdw,1.251240875493361,1.2512408754935562,1.9517720772910252e-13,0.32562394774651304,0.32562394774651304,0
interval,5_vs_10,740004,3,S_pi,2.728775171488342,2.728775171488241,-1.0080825063596421e-13,0.1627685438345503,0.1627685438345503,0
interval,5_vs_10,740004,3,S_pi_dq,0.6408964674035222,0.6408964674034807,-4.1522341120980855e-14,0.1627685438345503,0.1627685438345503,0
interval,5_vs_10,740004,3,R_cdw,0.7651340154000443,0.7651340154000509,6.5503158452884236e-15,0.1627685438345503,0.1627685438345503,0
interval,5_vs_10,740004,4,S_pi,-0.47349478122050775,-0.47349478122050587,1.887379141862766e-15,0.1627685438345503,0.1627685438345503,0
interval,5_vs_10,740004,4,S_pi_dq,0.09185170622701132,0.09185170622698492,-2.6395552410463097e-14,0.1627685438345503,0.1627685438345503,0
interval,5_vs_10,740004,4,R_cdw,1.1939867341098227,1.1939867341097679,-5.484501741648273e-14,0.1627685438345503,0.1627685438345503,0
interval,5_vs_10,740004,5,S_pi,0.19048562314764783,0.19048562314764336,-4.468647674116255e-15,0.4886533037666392,0.4886533037666392,0
interval,5_vs_10,740004,5,S_pi_dq,-0.010893560356948205,-0.010893560356962912,-1.470698562933137e-14,0.4886533037666392,0.4886533037666392,0
interval,5_vs_10,740004,5,R_cdw,1.057188359819179,1.0571883598192575,7.860379014346108e-14,0.4886533037666392,0.4886533037666392,0
interval,5_vs_10,740004,6,S_pi,0.015317176949995015,0.015317176949993397,-1.618497003086361e-15,1.4754484240216774,1.4754484240216774,0
interval,5_vs_10,740004,6,S_pi_dq,0.032885098936971606,0.03288509893697149,-1.1796119636642288e-16,1.4754484240216774,1.4754484240216774,0
interval,5_vs_10,740004,6,R_cdw,-1.1469425498138093,-1.1469425498140287,-2.1938006966593093e-13,1.4754484240216774,1.4754484240216774,0
interval,5_vs_10,740004,7,S_pi,nan,nan,nan,0.0,0.0,0
interval,5_vs_10,740004,7,S_pi_dq,nan,nan,nan,0.0,0.0,0
interval,5_vs_10,740004,7,R_cdw,nan,nan,nan,0.0,0.0,0
interval,5_vs_10,740004,8,S_pi,1.120422784153096,1.1204227841530938,-2.220446049250313e-15,0.1627685438345503,0.1627685438345503,0
interval,5_vs_10,740004,8,S_pi_dq,0.04999608502597472,0.0499960850258959,-7.881889585448221e-14,0.1627685438345503,0.1627685438345503,0
interval,5_vs_10,740004,8,R_cdw,0.9553774827385667,0.955377482738637,7.027711745877241e-14,0.1627685438345503,0.1627685438345503,0
interval,5_vs_10,740004,9,S_pi,0.07371934440369848,0.0737193444036974,-1.0824674490095276e-15,0.6519441692793733,0.6519441692793733,0
interval,5_vs_10,740004,9,S_pi_dq,-0.03299327057683474,-0.03299327057681354,2.1198320876436583e-14,0.6519441692793733,0.6519441692793733,0
interval,5_vs_10,740004,9,R_cdw,1.447552414413217,1.4475524144129361,-2.808864252301646e-13,0.6519441692793733,0.6519441692793733,0
interval,5_vs_10,740004,10,S_pi,-4.170718769349222,-4.170718769349023,1.9895196601282805e-13,0.1627685438345503,0.1627685438345503,0
interval,5_vs_10,740004,10,S_pi_dq,1.36871619977561,1.3687161997755493,-6.084022174945858e-14,0.1627685438345503,0.1627685438345503,0
interval,5_vs_10,740004,10,R_cdw,1.3281727384340465,1.3281727384340476,1.1102230246251565e-15,0.1627685438345503,0.1627685438345503,0
interval,5_vs_10,740004,11,S_pi,0.6119159896049062,0.6119159896048969,-9.325873406851315e-15,0.1627685438345503,0.1627685438345503,0
interval,5_vs_10,740004,11,S_pi_dq,0.012386897417012958,0.012386897416968395,-4.45633113743682e-14,0.1627685438345503,0.1627685438345503,0
interval,5_vs_10,740004,11,R_cdw,0.979757192772474,0.9797571927725465,7.249756350802272e-14,0.1627685438345503,0.1627685438345503,0
interval,5_vs_10,740004,12,S_pi,-0.1222861532566414,-0.12228615325664206,-6.661338147750939e-16,0.6519441692793733,0.6519441692793733,0
interval,5_vs_10,740004,12,S_pi_dq,0.03435411693874875,0.034354116938763564,1.4814538484841933e-14,0.6519441692793733,0.6519441692793733,0
interval,5_vs_10,740004,12,R_cdw,1.2809321907988218,1.2809321907989415,1.1968204205459188e-13,0.6519441692793733,0.6519441692793733,0
interval,5_vs_10,740004,13,S_pi,-0.06599038369136037,-0.0659903836913593,1.0685896612017132e-15,0.9796644073593258,0.9796644073593258,0
interval,5_vs_10,740004,13,S_pi_dq,0.05822940626737378,0.05822940626736401,-9.769962616701378e-15,0.9796644073593258,0.9796644073593258,0
interval,5_vs_10,740004,13,R_cdw,1.8823922973340328,1.8823922973338991,-1.3367085216486885e-13,0.9796644073593258,0.9796644073593258,0
interval,5_vs_10,740004,14,S_pi,0.16699484999401704,0.1669948499940176,5.551115123125783e-16,0.8155848033335169,0.8155848033335169,0
interval,5_vs_10,740004,14,S_pi_dq,-0.029398180458281364,-0.029398180458283546,-2.1822821327788233e-15,0.8155848033335169,0.8155848033335169,0
interval,5_vs_10,740004,14,R_cdw,1.176042437592145,1.1760424375921574,1.2434497875801753e-14,0.8155848033335169,0.8155848033335169,0
interval,5_vs_10,740004,15,S_pi,0.09473727433142086,0.09473727433142158,7.216449660063518e-16,0.4886533037666392,0.4886533037666392,0
interval,5_vs_10,740004,15,S_pi_dq,0.0016167810287875653,0.001616781028818958,3.1392640223448787e-14,0.4886533037666392,0.4886533037666392,0
interval,5_vs_10,740004,15,R_cdw,0.9829340558909099,0.9829340558905787,-3.311795282456842e-13,0.4886533037666392,0.4886533037666392,0
interval,5_vs_10,740004,16,S_pi,0.16444755852478457,0.16444755852478485,2.7755575615628914e-16,0.9796644073593258,0.9796644073593258,0
interval,5_vs_10,740004,16,S_pi_dq,-0.007053169213642972,-0.007053169210965822,2.677150168217679e-12,0.9796644073593258,0.9796644073593258,0
interval,5_vs_10,740004,16,R_cdw,1.042890081658342,1.042890081642062,-1.6279866343893445e-11,0.9796644073593258,0.9796644073593258,0
interval,5_vs_10,740004,17,S_pi,-0.15508250133896934,-0.1550825013389631,6.2450045135165055e-15,0.1627685438345503,0.1627685438345503,0
interval,5_vs_10,740004,17,S_pi_dq,0.03046212425254925,0.03046212425164597,-9.032774528350274e-13,0.1627685438345503,0.1627685438345503,0
interval,5_vs_10,740004,17,R_cdw,1.196425283249508,1.1964252832436915,-5.816458426011195e-12,0.1627685438345503,0.1627685438345503,0
interval,5_vs_10,740004,18,S_pi,0.10939540046998716,0.10939540046997595,-1.1213252548714081e-14,0.1627685438345503,0.1627685438345503,0
interval,5_vs_10,740004,18,S_pi_dq,0.13337693298354364,0.13337693298356953,2.5895952049381776e-14,0.1627685438345503,0.1627685438345503,0
interval,5_vs_10,740004,18,R_cdw,-0.21921883745135928,-0.219218837451721,-3.61710661422876e-13,0.1627685438345503,0.1627685438345503,0
interval,5_vs_10,740004,19,S_pi,1.3350793292159147,1.335079329215927,1.2434497875801753e-14,0.1627685438345503,0.1627685438345503,0
interval,5_vs_10,740004,19,S_pi_dq,-0.8425149340167123,-0.8425149340166675,4.474198789239381e-14,0.1627685438345503,0.1627685438345503,0
interval,5_vs_10,740004,19,R_cdw,1.6310598296144074,1.631059829614368,-3.952393967665557e-14,0.1627685438345503,0.1627685438345503,0
interval,5_vs_20,740004,0,S_pi,-0.03915698708206503,-0.039156987081961685,1.0334788580479426e-13,0.1627685438345503,0.1627685438345503,0
interval,5_vs_20,740004,0,S_pi_dq,-0.8989175855216,-0.8989175855211092,4.907185768843192e-13,0.1627685438345503,0.1627685438345503,0
interval,5_vs_20,740004,0,R_cdw,-21.956760785441755,-21.956760785489813,-4.8057557933134376e-11,0.1627685438345503,0.1627685438345503,0
interval,5_vs_20,740004,1,S_pi,1.121361867122698,1.1213618671229446,2.466915560717098e-13,0.1627685438345503,0.1627685438345503,0
interval,5_vs_20,740004,1,S_pi_dq,-0.3793148170694368,-0.37931481706951425,-7.743805596760467e-14,0.1627685438345503,0.1627685438345503,0
interval,5_vs_20,740004,1,R_cdw,1.338262632420987,1.3382626324209816,-5.329070518200751e-15,0.1627685438345503,0.1627685438345503,0
interval,5_vs_20,740004,2,S_pi,-0.12286159424225254,-0.12286159424229023,-3.7692071686024065e-14,0.32562394774651304,0.32562394774651304,0
interval,5_vs_20,740004,2,S_pi_dq,0.03086785450193361,0.03086785450204697,1.1336070970813239e-13,0.32562394774651304,0.32562394774651304,0
interval,5_vs_20,740004,2,R_cdw,1.251240875493361,1.2512408754942066,8.455458555545192e-13,0.32562394774651304,0.32562394774651304,0
interval,5_vs_20,740004,3,S_pi,2.728775171488342,2.7287751714836324,-4.709566070459914e-12,0.1627685438345503,0.1627685438345503,0
interval,5_vs_20,740004,3,S_pi_dq,0.6408964674035222,0.6408964674016703,-1.8519630273772236e-12,0.1627685438345503,0.1627685438345503,0
interval,5_vs_20,740004,3,R_cdw,0.7651340154000443,0.7651340154003177,2.7333690866271354e-13,0.1627685438345503,0.1627685438345503,0
interval,5_vs_20,740004,4,S_pi,-0.47349478122050775,-0.47349478122048794,1.9817480989559044e-14,0.1627685438345503,0.1627685438345503,0
interval,5_vs_20,740004,4,S_pi_dq,0.09185170622701132,0.09185170622674398,-2.673417043297377e-13,0.1627685438345503,0.1627685438345503,0
interval,5_vs_20,740004,4,R_cdw,1.1939867341098227,1.1939867341092663,-5.564437799421285e-13,0.1627685438345503,0.1627685438345503,0
interval,5_vs_20,740004,5,S_pi,0.19048562314764783,0.1904856231475687,-7.913114608015803e-14,0.4886533037666392,0.4886533037666392,0
interval,5_vs_20,740004,5,S_pi_dq,-0.010893560356948205,-0.010893560356986349,-3.8143099789778034e-14,0.4886533037666392,0.4886533037666392,0
interval,5_vs_20,740004,5,R_cdw,1.057188359819179,1.057188359819403,2.240430063693566e-13,0.4886533037666392,0.4886533037666392,0
interval,5_vs_20,740004,6,S_pi,0.015317176949995015,0.015317176949998814,3.7990444123892075e-15,1.4754484240216774,1.4754484240216774,0
interval,5_vs_20,740004,6,S_pi_dq,0.032885098936971606,0.03288509893694738,-2.4223678618540134e-14,1.4754484240216774,1.4754484240216774,0
interval,5_vs_20,740004,6,R_cdw,-1.1469425498138093,-1.1469425498116954,2.113864638886298e-12,1.4754484240216774,1.4754484240216774,0
interval,5_vs_20,740004,7,S_pi,nan,nan,nan,0.0,0.0,0
interval,5_vs_20,740004,7,S_pi_dq,nan,nan,nan,0.0,0.0,0
interval,5_vs_20,740004,7,R_cdw,nan,nan,nan,0.0,0.0,0
interval,5_vs_20,740004,8,S_pi,1.120422784153096,1.1204227841531336,3.752553823233029e-14,0.1627685438345503,0.1627685438345503,0
interval,5_vs_20,740004,8,S_pi_dq,0.04999608502597472,0.04999608502665171,6.769931837347087e-13,0.1627685438345503,0.1627685438345503,0
interval,5_vs_20,740004,8,R_cdw,0.9553774827385667,0.955377482737964,-6.027400800689975e-13,0.1627685438345503,0.1627685438345503,0
interval,5_vs_20,740004,9,S_pi,0.07371934440369848,0.07371934440365897,-3.951006188884776e-14,0.6519441692793733,0.6519441692793733,0
interval,5_vs_20,740004,9,S_pi_dq,-0.03299327057683474,-0.03299327057681182,2.2919166564605575e-14,0.6519441692793733,0.6519441692793733,0
interval,5_vs_20,740004,9,R_cdw,1.447552414413217,1.447552414413146,-7.105427357601002e-14,0.6519441692793733,0.6519441692793733,0
interval,5_vs_20,740004,10,S_pi,-4.170718769349222,-4.170718769348973,2.4868995751603507e-13,0.1627685438345503,0.1627685438345503,0
interval,5_vs_20,740004,10,S_pi_dq,1.36871619977561,1.3687161997758315,2.2137847111025621e-13,0.1627685438345503,0.1627685438345503,0
interval,5_vs_20,740004,10,R_cdw,1.3281727384340465,1.328172738434119,7.260858581048524e-14,0.1627685438345503,0.1627685438345503,0
interval,5_vs_20,740004,11,S_pi,0.6119159896049062,0.6119159896047492,-1.5698553568199713e-13,0.1627685438345503,0.1627685438345503,0
interval,5_vs_20,740004,11,S_pi_dq,0.012386897417012958,0.012386897416997748,-1.5210055437364645e-14,0.1627685438345503,0.1627685438345503,0
interval,5_vs_20,740004,11,R_cdw,0.979757192772474,0.9797571927724936,1.965094753586527e-14,0.1627685438345503,0.1627685438345503,0
interval,5_vs_20,740004,12,S_pi,-0.1222861532566414,-0.12228615325668274,-4.1341929879479267e-14,0.6519441692793733,0.6519441692793733,0
interval,5_vs_20,740004,12,S_pi_dq,0.03435411693874875,0.03435411693884065,9.189871086334733e-14,0.6519441692793733,0.6519441692793733,0
interval,5_vs_20,740004,12,R_cdw,1.2809321907988218,1.2809321907994784,6.565858967633176e-13,0.6519441692793733,0.6519441692793733,0
interval,5_vs_20,740004,13,S_pi,-0.06599038369136037,-0.06599038369139608,-3.57075480295066e-14,0.9796644073593258,0.9796644073593258,0
interval,5_vs_20,740004,13,S_pi_dq,0.05822940626737378,0.05822940626733139,-4.238970285896926e-14,0.9796644073593258,0.9796644073593258,0
interval,5_vs_20,740004,13,R_cdw,1.8823922973340328,1.8823922973329132,-1.1195488980320079e-12,0.9796644073593258,0.9796644073593258,0
interval,5_vs_20,740004,14,S_pi,0.16699484999401704,0.16699484999402855,1.1518563880485999e-14,0.8155848033335169,0.8155848033335169,0
interval,5_vs_20,740004,14,S_pi_dq,-0.029398180458281364,-0.02939818045832147,-4.010680676458378e-14,0.8155848033335169,0.8155848033335169,0
interval,5_vs_20,740004,14,R_cdw,1.176042437592145,1.176042437592373,2.2803980925800715e-13,0.8155848033335169,0.8155848033335169,0
interval,5_vs_20,740004,15,S_pi,0.09473727433142086,0.0947372743313775,-4.335420911161236e-14,0.4886533037666392,0.4886533037666392,0
interval,5_vs_20,740004,15,S_pi_dq,0.0016167810287875653,0.001616781028804423,1.6857609058673617e-14,0.4886533037666392,0.4886533037666392,0
interval,5_vs_20,740004,15,R_cdw,0.9829340558909099,0.9829340558907241,-1.857403120197887e-13,0.4886533037666392,0.4886533037666392,0
interval,5_vs_20,740004,16,S_pi,0.16444755852478457,0.16444755852478446,-1.1102230246251565e-16,0.9796644073593258,0.9796644073593258,0
interval,5_vs_20,740004,16,S_pi_dq,-0.007053169213642972,-0.007053169204956516,8.68645606832974e-12,0.9796644073593258,0.9796644073593258,0
interval,5_vs_20,740004,16,R_cdw,1.042890081658342,1.04289008160552,-5.282196902101077e-11,0.9796644073593258,0.9796644073593258,0
interval,5_vs_20,740004,17,S_pi,-0.15508250133896934,-0.1550825013388852,8.412714969097124e-14,0.1627685438345503,0.1627685438345503,0
interval,5_vs_20,740004,17,S_pi_dq,0.03046212425254925,0.03046212425378463,1.2353798539699312e-12,0.1627685438345503,0.1627685438345503,0
interval,5_vs_20,740004,17,R_cdw,1.196425283249508,1.1964252832575806,8.072653656654438e-12,0.1627685438345503,0.1627685438345503,0
interval,5_vs_20,740004,18,S_pi,0.10939540046998716,0.10939540046997072,-1.644517855226013e-14,0.1627685438345503,0.1627685438345503,0
interval,5_vs_20,740004,18,S_pi_dq,0.13337693298354364,0.13337693298354747,3.83026943495679e-15,0.1627685438345503,0.1627685438345503,0
interval,5_vs_20,740004,18,R_cdw,-0.21921883745135928,-0.21921883745157755,-2.1826984664130578e-13,0.1627685438345503,0.1627685438345503,0
interval,5_vs_20,740004,19,S_pi,1.3350793292159147,1.3350793292159506,3.597122599785507e-14,0.1627685438345503,0.1627685438345503,0
interval,5_vs_20,740004,19,S_pi_dq,-0.8425149340167123,-0.8425149340167443,-3.197442310920451e-14,0.1627685438345503,0.1627685438345503,0
interval,5_vs_20,740004,19,R_cdw,1.6310598296144074,1.631059829614414,6.661338147750939e-15,0.1627685438345503,0.1627685438345503,0
interval,10_vs_20,740004,0,S_pi,-0.03915698708205687,-0.039156987081961685,9.518774657379936e-14,0.1627685438345503,0.1627685438345503,0
interval,10_vs_20,740004,0,S_pi_dq,-0.8989175855217033,-0.8989175855211092,5.940803404769213e-13,0.1627685438345503,0.1627685438345503,0
interval,10_vs_20,740004,0,R_cdw,-21.95676078544918,-21.956760785489813,-4.063238634444133e-11,0.1627685438345503,0.1627685438345503,0
interval,10_vs_20,740004,1,S_pi,1.1213618671227001,1.1213618671229446,2.4447111002245947e-13,0.1627685438345503,0.1627685438345503,0
interval,10_vs_20,740004,1,S_pi_dq,-0.37931481706942194,-0.37931481706951425,-9.231504449758177e-14,0.1627685438345503,0.1627685438345503,0
interval,10_vs_20,740004,1,R_cdw,1.338262632420973,1.3382626324209816,8.659739592076221e-15,0.1627685438345503,0.1627685438345503,0
interval,10_vs_20,740004,2,S_pi,-0.12286159424223916,-0.12286159424229023,-5.10702591327572e-14,0.32562394774651304,0.32562394774651304,0
interval,10_vs_20,740004,2,S_pi_dq,0.03086785450195424,0.03086785450204697,9.27313781318162e-14,0.32562394774651304,0.32562394774651304,0
interval,10_vs_20,740004,2,R_cdw,1.2512408754935562,1.2512408754942066,6.503686478254167e-13,0.32562394774651304,0.32562394774651304,0
interval,10_vs_20,740004,3,S_pi,2.728775171488241,2.7287751714836324,-4.60875781982395e-12,0.1627685438345503,0.1627685438345503,0
interval,10_vs_20,740004,3,S_pi_dq,0.6408964674034807,0.6408964674016703,-1.8104406862562428e-12,0.1627685438345503,0.1627685438345503,0
interval,10_vs_20,740004,3,R_cdw,0.7651340154000509,0.7651340154003177,2.667865928174251e-13,0.1627685438345503,0.1627685438345503,0
interval,10_vs_20,740004,4,S_pi,-0.47349478122050587,-0.47349478122048794,1.7930101847696278e-14,0.1627685438345503,0.1627685438345503,0
interval,10_vs_20,740004,4,S_pi_dq,0.09185170622698492,0.09185170622674398,-2.409461519192746e-13,0.1627685438345503,0.1627685438345503,0
interval,10_vs_20,740004,4,R_cdw,1.1939867341097679,1.1939867341092663,-5.015987625256457e-13,0.1627685438345503,0.1627685438345503,0
interval,10_vs_20,740004,5,S_pi,0.19048562314764336,0.1904856231475687,-7.466249840604178e-14,0.4886533037666392,0.4886533037666392,0
interval,10_vs_20,740004,5,S_pi_dq,-0.010893560356962912,-0.010893560356986349,-2.3436114160446664e-14,0.4886533037666392,0.4886533037666392,0
interval,10_vs_20,740004,5,R_cdw,1.0571883598192575,1.057188359819403,1.454392162258955e-13,0.4886533037666392,0.4886533037666392,0
interval,10_vs_20,740004,6,S_pi,0.015317176949993397,0.015317176949998814,5.4175414154755686e-15,1.4754484240216774,1.4754484240216774,0
interval,10_vs_20,740004,6,S_pi_dq,0.03288509893697149,0.03288509893694738,-2.410571742217371e-14,1.4754484240216774,1.4754484240216774,0
interval,10_vs_20,740004,6,R_cdw,-1.1469425498140287,-1.1469425498116954,2.333244708552229e-12,1.4754484240216774,1.4754484240216774,0
interval,10_vs_20,740004,7,S_pi,nan,nan,nan,0.0,0.0,0
interval,10_vs_20,740004,7,S_pi_dq,nan,nan,nan,0.0,0.0,0
interval,10_vs_20,740004,7,R_cdw,nan,nan,nan,0.0,0.0,0
interval,10_vs_20,740004,8,S_pi,1.1204227841530938,1.1204227841531336,3.9745984281580604e-14,0.1627685438345503,0.1627685438345503,0
interval,10_vs_20,740004,8,S_pi_dq,0.0499960850258959,0.04999608502665171,7.558120795891909e-13,0.1627685438345503,0.1627685438345503,0
interval,10_vs_20,740004,8,R_cdw,0.955377482738637,0.955377482737964,-6.730171975277699e-13,0.1627685438345503,0.1627685438345503,0
interval,10_vs_20,740004,9,S_pi,0.0737193444036974,0.07371934440365897,-3.842759443983823e-14,0.6519441692793733,0.6519441692793733,0
interval,10_vs_20,740004,9,S_pi_dq,-0.03299327057681354,-0.03299327057681182,1.7208456881689926e-15,0.6519441692793733,0.6519441692793733,0
interval,10_vs_20,740004,9,R_cdw,1.4475524144129361,1.447552414413146,2.0983215165415459e-13,0.6519441692793733,0.6519441692793733,0
interval,10_vs_20,740004,10,S_pi,-4.170718769349023,-4.170718769348973,4.973799150320701e-14,0.1627685438345503,0.1627685438345503,0
interval,10_vs_20,740004,10,S_pi_dq,1.3687161997755493,1.3687161997758315,2.822186928597148e-13,0.1627685438345503,0.1627685438345503,0
interval,10_vs_20,740004,10,R_cdw,1.3281727384340476,1.328172738434119,7.149836278586008e-14,0.1627685438345503,0.1627685438345503,0
interval,10_vs_20,740004,11,S_pi,0.6119159896048969,0.6119159896047492,-1.4765966227514582e-13,0.1627685438345503,0.1627685438345503,0
interval,10_vs_20,740004,11,S_pi_dq,0.012386897416968395,0.012386897416997748,2.935325593700355e-14,0.1627685438345503,0.1627685438345503,0
interval,10_vs_20,740004,11,R_cdw,0.9797571927725465,0.9797571927724936,-5.284661597215745e-14,0.1627685438345503,0.1627685438345503,0
interval,10_vs_20,740004,12,S_pi,-0.12228615325664206,-0.12228615325668274,-4.067579606470417e-14,0.6519441692793733,0.6519441692793733,0
interval,10_vs_20,740004,12,S_pi_dq,0.034354116938763564,0.03435411693884065,7.70841723785054e-14,0.6519441692793733,0.6519441692793733,0
interval,10_vs_20,740004,12,R_cdw,1.2809321907989415,1.2809321907994784,5.369038547087257e-13,0.6519441692793733,0.6519441692793733,0
interval,10_vs_20,740004,13,S_pi,-0.0659903836913593,-0.06599038369139608,-3.677613769070831e-14,0.9796644073593258,0.9796644073593258,0
interval,10_vs_20,740004,13,S_pi_dq,0.05822940626736401,0.05822940626733139,-3.261974024226788e-14,0.9796644073593258,0.9796644073593258,0
interval,10_vs_20,740004,13,R_cdw,1.8823922973338991,1.8823922973329132,-9.85878045867139e-13,0.9796644073593258,0.9796644073593258,0
interval,10_vs_20,740004,14,S_pi,0.1669948499940176,0.16699484999402855,1.0963452368173421e-14,0.8155848033335169,0.8155848033335169,0
interval,10_vs_20,740004,14,S_pi_dq,-0.029398180458283546,-0.02939818045832147,-3.7924524631804957e-14,0.8155848033335169,0.8155848033335169,0
interval,10_vs_20,740004,14,R_cdw,1.1760424375921574,1.176042437592373,2.156053113822054e-13,0.8155848033335169,0.8155848033335169,0
interval,10_vs_20,740004,15,S_pi,0.09473727433142158,0.0947372743313775,-4.4075854077618715e-14,0.4886533037666392,0.4886533037666392,0
interval,10_vs_20,740004,15,S_pi_dq,0.001616781028818958,0.001616781028804423,-1.453503116477517e-14,0.4886533037666392,0.4886533037666392,0
interval,10_vs_20,740004,15,R_cdw,0.9829340558905787,0.9829340558907241,1.454392162258955e-13,0.4886533037666392,0.4886533037666392,0
interval,10_vs_20,740004,16,S_pi,0.16444755852478485,0.16444755852478446,-3.885780586188048e-16,0.9796644073593258,0.9796644073593258,0
interval,10_vs_20,740004,16,S_pi_dq,-0.007053169210965822,-0.007053169204956516,6.009305900112061e-12,0.9796644073593258,0.9796644073593258,0
interval,10_vs_20,740004,16,R_cdw,1.042890081642062,1.04289008160552,-3.654210267711733e-11,0.9796644073593258,0.9796644073593258,0
interval,10_vs_20,740004,17,S_pi,-0.1550825013389631,-0.1550825013388852,7.788214517745473e-14,0.1627685438345503,0.1627685438345503,0
interval,10_vs_20,740004,17,S_pi_dq,0.03046212425164597,0.03046212425378463,2.1386573068049586e-12,0.1627685438345503,0.1627685438345503,0
interval,10_vs_20,740004,17,R_cdw,1.1964252832436915,1.1964252832575806,1.3889112082665633e-11,0.1627685438345503,0.1627685438345503,0
interval,10_vs_20,740004,18,S_pi,0.10939540046997595,0.10939540046997072,-5.23192600354605e-15,0.1627685438345503,0.1627685438345503,0
interval,10_vs_20,740004,18,S_pi_dq,0.13337693298356953,0.13337693298354747,-2.2065682614424986e-14,0.1627685438345503,0.1627685438345503,0
interval,10_vs_20,740004,18,R_cdw,-0.219218837451721,-0.21921883745157755,1.4344081478157023e-13,0.1627685438345503,0.1627685438345503,0
interval,10_vs_20,740004,19,S_pi,1.335079329215927,1.3350793292159506,2.353672812205332e-14,0.1627685438345503,0.1627685438345503,0
interval,10_vs_20,740004,19,S_pi_dq,-0.8425149340166675,-0.8425149340167443,-7.671641100159832e-14,0.1627685438345503,0.1627685438345503,0
interval,10_vs_20,740004,19,R_cdw,1.631059829614368,1.631059829614414,4.618527782440651e-14,0.1627685438345503,0.1627685438345503,0
interval,5_vs_10,740005,0,S_pi,-0.04544659117529268,-0.045446591175328926,-3.624878175401136e-14,0.1627685438345503,0.1627685438345503,0
interval,5_vs_10,740005,0,S_pi_dq,1.1900335501149593,1.19003355011503,7.083222897108499e-14,0.1627685438345503,0.1627685438345503,0
interval,5_vs_10,740005,0,R_cdw,27.185320380242917,27.18532038022359,-1.9326762412674725e-11,0.1627685438345503,0.1627685438345503,0
interval,5_vs_10,740005,1,S_pi,-0.000555971210215597,-0.0005559712102140205,1.576538379011172e-15,1.1442733718381495,1.1442733718381495,0
interval,5_vs_10,740005,1,S_pi_dq,0.09956198684847187,0.09956198684845888,-1.2989609388114332e-14,1.1442733718381495,1.1442733718381495,0
interval,5_vs_10,740005,1,R_cdw,180.07759434137475,180.07759434185917,4.844196155318059e-10,1.1442733718381495,1.1442733718381495,0
interval,5_vs_10,740005,2,S_pi,0.19148181709309206,0.19148181709309386,1.8041124150158794e-15,1.3095035305387446,1.3095035305387446,0
interval,5_vs_10,740005,2,S_pi_dq,0.05735831039548918,0.05735831039548725,-1.9290125052862095e-15,1.3095035305387446,1.3095035305387446,0
interval,5_vs_10,740005,2,R_cdw,0.7004503546798728,0.7004503546798858,1.2989609388114332e-14,1.3095035305387446,1.3095035305387446,0
interval,5_vs_10,740005,3,S_pi,0.027994616690128152,0.0279946166901289,7.4593109467002705e-16,0.32562394774651304,0.32562394774651304,0
interval,5_vs_10,740005,3,S_pi_dq,0.032431495375346134,0.03243149537524022,-1.0591527654923993e-13,0.32562394774651304,0.32562394774651304,0
interval,5_vs_10,740005,3,R_cdw,-0.15849042458161522,-0.15849042457780094,3.814282223402188e-12,0.32562394774651304,0.32562394774651304,0
interval,5_vs_10,740005,4,S_pi,-0.09011826271116236,-0.0901182627111603,2.0539125955565396e-15,0.4886533037666392,0.4886533037666392,0
interval,5_vs_10,740005,4,S_pi_dq,-0.00018470946794235652,-0.0001847094679289465,1.3410008780495586e-14,0.4886533037666392,0.4886533037666392,0
interval,5_vs_10,740005,4,R_cdw,0.9979503658594222,0.997950365859571,1.4876988529977098e-13,0.4886533037666392,0.4886533037666392,0
interval,5_vs_10,740005,5,S_pi,-0.2575368423359056,-0.2575368423359079,-2.275957200481571e-15,0.32562394774651304,0.32562394774651304,0
interval,5_vs_10,740005,5,S_pi_dq,-0.022327722246531845,-0.02232772224653061,1.2351231148954867e-15,0.32562394774651304,0.32562394774651304,0
interval,5_vs_10,740005,5,R_cdw,0.9133028034202199,0.9133028034202255,5.662137425588298e-15,0.32562394774651304,0.32562394774651304,0
interval,5_vs_10,740005,6,S_pi,0.020879581301173657,0.020879581301173223,-4.3368086899420177e-16,1.6422035742213936,1.6422035742213936,0
interval,5_vs_10,740005,6,S_pi_dq,0.02495204566582721,0.024952045665827722,5.134781488891349e-16,1.6422035742213936,1.6422035742213936,0
interval,5_vs_10,740005,6,R_cdw,-0.1950453079451664,-0.19504530794521568,-4.929390229335695e-14,1.6422035742213936,1.6422035742213936,0
interval,5_vs_10,740005,7,S_pi,-1.784015240030597,-1.7840152400305855,1.1546319456101628e-14,0.32562394774651304,0.32562394774651304,0
interval,5_vs_10,740005,7,S_pi_dq,1.0738592569238257,1.073859256923785,-4.063416270128073e-14,0.32562394774651304,0.32562394774651304,0
interval,5_vs_10,740005,7,R_cdw,1.6019339032694633,1.6019339032694444,-1.887379141862766e-14,0.32562394774651304,0.32562394774651304,0
interval,5_vs_10,740005,8,S_pi,-0.015890062043690163,-0.015890062043689868,2.949029909160572e-16,1.3095035305387446,1.3095035305387446,0
interval,5_vs_10,740005,8,S_pi_dq,0.0709425061048692,0.07094250610486814,-1.0547118733938987e-15,1.3095035305387446,1.3095035305387446,0
interval,5_vs_10,740005,8,R_cdw,5.464583329493039,5.464583329493056,1.687538997430238e-14,1.3095035305387446,1.3095035305387446,0
interval,5_vs_10,740005,9,S_pi,0.29097434846949183,0.29097434846962816,1.3633538742396922e-13,0.4886533037666392,0.4886533037666392,0
interval,5_vs_10,740005,9,S_pi_dq,-0.10778649404213647,-0.10778649404226442,-1.279532035880493e-13,0.4886533037666392,0.4886533037666392,0
interval,5_vs_10,740005,9,R_cdw,1.3704329766836396,1.3704329766839058,2.6623148130511254e-13,0.4886533037666392,0.4886533037666392,0
interval,5_vs_10,740005,10,S_pi,0.0667318526910359,0.06673185269103463,-1.27675647831893e-15,0.6519441692793733,0.6519441692793733,0
interval,5_vs_10,740005,10,S_pi_dq,0.03426933800121093,0.03426933800121618,5.252742685257772e-15,0.6519441692793733,0.6519441692793733,0
interval,5_vs_10,740005,10,R_cdw,0.48646206242953094,0.48646206242944245,-8.848477506262498e-14,0.6519441692793733,0.6519441692793733,0
interval,5_vs_10,740005,11,S_pi,0.1005124804774843,0.10051248047748372,-5.828670879282072e-16,2.6654246812857756,2.6654246812857756,0
interval,5_vs_10,740005,11,S_pi_dq,0.018470378226072257,0.018470378226072462,2.0469737016526324e-16,2.6654246812857756,2.6654246812857756,0
interval,5_vs_10,740005,11,R_cdw,0.8162379623074789,0.8162379623074758,-3.1086244689504383e-15,2.6654246812857756,2.6654246812857756,0
interval,5_vs_10,740005,12,S_pi,-0.012604950276328701,-0.012604950276328132,5.689893001203927e-16,1.1442733718381495,1.1442733718381495,0
interval,5_vs_10,740005,12,S_pi_dq,0.023656956664019065,0.02365695666402003,9.645062526431047e-16,1.1442733718381495,1.1442733718381495,0
interval,5_vs_10,740005,12,R_cdw,2.8767988881674,2.876798888167561,1.6076029396572267e-13,1.1442733718381495,1.1442733718381495,0
interval,5_vs_10,740005,13,S_pi,0.355632919008573,0.3556329190085656,-7.438494264988549e-15,0.1627685438345503,0.1627685438345503,0
interval,5_vs_10,740005,13,S_pi_dq,-0.20691923510838772,-0.20691923510838972,-1.9984014443252818e-15,0.1627685438345503,0.1627685438345503,0
interval,5_vs_10,740005,13,R_cdw,1.5818337506135074,1.5818337506135252,1.7763568394002505e-14,0.1627685438345503,0.1627685438345503,0
interval,5_vs_10,740005,14,S_pi,-0.022093246825505827,-0.02209324682550683,-1.0026701691145945e-15,1.3095035305387446,1.3095035305387446,0
interval,5_vs_10,740005,14,S_pi_dq,0.030117597676138832,0.030117597676140057,1.2247147740396258e-15,1.3095035305387446,1.3095035305387446,0
interval,5_vs_10,740005,14,R_cdw,2.3632037841250746,2.363203784125068,-6.661338147750939e-15,1.3095035305387446,1.3095035305387446,0
interval,5_vs_10,740005,15,S_pi,0.21084455677619843,0.2108445567761943,-4.135580766728708e-15,0.9796644073593258,0.9796644073593258,0
interval,5_vs_10,740005,15,S_pi_dq,0.07859965150748745,0.07859965150746076,-2.66869859544272e-14,0.9796644073593258,0.9796644073593258,0
interval,5_vs_10,740005,15,R_cdw,0.6272151735417231,0.6272151735418423,1.192379528447418e-13,0.9796644073593258,0.9796644073593258,0
interval,5_vs_10,740005,16,S_pi,0.17307380308636763,0.1730738030863643,-3.3306690738754696e-15,2.3193230762751016,2.3193230762751016,0
interval,5_vs_10,740005,16,S_pi_dq,0.0038577110014607736,0.0038577110014729682,1.219467235524796e-14,2.3193230762751016,2.3193230762751016,0
interval,5_vs_10,740005,16,R_cdw,0.9777106013003268,0.9777106013002559,-7.09432512735475e-14,2.3193230762751016,2.3193230762751016,0
interval,5_vs_10,740005,17,S_pi,0.04606734342787486,0.04606734342787261,-2.248201624865942e-15,0.9796644073593258,0.9796644073593258,0
interval,5_vs_10,740005,17,S_pi_dq,0.029347267375143357,0.02934726737525407,1.1071352168379178e-13,0.9796644073593258,0.9796644073593258,0
interval,5_vs_10,740005,17,R_cdw,0.36294856200920755,0.36294856200677317,-2.4343860260955807e-12,0.9796644073593258,0.9796644073593258,0
interval,5_vs_10,740005,18,S_pi,0.12976845219994654,0.1297684521999468,2.498001805406602e-16,1.4754484240216774,1.4754484240216774,0
interval,5_vs_10,740005,18,S_pi_dq,-0.024398032164654197,-0.02439803216465375,4.475586568020162e-16,1.4754484240216774,1.4754484240216774,0
interval,5_vs_10,740005,18,R_cdw,1.188012045693986,1.1880120456939822,-3.774758283725532e-15,1.4754484240216774,1.4754484240216774,0
interval,5_vs_10,740005,19,S_pi,-0.020712684580644954,-0.020712684580645856,-9.020562075079397e-16,0.4886533037666392,0.4886533037666392,0
interval,5_vs_10,740005,19,S_pi_dq,0.04513058198551569,0.045130581985517365,1.672273430841642e-15,0.4886533037666392,0.4886533037666392,0
interval,5_vs_10,740005,19,R_cdw,3.178886170443021,3.1788861704430067,-1.4210854715202004e-14,0.4886533037666392,0.4886533037666392,0
interval,5_vs_20,740005,0,S_pi,-0.04544659117529268,-0.045446591175303974,-1.1296519275560968e-14,0.1627685438345503,0.1627685438345503,0
interval,5_vs_20,740005,0,S_pi_dq,1.1900335501149593,1.190033550115724,7.647216193618078e-13,0.1627685438345503,0.1627685438345503,0
interval,5_vs_20,740005,0,R_cdw,27.185320380242917,27.185320380253234,1.0317080523236655e-11,0.1627685438345503,0.1627685438345503,0
interval,5_vs_20,740005,1,S_pi,-0.000555971210215597,-0.0005559712101935318,2.2065248933555992e-14,1.1442733718381495,1.1442733718381495,0
interval,5_vs_20,740005,1,S_pi_dq,0.09956198684847187,0.09956198684807097,-4.0090153419214403e-13,1.1442733718381495,1.1442733718381495,0
interval,5_vs_20,740005,1,R_cdw,180.07759434137475,180.07759434776085,6.386102313626907e-09,1.1442733718381495,1.1442733718381495,0
interval,5_vs_20,740005,2,S_pi,0.19148181709309206,0.1914818170931282,3.6137759451548845e-14,1.3095035305387446,1.3095035305387446,0
interval,5_vs_20,740005,2,S_pi_dq,0.05735831039548918,0.057358310395497485,8.305856002976952e-15,1.3095035305387446,1.3095035305387446,0
interval,5_vs_20,740005,2,R_cdw,0.7004503546798728,0.700450354679886,1.3211653993039363e-14,1.3095035305387446,1.3095035305387446,0
interval,5_vs_20,740005,3,S_pi,0.027994616690128152,0.02799461669012763,-5.238864897449957e-16,0.32562394774651304,0.32562394774651304,0
interval,5_vs_20,740005,3,S_pi_dq,0.032431495375346134,0.03243149537500989,-3.3624492079553647e-13,0.32562394774651304,0.32562394774651304,0
interval,5_vs_20,740005,3,R_cdw,-0.15849042458161522,-0.1584904245696257,1.198952048753199e-11,0.32562394774651304,0.32562394774651304,0
interval,5_vs_20,740005,4,S_pi,-0.09011826271116236,-0.09011826271117196,-9.603429163007604e-15,0.4886533037666392,0.4886533037666392,0
interval,5_vs_20,740005,4,S_pi_dq,-0.00018470946794235652,-0.00018470946790630577,3.6050752227206884e-14,0.4886533037666392,0.4886533037666392,0
interval,5_vs_20,740005,4,R_cdw,0.9979503658594222,0.9979503658598224,4.0023540037736893e-13,0.4886533037666392,0.4886533037666392,0
interval,5_vs_20,740005,5,S_pi,-0.2575368423359056,-0.2575368423358164,8.920642002863133e-14,0.32562394774651304,0.32562394774651304,0
interval,5_vs_20,740005,5,S_pi_dq,-0.022327722246531845,-0.02232772224651028,2.1566082253343666e-14,0.32562394774651304,0.32562394774651304,0
interval,5_vs_20,740005,5,R_cdw,0.9133028034202199,0.9133028034202736,5.3734794391857577e-14,0.32562394774651304,0.32562394774651304,0
interval,5_vs_20,740005,6,S_pi,0.020879581301173657,0.02087958130117802,4.364564265557647e-15,1.6422035742213936,1.6422035742213936,0
interval,5_vs_20,740005,6,S_pi_dq,0.02495204566582721,0.02495204566582688,-3.2959746043559335e-16,1.6422035742213936,1.6422035742213936,0
interval,5_vs_20,740005,6,R_cdw,-0.1950453079451664,-0.1950453079449006,2.657873920952625e-13,1.6422035742213936,1.6422035742213936,0
interval,5_vs_20,740005,7,S_pi,-1.784015240030597,-1.7840152400302516,3.455014052633487e-13,0.32562394774651304,0.32562394774651304,0
interval,5_vs_20,740005,7,S_pi_dq,1.0738592569238257,1.0738592569236827,-1.4299672557172016e-13,0.32562394774651304,0.32562394774651304,0
interval,5_vs_20,740005,7,R_cdw,1.6019339032694633,1.6019339032694997,3.6415315207705135e-14,0.32562394774651304,0.32562394774651304,0
interval,5_vs_20,740005,8,S_pi,-0.015890062043690163,-0.015890062043689784,3.7816971776294395e-16,1.3095035305387446,1.3095035305387446,0
interval,5_vs_20,740005,8,S_pi_dq,0.0709425061048692,0.07094250610486642,-2.7755575615628914e-15,1.3095035305387446,1.3095035305387446,0
interval,5_vs_20,740005,8,R_cdw,5.464583329493039,5.464583329492971,-6.838973831690964e-14,1.3095035305387446,1.3095035305387446,0
interval,5_vs_20,740005,9,S_pi,0.29097434846949183,0.29097434846920284,-2.8899105330992825e-13,0.4886533037666392,0.4886533037666392,0
interval,5_vs_20,740005,9,S_pi_dq,-0.10778649404213647,-0.10778649404175,3.86468634872017e-13,0.4886533037666392,0.4886533037666392,0
interval,5_vs_20,740005,9,R_cdw,1.3704329766836396,1.3704329766826793,-9.603429163007604e-13,0.4886533037666392,0.4886533037666392,0
interval,5_vs_20,740005,10,S_pi,0.0667318526910359,0.06673185269103797,2.067790383364354e-15,0.6519441692793733,0.6519441692793733,0
interval,5_vs_20,740005,10,S_pi_dq,0.03426933800121093,0.0342693380012479,3.697042672001771e-14,0.6519441692793733,0.6519441692793733,0
interval,5_vs_20,740005,10,R_cdw,0.48646206242953094,0.4864620624289929,-5.380140777333509e-13,0.6519441692793733,0.6519441692793733,0
interval,5_vs_20,740005,11,S_pi,0.1005124804774843,0.10051248047748121,-3.094746681142624e-15,2.6654246812857756,2.6654246812857756,0
interval,5_vs_20,740005,11,S_pi_dq,0.018470378226072257,0.018470378226071078,-1.1796119636642288e-15,2.6654246812857756,2.6654246812857756,0
interval,5_vs_20,740005,11,R_cdw,0.8162379623074789,0.816237962307485,6.106226635438361e-15,2.6654246812857756,2.6654246812857756,0
interval,5_vs_20,740005,12,S_pi,-0.012604950276328701,-0.012604950276333628,-4.926614671774132e-15,1.1442733718381495,1.1442733718381495,0
interval,5_vs_20,740005,12,S_pi_dq,0.023656956664019065,0.0236569566640162,-2.8657631823136853e-15,1.1442733718381495,1.1442733718381495,0
interval,5_vs_20,740005,12,R_cdw,2.8767988881674,2.876798888166439,-9.610090501155355e-13,1.1442733718381495,1.1442733718381495,0
interval,5_vs_20,740005,13,S_pi,0.355632919008573,0.35563291900846095,-1.1207701433590955e-13,0.1627685438345503,0.1627685438345503,0
interval,5_vs_20,740005,13,S_pi_dq,-0.20691923510838772,-0.20691923510840549,-1.7763568394002505e-14,0.1627685438345503,0.1627685438345503,0
interval,5_vs_20,740005,13,R_cdw,1.5818337506135074,1.5818337506137405,2.3314683517128287e-13,0.1627685438345503,0.1627685438345503,0
interval,5_vs_20,740005,14,S_pi,-0.022093246825505827,-0.022093246825509588,-3.760880495917718e-15,1.3095035305387446,1.3095035305387446,0
interval,5_vs_20,740005,14,S_pi_dq,0.030117597676138832,0.03011759767614663,7.799316747991725e-15,1.3095035305387446,1.3095035305387446,0
interval,5_vs_20,740005,14,R_cdw,2.3632037841250746,2.3632037841251954,1.2079226507921703e-13,1.3095035305387446,1.3095035305387446,0
interval,5_vs_20,740005,15,S_pi,0.21084455677619843,0.21084455677620684,8.409939411535561e-15,0.9796644073593258,0.9796644073593258,0
interval,5_vs_20,740005,15,S_pi_dq,0.07859965150748745,0.07859965150737691,-1.1053657988924215e-13,0.9796644073593258,0.9796644073593258,0
interval,5_vs_20,740005,15,R_cdw,0.6272151735417231,0.6272151735422622,5.39124300757976e-13,0.9796644073593258,0.9796644073593258,0
interval,5_vs_20,740005,16,S_pi,0.17307380308636763,0.17307380308633533,-3.2307490016592055e-14,2.3193230762751016,2.3193230762751016,0
interval,5_vs_20,740005,16,S_pi_dq,0.0038577110014607736,0.0038577110014925316,3.17580163555764e-14,2.3193230762751016,2.3193230762751016,0
interval,5_vs_20,740005,16,R_cdw,0.9777106013003268,0.9777106013001392,-1.8762769116165146e-13,2.3193230762751016,2.3193230762751016,0
interval,5_vs_20,740005,17,S_pi,0.04606734342787486,0.046067343427894585,1.972727536880825e-14,0.9796644073593258,0.9796644073593258,0
interval,5_vs_20,740005,17,S_pi_dq,0.029347267375143357,0.02934726737506796,-7.539802115985594e-14,0.9796644073593258,0.9796644073593258,0
interval,5_vs_20,740005,17,R_cdw,0.36294856200920755,0.36294856201111714,1.9095836023552692e-12,0.9796644073593258,0.9796644073593258,0
interval,5_vs_20,740005,18,S_pi,0.12976845219994654,0.12976845219994756,1.0269562977782698e-15,1.4754484240216774,1.4754484240216774,0
interval,5_vs_20,740005,18,S_pi_dq,-0.024398032164654197,-0.024398032164658818,-4.621303340002214e-15,1.4754484240216774,1.4754484240216774,0
interval,5_vs_20,740005,18,R_cdw,1.188012045693986,1.1880120456940202,3.419486915845482e-14,1.4754484240216774,1.4754484240216774,0
interval,5_vs_20,740005,19,S_pi,-0.020712684580644954,-0.020712684580671114,-2.615963001773025e-14,0.4886533037666392,0.4886533037666392,0
interval,5_vs_20,740005,19,S_pi_dq,0.04513058198551569,0.045130581985503244,-1.2448375663609568e-14,0.4886533037666392,0.4886533037666392,0
interval,5_vs_20,740005,19,R_cdw,3.178886170443021,3.178886170439668,-3.3528735343679728e-12,0.4886533037666392,0.4886533037666392,0
interval,10_vs_20,740005,0,S_pi,-0.045446591175328926,-0.045446591175303974,2.4952262478450393e-14,0.1627685438345503,0.1627685438345503,0
interval,10_vs_20,740005,0,S_pi_dq,1.19003355011503,1.190033550115724,6.938893903907228e-13,0.1627685438345503,0.1627685438345503,0
interval,10_vs_20,740005,0,R_cdw,27.18532038022359,27.185320380253234,2.964384293591138e-11,0.1627685438345503,0.1627685438345503,0
interval,10_vs_20,740005,1,S_pi,-0.0005559712102140205,-0.0005559712101935318,2.048871055454482e-14,1.1442733718381495,1.1442733718381495,0
interval,10_vs_20,740005,1,S_pi_dq,0.09956198684845888,0.09956198684807097,-3.879119248040297e-13,1.1442733718381495,1.1442733718381495,0
interval,10_vs_20,740005,1,R_cdw,180.07759434185917,180.07759434776085,5.901682698095101e-09,1.1442733718381495,1.1442733718381495,0
interval,10_vs_20,740005,2,S_pi,0.19148181709309386,0.1914818170931282,3.4333647036532966e-14,1.3095035305387446,1.3095035305387446,0
interval,10_vs_20,740005,2,S_pi_dq,0.05735831039548725,0.057358310395497485,1.0234868508263162e-14,1.3095035305387446,1.3095035305387446,0
interval,10_vs_20,740005,2,R_cdw,0.7004503546798858,0.700450354679886,2.220446049250313e-16,1.3095035305387446,1.3095035305387446,0
interval,10_vs_20,740005,3,S_pi,0.0279946166901289,0.02799461669012763,-1.2698175844150228e-15,0.32562394774651304,0.32562394774651304,0
interval,10_vs_20,740005,3,S_pi_dq,0.03243149537524022,0.03243149537500989,-2.3032964424629654e-13,0.32562394774651304,0.32562394774651304,0
interval,10_vs_20,740005,3,R_cdw,-0.15849042457780094,-0.1584904245696257,8.175238264129803e-12,0.32562394774651304,0.32562394774651304,0
interval,10_vs_20,740005,4,S_pi,-0.0901182627111603,-0.09011826271117196,-1.1657341758564144e-14,0.4886533037666392,0.4886533037666392,0
interval,10_vs_20,740005,4,S_pi_dq,-0.0001847094679289465,-0.00018470946790630577,2.2640743446711298e-14,0.4886533037666392,0.4886533037666392,0
interval,10_vs_20,740005,4,R_cdw,0.997950365859571,0.9979503658598224,2.5146551507759796e-13,0.4886533037666392,0.4886533037666392,0
interval,10_vs_20,740005,5,S_pi,-0.2575368423359079,-0.2575368423358164,9.14823772291129e-14,0.32562394774651304,0.32562394774651304,0
interval,10_vs_20,740005,5,S_pi_dq,-0.02232772224653061,-0.02232772224651028,2.033095913844818e-14,0.32562394774651304,0.32562394774651304,0
interval,10_vs_20,740005,5,R_cdw,0.9133028034202255,0.9133028034202736,4.807265696626928e-14,0.32562394774651304,0.32562394774651304,0
interval,10_vs_20,740005,6,S_pi,0.020879581301173223,0.02087958130117802,4.7982451345518484e-15,1.6422035742213936,1.6422035742213936,0
interval,10_vs_20,740005,6,S_pi_dq,0.024952045665827722,0.02495204566582688,-8.430756093247282e-16,1.6422035742213936,1.6422035742213936,0
interval,10_vs_20,740005,6,R_cdw,-0.19504530794521568,-0.1950453079449006,3.1508129438861943e-13,1.6422035742213936,1.6422035742213936,0
interval,10_vs_20,740005,7,S_pi,-1.7840152400305855,-1.7840152400302516,3.339550858072471e-13,0.32562394774651304,0.32562394774651304,0
interval,10_vs_20,740005,7,S_pi_dq,1.073859256923785,1.0738592569236827,-1.0236256287043943e-13,0.32562394774651304,0.32562394774651304,0
interval,10_vs_20,740005,7,R_cdw,1.6019339032694444,1.6019339032694997,5.5289106626332796e-14,0.32562394774651304,0.32562394774651304,0
interval,10_vs_20,740005,8,S_pi,-0.015890062043689868,-0.015890062043689784,8.326672684688674e-17,1.3095035305387446,1.3095035305387446,0
interval,10_vs_20,740005,8,S_pi_dq,0.07094250610486814,0.07094250610486642,-1.7208456881689926e-15,1.3095035305387446,1.3095035305387446,0
interval,10_vs_20,740005,8,R_cdw,5.464583329493056,5.464583329492971,-8.526512829121202e-14,1.3095035305387446,1.3095035305387446,0
interval,10_vs_20,740005,9,S_pi,0.29097434846962816,0.29097434846920284,-4.2532644073389747e-13,0.4886533037666392,0.4886533037666392,0
interval,10_vs_20,740005,9,S_pi_dq,-0.10778649404226442,-0.10778649404175,5.144218384600663e-13,0.4886533037666392,0.4886533037666392,0
interval,10_vs_20,740005,9,R_cdw,1.3704329766839058,1.3704329766826793,-1.226574397605873e-12,0.4886533037666392,0.4886533037666392,0
interval,10_vs_20,740005,10,S_pi,0.06673185269103463,0.06673185269103797,3.344546861683284e-15,0.6519441692793733,0.6519441692793733,0
interval,10_vs_20,740005,10,S_pi_dq,0.03426933800121618,0.0342693380012479,3.171768403475994e-14,0.6519441692793733,0.6519441692793733,0
interval,10_vs_20,740005,10,R_cdw,0.48646206242944245,0.4864620624289929,-4.495293026707259e-13,0.6519441692793733,0.6519441692793733,0
interval,10_vs_20,740005,11,S_pi,0.10051248047748372,0.10051248047748121,-2.5118795932144167e-15,2.6654246812857756,2.6654246812857756,0
interval,10_vs_20,740005,11,S_pi_dq,0.018470378226072462,0.018470378226071078,-1.384309333829492e-15,2.6654246812857756,2.6654246812857756,0
interval,10_vs_20,740005,11,R_cdw,0.8162379623074758,0.816237962307485,9.2148511043888e-15,2.6654246812857756,2.6654246812857756,0
interval,10_vs_20,740005,12,S_pi,-0.012604950276328132,-0.012604950276333628,-5.495603971894525e-15,1.1442733718381495,1.1442733718381495,0
interval,10_vs_20,740005,12,S_pi_dq,0.02365695666402003,0.0236569566640162,-3.83026943495679e-15,1.1442733718381495,1.1442733718381495,0
interval,10_vs_20,740005,12,R_cdw,2.876798888167561,2.876798888166439,-1.1217693440812582e-12,1.1442733718381495,1.1442733718381495,0
interval,10_vs_20,740005,13,S_pi,0.3556329190085656,0.35563291900846095,-1.04638520070921e-13,0.1627685438345503,0.1627685438345503,0
interval,10_vs_20,740005,13,S_pi_dq,-0.20691923510838972,-0.20691923510840549,-1.5765166949677223e-14,0.1627685438345503,0.1627685438345503,0
interval,10_vs_20,740005,13,R_cdw,1.5818337506135252,1.5818337506137405,2.1538326677728037e-13,0.1627685438345503,0.1627685438345503,0
interval,10_vs_20,740005,14,S_pi,-0.02209324682550683,-0.022093246825509588,-2.7582103268031233e-15,1.3095035305387446,1.3095035305387446,0
interval,10_vs_20,740005,14,S_pi_dq,0.030117597676140057,0.03011759767614663,6.574601973952099e-15,1.3095035305387446,1.3095035305387446,0
interval,10_vs_20,740005,14,R_cdw,2.363203784125068,2.3632037841251954,1.2745360322696797e-13,1.3095035305387446,1.3095035305387446,0
interval,10_vs_20,740005,15,S_pi,0.2108445567761943,0.21084455677620684,1.2545520178264269e-14,0.9796644073593258,0.9796644073593258,0
interval,10_vs_20,740005,15,S_pi_dq,0.07859965150746076,0.07859965150737691,-8.384959393481495e-14,0.9796644073593258,0.9796644073593258,0
interval,10_vs_20,740005,15,R_cdw,0.6272151735418423,0.6272151735422622,4.198863479132342e-13,0.9796644073593258,0.9796644073593258,0
interval,10_vs_20,740005,16,S_pi,0.1730738030863643,0.17307380308633533,-2.8976820942716586e-14,2.3193230762751016,2.3193230762751016,0
interval,10_vs_20,740005,16,S_pi_dq,0.0038577110014729682,0.0038577110014925316,1.9563344000328442e-14,2.3193230762751016,2.3193230762751016,0
interval,10_vs_20,740005,16,R_cdw,0.9777106013002559,0.9777106013001392,-1.1668443988810395e-13,2.3193230762751016,2.3193230762751016,0
interval,10_vs_20,740005,17,S_pi,0.04606734342787261,0.046067343427894585,2.1975476993674192e-14,0.9796644073593258,0.9796644073593258,0
interval,10_vs_20,740005,17,S_pi_dq,0.02934726737525407,0.02934726737506796,-1.8611154284364773e-13,0.9796644073593258,0.9796644073593258,0
interval,10_vs_20,740005,17,R_cdw,0.36294856200677317,0.36294856201111714,4.34396962845085e-12,0.9796644073593258,0.9796644073593258,0
interval,10_vs_20,740005,18,S_pi,0.1297684521999468,0.12976845219994756,7.771561172376096e-16,1.4754484240216774,1.4754484240216774,0
interval,10_vs_20,740005,18,S_pi_dq,-0.02439803216465375,-0.024398032164658818,-5.06886199680423e-15,1.4754484240216774,1.4754484240216774,0
interval,10_vs_20,740005,18,R_cdw,1.1880120456939822,1.1880120456940202,3.7969627442180354e-14,1.4754484240216774,1.4754484240216774,0
interval,10_vs_20,740005,19,S_pi,-0.020712684580645856,-0.020712684580671114,-2.525757381022231e-14,0.4886533037666392,0.4886533037666392,0
interval,10_vs_20,740005,19,S_pi_dq,0.045130581985517365,0.045130581985503244,-1.412064909445121e-14,0.4886533037666392,0.4886533037666392,0
interval,10_vs_20,740005,19,R_cdw,3.1788861704430067,3.178886170439668,-3.3386626796527707e-12,0.4886533037666392,0.4886533037666392,0
interval,5_vs_10,740006,0,S_pi,0.049485122931956525,0.0494851229319326,-2.3925306180672123e-14,0.6519441692793733,0.6519441692793733,0
interval,5_vs_10,740006,0,S_pi_dq,0.3674852662386323,0.3674852662385816,-5.0737192225369654e-14,0.6519441692793733,0.6519441692793733,0
interval,5_vs_10,740006,0,R_cdw,-6.426176686353497,-6.426176686356062,-2.5650592760939617e-12,0.6519441692793733,0.6519441692793733,0
interval,5_vs_10,740006,1,S_pi,nan,nan,nan,0.0,0.0,0
interval,5_vs_10,740006,1,S_pi_dq,nan,nan,nan,0.0,0.0,0
interval,5_vs_10,740006,1,R_cdw,nan,nan,nan,0.0,0.0,0
interval,5_vs_10,740006,2,S_pi,0.06529548906771541,0.0652954890677134,-2.0122792321330962e-15,0.32562394774651304,0.32562394774651304,0
interval,5_vs_10,740006,2,S_pi_dq,0.036465360752224556,0.036465360752223015,-1.5404344466674047e-15,0.32562394774651304,0.32562394774651304,0
interval,5_vs_10,740006,2,R_cdw,0.4415332318836337,0.44153323188364,6.328271240363392e-15,0.32562394774651304,0.32562394774651304,0
interval,5_vs_10,740006,3,S_pi,0.08684124853694294,0.08684124853694242,-5.273559366969494e-16,1.1442733718381495,1.1442733718381495,0
interval,5_vs_10,740006,3,S_pi_dq,0.01678024176202295,0.016780241762022422,-5.273559366969494e-16,1.1442733718381495,1.1442733718381495,0
interval,5_vs_10,740006,3,R_cdw,0.8067710673818271,0.806771067381832,4.884981308350689e-15,1.1442733718381495,1.1442733718381495,0
interval,5_vs_10,740006,4,S_pi,-0.06883993194611826,-0.06883993194611819,6.938893903907228e-17,0.4886533037666392,0.4886533037666392,0
interval,5_vs_10,740006,4,S_pi_dq,0.12073138285279474,0.12073138285279289,-1.8457457784393227e-15,0.4886533037666392,0.4886533037666392,0
interval,5_vs_10,740006,4,R_cdw,2.7537986956072595,2.7537986956072347,-2.4868995751603507e-14,0.4886533037666392,0.4886533037666392,0
interval,5_vs_10,740006,5,S_pi,-0.005533794445013871,-0.005533794445013947,-7.632783294297951e-17,1.4754484240216774,1.4754484240216774,0
interval,5_vs_10,740006,5,S_pi_dq,0.033053650885733685,0.03305365088573191,-1.7763568394002505e-15,1.4754484240216774,1.4754484240216774,0
interval,5_vs_10,740006,5,R_cdw,6.973053609809468,6.973053609809065,-4.0323300254385686e-13,1.4754484240216774,1.4754484240216774,0
interval,5_vs_10,740006,6,S_pi,-0.03973254082463698,-0.03973254082464328,-6.300515664747763e-15,0.32562394774651304,0.32562394774651304,0
interval,5_vs_10,740006,6,S_pi_dq,-0.16376777604490855,-0.16376777600479678,4.011177501261898e-11,0.32562394774651304,0.32562394774651304,0
interval,5_vs_10,740006,6,R_cdw,-3.1217544271259134,-3.1217544261157144,1.0101990355337875e-09,0.32562394774651304,0.32562394774651304,0
interval,5_vs_10,740006,7,S_pi,nan,nan,nan,0.0,0.0,0
interval,5_vs_10,740006,7,S_pi_dq,nan,nan,nan,0.0,0.0,0
interval,5_vs_10,740006,7,R_cdw,nan,nan,nan,0.0,0.0,0
interval,5_vs_10,740006,8,S_pi,0.15827464634073518,0.15827464634073363,-1.5543122344752192e-15,0.32562394774651304,0.32562394774651304,0
interval,5_vs_10,740006,8,S_pi_dq,0.014481114066320412,0.014481114066321752,1.339206523454095e-15,0.32562394774651304,0.32562394774651304,0
interval,5_vs_10,740006,8,R_cdw,0.9085064196880571,0.9085064196880478,-9.325873406851315e-15,0.32562394774651304,0.32562394774651304,0
interval,5_vs_10,740006,9,S_pi,nan,nan,nan,0.0,0.0,0
interval,5_vs_10,740006,9,S_pi_dq,nan,nan,nan,0.0,0.0,0
interval,5_vs_10,740006,9,R_cdw,nan,nan,nan,0.0,0.0,0
interval,5_vs_10,740006,10,S_pi,0.2810943778501365,0.2810943778501406,4.052314039881821e-15,0.8155848033335169,0.8155848033335169,0
interval,5_vs_10,740006,10,S_pi_dq,0.24231581606456976,0.24231581606461877,4.901634653720066e-14,0.8155848033335169,0.8155848033335169,0
interval,5_vs_10,740006,10,R_cdw,0.13795566486299948,0.1379556648628375,-1.6198153929281034e-13,0.8155848033335169,0.8155848033335169,0
interval,5_vs_10,740006,11,S_pi,0.028889838503165028,0.028889838503164355,-6.730727086790012e-16,1.6422035742213936,1.6422035742213936,0
interval,5_vs_10,740006,11,S_pi_dq,0.04262468190387343,0.0426246819038747,1.2698175844150228e-15,1.6422035742213936,1.6422035742213936,0
interval,5_vs_10,740006,11,R_cdw,-0.47542125925015744,-0.4754212592502358,-7.838174553853605e-14,1.6422035742213936,1.6422035742213936,0
interval,5_vs_10,740006,12,S_pi,-0.07402200286826698,-0.07402200286826784,-8.604228440844963e-16,1.8098667720465336,1.8098667720465336,0
interval,5_vs_10,740006,12,S_pi_dq,0.021396707755893904,0.021396707755894178,2.740863092043355e-16,1.8098667720465336,1.8098667720465336,0
interval,5_vs_10,740006,12,R_cdw,1.2890587518142747,1.2890587518142749,2.220446049250313e-16,1.8098667720465336,1.8098667720465336,0
interval,5_vs_10,740006,13,S_pi,0.23112091957889894,0.23112091957889858,-3.608224830031759e-16,0.9796644073593258,0.9796644073593258,0
interval,5_vs_10,740006,13,S_pi_dq,-0.0065719026355978314,-0.006571902635593359,4.472117121068209e-15,0.9796644073593258,0.9796644073593258,0
interval,5_vs_10,740006,13,R_cdw,1.0284349103818546,1.0284349103818353,-1.9317880628477724e-14,0.9796644073593258,0.9796644073593258,0
interval,5_vs_10,740006,14,S_pi,-0.17052994924853265,-0.17052994924852688,5.773159728050814e-15,0.32562394774651304,0.32562394774651304,0
interval,5_vs_10,740006,14,S_pi_dq,0.03457933004160872,0.034579330041616126,7.403799795469013e-15,0.32562394774651304,0.32562394774651304,0
interval,5_vs_10,740006,14,R_cdw,1.2027757012418525,1.2027757012419027,5.0182080713057076e-14,0.32562394774651304,0.32562394774651304,0
interval,5_vs_10,740006,15,S_pi,0.0902005723781664,0.09020057237816513,-1.2628786905111156e-15,0.8155848033335169,0.8155848033335169,0
interval,5_vs_10,740006,15,S_pi_dq,0.058274937771511034,0.058274937771510785,-2.498001805406602e-16,0.8155848033335169,0.8155848033335169,0
interval,5_vs_10,740006,15,R_cdw,0.35394048801383393,0.3539404880138276,-6.328271240363392e-15,0.8155848033335169,0.8155848033335169,0
interval,5_vs_10,740006,16,S_pi,nan,nan,nan,0.0,0.0,0
interval,5_vs_10,740006,16,S_pi_dq,nan,nan,nan,0.0,0.0,0
interval,5_vs_10,740006,16,R_cdw,nan,nan,nan,0.0,0.0,0
interval,5_vs_10,740006,17,S_pi,0.07049059089788351,0.07049059089788325,-2.636779683484747e-16,2.4916527312876755,2.4916527312876755,0
interval,5_vs_10,740006,17,S_pi_dq,0.006782699748521918,0.0067826997485227,7.8236028766554e-16,2.4916527312876755,2.4916527312876755,0
interval,5_vs_10,740006,17,R_cdw,0.9037786509926168,0.9037786509926053,-1.1435297153639112e-14,2.4916527312876755,2.4916527312876755,0
interval,5_vs_10,740006,18,S_pi,0.08607182540617454,0.08607182540617532,7.771561172376096e-16,1.1442733718381495,1.1442733718381495,0
interval,5_vs_10,740006,18,S_pi_dq,0.014268064337847386,0.014268064337848984,1.5976803213746393e-15,1.1442733718381495,1.1442733718381495,0
interval,5_vs_10,740006,18,R_cdw,0.8342307221844532,0.8342307221844362,-1.6986412276764895e-14,1.1442733718381495,1.1442733718381495,0
interval,5_vs_10,740006,19,S_pi,0.0941217140656774,0.0941217140656561,-2.130240428499519e-14,1.1442733718381495,1.1442733718381495,0
interval,5_vs_10,740006,19,S_pi_dq,0.1639077064747448,0.1639077064747613,1.6486811915683575e-14,1.1442733718381495,1.1442733718381495,0
interval,5_vs_10,740006,19,R_cdw,-0.741444130101278,-0.7414441301018473,-5.693223670277803e-13,1.1442733718381495,1.1442733718381495,0
interval,5_vs_20,740006,0,S_pi,0.049485122931956525,0.04948512293162474,-3.317832120153241e-13,0.6519441692793733,0.6519441692793733,0
interval,5_vs_20,740006,0,S_pi_dq,0.3674852662386323,0.36748526623914135,5.090372567906343e-13,0.6519441692793733,0.6519441692793733,0
interval,5_vs_20,740006,0,R_cdw,-6.426176686353497,-6.426176686413573,-6.007638830851647e-11,0.6519441692793733,0.6519441692793733,0
interval,5_vs_20,740006,1,S_pi,nan,nan,nan,0.0,0.0,0
interval,5_vs_20,740006,1,S_pi_dq,nan,nan,nan,0.0,0.0,0
interval,5_vs_20,740006,1,R_cdw,nan,nan,nan,0.0,0.0,0
interval,5_vs_20,740006,2,S_pi,0.06529548906771541,0.06529548906769002,-2.5396351688300456e-14,0.32562394774651304,0.32562394774651304,0
interval,5_vs_20,740006,2,S_pi_dq,0.036465360752224556,0.03646536075221308,-1.1476930517062556e-14,0.32562394774651304,0.32562394774651304,0
interval,5_vs_20,740006,2,R_cdw,0.4415332318836337,0.4415332318835923,-4.141131881851834e-14,0.32562394774651304,0.32562394774651304,0
interval,5_vs_20,740006,3,S_pi,0.08684124853694294,0.08684124853695331,1.0366707492437399e-14,1.1442733718381495,1.1442733718381495,0
interval,5_vs_20,740006,3,S_pi_dq,0.01678024176202295,0.01678024176202477,1.8214596497756474e-15,1.1442733718381495,1.1442733718381495,0
interval,5_vs_20,740006,3,R_cdw,0.8067710673818271,0.8067710673818292,2.1094237467877974e-15,1.1442733718381495,1.1442733718381495,0
interval,5_vs_20,740006,4,S_pi,-0.06883993194611826,-0.06883993194612922,-1.0963452368173421e-14,0.4886533037666392,0.4886533037666392,0
interval,5_vs_20,740006,4,S_pi_dq,0.12073138285279474,0.12073138285280831,1.3572476476042539e-14,0.4886533037666392,0.4886533037666392,0
interval,5_vs_20,740006,4,R_cdw,2.7537986956072595,2.753798695607178,-8.171241461241152e-14,0.4886533037666392,0.4886533037666392,0
interval,5_vs_20,740006,5,S_pi,-0.005533794445013871,-0.005533794445015608,-1.7373255611907723e-15,1.4754484240216774,1.4754484240216774,0
interval,5_vs_20,740006,5,S_pi_dq,0.033053650885733685,0.03305365088572744,-6.2450045135165055e-15,1.4754484240216774,1.4754484240216774,0
interval,5_vs_20,740006,5,R_cdw,6.973053609809468,6.973053609806464,-3.0038194154258235e-12,1.4754484240216774,1.4754484240216774,0
interval,5_vs_20,740006,6,S_pi,-0.03973254082463698,-0.03973254082460078,3.620020949668401e-14,0.32562394774651304,0.32562394774651304,0
interval,5_vs_20,740006,6,S_pi_dq,-0.16376777604490855,-0.1637677760241657,2.0742851880584112e-11,0.32562394774651304,0.32562394774651304,0
interval,5_vs_20,740006,6,R_cdw,-3.1217544271259134,-3.1217544266076063,5.183071749570445e-10,0.32562394774651304,0.32562394774651304,0
interval,5_vs_20,740006,7,S_pi,nan,nan,nan,0.0,0.0,0
interval,5_vs_20,740006,7,S_pi_dq,nan,nan,nan,0.0,0.0,0
interval,5_vs_20,740006,7,R_cdw,nan,nan,nan,0.0,0.0,0
interval,5_vs_20,740006,8,S_pi,0.15827464634073518,0.15827464634071647,-1.8707257964933888e-14,0.32562394774651304,0.32562394774651304,0
interval,5_vs_20,740006,8,S_pi_dq,0.014481114066320412,0.014481114066029378,-2.9103455756462893e-13,0.32562394774651304,0.32562394774651304,0
interval,5_vs_20,740006,8,R_cdw,0.9085064196880571,0.9085064196898851,1.8279822100453202e-12,0.32562394774651304,0.32562394774651304,0
interval,5_vs_20,740006,9,S_pi,nan,nan,nan,0.0,0.0,0
interval,5_vs_20,740006,9,S_pi_dq,nan,nan,nan,0.0,0.0,0
interval,5_vs_20,740006,9,R_cdw,nan,nan,nan,0.0,0.0,0
interval,5_vs_20,740006,10,S_pi,0.2810943778501365,0.2810943778501508,1.426636586643326e-14,0.8155848033335169,0.8155848033335169,0
interval,5_vs_20,740006,10,S_pi_dq,0.24231581606456976,0.24231581606427458,-2.951805466722135e-13,0.8155848033335169,0.8155848033335169,0
interval,5_vs_20,740006,10,R_cdw,0.13795566486299948,0.13795566486409327,1.0937917238607042e-12,0.8155848033335169,0.8155848033335169,0
interval,5_vs_20,740006,11,S_pi,0.028889838503165028,0.02888983850315772,-7.306655280814311e-15,1.6422035742213936,1.6422035742213936,0
interval,5_vs_20,740006,11,S_pi_dq,0.04262468190387343,0.042624681903875236,1.8041124150158794e-15,1.6422035742213936,1.6422035742213936,0
interval,5_vs_20,740006,11,R_cdw,-0.47542125925015744,-0.4754212592505931,-4.3565151486291143e-13,1.6422035742213936,1.6422035742213936,0
interval,5_vs_20,740006,12,S_pi,-0.07402200286826698,-0.07402200286826642,5.551115123125783e-16,1.8098667720465336,1.8098667720465336,0
interval,5_vs_20,740006,12,S_pi_dq,0.021396707755893904,0.021396707755887437,-6.467049118441537e-15,1.8098667720465336,1.8098667720465336,0
interval,5_vs_20,740006,12,R_cdw,1.2890587518142747,1.2890587518141894,-8.526512829121202e-14,1.8098667720465336,1.8098667720465336,0
interval,5_vs_20,740006,13,S_pi,0.23112091957889894,0.23112091957879646,-1.0247358517290195e-13,0.9796644073593258,0.9796644073593258,0
interval,5_vs_20,740006,13,S_pi_dq,-0.0065719026355978314,-0.006571902635522326,7.55055740153665e-14,0.9796644073593258,0.9796644073593258,0
interval,5_vs_20,740006,13,R_cdw,1.0284349103818546,1.0284349103815407,-3.1397107136399427e-13,0.9796644073593258,0.9796644073593258,0
interval,5_vs_20,740006,14,S_pi,-0.17052994924853265,-0.17052994924852619,6.467049118441537e-15,0.32562394774651304,0.32562394774651304,0
interval,5_vs_20,740006,14,S_pi_dq,0.03457933004160872,0.034579330041645456,3.673450432728487e-14,0.32562394774651304,0.32562394774651304,0
interval,5_vs_20,740006,14,R_cdw,1.2027757012418525,1.2027757012420757,2.2315482794965646e-13,0.32562394774651304,0.32562394774651304,0
interval,5_vs_20,740006,15,S_pi,0.0902005723781664,0.09020057237816896,2.5673907444456745e-15,0.8155848033335169,0.8155848033335169,0
interval,5_vs_20,740006,15,S_pi_dq,0.058274937771511034,0.05827493777150187,-9.166278847061449e-15,0.8155848033335169,0.8155848033335169,0
interval,5_vs_20,740006,15,R_cdw,0.35394048801383393,0.35394048801395395,1.2001510896197942e-13,0.8155848033335169,0.8155848033335169,0
interval,5_vs_20,740006,16,S_pi,nan,nan,nan,0.0,0.0,0
interval,5_vs_20,740006,16,S_pi_dq,nan,nan,nan,0.0,0.0,0
interval,5_vs_20,740006,16,R_cdw,nan,nan,nan,0.0,0.0,0
interval,5_vs_20,740006,17,S_pi,0.07049059089788351,0.07049059089787982,-3.6914915568786455e-15,2.4916527312876755,2.4916527312876755,0
interval,5_vs_20,740006,17,S_pi_dq,0.006782699748521918,0.006782699748526213,4.295175326518574e-15,2.4916527312876755,2.4916527312876755,0
interval,5_vs_20,740006,17,R_cdw,0.9037786509926168,0.9037786509925508,-6.59472476627343e-14,2.4916527312876755,2.4916527312876755,0
interval,5_vs_20,740006,18,S_pi,0.08607182540617454,0.08607182540616856,-5.981326545168031e-15,1.1442733718381495,1.1442733718381495,0
interval,5_vs_20,740006,18,S_pi_dq,0.014268064337847386,0.014268064337880453,3.3067298899069897e-14,1.1442733718381495,1.1442733718381495,0
interval,5_vs_20,740006,18,R_cdw,0.8342307221844532,0.8342307221840575,-3.956834859764058e-13,1.1442733718381495,1.1442733718381495,0
interval,5_vs_20,740006,19,S_pi,0.0941217140656774,0.09412171406572174,4.433953204596719e-14,1.1442733718381495,1.1442733718381495,0
interval,5_vs_20,740006,19,S_pi_dq,0.1639077064747448,0.16390770647468772,-5.709321904134868e-14,1.1442733718381495,1.1442733718381495,0
interval,5_vs_20,740006,19,R_cdw,-0.741444130101278,-0.7414441300998511,1.4268586312482512e-12,1.1442733718381495,1.1442733718381495,0
interval,10_vs_20,740006,0,S_pi,0.0494851229319326,0.04948512293162474,-3.07857905834652e-13,0.6519441692793733,0.6519441692793733,0
interval,10_vs_20,740006,0,S_pi_dq,0.3674852662385816,0.36748526623914135,5.597744490160039e-13,0.6519441692793733,0.6519441692793733,0
interval,10_vs_20,740006,0,R_cdw,-6.426176686356062,-6.426176686413573,-5.751132903242251e-11,0.6519441692793733,0.6519441692793733,0
interval,10_vs_20,740006,1,S_pi,nan,nan,nan,0.0,0.0,0
interval,10_vs_20,740006,1,S_pi_dq,nan,nan,nan,0.0,0.0,0
interval,10_vs_20,740006,1,R_cdw,nan,nan,nan,0.0,0.0,0
interval,10_vs_20,740006,2,S_pi,0.0652954890677134,0.06529548906769002,-2.338407245616736e-14,0.32562394774651304,0.32562394774651304,0
interval,10_vs_20,740006,2,S_pi_dq,0.036465360752223015,0.03646536075221308,-9.936496070395151e-15,0.32562394774651304,0.32562394774651304,0
interval,10_vs_20,740006,2,R_cdw,0.44153323188364,0.4415332318835923,-4.773959005888173e-14,0.32562394774651304,0.32562394774651304,0
interval,10_vs_20,740006,3,S_pi,0.08684124853694242,0.08684124853695331,1.0894063429134349e-14,1.1442733718381495,1.1442733718381495,0
interval,10_vs_20,740006,3,S_pi_dq,0.016780241762022422,0.01678024176202477,2.348815586472597e-15,1.1442733718381495,1.1442733718381495,0
interval,10_vs_20,740006,3,R_cdw,0.806771067381832,0.8067710673818292,-2.7755575615628914e-15,1.1442733718381495,1.1442733718381495,0
interval,10_vs_20,740006,4,S_pi,-0.06883993194611819,-0.06883993194612922,-1.1032841307212493e-14,0.4886533037666392,0.4886533037666392,0
interval,10_vs_20,740006,4,S_pi_dq,0.12073138285279289,0.12073138285280831,1.541822225448186e-14,0.4886533037666392,0.4886533037666392,0
interval,10_vs_20,740006,4,R_cdw,2.7537986956072347,2.753798695607178,-5.684341886080802e-14,0.4886533037666392,0.4886533037666392,0
interval,10_vs_20,740006,5,S_pi,-0.005533794445013947,-0.005533794445015608,-1.6609977282477928e-15,1.4754484240216774,1.4754484240216774,0
interval,10_vs_20,740006,5,S_pi_dq,0.03305365088573191,0.03305365088572744,-4.468647674116255e-15,1.4754484240216774,1.4754484240216774,0
interval,10_vs_20,740006,5,R_cdw,6.973053609809065,6.973053609806464,-2.6005864128819667e-12,1.4754484240216774,1.4754484240216774,0
interval,10_vs_20,740006,6,S_pi,-0.03973254082464328,-0.03973254082460078,4.2500725161431774e-14,0.32562394774651304,0.32562394774651304,0
interval,10_vs_20,740006,6,S_pi_dq,-0.16376777600479678,-0.1637677760241657,-1.9368923132034865e-11,0.32562394774651304,0.32562394774651304,0
interval,10_vs_20,740006,6,R_cdw,-3.1217544261157144,-3.1217544266076063,-4.918918605767431e-10,0.32562394774651304,0.32562394774651304,0
interval,10_vs_20,740006,7,S_pi,nan,nan,nan,0.0,0.0,0
interval,10_vs_20,740006,7,S_pi_dq,nan,nan,nan,0.0,0.0,0
interval,10_vs_20,740006,7,R_cdw,nan,nan,nan,0.0,0.0,0
interval,10_vs_20,740006,8,S_pi,0.15827464634073363,0.15827464634071647,-1.715294573045867e-14,0.32562394774651304,0.32562394774651304,0
interval,10_vs_20,740006,8,S_pi_dq,0.014481114066321752,0.014481114066029378,-2.92373764088083e-13,0.32562394774651304,0.32562394774651304,0
interval,10_vs_20,740006,8,R_cdw,0.9085064196880478,0.9085064196898851,1.8373080834521716e-12,0.32562394774651304,0.32562394774651304,0
interval,10_vs_20,740006,9,S_pi,nan,nan,nan,0.0,0.0,0
interval,10_vs_20,740006,9,S_pi_dq,nan,nan,nan,0.0,0.0,0
interval,10_vs_20,740006,9,R_cdw,nan,nan,nan,0.0,0.0,0
interval,10_vs_20,740006,10,S_pi,0.2810943778501406,0.2810943778501508,1.021405182655144e-14,0.8155848033335169,0.8155848033335169,0
interval,10_vs_20,740006,10,S_pi_dq,0.24231581606461877,0.24231581606427458,-3.4419689320941416e-13,0.8155848033335169,0.8155848033335169,0
interval,10_vs_20,740006,10,R_cdw,0.1379556648628375,0.13795566486409327,1.2557732631535146e-12,0.8155848033335169,0.8155848033335169,0
interval,10_vs_20,740006,11,S_pi,0.028889838503164355,0.02888983850315772,-6.63358257213531e-15,1.6422035742213936,1.6422035742213936,0
interval,10_vs_20,740006,11,S_pi_dq,0.0426246819038747,0.042624681903875236,5.342948306008566e-16,1.6422035742213936,1.6422035742213936,0
interval,10_vs_20,740006,11,R_cdw,-0.4754212592502358,-0.4754212592505931,-3.5726976932437537e-13,1.6422035742213936,1.6422035742213936,0
interval,10_vs_20,740006,12,S_pi,-0.07402200286826784,-0.07402200286826642,1.4155343563970746e-15,1.8098667720465336,1.8098667720465336,0
interval,10_vs_20,740006,12,S_pi_dq,0.021396707755894178,0.021396707755887437,-6.741135427645872e-15,1.8098667720465336,1.8098667720465336,0
interval,10_vs_20,740006,12,R_cdw,1.2890587518142749,1.2890587518141894,-8.548717289613705e-14,1.8098667720465336,1.8098667720465336,0
interval,10_vs_20,740006,13,S_pi,0.23112091957889858,0.23112091957879646,-1.0211276268989877e-13,0.9796644073593258,0.9796644073593258,0
interval,10_vs_20,740006,13,S_pi_dq,-0.006571902635593359,-0.006571902635522326,7.10334568942983e-14,0.9796644073593258,0.9796644073593258,0
interval,10_vs_20,740006,13,R_cdw,1.0284349103818353,1.0284349103815407,-2.9465319073551655e-13,0.9796644073593258,0.9796644073593258,0
interval,10_vs_20,740006,14,S_pi,-0.17052994924852688,-0.17052994924852619,6.938893903907228e-16,0.32562394774651304,0.32562394774651304,0
interval,10_vs_20,740006,14,S_pi_dq,0.034579330041616126,0.034579330041645456,2.9330704531815854e-14,0.32562394774651304,0.32562394774651304,0
interval,10_vs_20,740006,14,R_cdw,1.2027757012419027,1.2027757012420757,1.729727472365994e-13,0.32562394774651304,0.32562394774651304,0
interval,10_vs_20,740006,15,S_pi,0.09020057237816513,0.09020057237816896,3.83026943495679e-15,0.8155848033335169,0.8155848033335169,0
interval,10_vs_20,740006,15,S_pi_dq,0.058274937771510785,0.05827493777150187,-8.916478666520788e-15,0.8155848033335169,0.8155848033335169,0
interval,10_vs_20,740006,15,R_cdw,0.3539404880138276,0.35394048801395395,1.2634338020234281e-13,0.8155848033335169,0.8155848033335169,0
interval,10_vs_20,740006,16,S_pi,nan,nan,nan,0.0,0.0,0
interval,10_vs_20,740006,16,S_pi_dq,nan,nan,nan,0.0,0.0,0
interval,10_vs_20,740006,16,R_cdw,nan,nan,nan,0.0,0.0,0
interval,10_vs_20,740006,17,S_pi,0.07049059089788325,0.07049059089787982,-3.427813588530171e-15,2.4916527312876755,2.4916527312876755,0
interval,10_vs_20,740006,17,S_pi_dq,0.0067826997485227,0.006782699748526213,3.5128150388530344e-15,2.4916527312876755,2.4916527312876755,0
interval,10_vs_20,740006,17,R_cdw,0.9037786509926053,0.9037786509925508,-5.4511950509095186e-14,2.4916527312876755,2.4916527312876755,0
interval,10_vs_20,740006,18,S_pi,0.08607182540617532,0.08607182540616856,-6.7584826624056404e-15,1.1442733718381495,1.1442733718381495,0
interval,10_vs_20,740006,18,S_pi_dq,0.014268064337848984,0.014268064337880453,3.146961857769526e-14,1.1442733718381495,1.1442733718381495,0
interval,10_vs_20,740006,18,R_cdw,0.8342307221844362,0.8342307221840575,-3.786970736996409e-13,1.1442733718381495,1.1442733718381495,0
interval,10_vs_20,740006,19,S_pi,0.0941217140656561,0.09412171406572174,6.564193633096238e-14,1.1442733718381495,1.1442733718381495,0
interval,10_vs_20,740006,19,S_pi_dq,0.1639077064747613,0.16390770647468772,-7.358003095703225e-14,1.1442733718381495,1.1442733718381495,0
interval,10_vs_20,740006,19,R_cdw,-0.7414441301018473,-0.7414441300998511,1.9961809982760315e-12,1.1442733718381495,1.1442733718381495,0
guard,V4_off_vs_on,740007,0,S_pi,-0.10421299503790847,-0.10421299503790847,0.0,1.1442733718381495,1.1442733718381495,0
guard,V4_off_vs_on,740007,0,S_pi_dq,0.12218089916103406,0.12218089916103406,0.0,1.1442733718381495,1.1442733718381495,0
guard,V4_off_vs_on,740007,0,R_cdw,2.1724151975153347,2.1724151975153347,0.0,1.1442733718381495,1.1442733718381495,0
guard,V4_off_vs_on,740007,1,S_pi,0.15300852748769425,0.15300852748769425,0.0,2.840757389979939,2.840757389979939,0
guard,V4_off_vs_on,740007,1,S_pi_dq,0.006756463319082727,0.006756463319082727,0.0,2.840757389979939,2.840757389979939,0
guard,V4_off_vs_on,740007,1,R_cdw,0.9558425701493918,0.9558425701493918,0.0,2.840757389979939,2.840757389979939,0
guard,V4_off_vs_on,740007,2,S_pi,0.5979954077267978,0.5979954077267978,0.0,0.9796644073593258,0.9796644073593258,0
guard,V4_off_vs_on,740007,2,S_pi_dq,-0.11585460361166304,-0.11585460361166304,0.0,0.9796644073593258,0.9796644073593258,0
guard,V4_off_vs_on,740007,2,R_cdw,1.1937382831284096,1.1937382831284096,0.0,0.9796644073593258,0.9796644073593258,0
guard,V4_off_vs_on,740007,3,S_pi,0.6468289363134079,0.6468289363134079,0.0,0.1627685438345503,0.1627685438345503,0
guard,V4_off_vs_on,740007,3,S_pi_dq,0.23103340369184294,0.23103340369184294,0.0,0.1627685438345503,0.1627685438345503,0
guard,V4_off_vs_on,740007,3,R_cdw,0.6428214776404184,0.6428214776404184,0.0,0.1627685438345503,0.1627685438345503,0
guard,V4_off_vs_on,740007,4,S_pi,0.3970634208991584,0.3970634208991584,0.0,1.9785383800954366,1.9785383800954366,0
guard,V4_off_vs_on,740007,4,S_pi_dq,-0.07683009758650293,-0.07683009758650293,0.0,1.9785383800954366,1.9785383800954366,0
guard,V4_off_vs_on,740007,4,R_cdw,1.1934957831484945,1.1934957831484945,0.0,1.9785383800954366,1.9785383800954366,0
guard,V4_off_vs_on,740007,5,S_pi,0.01989882816417567,0.01989882816417567,0.0,2.4916527312876755,2.4916527312876755,0
guard,V4_off_vs_on,740007,5,S_pi_dq,0.07653079024466472,0.07653079024466472,0.0,2.4916527312876755,2.4916527312876755,0
guard,V4_off_vs_on,740007,5,R_cdw,-2.845994830109891,-2.845994830109891,0.0,2.4916527312876755,2.4916527312876755,0
guard,V4_off_vs_on,740007,6,S_pi,0.06023633747539329,0.06023633747539329,0.0,2.4916527312876755,2.4916527312876755,0
guard,V4_off_vs_on,740007,6,S_pi_dq,0.05603163916963154,0.05603163916963154,0.0,2.4916527312876755,2.4916527312876755,0
guard,V4_off_vs_on,740007,6,R_cdw,0.06980335262713111,0.06980335262713111,0.0,2.4916527312876755,2.4916527312876755,0
guard,V4_off_vs_on,740007,7,S_pi,0.6984847634171594,0.6984847634171594,0.0,0.6519441692793733,0.6519441692793733,0
guard,V4_off_vs_on,740007,7,S_pi_dq,-0.2421818982328817,-0.2421818982328817,0.0,0.6519441692793733,0.6519441692793733,0
guard,V4_off_vs_on,740007,7,R_cdw,1.3467246687645242,1.3467246687645242,0.0,0.6519441692793733,0.6519441692793733,0
guard,V4_off_vs_on,740007,8,S_pi,-0.18111491952087141,-0.18111491952087141,0.0,0.4886533037666392,0.4886533037666392,0
guard,V4_off_vs_on,740007,8,S_pi_dq,0.0061189395306052415,0.0061189395306052415,0.0,0.4886533037666392,0.4886533037666392,0
guard,V4_off_vs_on,740007,8,R_cdw,1.0337848452617406,1.0337848452617406,0.0,0.4886533037666392,0.4886533037666392,0
guard,V4_off_vs_on,740007,9,S_pi,0.1560882308142406,0.1560882308142406,0.0,1.9785383800954366,1.9785383800954366,0
guard,V4_off_vs_on,740007,9,S_pi_dq,-0.015279452480782885,-0.015279452480782885,0.0,1.9785383800954366,1.9785383800954366,0
guard,V4_off_vs_on,740007,9,R_cdw,1.0978898434627453,1.0978898434627453,0.0,1.9785383800954366,1.9785383800954366,0
guard,V4_off_vs_on,740007,10,S_pi,0.2035210292452768,0.2035210292452768,0.0,1.9785383800954366,1.9785383800954366,0
guard,V4_off_vs_on,740007,10,S_pi_dq,0.042993442706000674,0.042993442706000674,0.0,1.9785383800954366,1.9785383800954366,0
guard,V4_off_vs_on,740007,10,R_cdw,0.788751841195799,0.788751841195799,0.0,1.9785383800954366,1.9785383800954366,0
guard,V4_off_vs_on,740007,11,S_pi,0.24286479489113438,0.24286479489113438,0.0,2.6654246812857756,2.6654246812857756,0
guard,V4_off_vs_on,740007,11,S_pi_dq,-0.02358331900853226,-0.02358331900853226,0.0,2.6654246812857756,2.6654246812857756,0
guard,V4_off_vs_on,740007,11,R_cdw,1.0971047245406795,1.0971047245406795,0.0,2.6654246812857756,2.6654246812857756,0
guard,V4_off_vs_on,740007,12,S_pi,0.0325159478635446,0.0325159478635446,0.0,3.5602453879223304,3.5602453879223304,1
guard,V4_off_vs_on,740007,12,S_pi_dq,0.03437833546020665,0.03437833546020665,0.0,3.5602453879223304,3.5602453879223304,1
guard,V4_off_vs_on,740007,12,R_cdw,-0.05727612814726135,-0.05727612814726135,0.0,3.5602453879223304,3.5602453879223304,1
guard,V4_off_vs_on,740007,13,S_pi,0.0996164557996134,0.0996164557996134,0.0,1.3095035305387446,1.3095035305387446,0
guard,V4_off_vs_on,740007,13,S_pi_dq,0.06524286563133472,0.06524286563133472,0.0,1.3095035305387446,1.3095035305387446,0
guard,V4_off_vs_on,740007,13,R_cdw,0.34505935683381417,0.34505935683381417,0.0,1.3095035305387446,1.3095035305387446,0
guard,V4_off_vs_on,740007,14,S_pi,0.30722362967885675,0.30722362967885675,0.0,1.6422035742213936,1.6422035742213936,0
guard,V4_off_vs_on,740007,14,S_pi_dq,-0.0010517087991173608,-0.0010517087991173608,0.0,1.6422035742213936,1.6422035742213936,0
guard,V4_off_vs_on,740007,14,R_cdw,1.003423267930975,1.003423267930975,0.0,1.6422035742213936,1.6422035742213936,0
guard,V4_off_vs_on,740007,15,S_pi,0.3011374015372589,0.3011374015372589,0.0,2.840757389979939,2.840757389979939,0
guard,V4_off_vs_on,740007,15,S_pi_dq,-0.08314538769709201,-0.08314538769709201,0.0,2.840757389979939,2.840757389979939,0
guard,V4_off_vs_on,740007,15,R_cdw,1.2761044867646727,1.2761044867646727,0.0,2.840757389979939,2.840757389979939,0
guard,V4_off_vs_on,740007,16,S_pi,-0.22304135378436107,-0.22304135378436107,0.0,0.6519441692793733,0.6519441692793733,0
guard,V4_off_vs_on,740007,16,S_pi_dq,0.09145000952232611,0.09145000952232611,0.0,0.6519441692793733,0.6519441692793733,0
guard,V4_off_vs_on,740007,16,R_cdw,1.410013694638623,1.410013694638623,0.0,0.6519441692793733,0.6519441692793733,0
guard,V4_off_vs_on,740007,17,S_pi,-0.6014834166339779,-0.6014834166339779,0.0,0.4886533037666392,0.4886533037666392,0
guard,V4_off_vs_on,740007,17,S_pi_dq,0.36185789400526996,0.36185789400526996,0.0,0.4886533037666392,0.4886533037666392,0
guard,V4_off_vs_on,740007,17,R_cdw,1.6016090951107174,1.6016090951107174,0.0,0.4886533037666392,0.4886533037666392,0
guard,V4_off_vs_on,740007,18,S_pi,0.07110472981209119,0.07110472981209119,0.0,2.4916527312876755,2.4916527312876755,0
guard,V4_off_vs_on,740007,18,S_pi_dq,0.04373557364600501,0.04373557364600501,0.0,2.4916527312876755,2.4916527312876755,0
guard,V4_off_vs_on,740007,18,R_cdw,0.38491329955707276,0.38491329955707276,0.0,2.4916527312876755,2.4916527312876755,0
guard,V4_off_vs_on,740007,19,S_pi,0.21233748771155664,0.21233748771155664,0.0,1.6422035742213936,1.6422035742213936,0
guard,V4_off_vs_on,740007,19,S_pi_dq,-0.027111161980354008,-0.027111161980354008,0.0,1.6422035742213936,1.6422035742213936,0
guard,V4_off_vs_on,740007,19,R_cdw,1.127679583443044,1.127679583443044,0.0,1.6422035742213936,1.6422035742213936,0
guard,V4_off_vs_on,740008,0,S_pi,0.11065993532099644,0.11065993532099644,0.0,1.9785383800954366,1.9785383800954366,0
guard,V4_off_vs_on,740008,0,S_pi_dq,0.15212200868534606,0.15212200868534606,0.0,1.9785383800954366,1.9785383800954366,0
guard,V4_off_vs_on,740008,0,R_cdw,-0.37468007950735416,-0.37468007950735416,0.0,1.9785383800954366,1.9785383800954366,0
guard,V4_off_vs_on,740008,1,S_pi,0.11614688123410766,0.11614688123410766,0.0,1.1442733718381495,1.1442733718381495,0
guard,V4_off_vs_on,740008,1,S_pi_dq,-0.00563332386656924,-0.00563332386656924,0.0,1.1442733718381495,1.1442733718381495,0
guard,V4_off_vs_on,740008,1,R_cdw,1.0485017230485476,1.0485017230485476,0.0,1.1442733718381495,1.1442733718381495,0
guard,V4_off_vs_on,740008,2,S_pi,1.0640424258455867,1.0640424258455867,0.0,0.9796644073593258,0.9796644073593258,0
guard,V4_off_vs_on,740008,2,S_pi_dq,-0.27253076926223324,-0.27253076926223324,0.0,0.9796644073593258,0.9796644073593258,0
guard,V4_off_vs_on,740008,2,R_cdw,1.2561277282206629,1.2561277282206629,0.0,0.9796644073593258,0.9796644073593258,0
guard,V4_off_vs_on,740008,3,S_pi,0.10076346400132127,0.10076346400132127,0.0,4.315669125408017,4.315669125408017,1
guard,V4_off_vs_on,740008,3,S_pi_dq,0.023982313442567335,0.023982313442567335,0.0,4.315669125408017,4.315669125408017,1
guard,V4_off_vs_on,740008,3,R_cdw,0.7619939560409231,0.7619939560409231,0.0,4.315669125408017,4.315669125408017,1
guard,V4_off_vs_on,740008,4,S_pi,-0.6506794469942362,-0.6506794469942362,0.0,0.4886533037666392,0.4886533037666392,0
guard,V4_off_vs_on,740008,4,S_pi_dq,0.30291947670085356,0.30291947670085356,0.0,0.4886533037666392,0.4886533037666392,0
guard,V4_off_vs_on,740008,4,R_cdw,1.4655433302837009,1.4655433302837009,0.0,0.4886533037666392,0.4886533037666392,0
guard,V4_off_vs_on,740008,5,S_pi,0.4741994039253185,0.4741994039253185,0.0,1.8098667720465336,1.8098667720465336,0
guard,V4_off_vs_on,740008,5,S_pi_dq,-0.10752518791612448,-0.10752518791612448,0.0,1.8098667720465336,1.8098667720465336,0
guard,V4_off_vs_on,740008,5,R_cdw,1.2267509976310695,1.2267509976310695,0.0,1.8098667720465336,1.8098667720465336,0
guard,V4_off_vs_on,740008,6,S_pi,0.20174264672585107,0.20174264672585107,0.0,1.9785383800954366,1.9785383800954366,0
guard,V4_off_vs_on,740008,6,S_pi_dq,0.04031905502153153,0.04031905502153153,0.0,1.9785383800954366,1.9785383800954366,0
guard,V4_off_vs_on,740008,6,R_cdw,0.8001460986267258,0.8001460986267258,0.0,1.9785383800954366,1.9785383800954366,0
guard,V4_off_vs_on,740008,7,S_pi,0.18898242195524861,0.18898242195524861,0.0,1.8098667720465336,1.8098667720465336,0
guard,V4_off_vs_on,740008,7,S_pi_dq,-0.0030342167319780343,-0.0030342167319780343,0.0,1.8098667720465336,1.8098667720465336,0
guard,V4_off_vs_on,740008,7,R_cdw,1.0160555500378576,1.0160555500378576,0.0,1.8098667720465336,1.8098667720465336,0
guard,V4_off_vs_on,740008,8,S_pi,0.07822266383988839,0.07822266383988839,0.0,0.8155848033335169,0.8155848033335169,0
guard,V4_off_vs_on,740008,8,S_pi_dq,0.005225713695430653,0.005225713695430653,0.0,0.8155848033335169,0.8155848033335169,0
guard,V4_off_vs_on,740008,8,R_cdw,0.9331943782159221,0.9331943782159221,0.0,0.8155848033335169,0.8155848033335169,0
guard,V4_off_vs_on,740008,9,S_pi,0.2453455316012661,0.2453455316012661,0.0,1.4754484240216774,1.4754484240216774,0
guard,V4_off_vs_on,740008,9,S_pi_dq,-0.006949097857481997,-0.006949097857481997,0.0,1.4754484240216774,1.4754484240216774,0
guard,V4_off_vs_on,740008,9,R_cdw,1.028323718847163,1.028323718847163,0.0,1.4754484240216774,1.4754484240216774,0
guard,V4_off_vs_on,740008,10,S_pi,0.09746985190017605,0.09746985190017605,0.0,2.148321652768427,2.148321652768427,0
guard,V4_off_vs_on,740008,10,S_pi_dq,0.05471742406382027,0.05471742406382027,0.0,2.148321652768427,2.148321652768427,0
guard,V4_off_vs_on,740008,10,R_cdw,0.43862206623788424,0.43862206623788424,0.0,2.148321652768427,2.148321652768427,0
guard,V4_off_vs_on,740008,11,S_pi,0.04633474598027349,0.04633474598027349,0.0,1.4754484240216774,1.4754484240216774,0
guard,V4_off_vs_on,740008,11,S_pi_dq,0.06391360195264292,0.06391360195264292,0.0,1.4754484240216774,1.4754484240216774,0
guard,V4_off_vs_on,740008,11,R_cdw,-0.3793882021033079,-0.3793882021033079,0.0,1.4754484240216774,1.4754484240216774,0
guard,V4_off_vs_on,740008,12,S_pi,-0.09990126367534292,-0.09990126367534292,0.0,0.4886533037666392,0.4886533037666392,0
guard,V4_off_vs_on,740008,12,S_pi_dq,0.13247124102223143,0.13247124102223143,0.0,0.4886533037666392,0.4886533037666392,0
guard,V4_off_vs_on,740008,12,R_cdw,2.3260216752886507,2.3260216752886507,0.0,0.4886533037666392,0.4886533037666392,0
guard,V4_off_vs_on,740008,13,S_pi,0.09606703146299184,0.09606703146299184,0.0,1.8098667720465336,1.8098667720465336,0
guard,V4_off_vs_on,740008,13,S_pi_dq,0.02034397779804472,0.02034397779804472,0.0,1.8098667720465336,1.8098667720465336,0
guard,V4_off_vs_on,740008,13,R_cdw,0.7882314308225306,0.7882314308225306,0.0,1.8098667720465336,1.8098667720465336,0
guard,V4_off_vs_on,740008,14,S_pi,0.1211147457225276,0.1211147457225276,0.0,1.6422035742213936,1.6422035742213936,0
guard,V4_off_vs_on,740008,14,S_pi_dq,0.04835436269868871,0.04835436269868871,0.0,1.6422035742213936,1.6422035742213936,0
guard,V4_off_vs_on,740008,14,R_cdw,0.6007557757709538,0.6007557757709538,0.0,1.6422035742213936,1.6422035742213936,0
guard,V4_off_vs_on,740008,15,S_pi,0.006721292057251872,0.006721292057251872,0.0,0.8155848033335169,0.8155848033335169,0
guard,V4_off_vs_on,740008,15,S_pi_dq,0.03449033527816682,0.03449033527816682,0.0,0.8155848033335169,0.8155848033335169,0
guard,V4_off_vs_on,740008,15,R_cdw,-4.131503732374464,-4.131503732374464,0.0,0.8155848033335169,0.8155848033335169,0
guard,V4_off_vs_on,740008,16,S_pi,0.230126315243516,0.230126315243516,0.0,1.3095035305387446,1.3095035305387446,0
guard,V4_off_vs_on,740008,16,S_pi_dq,0.012168702359399198,0.012168702359399198,0.0,1.3095035305387446,1.3095035305387446,0
guard,V4_off_vs_on,740008,16,R_cdw,0.9471216390593032,0.9471216390593032,0.0,1.3095035305387446,1.3095035305387446,0
guard,V4_off_vs_on,740008,17,S_pi,0.13856129619396265,0.13856129619396265,0.0,3.3773804293554646,3.3773804293554646,1
guard,V4_off_vs_on,740008,17,S_pi_dq,0.02727753009472595,0.02727753009472595,0.0,3.3773804293554646,3.3773804293554646,1
guard,V4_off_vs_on,740008,17,R_cdw,0.803137450038415,0.803137450038415,0.0,3.3773804293554646,3.3773804293554646,1
guard,V4_off_vs_on,740008,18,S_pi,0.1769855335523402,0.1769855335523402,0.0,2.4916527312876755,2.4916527312876755,0
guard,V4_off_vs_on,740008,18,S_pi_dq,0.024968860280246828,0.024968860280246828,0.0,2.4916527312876755,2.4916527312876755,0
guard,V4_off_vs_on,740008,18,R_cdw,0.8589214622286474,0.8589214622286474,0.0,2.4916527312876755,2.4916527312876755,0
guard,V4_off_vs_on,740008,19,S_pi,0.15643598950514243,0.15643598950514243,0.0,3.0177741715980018,3.0177741715980018,1
guard,V4_off_vs_on,740008,19,S_pi_dq,0.030244746142515433,0.030244746142515433,0.0,3.0177741715980018,3.0177741715980018,1
guard,V4_off_vs_on,740008,19,R_cdw,0.806663759163161,0.806663759163161,0.0,3.0177741715980018,3.0177741715980018,1
guard,V4_off_vs_on,740009,0,S_pi,-0.1900428914682568,-0.1900428914682568,0.0,0.9796644073593258,0.9796644073593258,0
guard,V4_off_vs_on,740009,0,S_pi_dq,0.15024915712697703,0.15024915712697703,0.0,0.9796644073593258,0.9796644073593258,0
guard,V4_off_vs_on,740009,0,R_cdw,1.7906065623721232,1.7906065623721232,0.0,0.9796644073593258,0.9796644073593258,0
guard,V4_off_vs_on,740009,1,S_pi,0.16293862193657596,0.16293862193657596,0.0,3.5602453879223304,3.5602453879223304,1
guard,V4_off_vs_on,740009,1,S_pi_dq,0.0250254199925889,0.0250254199925889,0.0,3.5602453879223304,3.5602453879223304,1
guard,V4_off_vs_on,740009,1,R_cdw,0.8464119820386717,0.8464119820386717,0.0,3.5602453879223304,3.5602453879223304,1
guard,V4_off_vs_on,740009,2,S_pi,0.019359394857383905,0.019359394857383905,0.0,1.9785383800954366,1.9785383800954366,0
guard,V4_off_vs_on,740009,2,S_pi_dq,0.03492928226166909,0.03492928226166909,0.0,1.9785383800954366,1.9785383800954366,0
guard,V4_off_vs_on,740009,2,R_cdw,-0.8042548601846737,-0.8042548601846737,0.0,1.9785383800954366,1.9785383800954366,0
guard,V4_off_vs_on,740009,3,S_pi,6.424256654733129,6.424256654733129,0.0,0.9796644073593258,0.9796644073593258,0
guard,V4_off_vs_on,740009,3,S_pi_dq,-0.16289610933594148,-0.16289610933594148,0.0,0.9796644073593258,0.9796644073593258,0
guard,V4_off_vs_on,740009,3,R_cdw,1.0253564136818734,1.0253564136818734,0.0,0.9796644073593258,0.9796644073593258,0
guard,V4_off_vs_on,740009,4,S_pi,0.2400359523130812,0.2400359523130812,0.0,4.1228894562922385,4.1228894562922385,1
guard,V4_off_vs_on,740009,4,S_pi_dq,0.0007522223055085705,0.0007522223055085705,0.0,4.1228894562922385,4.1228894562922385,1
guard,V4_off_vs_on,740009,4,R_cdw,0.9968662098395684,0.9968662098395684,0.0,4.1228894562922385,4.1228894562922385,1
guard,V4_off_vs_on,740009,5,S_pi,-0.0663785189464703,-0.0663785189464703,0.0,3.3773804293554646,3.3773804293554646,1
guard,V4_off_vs_on,740009,5,S_pi_dq,0.05582811956079845,0.05582811956079845,0.0,3.3773804293554646,3.3773804293554646,1
guard,V4_off_vs_on,740009,5,R_cdw,1.841057023369563,1.841057023369563,0.0,3.3773804293554646,3.3773804293554646,1
guard,V4_off_vs_on,740009,6,S_pi,-2.017892210551994,-2.017892210551994,0.0,0.32562394774651304,0.32562394774651304,0
guard,V4_off_vs_on,740009,6,S_pi_dq,0.2733979203038661,0.2733979203038661,0.0,0.32562394774651304,0.32562394774651304,0
guard,V4_off_vs_on,740009,6,R_cdw,1.135486880257632,1.135486880257632,0.0,0.32562394774651304,0.32562394774651304,0
guard,V4_off_vs_on,740009,7,S_pi,0.1299099723297422,0.1299099723297422,0.0,1.3095035305387446,1.3095035305387446,0
guard,V4_off_vs_on,740009,7,S_pi_dq,0.031088583764446683,0.031088583764446683,0.0,1.3095035305387446,1.3095035305387446,0
guard,V4_off_vs_on,740009,7,R_cdw,0.7606913217906281,0.7606913217906281,0.0,1.3095035305387446,1.3095035305387446,0
guard,V4_off_vs_on,740009,8,S_pi,0.06385160768827107,0.06385160768827107,0.0,1.9785383800954366,1.9785383800954366,0
guard,V4_off_vs_on,740009,8,S_pi_dq,0.026449821209188595,0.026449821209188595,0.0,1.9785383800954366,1.9785383800954366,0
guard,V4_off_vs_on,740009,8,R_cdw,0.5857610768656154,0.5857610768656154,0.0,1.9785383800954366,1.9785383800954366,0
guard,V4_off_vs_on,740009,9,S_pi,0.004669354490639046,0.004669354490639046,0.0,2.840757389979939,2.840757389979939,0
guard,V4_off_vs_on,740009,9,S_pi_dq,0.08994868878037311,0.08994868878037311,0.0,2.840757389979939,2.840757389979939,0
guard,V4_off_vs_on,740009,9,R_cdw,-18.263623903625014,-18.263623903625014,0.0,2.840757389979939,2.840757389979939,0
guard,V4_off_vs_on,740009,10,S_pi,0.07731057535608307,0.07731057535608307,0.0,2.840757389979939,2.840757389979939,0
guard,V4_off_vs_on,740009,10,S_pi_dq,0.0494120048638607,0.0494120048638607,0.0,2.840757389979939,2.840757389979939,0
guard,V4_off_vs_on,740009,10,R_cdw,0.36086357349851506,0.36086357349851506,0.0,2.840757389979939,2.840757389979939,0
guard,V4_off_vs_on,740009,11,S_pi,0.7848450045620488,0.7848450045620488,0.0,0.4886533037666392,0.4886533037666392,0
guard,V4_off_vs_on,740009,11,S_pi_dq,-0.028745993786212964,-0.028745993786212964,0.0,0.4886533037666392,0.4886533037666392,0
guard,V4_off_vs_on,740009,11,R_cdw,1.0366263321026723,1.0366263321026723,0.0,0.4886533037666392,0.4886533037666392,0
guard,V4_off_vs_on,740009,12,S_pi,-0.09398474822894207,-0.09398474822894207,0.0,1.8098667720465336,1.8098667720465336,0
guard,V4_off_vs_on,740009,12,S_pi_dq,0.12873800747121852,0.12873800747121852,0.0,1.8098667720465336,1.8098667720465336,0
guard,V4_off_vs_on,740009,12,R_cdw,2.36977552099857,2.36977552099857,0.0,1.8098667720465336,1.8098667720465336,0
guard,V4_off_vs_on,740009,13,S_pi,1.8881402793219548,1.8881402793219548,0.0,0.6519441692793733,0.6519441692793733,0
guard,V4_off_vs_on,740009,13,S_pi_dq,0.5817210165568474,0.5817210165568474,0.0,0.6519441692793733,0.6519441692793733,0
guard,V4_off_vs_on,740009,13,R_cdw,0.6919079461798529,0.6919079461798529,0.0,0.6519441692793733,0.6519441692793733,0
guard,V4_off_vs_on,740009,14,S_pi,0.12422553297465505,0.12422553297465505,0.0,2.6654246812857756,2.6654246812857756,0
guard,V4_off_vs_on,740009,14,S_pi_dq,0.013734523235329003,0.013734523235329003,0.0,2.6654246812857756,2.6654246812857756,0
guard,V4_off_vs_on,740009,14,R_cdw,0.8894388061258617,0.8894388061258617,0.0,2.6654246812857756,2.6654246812857756,0
guard,V4_off_vs_on,740009,15,S_pi,0.06441896593912255,0.06441896593912255,0.0,1.9785383800954366,1.9785383800954366,0
guard,V4_off_vs_on,740009,15,S_pi_dq,0.030493776368297906,0.030493776368297906,0.0,1.9785383800954366,1.9785383800954366,0
guard,V4_off_vs_on,740009,15,R_cdw,0.5266335632100141,0.5266335632100141,0.0,1.9785383800954366,1.9785383800954366,0
guard,V4_off_vs_on,740009,16,S_pi,-0.08946185109655037,-0.08946185109655037,0.0,0.9796644073593258,0.9796644073593258,0
guard,V4_off_vs_on,740009,16,S_pi_dq,0.06323192441566962,0.06323192441566962,0.0,0.9796644073593258,0.9796644073593258,0
guard,V4_off_vs_on,740009,16,R_cdw,1.7068032199269776,1.7068032199269776,0.0,0.9796644073593258,0.9796644073593258,0
guard,V4_off_vs_on,740009,17,S_pi,0.06632108375114508,0.06632108375114508,0.0,1.3095035305387446,1.3095035305387446,0
guard,V4_off_vs_on,740009,17,S_pi_dq,0.03503022681921235,0.03503022681921235,0.0,1.3095035305387446,1.3095035305387446,0
guard,V4_off_vs_on,740009,17,R_cdw,0.4718085887942456,0.4718085887942456,0.0,1.3095035305387446,1.3095035305387446,0
guard,V4_off_vs_on,740009,18,S_pi,0.07354951097503203,0.07354951097503203,0.0,2.840757389979939,2.840757389979939,0
guard,V4_off_vs_on,740009,18,S_pi_dq,0.055718594283761885,0.055718594283761885,0.0,2.840757389979939,2.840757389979939,0
guard,V4_off_vs_on,740009,18,R_cdw,0.242434197792603,0.242434197792603,0.0,2.840757389979939,2.840757389979939,0
guard,V4_off_vs_on,740009,19,S_pi,0.20174095373506107,0.20174095373506107,0.0,0.32562394774651304,0.32562394774651304,0
guard,V4_off_vs_on,740009,19,S_pi_dq,-0.03262625099402647,-0.03262625099402647,0.0,0.32562394774651304,0.32562394774651304,0
guard,V4_off_vs_on,740009,19,R_cdw,1.1617234894054944,1.1617234894054944,0.0,0.32562394774651304,0.32562394774651304,0
guard,V4_off_vs_on,740010,0,S_pi,0.058406843454985674,0.058406843454985674,0.0,3.0177741715980018,3.0177741715980018,1
guard,V4_off_vs_on,740010,0,S_pi_dq,0.06584543100814516,0.06584543100814516,0.0,3.0177741715980018,3.0177741715980018,1
guard,V4_off_vs_on,740010,0,R_cdw,-0.12735815040051657,-0.12735815040051657,0.0,3.0177741715980018,3.0177741715980018,1
guard,V4_off_vs_on,740010,1,S_pi,0.28812902096956633,0.28812902096956633,0.0,0.9796644073593258,0.9796644073593258,0
guard,V4_off_vs_on,740010,1,S_pi_dq,-0.026608043963947753,-0.026608043963947753,0.0,0.9796644073593258,0.9796644073593258,0
guard,V4_off_vs_on,740010,1,R_cdw,1.0923476707566997,1.0923476707566997,0.0,0.9796644073593258,0.9796644073593258,0
guard,V4_off_vs_on,740010,2,S_pi,0.11330640091688553,0.11330640091688553,0.0,1.4754484240216774,1.4754484240216774,0
guard,V4_off_vs_on,740010,2,S_pi_dq,0.023970605009090727,0.023970605009090727,0.0,1.4754484240216774,1.4754484240216774,0
guard,V4_off_vs_on,740010,2,R_cdw,0.7884443878270031,0.7884443878270031,0.0,1.4754484240216774,1.4754484240216774,0
guard,V4_off_vs_on,740010,3,S_pi,-0.07142668292258907,-0.07142668292258907,0.0,1.6422035742213936,1.6422035742213936,0
guard,V4_off_vs_on,740010,3,S_pi_dq,-0.002566237018647767,-0.002566237018647767,0.0,1.6422035742213936,1.6422035742213936,0
guard,V4_off_vs_on,740010,3,R_cdw,0.96407173182844,0.96407173182844,0.0,1.6422035742213936,1.6422035742213936,0
guard,V4_off_vs_on,740010,4,S_pi,0.4384182281820242,0.4384182281820242,0.0,1.6422035742213936,1.6422035742213936,0
guard,V4_off_vs_on,740010,4,S_pi_dq,-0.013799034827977457,-0.013799034827977457,0.0,1.6422035742213936,1.6422035742213936,0
guard,V4_off_vs_on,740010,4,R_cdw,1.0314745919329074,1.0314745919329074,0.0,1.6422035742213936,1.6422035742213936,0
guard,V4_off_vs_on,740010,5,S_pi,0.14649820196948748,0.14649820196948748,0.0,3.0177741715980018,3.0177741715980018,1
guard,V4_off_vs_on,740010,5,S_pi_dq,0.03600511292661313,0.03600511292661313,0.0,3.0177741715980018,3.0177741715980018,1
guard,V4_off_vs_on,740010,5,R_cdw,0.7542282946645841,0.7542282946645841,0.0,3.0177741715980018,3.0177741715980018,1
guard,V4_off_vs_on,740010,6,S_pi,0.13862752505562417,0.13862752505562417,0.0,3.0177741715980018,3.0177741715980018,1
guard,V4_off_vs_on,740010,6,S_pi_dq,0.025209518151371468,0.025209518151371468,0.0,3.0177741715980018,3.0177741715980018,1
guard,V4_off_vs_on,740010,6,R_cdw,0.8181492590215675,0.8181492590215675,0.0,3.0177741715980018,3.0177741715980018,1
guard,V4_off_vs_on,740010,7,S_pi,0.07595081823350097,0.07595081823350097,0.0,3.0177741715980018,3.0177741715980018,1
guard,V4_off_vs_on,740010,7,S_pi_dq,0.029867092421133185,0.029867092421133185,0.0,3.0177741715980018,3.0177741715980018,1
guard,V4_off_vs_on,740010,7,R_cdw,0.6067574633717484,0.6067574633717484,0.0,3.0177741715980018,3.0177741715980018,1
guard,V4_off_vs_on,740010,8,S_pi,0.12338014214638435,0.12338014214638435,0.0,1.1442733718381495,1.1442733718381495,0
guard,V4_off_vs_on,740010,8,S_pi_dq,0.032727153918419835,0.032727153918419835,0.0,1.1442733718381495,1.1442733718381495,0
guard,V4_off_vs_on,740010,8,R_cdw,0.7347453702915117,0.7347453702915117,0.0,1.1442733718381495,1.1442733718381495,0
guard,V4_off_vs_on,740010,9,S_pi,0.26911741910467746,0.26911741910467746,0.0,0.9796644073593258,0.9796644073593258,0
guard,V4_off_vs_on,740010,9,S_pi_dq,0.03743646296229183,0.03743646296229183,0.0,0.9796644073593258,0.9796644073593258,0
guard,V4_off_vs_on,740010,9,R_cdw,0.8608917137848653,0.8608917137848653,0.0,0.9796644073593258,0.9796644073593258,0
guard,V4_off_vs_on,740010,10,S_pi,0.10127816929119435,0.10127816929119435,0.0,1.6422035742213936,1.6422035742213936,0
guard,V4_off_vs_on,740010,10,S_pi_dq,0.11380259339353589,0.11380259339353589,0.0,1.6422035742213936,1.6422035742213936,0
guard,V4_off_vs_on,740010,10,R_cdw,-0.12366361072672438,-0.12366361072672438,0.0,1.6422035742213936,1.6422035742213936,0
guard,V4_off_vs_on,740010,11,S_pi,-0.43932799500177355,-0.43932799500177355,0.0,0.1627685438345503,0.1627685438345503,0
guard,V4_off_vs_on,740010,11,S_pi_dq,0.12317003848911962,0.12317003848911962,0.0,0.1627685438345503,0.1627685438345503,0
guard,V4_off_vs_on,740010,11,R_cdw,1.2803600951690375,1.2803600951690375,0.0,0.1627685438345503,0.1627685438345503,0
guard,V4_off_vs_on,740010,12,S_pi,0.025039146843497843,0.025039146843497843,0.0,2.4916527312876755,2.4916527312876755,0
guard,V4_off_vs_on,740010,12,S_pi_dq,0.08400581298569544,0.08400581298569544,0.0,2.4916527312876755,2.4916527312876755,0
guard,V4_off_vs_on,740010,12,R_cdw,-2.354979045841973,-2.354979045841973,0.0,2.4916527312876755,2.4916527312876755,0
guard,V4_off_vs_on,740010,13,S_pi,0.22841255179175163,0.22841255179175163,0.0,1.1442733718381495,1.1442733718381495,0
guard,V4_off_vs_on,740010,13,S_pi_dq,-0.014985955904371222,-0.014985955904371222,0.0,1.1442733718381495,1.1442733718381495,0
guard,V4_off_vs_on,740010,13,R_cdw,1.0656091610851326,1.0656091610851326,0.0,1.1442733718381495,1.1442733718381495,0
guard,V4_off_vs_on,740010,14,S_pi,-0.702759822337177,-0.702759822337177,0.0,0.6519441692793733,0.6519441692793733,0
guard,V4_off_vs_on,740010,14,S_pi_dq,0.318910633661175,0.318910633661175,0.0,0.6519441692793733,0.6519441692793733,0
guard,V4_off_vs_on,740010,14,R_cdw,1.453797476071654,1.453797476071654,0.0,0.6519441692793733,0.6519441692793733,0
guard,V4_off_vs_on,740010,15,S_pi,-0.4021921009940605,-0.4021921009940605,0.0,0.32562394774651304,0.32562394774651304,0
guard,V4_off_vs_on,740010,15,S_pi_dq,0.1011295308834102,0.1011295308834102,0.0,0.32562394774651304,0.32562394774651304,0
guard,V4_off_vs_on,740010,15,R_cdw,1.251445840516156,1.251445840516156,0.0,0.32562394774651304,0.32562394774651304,0
guard,V4_off_vs_on,740010,16,S_pi,0.07864410949067308,0.07864410949067308,0.0,0.9796644073593258,0.9796644073593258,0
guard,V4_off_vs_on,740010,16,S_pi_dq,0.0555523777987535,0.0555523777987535,0.0,0.9796644073593258,0.9796644073593258,0
guard,V4_off_vs_on,740010,16,R_cdw,0.29362315679419293,0.29362315679419293,0.0,0.9796644073593258,0.9796644073593258,0
guard,V4_off_vs_on,740010,17,S_pi,0.12141408130398405,0.12141408130398405,0.0,3.0177741715980018,3.0177741715980018,1
guard,V4_off_vs_on,740010,17,S_pi_dq,0.01942735719414429,0.01942735719414429,0.0,3.0177741715980018,3.0177741715980018,1
guard,V4_off_vs_on,740010,17,R_cdw,0.8399909056223547,0.8399909056223547,0.0,3.0177741715980018,3.0177741715980018,1
guard,V4_off_vs_on,740010,18,S_pi,0.12960598979990554,0.12960598979990554,0.0,1.9785383800954366,1.9785383800954366,0
guard,V4_off_vs_on,740010,18,S_pi_dq,0.016779613519962926,0.016779613519962926,0.0,1.9785383800954366,1.9785383800954366,0
guard,V4_off_vs_on,740010,18,R_cdw,0.8705336570796733,0.8705336570796733,0.0,1.9785383800954366,1.9785383800954366,0
guard,V4_off_vs_on,740010,19,S_pi,0.11443087445226408,0.11443087445226408,0.0,3.196603678279158,3.196603678279158,1
guard,V4_off_vs_on,740010,19,S_pi_dq,0.013896712681652571,0.013896712681652571,0.0,3.196603678279158,3.196603678279158,1
guard,V4_off_vs_on,740010,19,R_cdw,0.8785580137513525,0.8785580137513525,0.0,3.196603678279158,3.196603678279158,1
guard,V4_off_vs_on,740011,0,S_pi,0.1490859269738262,0.1490859269738262,0.0,1.3095035305387446,1.3095035305387446,0
guard,V4_off_vs_on,740011,0,S_pi_dq,0.03866809428280326,0.03866809428280326,0.0,1.3095035305387446,1.3095035305387446,0
guard,V4_off_vs_on,740011,0,R_cdw,0.7406321638286362,0.7406321638286362,0.0,1.3095035305387446,1.3095035305387446,0
guard,V4_off_vs_on,740011,1,S_pi,0.09848800876531633,0.09848800876531633,0.0,4.1228894562922385,4.1228894562922385,1
guard,V4_off_vs_on,740011,1,S_pi_dq,0.026618098639954946,0.026618098639954946,0.0,4.1228894562922385,4.1228894562922385,1
guard,V4_off_vs_on,740011,1,R_cdw,0.7297325941132358,0.7297325941132358,0.0,4.1228894562922385,4.1228894562922385,1
guard,V4_off_vs_on,740011,2,S_pi,nan,nan,nan,0.0,0.0,0
guard,V4_off_vs_on,740011,2,S_pi_dq,nan,nan,nan,0.0,0.0,0
guard,V4_off_vs_on,740011,2,R_cdw,nan,nan,nan,0.0,0.0,0
guard,V4_off_vs_on,740011,3,S_pi,-0.1625551804640942,-0.1625551804640942,0.0,1.8098667720465336,1.8098667720465336,0
guard,V4_off_vs_on,740011,3,S_pi_dq,0.14772199072686615,0.14772199072686615,0.0,1.8098667720465336,1.8098667720465336,0
guard,V4_off_vs_on,740011,3,R_cdw,1.9087498184008693,1.9087498184008693,0.0,1.8098667720465336,1.8098667720465336,0
guard,V4_off_vs_on,740011,4,S_pi,0.05425603726696317,0.05425603726696317,0.0,3.196603678279158,3.196603678279158,1
guard,V4_off_vs_on,740011,4,S_pi_dq,0.022701705155411523,0.022701705155411523,0.0,3.196603678279158,3.196603678279158,1
guard,V4_off_vs_on,740011,4,R_cdw,0.5815819529224127,0.5815819529224127,0.0,3.196603678279158,3.196603678279158,1
guard,V4_off_vs_on,740011,5,S_pi,0.12669929605727834,0.12669929605727834,0.0,3.5602453879223304,3.5602453879223304,1
guard,V4_off_vs_on,740011,5,S_pi_dq,0.031953514194436955,0.031953514194436955,0.0,3.5602453879223304,3.5602453879223304,1
guard,V4_off_vs_on,740011,5,R_cdw,0.747800380990346,0.747800380990346,0.0,3.5602453879223304,3.5602453879223304,1
guard,V4_off_vs_on,740011,6,S_pi,-0.006576309055103508,-0.006576309055103508,0.0,2.3193230762751016,2.3193230762751016,0
guard,V4_off_vs_on,740011,6,S_pi_dq,0.07892427534590593,0.07892427534590593,0.0,2.3193230762751016,2.3193230762751016,0
guard,V4_off_vs_on,740011,6,R_cdw,13.001302658465722,13.001302658465722,0.0,2.3193230762751016,2.3193230762751016,0
guard,V4_off_vs_on,740011,7,S_pi,0.04393254766279042,0.04393254766279042,0.0,2.4916527312876755,2.4916527312876755,0
guard,V4_off_vs_on,740011,7,S_pi_dq,0.042711785280883915,0.042711785280883915,0.0,2.4916527312876755,2.4916527312876755,0
guard,V4_off_vs_on,740011,7,R_cdw,0.027787197575624756,0.027787197575624756,0.0,2.4916527312876755,2.4916527312876755,0
guard,V4_off_vs_on,740011,8,S_pi,0.16511238405263515,0.16511238405263515,0.0,3.0177741715980018,3.0177741715980018,1
guard,V4_off_vs_on,740011,8,S_pi_dq,0.023073245020227295,0.023073245020227295,0.0,3.0177741715980018,3.0177741715980018,1
guard,V4_off_vs_on,740011,8,R_cdw,0.8602573322854334,0.8602573322854334,0.0,3.0177741715980018,3.0177741715980018,1
guard,V4_off_vs_on,740011,9,S_pi,-1.5159719886259633,-1.5159719886259633,0.0,0.32562394774651304,0.32562394774651304,0
guard,V4_off_vs_on,740011,9,S_pi_dq,0.5541249149001708,0.5541249149001708,0.0,0.32562394774651304,0.32562394774651304,0
guard,V4_off_vs_on,740011,9,R_cdw,1.3655245077466207,1.3655245077466207,0.0,0.32562394774651304,0.32562394774651304,0
guard,V4_off_vs_on,740011,10,S_pi,0.025546521321679012,0.025546521321679012,0.0,2.6654246812857756,2.6654246812857756,0
guard,V4_off_vs_on,740011,10,S_pi_dq,0.022037784664529672,0.022037784664529672,0.0,2.6654246812857756,2.6654246812857756,0
guard,V4_off_vs_on,740011,10,R_cdw,0.13734694493108124,0.13734694493108124,0.0,2.6654246812857756,2.6654246812857756,0
guard,V4_off_vs_on,740011,11,S_pi,0.1050461371703312,0.1050461371703312,0.0,3.3773804293554646,3.3773804293554646,1
guard,V4_off_vs_on,740011,11,S_pi_dq,0.03654656828262294,0.03654656828262294,0.0,3.3773804293554646,3.3773804293554646,1
guard,V4_off_vs_on,740011,11,R_cdw,0.6520903170064877,0.6520903170064877,0.0,3.3773804293554646,3.3773804293554646,1
guard,V4_off_vs_on,740011,12,S_pi,0.15636694675910215,0.15636694675910215,0.0,1.8098667720465336,1.8098667720465336,0
guard,V4_off_vs_on,740011,12,S_pi_dq,0.053486379290611064,0.053486379290611064,0.0,1.8098667720465336,1.8098667720465336,0
guard,V4_off_vs_on,740011,12,R_cdw,0.6579431881277837,0.6579431881277837,0.0,1.8098667720465336,1.8098667720465336,0
guard,V4_off_vs_on,740011,13,S_pi,0.2379146192170843,0.2379146192170843,0.0,2.6654246812857756,2.6654246812857756,0
guard,V4_off_vs_on,740011,13,S_pi_dq,-0.05263406373648704,-0.05263406373648704,0.0,2.6654246812857756,2.6654246812857756,0
guard,V4_off_vs_on,740011,13,R_cdw,1.2212308932914344,1.2212308932914344,0.0,2.6654246812857756,2.6654246812857756,0
guard,V4_off_vs_on,740011,14,S_pi,0.02284544582725655,0.02284544582725655,0.0,1.8098667720465336,1.8098667720465336,0
guard,V4_off_vs_on,740011,14,S_pi_dq,0.0803286245212506,0.0803286245212506,0.0,1.8098667720465336,1.8098667720465336,0
guard,V4_off_vs_on,740011,14,R_cdw,-2.516176708856859,-2.516176708856859,0.0,1.8098667720465336,1.8098667720465336,0
guard,V4_off_vs_on,740011,15,S_pi,-0.1217752719235482,-0.1217752719235482,0.0,0.4886533037666392,0.4886533037666392,0
guard,V4_off_vs_on,740011,15,S_pi_dq,0.0697975414653949,0.0697975414653949,0.0,0.4886533037666392,0.4886533037666392,0
guard,V4_off_vs_on,740011,15,R_cdw,1.5731667879930051,1.5731667879930051,0.0,0.4886533037666392,0.4886533037666392,0
guard,V4_off_vs_on,740011,16,S_pi,0.22426895932724347,0.22426895932724347,0.0,2.6654246812857756,2.6654246812857756,0
guard,V4_off_vs_on,740011,16,S_pi_dq,0.011021699384511648,0.011021699384511648,0.0,2.6654246812857756,2.6654246812857756,0
guard,V4_off_vs_on,740011,16,R_cdw,0.9508549938539231,0.9508549938539231,0.0,2.6654246812857756,2.6654246812857756,0
guard,V4_off_vs_on,740011,17,S_pi,0.09271556075873749,0.09271556075873749,0.0,0.4886533037666392,0.4886533037666392,0
guard,V4_off_vs_on,740011,17,S_pi_dq,0.24570178604230977,0.24570178604230977,0.0,0.4886533037666392,0.4886533037666392,0
guard,V4_off_vs_on,740011,17,R_cdw,-1.6500598608433146,-1.6500598608433146,0.0,0.4886533037666392,0.4886533037666392,0
guard,V4_off_vs_on,740011,18,S_pi,0.10004265202600217,0.10004265202600217,0.0,2.4916527312876755,2.4916527312876755,0
guard,V4_off_vs_on,740011,18,S_pi_dq,0.019520270559354583,0.019520270559354583,0.0,2.4916527312876755,2.4916527312876755,0
guard,V4_off_vs_on,740011,18,R_cdw,0.8048805168191557,0.8048805168191557,0.0,2.4916527312876755,2.4916527312876755,0
guard,V4_off_vs_on,740011,19,S_pi,0.042726296735043356,0.042726296735043356,0.0,2.6654246812857756,2.6654246812857756,0
guard,V4_off_vs_on,740011,19,S_pi_dq,0.04695681097296423,0.04695681097296423,0.0,2.6654246812857756,2.6654246812857756,0
guard,V4_off_vs_on,740011,19,R_cdw,-0.09901429707693543,-0.09901429707693543,0.0,2.6654246812857756,2.6654246812857756,0
guard,V4_off_vs_on,740012,0,S_pi,0.009950889990151856,0.009950889990151856,0.0,0.6519441692793733,0.6519441692793733,0
guard,V4_off_vs_on,740012,0,S_pi_dq,-0.0037841431608816576,-0.0037841431608816576,0.0,0.6519441692793733,0.6519441692793733,0
guard,V4_off_vs_on,740012,0,R_cdw,1.3802818807791795,1.3802818807791795,0.0,0.6519441692793733,0.6519441692793733,0
guard,V4_off_vs_on,740012,1,S_pi,0.3235367692668905,0.3235367692668905,0.0,1.6422035742213936,1.6422035742213936,0
guard,V4_off_vs_on,740012,1,S_pi_dq,-0.006854231351983033,-0.006854231351983033,0.0,1.6422035742213936,1.6422035742213936,0
guard,V4_off_vs_on,740012,1,R_cdw,1.0211853242137336,1.0211853242137336,0.0,1.6422035742213936,1.6422035742213936,0
guard,V4_off_vs_on,740012,2,S_pi,-0.33506431748978616,-0.33506431748978616,0.0,1.4754484240216774,1.4754484240216774,0
guard,V4_off_vs_on,740012,2,S_pi_dq,0.13469293558215656,0.13469293558215656,0.0,1.4754484240216774,1.4754484240216774,0
guard,V4_off_vs_on,740012,2,R_cdw,1.4019912851097982,1.4019912851097982,0.0,1.4754484240216774,1.4754484240216774,0
guard,V4_off_vs_on,740012,3,S_pi,0.23231716927584156,0.23231716927584156,0.0,2.4916527312876755,2.4916527312876755,0
guard,V4_off_vs_on,740012,3,S_pi_dq,0.01534570955549688,0.01534570955549688,0.0,2.4916527312876755,2.4916527312876755,0
guard,V4_off_vs_on,740012,3,R_cdw,0.9339450045671133,0.9339450045671133,0.0,2.4916527312876755,2.4916527312876755,0
guard,V4_off_vs_on,740012,4,S_pi,0.04838514918939235,0.04838514918939235,0.0,0.32562394774651304,0.32562394774651304,0
guard,V4_off_vs_on,740012,4,S_pi_dq,0.03319264648699357,0.03319264648699357,0.0,0.32562394774651304,0.32562394774651304,0
guard,V4_off_vs_on,740012,4,R_cdw,0.3139910273487281,0.3139910273487281,0.0,0.32562394774651304,0.32562394774651304,0
guard,V4_off_vs_on,740012,5,S_pi,0.08862119262308124,0.08862119262308124,0.0,1.6422035742213936,1.6422035742213936,0
guard,V4_off_vs_on,740012,5,S_pi_dq,0.033275246578726644,0.033275246578726644,0.0,1.6422035742213936,1.6422035742213936,0
guard,V4_off_vs_on,740012,5,R_cdw,0.6245226949241014,0.6245226949241014,0.0,1.6422035742213936,1.6422035742213936,0
guard,V4_off_vs_on,740012,6,S_pi,0.4323028337648979,0.4323028337648979,0.0,1.4754484240216774,1.4754484240216774,0
guard,V4_off_vs_on,740012,6,S_pi_dq,-0.053109425146314546,-0.053109425146314546,0.0,1.4754484240216774,1.4754484240216774,0
guard,V4_off_vs_on,740012,6,R_cdw,1.1228523641258326,1.1228523641258326,0.0,1.4754484240216774,1.4754484240216774,0
guard,V4_off_vs_on,740012,7,S_pi,0.11955100406178386,0.11955100406178386,0.0,1.8098667720465336,1.8098667720465336,0
guard,V4_off_vs_on,740012,7,S_pi_dq,0.05797539928686908,0.05797539928686908,0.0,1.8098667720465336,1.8098667720465336,0
guard,V4_off_vs_on,740012,7,R_cdw,0.5150571946940116,0.5150571946940116,0.0,1.8098667720465336,1.8098667720465336,0
guard,V4_off_vs_on,740012,8,S_pi,0.7065202237146709,0.7065202237146709,0.0,1.9785383800954366,1.9785383800954366,0
guard,V4_off_vs_on,740012,8,S_pi_dq,0.2586846624737877,0.2586846624737877,0.0,1.9785383800954366,1.9785383800954366,0
guard,V4_off_vs_on,740012,8,R_cdw,0.6338609231683398,0.6338609231683398,0.0,1.9785383800954366,1.9785383800954366,0
guard,V4_off_vs_on,740012,9,S_pi,0.04719850332952715,0.04719850332952715,0.0,1.4754484240216774,1.4754484240216774,0
guard,V4_off_vs_on,740012,9,S_pi_dq,0.1128441303353338,0.1128441303353338,0.0,1.4754484240216774,1.4754484240216774,0
guard,V4_off_vs_on,740012,9,R_cdw,-1.39084128467987,-1.39084128467987,0.0,1.4754484240216774,1.4754484240216774,0
guard,V4_off_vs_on,740012,10,S_pi,0.06612517887926975,0.06612517887926975,0.0,0.8155848033335169,0.8155848033335169,0
guard,V4_off_vs_on,740012,10,S_pi_dq,-0.11364914503893335,-0.11364914503893335,0.0,0.8155848033335169,0.8155848033335169,0
guard,V4_off_vs_on,740012,10,R_cdw,2.718696976932676,2.718696976932676,0.0,0.8155848033335169,0.8155848033335169,0
guard,V4_off_vs_on,740012,11,S_pi,0.038678729758295484,0.038678729758295484,0.0,0.6519441692793733,0.6519441692793733,0
guard,V4_off_vs_on,740012,11,S_pi_dq,0.08658908234080653,0.08658908234080653,0.0,0.6519441692793733,0.6519441692793733,0
guard,V4_off_vs_on,740012,11,R_cdw,-1.2386744053360657,-1.2386744053360657,0.0,0.6519441692793733,0.6519441692793733,0
guard,V4_off_vs_on,740012,12,S_pi,0.01859153281841008,0.01859153281841008,0.0,2.3193230762751016,2.3193230762751016,0
guard,V4_off_vs_on,740012,12,S_pi_dq,0.08899758623766467,0.08899758623766467,0.0,2.3193230762751016,2.3193230762751016,0
guard,V4_off_vs_on,740012,12,R_cdw,-3.786995623595688,-3.786995623595688,0.0,2.3193230762751016,2.3193230762751016,0
guard,V4_off_vs_on,740012,13,S_pi,0.03674168144440834,0.03674168144440834,0.0,1.9785383800954366,1.9785383800954366,0
guard,V4_off_vs_on,740012,13,S_pi_dq,0.054874164329542424,0.054874164329542424,0.0,1.9785383800954366,1.9785383800954366,0
guard,V4_off_vs_on,740012,13,R_cdw,-0.49351260400450814,-0.49351260400450814,0.0,1.9785383800954366,1.9785383800954366,0
guard,V4_off_vs_on,740012,14,S_pi,-0.05646037854902109,-0.05646037854902109,0.0,0.6519441692793733,0.6519441692793733,0
guard,V4_off_vs_on,740012,14,S_pi_dq,0.07827618933737943,0.07827618933737943,0.0,0.6519441692793733,0.6519441692793733,0
guard,V4_off_vs_on,740012,14,R_cdw,2.386391507620109,2.386391507620109,0.0,0.6519441692793733,0.6519441692793733,0
guard,V4_off_vs_on,740012,15,S_pi,0.4843022858208914,0.4843022858208914,0.0,0.4886533037666392,0.4886533037666392,0
guard,V4_off_vs_on,740012,15,S_pi_dq,0.007376511974141992,0.007376511974141992,0.0,0.4886533037666392,0.4886533037666392,0
guard,V4_off_vs_on,740012,15,R_cdw,0.9847687855496308,0.9847687855496308,0.0,0.4886533037666392,0.4886533037666392,0
guard,V4_off_vs_on,740012,16,S_pi,-1.9912607438381869,-1.9912607438381869,0.0,0.9796644073593258,0.9796644073593258,0
guard,V4_off_vs_on,740012,16,S_pi_dq,-0.37700279138115156,-0.37700279138115156,0.0,0.9796644073593258,0.9796644073593258,0
guard,V4_off_vs_on,740012,16,R_cdw,0.8106713083418334,0.8106713083418334,0.0,0.9796644073593258,0.9796644073593258,0
guard,V4_off_vs_on,740012,17,S_pi,0.1101354475333735,0.1101354475333735,0.0,2.4916527312876755,2.4916527312876755,0
guard,V4_off_vs_on,740012,17,S_pi_dq,0.0447101978817454,0.0447101978817454,0.0,2.4916527312876755,2.4916527312876755,0
guard,V4_off_vs_on,740012,17,R_cdw,0.5940435265567228,0.5940435265567228,0.0,2.4916527312876755,2.4916527312876755,0
guard,V4_off_vs_on,740012,18,S_pi,0.08161292715227696,0.08161292715227696,0.0,2.3193230762751016,2.3193230762751016,0
guard,V4_off_vs_on,740012,18,S_pi_dq,0.02159777763011434,0.02159777763011434,0.0,2.3193230762751016,2.3193230762751016,0
guard,V4_off_vs_on,740012,18,R_cdw,0.735363276582198,0.735363276582198,0.0,2.3193230762751016,2.3193230762751016,0
guard,V4_off_vs_on,740012,19,S_pi,-0.18564061937994006,-0.18564061937994006,0.0,1.4754484240216774,1.4754484240216774,0
guard,V4_off_vs_on,740012,19,S_pi_dq,0.021077977252152477,0.021077977252152477,0.0,1.4754484240216774,1.4754484240216774,0
guard,V4_off_vs_on,740012,19,R_cdw,1.113541838648003,1.113541838648003,0.0,1.4754484240216774,1.4754484240216774,0
guard,V6_off_vs_on,740013,0,S_pi,-0.38064923173753507,-0.38064923173753507,0.0,0.8155848033335169,0.8155848033335169,0
guard,V6_off_vs_on,740013,0,S_pi_dq,0.2482675476673931,0.2482675476673931,0.0,0.8155848033335169,0.8155848033335169,0
guard,V6_off_vs_on,740013,0,R_cdw,1.65222132863407,1.65222132863407,0.0,0.8155848033335169,0.8155848033335169,0
guard,V6_off_vs_on,740013,1,S_pi,0.19703652752070638,0.19703652752070638,0.0,2.840757389979939,2.840757389979939,0
guard,V6_off_vs_on,740013,1,S_pi_dq,0.016604550267664758,0.016604550267664758,0.0,2.840757389979939,2.840757389979939,0
guard,V6_off_vs_on,740013,1,R_cdw,0.9157285683187865,0.9157285683187865,0.0,2.840757389979939,2.840757389979939,0
guard,V6_off_vs_on,740013,2,S_pi,0.3300069212291833,0.3300069212291833,0.0,2.4916527312876755,2.4916527312876755,0
guard,V6_off_vs_on,740013,2,S_pi_dq,-0.020813453421410326,-0.020813453421410326,0.0,2.4916527312876755,2.4916527312876755,0
guard,V6_off_vs_on,740013,2,R_cdw,1.0630697481855411,1.0630697481855411,0.0,2.4916527312876755,2.4916527312876755,0
guard,V6_off_vs_on,740013,3,S_pi,0.41628053867685044,0.41628053867685044,0.0,3.745346590823331,3.745346590823331,1
guard,V6_off_vs_on,740013,3,S_pi_dq,0.007825836788004508,0.007825836788004508,0.0,3.745346590823331,3.745346590823331,1
guard,V6_off_vs_on,740013,3,R_cdw,0.9812005701422436,0.9812005701422436,0.0,3.745346590823331,3.745346590823331,1
guard,V6_off_vs_on,740013,4,S_pi,0.4434278381985493,0.4434278381985493,0.0,2.3193230762751016,2.3193230762751016,0
guard,V6_off_vs_on,740013,4,S_pi_dq,-0.023398067948420215,-0.023398067948420215,0.0,2.3193230762751016,2.3193230762751016,0
guard,V6_off_vs_on,740013,4,R_cdw,1.05276634873326,1.05276634873326,0.0,2.3193230762751016,2.3193230762751016,0
guard,V6_off_vs_on,740013,5,S_pi,0.2511199047939986,0.2511199047939986,0.0,3.0177741715980018,3.0177741715980018,1
guard,V6_off_vs_on,740013,5,S_pi_dq,0.0017960123398093578,0.0017960123398093578,0.0,3.0177741715980018,3.0177741715980018,1
guard,V6_off_vs_on,740013,5,R_cdw,0.9928479889267134,0.9928479889267134,0.0,3.0177741715980018,3.0177741715980018,1
guard,V6_off_vs_on,740013,6,S_pi,0.29178103359294555,0.29178103359294555,0.0,2.148321652768427,2.148321652768427,0
guard,V6_off_vs_on,740013,6,S_pi_dq,-0.0008711187290842916,-0.0008711187290842916,0.0,2.148321652768427,2.148321652768427,0
guard,V6_off_vs_on,740013,6,R_cdw,1.0029855221169022,1.0029855221169022,0.0,2.148321652768427,2.148321652768427,0
guard,V6_off_vs_on,740013,7,S_pi,0.02617269040719855,0.02617269040719855,0.0,1.4754484240216774,1.4754484240216774,0
guard,V6_off_vs_on,740013,7,S_pi_dq,0.052179287768802686,0.052179287768802686,0.0,1.4754484240216774,1.4754484240216774,0
guard,V6_off_vs_on,740013,7,R_cdw,-0.993653955974326,-0.993653955974326,0.0,1.4754484240216774,1.4754484240216774,0
guard,V6_off_vs_on,740013,8,S_pi,0.09659850887479973,0.09659850887479973,0.0,1.8098667720465336,1.8098667720465336,0
guard,V6_off_vs_on,740013,8,S_pi_dq,0.09115788969808071,0.09115788969808071,0.0,1.8098667720465336,1.8098667720465336,0
guard,V6_off_vs_on,740013,8,R_cdw,0.05632197888034218,0.05632197888034218,0.0,1.8098667720465336,1.8098667720465336,0
guard,V6_off_vs_on,740013,9,S_pi,0.23017387111798104,0.23017387111798104,0.0,3.0177741715980018,3.0177741715980018,1
guard,V6_off_vs_on,740013,9,S_pi_dq,0.05371862103080896,0.05371862103080896,0.0,3.0177741715980018,3.0177741715980018,1
guard,V6_off_vs_on,740013,9,R_cdw,0.766617206506145,0.766617206506145,0.0,3.0177741715980018,3.0177741715980018,1
guard,V6_off_vs_on,740013,10,S_pi,nan,nan,nan,0.0,0.0,0
guard,V6_off_vs_on,740013,10,S_pi_dq,nan,nan,nan,0.0,0.0,0
guard,V6_off_vs_on,740013,10,R_cdw,nan,nan,nan,0.0,0.0,0
guard,V6_off_vs_on,740013,11,S_pi,0.17198106652558284,0.17198106652558284,0.0,0.9796644073593258,0.9796644073593258,0
guard,V6_off_vs_on,740013,11,S_pi_dq,0.055153137391492184,0.055153137391492184,0.0,0.9796644073593258,0.9796644073593258,0
guard,V6_off_vs_on,740013,11,R_cdw,0.679306923106632,0.679306923106632,0.0,0.9796644073593258,0.9796644073593258,0
guard,V6_off_vs_on,740013,12,S_pi,0.17136853994453602,0.17136853994453602,0.0,3.196603678279158,3.196603678279158,1
guard,V6_off_vs_on,740013,12,S_pi_dq,0.041927505710505936,0.041927505710505936,0.0,3.196603678279158,3.196603678279158,1
guard,V6_off_vs_on,740013,12,R_cdw,0.7553372064436337,0.7553372064436337,0.0,3.196603678279158,3.196603678279158,1
guard,V6_off_vs_on,740013,13,S_pi,0.5557184602434186,0.5557184602434186,0.0,2.148321652768427,2.148321652768427,0
guard,V6_off_vs_on,740013,13,S_pi_dq,-0.1786646090908942,-0.1786646090908942,0.0,2.148321652768427,2.148321652768427,0
guard,V6_off_vs_on,740013,13,R_cdw,1.3215020228275927,1.3215020228275927,0.0,2.148321652768427,2.148321652768427,0
guard,V6_off_vs_on,740013,14,S_pi,0.08826059887969903,0.08826059887969903,0.0,3.0177741715980018,3.0177741715980018,1
guard,V6_off_vs_on,740013,14,S_pi_dq,-0.03320607908318968,-0.03320607908318968,0.0,3.0177741715980018,3.0177741715980018,1
guard,V6_off_vs_on,740013,14,R_cdw,1.3762276656251815,1.3762276656251815,0.0,3.0177741715980018,3.0177741715980018,1
guard,V6_off_vs_on,740013,15,S_pi,0.367843698263071,0.367843698263071,0.0,1.3095035305387446,1.3095035305387446,0
guard,V6_off_vs_on,740013,15,S_pi_dq,0.00758820494313463,0.00758820494313463,0.0,1.3095035305387446,1.3095035305387446,0
guard,V6_off_vs_on,740013,15,R_cdw,0.9793711161045696,0.9793711161045696,0.0,1.3095035305387446,1.3095035305387446,0
guard,V6_off_vs_on,740013,16,S_pi,0.23174617996743554,0.23174617996743554,0.0,0.8155848033335169,0.8155848033335169,0
guard,V6_off_vs_on,740013,16,S_pi_dq,0.025057079863934694,0.025057079863934694,0.0,0.8155848033335169,0.8155848033335169,0
guard,V6_off_vs_on,740013,16,R_cdw,0.8918770533026449,0.8918770533026449,0.0,0.8155848033335169,0.8155848033335169,0
guard,V6_off_vs_on,740013,17,S_pi,0.19223650828986721,0.19223650828986721,0.0,2.6654246812857756,2.6654246812857756,0
guard,V6_off_vs_on,740013,17,S_pi_dq,-0.00011531689190150482,-0.00011531689190150482,0.0,2.6654246812857756,2.6654246812857756,0
guard,V6_off_vs_on,740013,17,R_cdw,1.00059986988386,1.00059986988386,0.0,2.6654246812857756,2.6654246812857756,0
guard,V6_off_vs_on,740013,18,S_pi,0.29201360543035526,0.29201360543035526,0.0,3.0177741715980018,3.0177741715980018,1
guard,V6_off_vs_on,740013,18,S_pi_dq,0.0375629255451729,0.0375629255451729,0.0,3.0177741715980018,3.0177741715980018,1
guard,V6_off_vs_on,740013,18,R_cdw,0.8713658375957706,0.8713658375957706,0.0,3.0177741715980018,3.0177741715980018,1
guard,V6_off_vs_on,740013,19,S_pi,0.2079308492956176,0.2079308492956176,0.0,1.8098667720465336,1.8098667720465336,0
guard,V6_off_vs_on,740013,19,S_pi_dq,-0.01707543633580146,-0.01707543633580146,0.0,1.8098667720465336,1.8098667720465336,0
guard,V6_off_vs_on,740013,19,R_cdw,1.0821207453999533,1.0821207453999533,0.0,1.8098667720465336,1.8098667720465336,0
guard,V6_off_vs_on,740014,0,S_pi,0.20871926795195775,-0.15460567029857647,-0.36332493825053425,3.0177741715980018,0.1627685438345503,0
guard,V6_off_vs_on,740014,0,S_pi_dq,0.03868400117020853,0.21947222474427375,0.1807882235740652,3.0177741715980018,0.1627685438345503,0
guard,V6_off_vs_on,740014,0,R_cdw,0.8146601339215473,2.41956128983126,1.6049011559097128,3.0177741715980018,0.1627685438345503,0
guard,V6_off_vs_on,740014,1,S_pi,0.1662381960273269,0.45656925265722,0.2903310566298931,0.6519441692793733,2.4916527312876755,0
guard,V6_off_vs_on,740014,1,S_pi_dq,0.052125161903168286,-0.05007981566335206,-0.10220497756652035,0.6519441692793733,2.4916527312876755,0
guard,V6_off_vs_on,740014,1,R_cdw,0.6864429285878455,1.109687227889064,0.42324429930121843,0.6519441692793733,2.4916527312876755,0
guard,V6_off_vs_on,740014,2,S_pi,0.4354100826668176,0.14025204336606237,-0.29515803930075524,0.8155848033335169,1.8098667720465336,0
guard,V6_off_vs_on,740014,2,S_pi_dq,-0.22671705185620045,0.049763350064488295,0.27648040192068873,0.8155848033335169,1.8098667720465336,0
guard,V6_off_vs_on,740014,2,R_cdw,1.5206977534089117,0.6451862741521395,-0.8755114792567722,0.8155848033335169,1.8098667720465336,0
guard,V6_off_vs_on,740014,3,S_pi,0.8549394364105831,0.2301662649980752,-0.624773171412508,1.3095035305387446,3.3773804293554646,0
guard,V6_off_vs_on,740014,3,S_pi_dq,-0.18237667179274064,0.023336372373804516,0.20571304416654515,1.3095035305387446,3.3773804293554646,0
guard,V6_off_vs_on,740014,3,R_cdw,1.2133211594009972,0.8986108047849685,-0.3147103546160287,1.3095035305387446,3.3773804293554646,0
guard,V6_off_vs_on,740014,4,S_pi,0.37405849153324355,-0.1013403388901318,-0.4753988304233754,1.3095035305387446,1.3095035305387446,0
guard,V6_off_vs_on,740014,4,S_pi_dq,-0.07378420570466554,0.011446185526861169,0.0852303912315267,1.3095035305387446,1.3095035305387446,0
guard,V6_off_vs_on,740014,4,R_cdw,1.1972531231739412,1.1129479697050408,-0.08430515346890033,1.3095035305387446,1.3095035305387446,0
guard,V6_off_vs_on,740014,5,S_pi,0.41036026560453814,0.1866592957249393,-0.22370096987959884,1.8098667720465336,1.9785383800954366,0
guard,V6_off_vs_on,740014,5,S_pi_dq,-0.044415054547118145,0.08289182790409864,0.1273068824512168,1.8098667720465336,1.9785383800954366,0
guard,V6_off_vs_on,740014,5,R_cdw,1.1082342962267226,0.5559191007221636,-0.5523151955045591,1.8098667720465336,1.9785383800954366,0
guard,V6_off_vs_on,740014,6,S_pi,0.1484576085094381,0.19808276409069048,0.049625155581252384,3.0177741715980018,3.196603678279158,1
guard,V6_off_vs_on,740014,6,S_pi_dq,0.021147542724372168,0.06319959252268434,0.042052049798312174,3.0177741715980018,3.196603678279158,1
guard,V6_off_vs_on,740014,6,R_cdw,0.8575516409249734,0.680943504535564,-0.17660813638940942,3.0177741715980018,3.196603678279158,1
guard,V6_off_vs_on,740014,7,S_pi,-0.1255218050706672,0.5826137476880711,0.7081355527587383,2.840757389979939,1.6422035742213936,0
guard,V6_off_vs_on,740014,7,S_pi_dq,0.07302839354757716,-0.16342380560938674,-0.23645219915696392,2.840757389979939,1.6422035742213936,0
guard,V6_off_vs_on,740014,7,R_cdw,1.5817984652663584,1.2805011146027456,-0.30129735066361274,2.840757389979939,1.6422035742213936,0
guard,V6_off_vs_on,740014,8,S_pi,0.17535301839192524,0.8742610949428369,0.6989080765509117,2.840757389979939,3.196603678279158,0
guard,V6_off_vs_on,740014,8,S_pi_dq,0.012404270497355563,-0.2834945287620934,-0.29589879925944895,2.840757389979939,3.196603678279158,0
guard,V6_off_vs_on,740014,8,R_cdw,0.929261152097016,1.3242675791041916,0.3950064270071756,2.840757389979939,3.196603678279158,0
guard,V6_off_vs_on,740014,9,S_pi,-0.19031977188592195,0.16821435532998777,0.3585341272159097,3.745346590823331,2.840757389979939,0
guard,V6_off_vs_on,740014,9,S_pi_dq,0.031957030310147835,0.05606140709649244,0.024104376786344604,3.745346590823331,2.840757389979939,0
guard,V6_off_vs_on,740014,9,R_cdw,1.1679122983044712,0.6667263802395687,-0.5011859180649025,3.745346590823331,2.840757389979939,0
guard,V6_off_vs_on,740014,10,S_pi,0.26791967945738376,0.11955864913262677,-0.148361030324757,1.9785383800954366,0.9796644073593258,0
guard,V6_off_vs_on,740014,10,S_pi_dq,-0.011029631703151252,0.08812962676198867,0.09915925846513993,1.9785383800954366,0.9796644073593258,0
guard,V6_off_vs_on,740014,10,R_cdw,1.0411676802745118,0.2628753553059452,-0.7782923249685666,1.9785383800954366,0.9796644073593258,0
guard,V6_off_vs_on,740014,11,S_pi,0.09834640317901196,1.5518020710043359,1.4534556678253239,1.9785383800954366,0.4886533037666392,0
guard,V6_off_vs_on,740014,11,S_pi_dq,0.08613738181847645,-0.1461800029818293,-0.23231738480030573,1.9785383800954366,0.4886533037666392,0
guard,V6_off_vs_on,740014,11,R_cdw,0.12414303895092549,1.094200159745386,0.9700571207944606,1.9785383800954366,0.4886533037666392,0
guard,V6_off_vs_on,740014,12,S_pi,-0.2718039658775851,0.1661687695068077,0.4379727353843928,0.9796644073593258,3.932839839018626,0
guard,V6_off_vs_on,740014,12,S_pi_dq,0.20776624867914809,0.03479181388577727,-0.17297443479337082,0.9796644073593258,3.932839839018626,0
guard,V6_off_vs_on,740014,12,R_cdw,1.7643974141743088,0.7906236292834081,-0.9737737848909007,0.9796644073593258,3.932839839018626,0
guard,V6_off_vs_on,740014,13,S_pi,0.08102577974313131,0.07720218628408024,-0.003823593459051075,3.3773804293554646,3.3773804293554646,1
guard,V6_off_vs_on,740014,13,S_pi_dq,0.02698375272790667,-0.0028036825902751196,-0.029787435318181787,3.3773804293554646,3.3773804293554646,1
guard,V6_off_vs_on,740014,13,R_cdw,0.6669732421773562,1.036316103535701,0.3693428613583447,3.3773804293554646,3.3773804293554646,1
guard,V6_off_vs_on,740014,14,S_pi,-1.0425865639612233,-0.02206093029823744,1.0205256336629858,0.1627685438345503,0.1627685438345503,0
guard,V6_off_vs_on,740014,14,S_pi_dq,0.5501962377057092,-0.5218148909952003,-1.0720111287009095,0.1627685438345503,0.1627685438345503,0
guard,V6_off_vs_on,740014,14,R_cdw,1.527722355844759,-22.653349334814347,-24.181071690659106,0.1627685438345503,0.1627685438345503,0
guard,V6_off_vs_on,740014,15,S_pi,0.015547700907671975,0.05150505649624196,0.03595735558856998,2.840757389979939,3.0177741715980018,0
guard,V6_off_vs_on,740014,15,S_pi_dq,0.0071511863617102584,0.05417948297413231,0.047028296612422055,2.840757389979939,3.0177741715980018,0
guard,V6_off_vs_on,740014,15,R_cdw,0.5400486281427292,-0.051925512946199515,-0.5919741410889288,2.840757389979939,3.0177741715980018,0
guard,V6_off_vs_on,740014,16,S_pi,0.06430352775369841,-0.13177279323745492,-0.19607632099115332,1.9785383800954366,3.745346590823331,0
guard,V6_off_vs_on,740014,16,S_pi_dq,0.008402747613285974,0.13403547930709153,0.12563273169380557,1.9785383800954366,3.745346590823331,0
guard,V6_off_vs_on,740014,16,R_cdw,0.8693268020151088,2.0171711171482816,1.1478443151331728,1.9785383800954366,3.745346590823331,0
guard,V6_off_vs_on,740014,17,S_pi,0.3308330831193219,-0.3552068205512745,-0.6860399036705964,1.8098667720465336,1.6422035742213936,0
guard,V6_off_vs_on,740014,17,S_pi_dq,0.06232041626396652,0.21653960737313435,0.15421919110916782,1.8098667720465336,1.6422035742213936,0
guard,V6_off_vs_on,740014,17,R_cdw,0.8116258033314965,1.6096155671703287,0.7979897638388322,1.8098667720465336,1.6422035742213936,0
guard,V6_off_vs_on,740014,18,S_pi,0.43497810754495075,0.14217928758341392,-0.29279881996153684,1.8098667720465336,2.6654246812857756,0
guard,V6_off_vs_on,740014,18,S_pi_dq,-0.08661397762418613,0.04256294830620383,0.12917692593038996,1.8098667720465336,2.6654246812857756,0
guard,V6_off_vs_on,740014,18,R_cdw,1.1991226135794326,0.7006388973412674,-0.49848371623816523,1.8098667720465336,2.6654246812857756,0
guard,V6_off_vs_on,740014,19,S_pi,0.37629244681026125,0.28111836694882164,-0.09517407986143961,0.32562394774651304,2.148321652768427,0
guard,V6_off_vs_on,740014,19,S_pi_dq,-0.020861542585693078,0.08247698287720785,0.10333852546290093,0.32562394774651304,2.148321652768427,0
guard,V6_off_vs_on,740014,19,R_cdw,1.0554397059056893,0.7066111909641855,-0.3488285149415038,0.32562394774651304,2.148321652768427,0
guard,V6_off_vs_on,740015,0,S_pi,0.2004596414538099,0.2004596414538099,0.0,2.148321652768427,2.148321652768427,0
guard,V6_off_vs_on,740015,0,S_pi_dq,0.0046431977426814935,0.0046431977426814935,0.0,2.148321652768427,2.148321652768427,0
guard,V6_off_vs_on,740015,0,R_cdw,0.9768372441005718,0.9768372441005718,0.0,2.148321652768427,2.148321652768427,0
guard,V6_off_vs_on,740015,1,S_pi,0.4481283336816128,0.4481283336816128,0.0,1.6422035742213936,1.6422035742213936,0
guard,V6_off_vs_on,740015,1,S_pi_dq,-0.16176396477531765,-0.16176396477531765,0.0,1.6422035742213936,1.6422035742213936,0
guard,V6_off_vs_on,740015,1,R_cdw,1.3609768734021805,1.3609768734021805,0.0,1.6422035742213936,1.6422035742213936,0
guard,V6_off_vs_on,740015,2,S_pi,0.1712802519271364,0.1712802519271364,0.0,1.4754484240216774,1.4754484240216774,0
guard,V6_off_vs_on,740015,2,S_pi_dq,0.029590403488422862,0.029590403488422862,0.0,1.4754484240216774,1.4754484240216774,0
guard,V6_off_vs_on,740015,2,R_cdw,0.8272398413974147,0.8272398413974147,0.0,1.4754484240216774,1.4754484240216774,0
guard,V6_off_vs_on,740015,3,S_pi,0.17525219974274903,0.17525219974274903,0.0,1.6422035742213936,1.6422035742213936,0
guard,V6_off_vs_on,740015,3,S_pi_dq,0.01424252402081957,0.01424252402081957,0.0,1.6422035742213936,1.6422035742213936,0
guard,V6_off_vs_on,740015,3,R_cdw,0.9187312681853579,0.9187312681853579,0.0,1.6422035742213936,1.6422035742213936,0
guard,V6_off_vs_on,740015,4,S_pi,0.1703658488777528,0.1703658488777528,0.0,1.3095035305387446,1.3095035305387446,0
guard,V6_off_vs_on,740015,4,S_pi_dq,0.08737850271367155,0.08737850271367155,0.0,1.3095035305387446,1.3095035305387446,0
guard,V6_off_vs_on,740015,4,R_cdw,0.48711256810412396,0.48711256810412396,0.0,1.3095035305387446,1.3095035305387446,0
guard,V6_off_vs_on,740015,5,S_pi,0.31124967560573663,0.31124967560573663,0.0,2.4916527312876755,2.4916527312876755,0
guard,V6_off_vs_on,740015,5,S_pi_dq,-0.013527171631278938,-0.013527171631278938,0.0,2.4916527312876755,2.4916527312876755,0
guard,V6_off_vs_on,740015,5,R_cdw,1.0434608376858647,1.0434608376858647,0.0,2.4916527312876755,2.4916527312876755,0
guard,V6_off_vs_on,740015,6,S_pi,0.09099224691337676,0.09099224691337676,0.0,1.8098667720465336,1.8098667720465336,0
guard,V6_off_vs_on,740015,6,S_pi_dq,0.06223758686747163,0.06223758686747163,0.0,1.8098667720465336,1.8098667720465336,0
guard,V6_off_vs_on,740015,6,R_cdw,0.3160121990753688,0.3160121990753688,0.0,1.8098667720465336,1.8098667720465336,0
guard,V6_off_vs_on,740015,7,S_pi,0.24758516745797293,0.24758516745797293,0.0,3.5602453879223304,3.5602453879223304,1
guard,V6_off_vs_on,740015,7,S_pi_dq,-0.028180435451642616,-0.028180435451642616,0.0,3.5602453879223304,3.5602453879223304,1
guard,V6_off_vs_on,740015,7,R_cdw,1.1138211781464098,1.1138211781464098,0.0,3.5602453879223304,3.5602453879223304,1
guard,V6_off_vs_on,740015,8,S_pi,1.893259247124296,1.893259247124296,0.0,0.1627685438345503,0.1627685438345503,0
guard,V6_off_vs_on,740015,8,S_pi_dq,-0.29828228208839297,-0.29828228208839297,0.0,0.1627685438345503,0.1627685438345503,0
guard,V6_off_vs_on,740015,8,R_cdw,1.157549623772581,1.157549623772581,0.0,0.1627685438345503,0.1627685438345503,0
guard,V6_off_vs_on,740015,9,S_pi,0.12526745561493416,0.12526745561493416,0.0,0.6519441692793733,0.6519441692793733,0
guard,V6_off_vs_on,740015,9,S_pi_dq,-0.0189927944210092,-0.0189927944210092,0.0,0.6519441692793733,0.6519441692793733,0
guard,V6_off_vs_on,740015,9,R_cdw,1.1516179467985053,1.1516179467985053,0.0,0.6519441692793733,0.6519441692793733,0
guard,V6_off_vs_on,740015,10,S_pi,-0.3286611577155032,-0.3286611577155032,0.0,0.9796644073593258,0.9796644073593258,0
guard,V6_off_vs_on,740015,10,S_pi_dq,0.146230084839393,0.146230084839393,0.0,0.9796644073593258,0.9796644073593258,0
guard,V6_off_vs_on,740015,10,R_cdw,1.4449265798727977,1.4449265798727977,0.0,0.9796644073593258,0.9796644073593258,0
guard,V6_off_vs_on,740015,11,S_pi,0.0767994731764985,0.0767994731764985,0.0,1.8098667720465336,1.8098667720465336,0
guard,V6_off_vs_on,740015,11,S_pi_dq,0.06534777519669477,0.06534777519669477,0.0,1.8098667720465336,1.8098667720465336,0
guard,V6_off_vs_on,740015,11,R_cdw,0.14911167363721034,0.14911167363721034,0.0,1.8098667720465336,1.8098667720465336,0
guard,V6_off_vs_on,740015,12,S_pi,0.21450912934931632,0.21450912934931632,0.0,2.148321652768427,2.148321652768427,0
guard,V6_off_vs_on,740015,12,S_pi_dq,0.023843132381264245,0.023843132381264245,0.0,2.148321652768427,2.148321652768427,0
guard,V6_off_vs_on,740015,12,R_cdw,0.888847936432407,0.888847936432407,0.0,2.148321652768427,2.148321652768427,0
guard,V6_off_vs_on,740015,13,S_pi,0.15644326524065177,0.15644326524065177,0.0,0.9796644073593258,0.9796644073593258,0
guard,V6_off_vs_on,740015,13,S_pi_dq,-0.0019462037737582709,-0.0019462037737582709,0.0,0.9796644073593258,0.9796644073593258,0
guard,V6_off_vs_on,740015,13,R_cdw,1.01244031675486,1.01244031675486,0.0,0.9796644073593258,0.9796644073593258,0
guard,V6_off_vs_on,740015,14,S_pi,0.5509234009008205,0.5509234009008205,0.0,1.3095035305387446,1.3095035305387446,0
guard,V6_off_vs_on,740015,14,S_pi_dq,-0.13014329097697802,-0.13014329097697802,0.0,1.3095035305387446,1.3095035305387446,0
guard,V6_off_vs_on,740015,14,R_cdw,1.2362275604270565,1.2362275604270565,0.0,1.3095035305387446,1.3095035305387446,0
guard,V6_off_vs_on,740015,15,S_pi,0.07351843401994843,0.07351843401994843,0.0,2.4916527312876755,2.4916527312876755,0
guard,V6_off_vs_on,740015,15,S_pi_dq,0.05400910386019354,0.05400910386019354,0.0,2.4916527312876755,2.4916527312876755,0
guard,V6_off_vs_on,740015,15,R_cdw,0.2653665086835397,0.2653665086835397,0.0,2.4916527312876755,2.4916527312876755,0
guard,V6_off_vs_on,740015,16,S_pi,0.11944166152162751,0.11944166152162751,0.0,0.6519441692793733,0.6519441692793733,0
guard,V6_off_vs_on,740015,16,S_pi_dq,0.015738088166712252,0.015738088166712252,0.0,0.6519441692793733,0.6519441692793733,0
guard,V6_off_vs_on,740015,16,R_cdw,0.8682361919097841,0.8682361919097841,0.0,0.6519441692793733,0.6519441692793733,0
guard,V6_off_vs_on,740015,17,S_pi,-0.15435674929637153,-0.15435674929637153,0.0,1.4754484240216774,1.4754484240216774,0
guard,V6_off_vs_on,740015,17,S_pi_dq,0.11859426245017304,0.11859426245017304,0.0,1.4754484240216774,1.4754484240216774,0
guard,V6_off_vs_on,740015,17,R_cdw,1.768312775377687,1.768312775377687,0.0,1.4754484240216774,1.4754484240216774,0
guard,V6_off_vs_on,740015,18,S_pi,0.1445423944372543,0.1445423944372543,0.0,1.3095035305387446,1.3095035305387446,0
guard,V6_off_vs_on,740015,18,S_pi_dq,0.008113275607007567,0.008113275607007567,0.0,1.3095035305387446,1.3095035305387446,0
guard,V6_off_vs_on,740015,18,R_cdw,0.9438692320090938,0.9438692320090938,0.0,1.3095035305387446,1.3095035305387446,0
guard,V6_off_vs_on,740015,19,S_pi,0.06439667041855063,0.06439667041855063,0.0,1.8098667720465336,1.8098667720465336,0
guard,V6_off_vs_on,740015,19,S_pi_dq,0.1035293388265858,0.1035293388265858,0.0,1.8098667720465336,1.8098667720465336,0
guard,V6_off_vs_on,740015,19,R_cdw,-0.607681548652899,-0.607681548652899,0.0,1.8098667720465336,1.8098667720465336,0
guard,V6_off_vs_on,740016,0,S_pi,0.5424224674762478,0.5424224674762478,0.0,0.32562394774651304,0.32562394774651304,0
guard,V6_off_vs_on,740016,0,S_pi_dq,-0.7113384967153992,-0.7113384967153992,0.0,0.32562394774651304,0.32562394774651304,0
guard,V6_off_vs_on,740016,0,R_cdw,2.311410458392467,2.311410458392467,0.0,0.32562394774651304,0.32562394774651304,0
guard,V6_off_vs_on,740016,1,S_pi,-0.5805191399888109,-0.5805191399888109,0.0,0.8155848033335169,0.8155848033335169,0
guard,V6_off_vs_on,740016,1,S_pi_dq,0.2263383786553578,0.2263383786553578,0.0,0.8155848033335169,0.8155848033335169,0
guard,V6_off_vs_on,740016,1,R_cdw,1.3898896058099313,1.3898896058099313,0.0,0.8155848033335169,0.8155848033335169,0
guard,V6_off_vs_on,740016,2,S_pi,0.030752173784561045,0.030752173784561045,0.0,1.8098667720465336,1.8098667720465336,0
guard,V6_off_vs_on,740016,2,S_pi_dq,0.10967505806316766,0.10967505806316766,0.0,1.8098667720465336,1.8098667720465336,0
guard,V6_off_vs_on,740016,2,R_cdw,-2.566416437144011,-2.566416437144011,0.0,1.8098667720465336,1.8098667720465336,0
guard,V6_off_vs_on,740016,3,S_pi,0.2461921288271762,0.2461921288271762,0.0,2.4916527312876755,2.4916527312876755,0
guard,V6_off_vs_on,740016,3,S_pi_dq,0.004998770458968126,0.004998770458968126,0.0,2.4916527312876755,2.4916527312876755,0
guard,V6_off_vs_on,740016,3,R_cdw,0.9796956528107477,0.9796956528107477,0.0,2.4916527312876755,2.4916527312876755,0
guard,V6_off_vs_on,740016,4,S_pi,0.15924082986857185,0.15924082986857185,0.0,4.315669125408017,4.315669125408017,1
guard,V6_off_vs_on,740016,4,S_pi_dq,0.030070172245265057,0.030070172245265057,0.0,4.315669125408017,4.315669125408017,1
guard,V6_off_vs_on,740016,4,R_cdw,0.8111654387252112,0.8111654387252112,0.0,4.315669125408017,4.315669125408017,1
guard,V6_off_vs_on,740016,5,S_pi,0.49740627249402775,0.49740627249402775,0.0,1.1442733718381495,1.1442733718381495,0
guard,V6_off_vs_on,740016,5,S_pi_dq,-0.21461352690061264,-0.21461352690061264,0.0,1.1442733718381495,1.1442733718381495,0
guard,V6_off_vs_on,740016,5,R_cdw,1.4314652604289173,1.4314652604289173,0.0,1.1442733718381495,1.1442733718381495,0
guard,V6_off_vs_on,740016,6,S_pi,-0.04363963590306899,-0.04363963590306899,0.0,3.196603678279158,3.196603678279158,1
guard,V6_off_vs_on,740016,6,S_pi_dq,0.06798192001458543,0.06798192001458543,0.0,3.196603678279158,3.196603678279158,1
guard,V6_off_vs_on,740016,6,R_cdw,2.5578021816127148,2.5578021816127148,0.0,3.196603678279158,3.196603678279158,1
guard,V6_off_vs_on,740016,7,S_pi,0.16144840003464525,0.16144840003464525,0.0,2.6654246812857756,2.6654246812857756,0
guard,V6_off_vs_on,740016,7,S_pi_dq,0.03204196060055019,0.03204196060055019,0.0,2.6654246812857756,2.6654246812857756,0
guard,V6_off_vs_on,740016,7,R_cdw,0.8015343565270743,0.8015343565270743,0.0,2.6654246812857756,2.6654246812857756,0
guard,V6_off_vs_on,740016,8,S_pi,0.1968955647518043,0.1968955647518043,0.0,3.3773804293554646,3.3773804293554646,1
guard,V6_off_vs_on,740016,8,S_pi_dq,0.04516731015084426,0.04516731015084426,0.0,3.3773804293554646,3.3773804293554646,1
guard,V6_off_vs_on,740016,8,R_cdw,0.7706027039878746,0.7706027039878746,0.0,3.3773804293554646,3.3773804293554646,1
guard,V6_off_vs_on,740016,9,S_pi,0.2730532809172984,0.2730532809172984,0.0,3.3773804293554646,3.3773804293554646,1
guard,V6_off_vs_on,740016,9,S_pi_dq,-0.03425312616691445,-0.03425312616691445,0.0,3.3773804293554646,3.3773804293554646,1
guard,V6_off_vs_on,740016,9,R_cdw,1.1254448437749736,1.1254448437749736,0.0,3.3773804293554646,3.3773804293554646,1
guard,V6_off_vs_on,740016,10,S_pi,0.22202974923458138,0.22202974923458138,0.0,0.9796644073593258,0.9796644073593258,0
guard,V6_off_vs_on,740016,10,S_pi_dq,0.012652193765114528,0.012652193765114528,0.0,0.9796644073593258,0.9796644073593258,0
guard,V6_off_vs_on,740016,10,R_cdw,0.9430157723965761,0.9430157723965761,0.0,0.9796644073593258,0.9796644073593258,0
guard,V6_off_vs_on,740016,11,S_pi,0.33944541980588916,0.33944541980588916,0.0,2.840757389979939,2.840757389979939,0
guard,V6_off_vs_on,740016,11,S_pi_dq,-0.0935684789533821,-0.0935684789533821,0.0,2.840757389979939,2.840757389979939,0
guard,V6_off_vs_on,740016,11,R_cdw,1.2756510281001552,1.2756510281001552,0.0,2.840757389979939,2.840757389979939,0
guard,V6_off_vs_on,740016,12,S_pi,0.38362384532215027,0.38362384532215027,0.0,0.9796644073593258,0.9796644073593258,0
guard,V6_off_vs_on,740016,12,S_pi_dq,-0.03832822496516817,-0.03832822496516817,0.0,0.9796644073593258,0.9796644073593258,0
guard,V6_off_vs_on,740016,12,R_cdw,1.0999109555689424,1.0999109555689424,0.0,0.9796644073593258,0.9796644073593258,0
guard,V6_off_vs_on,740016,13,S_pi,-0.029461893650961423,-0.029461893650961423,0.0,1.1442733718381495,1.1442733718381495,0
guard,V6_off_vs_on,740016,13,S_pi_dq,0.02160605573280638,0.02160605573280638,0.0,1.1442733718381495,1.1442733718381495,0
guard,V6_off_vs_on,740016,13,R_cdw,1.7333559746286475,1.7333559746286475,0.0,1.1442733718381495,1.1442733718381495,0
guard,V6_off_vs_on,740016,14,S_pi,0.1489615541577684,0.1489615541577684,0.0,3.0177741715980018,3.0177741715980018,1
guard,V6_off_vs_on,740016,14,S_pi_dq,0.021611258189854293,0.021611258189854293,0.0,3.0177741715980018,3.0177741715980018,1
guard,V6_off_vs_on,740016,14,R_cdw,0.8549205644903157,0.8549205644903157,0.0,3.0177741715980018,3.0177741715980018,1
guard,V6_off_vs_on,740016,15,S_pi,0.18882265624388542,0.18882265624388542,0.0,1.4754484240216774,1.4754484240216774,0
guard,V6_off_vs_on,740016,15,S_pi_dq,-0.004917034188376233,-0.004917034188376233,0.0,1.4754484240216774,1.4754484240216774,0
guard,V6_off_vs_on,740016,15,R_cdw,1.0260404883936456,1.0260404883936456,0.0,1.4754484240216774,1.4754484240216774,0
guard,V6_off_vs_on,740016,16,S_pi,-0.24950926402222573,-0.24950926402222573,0.0,1.4754484240216774,1.4754484240216774,0
guard,V6_off_vs_on,740016,16,S_pi_dq,0.1857941681436723,0.1857941681436723,0.0,1.4754484240216774,1.4754484240216774,0
guard,V6_off_vs_on,740016,16,R_cdw,1.7446383559013752,1.7446383559013752,0.0,1.4754484240216774,1.4754484240216774,0
guard,V6_off_vs_on,740016,17,S_pi,0.12401638980743501,0.12401638980743501,0.0,3.3773804293554646,3.3773804293554646,1
guard,V6_off_vs_on,740016,17,S_pi_dq,0.05773459849379212,0.05773459849379212,0.0,3.3773804293554646,3.3773804293554646,1
guard,V6_off_vs_on,740016,17,R_cdw,0.5344599324053955,0.5344599324053955,0.0,3.3773804293554646,3.3773804293554646,1
guard,V6_off_vs_on,740016,18,S_pi,0.3068467554461496,0.3068467554461496,0.0,2.6654246812857756,2.6654246812857756,0
guard,V6_off_vs_on,740016,18,S_pi_dq,-0.02826188405706699,-0.02826188405706699,0.0,2.6654246812857756,2.6654246812857756,0
guard,V6_off_vs_on,740016,18,R_cdw,1.0921042297350505,1.0921042297350505,0.0,2.6654246812857756,2.6654246812857756,0
guard,V6_off_vs_on,740016,19,S_pi,0.17403234727763983,0.17403234727763983,0.0,2.148321652768427,2.148321652768427,0
guard,V6_off_vs_on,740016,19,S_pi_dq,0.004295556351298736,0.004295556351298736,0.0,2.148321652768427,2.148321652768427,0
guard,V6_off_vs_on,740016,19,R_cdw,0.9753174831087815,0.9753174831087815,0.0,2.148321652768427,2.148321652768427,0
guard,V6_off_vs_on,740017,0,S_pi,0.27656006970089325,0.3802741558613617,0.10371408616046845,1.6422035742213936,3.5602453879223304,0
guard,V6_off_vs_on,740017,0,S_pi_dq,-0.0034802836741341684,-0.0090289430632023,-0.005548659389068132,1.6422035742213936,3.5602453879223304,0
guard,V6_off_vs_on,740017,0,R_cdw,1.012584187145665,1.0237432466130936,0.011159059467428678,1.6422035742213936,3.5602453879223304,0
guard,V6_off_vs_on,740017,1,S_pi,0.5677607858850027,0.0832971825985572,-0.48446360328644544,0.32562394774651304,2.148321652768427,0
guard,V6_off_vs_on,740017,1,S_pi_dq,-0.15306038067507877,0.046444034287540306,0.19950441496261906,0.32562394774651304,2.148321652768427,0
guard,V6_off_vs_on,740017,1,R_cdw,1.2695860377826103,0.4424297096412866,-0.8271563281413237,0.32562394774651304,2.148321652768427,0
guard,V6_off_vs_on,740017,2,S_pi,0.40976107733931855,-0.20586295205378677,-0.6156240293931053,1.6422035742213936,2.3193230762751016,0
guard,V6_off_vs_on,740017,2,S_pi_dq,-0.09080001761880219,0.025406569969178526,0.11620658758798072,1.6422035742213936,2.3193230762751016,0
guard,V6_off_vs_on,740017,2,R_cdw,1.2215925880720284,1.1234149695985145,-0.09817761847351392,1.6422035742213936,2.3193230762751016,0
guard,V6_off_vs_on,740017,3,S_pi,0.3378174070714988,0.09267384270448377,-0.24514356436701507,1.6422035742213936,1.6422035742213936,0
guard,V6_off_vs_on,740017,3,S_pi_dq,0.026360688363209067,0.06004701934674968,0.03368633098354061,1.6422035742213936,1.6422035742213936,0
guard,V6_off_vs_on,740017,3,R_cdw,0.9219676434328032,0.35206075852248575,-0.5699068849103175,1.6422035742213936,1.6422035742213936,0
guard,V6_off_vs_on,740017,4,S_pi,0.22895125981296593,-0.23416400079316732,-0.4631152606061333,0.9796644073593258,2.840757389979939,0
guard,V6_off_vs_on,740017,4,S_pi_dq,0.09830436483940276,0.15649445602725334,0.05819009118785058,0.9796644073593258,2.840757389979939,0
guard,V6_off_vs_on,740017,4,R_cdw,0.5706319112648289,1.6683113352059693,1.0976794239411403,0.9796644073593258,2.840757389979939,0
guard,V6_off_vs_on,740017,5,S_pi,-0.026536081715455247,nan,nan,2.148321652768427,0.0,0
guard,V6_off_vs_on,740017,5,S_pi_dq,0.07897730688440993,nan,nan,2.148321652768427,0.0,0
guard,V6_off_vs_on,740017,5,R_cdw,3.976223382610842,nan,nan,2.148321652768427,0.0,0
guard,V6_off_vs_on,740017,6,S_pi,0.2246795388300598,0.16845458758437284,-0.056224951245686966,2.840757389979939,1.9785383800954366,0
guard,V6_off_vs_on,740017,6,S_pi_dq,-0.0005669279502547691,0.02695914560592806,0.02752607355618283,2.840757389979939,1.9785383800954366,0
guard,V6_off_vs_on,740017,6,R_cdw,1.002523273606519,0.839961938748476,-0.16256133485804303,2.840757389979939,1.9785383800954366,0
guard,V6_off_vs_on,740017,7,S_pi,0.16221231375847364,-1.017060854730639,-1.1792731684891127,0.9796644073593258,0.32562394774651304,0
guard,V6_off_vs_on,740017,7,S_pi_dq,-0.028999684732594237,0.5186352435267074,0.5476349282593017,0.9796644073593258,0.32562394774651304,0
guard,V6_off_vs_on,740017,7,R_cdw,1.178776099425925,1.5099353112592895,0.3311592118333644,0.9796644073593258,0.32562394774651304,0
guard,V6_off_vs_on,740017,8,S_pi,0.48233695878125565,0.16918996109195505,-0.3131469976893006,1.6422035742213936,2.6654246812857756,0
guard,V6_off_vs_on,740017,8,S_pi_dq,-0.029126558724380486,0.014961589305174274,0.04408814802955476,1.6422035742213936,2.6654246812857756,0
guard,V6_off_vs_on,740017,8,R_cdw,1.060386329917525,0.9115692845567673,-0.14881704536075757,1.6422035742213936,2.6654246812857756,0
guard,V6_off_vs_on,740017,9,S_pi,-1.674969328141969,0.04237163870862023,1.7173409668505892,1.3095035305387446,2.4916527312876755,0
guard,V6_off_vs_on,740017,9,S_pi_dq,0.6752814979069675,0.10968605748690453,-0.5655954404200629,1.3095035305387446,2.4916527312876755,0
guard,V6_off_vs_on,740017,9,R_cdw,1.403160515575561,-1.5886668731693314,-2.9918273887448925,1.3095035305387446,2.4916527312876755,0
guard,V6_off_vs_on,740017,10,S_pi,0.43126250240980574,0.06768967732938112,-0.3635728250804246,1.6422035742213936,3.3773804293554646,0
guard,V6_off_vs_on,740017,10,S_pi_dq,-0.04069526195788141,0.04523847139573145,0.08593373335361286,1.6422035742213936,3.3773804293554646,0
guard,V6_off_vs_on,740017,10,R_cdw,1.0943630891405691,0.33167843044074596,-0.7626846586998232,1.6422035742213936,3.3773804293554646,0
guard,V6_off_vs_on,740017,11,S_pi,0.8004334817099535,-0.4615308144224794,-1.2619642961324329,0.9796644073593258,0.32562394774651304,0
guard,V6_off_vs_on,740017,11,S_pi_dq,-0.195922869249102,0.289833363987763,0.485756233236865,0.9796644073593258,0.32562394774651304,0
guard,V6_off_vs_on,740017,11,R_cdw,1.2447709568952001,1.6279826935292196,0.38321173663401953,0.9796644073593258,0.32562394774651304,0
guard,V6_off_vs_on,740017,12,S_pi,-0.09392142392102251,0.8321964579693307,0.9261178818903533,2.4916527312876755,0.9796644073593258,0
guard,V6_off_vs_on,740017,12,S_pi_dq,-0.006394085861206748,-0.24557240511847542,-0.23917831925726868,2.4916527312876755,0.9796644073593258,0
guard,V6_off_vs_on,740017,12,R_cdw,0.9319209015976646,1.295089462069695,0.3631685604720305,2.4916527312876755,0.9796644073593258,0
guard,V6_off_vs_on,740017,13,S_pi,0.34139630485413625,0.10470871545580093,-0.2366875893983353,0.9796644073593258,3.5602453879223304,0
guard,V6_off_vs_on,740017,13,S_pi_dq,-0.02368070067885567,0.0364397576339024,0.06012045831275807,0.9796644073593258,3.5602453879223304,0
guard,V6_off_vs_on,740017,13,R_cdw,1.0693642559751002,0.6519892592008336,-0.4173749967742666,0.9796644073593258,3.5602453879223304,0
guard,V6_off_vs_on,740017,14,S_pi,0.30642256685392466,0.22480602151250204,-0.08161654534142262,1.6422035742213936,2.4916527312876755,0
guard,V6_off_vs_on,740017,14,S_pi_dq,0.004622745731743761,0.014703982494934225,0.010081236763190463,1.6422035742213936,2.4916527312876755,0
guard,V6_off_vs_on,740017,14,R_cdw,0.9849138208742064,0.9345925772094299,-0.05032124366477653,1.6422035742213936,2.4916527312876755,0
guard,V6_off_vs_on,740017,15,S_pi,-0.20743057346003946,0.425624719860376,0.6330552933204154,1.3095035305387446,0.32562394774651304,0
guard,V6_off_vs_on,740017,15,S_pi_dq,0.1620881351844044,0.11961332138608038,-0.04247481379832402,1.3095035305387446,0.32562394774651304,0
guard,V6_off_vs_on,740017,15,R_cdw,1.7814090877766866,0.7189699850485214,-1.0624391027281652,1.3095035305387446,0.32562394774651304,0
guard,V6_off_vs_on,740017,16,S_pi,0.535471758856554,0.11038079176406573,-0.4250909670924882,2.148321652768427,1.9785383800954366,0
guard,V6_off_vs_on,740017,16,S_pi_dq,-0.036903608465187095,0.02268641122657278,0.05959001969175988,2.148321652768427,1.9785383800954366,0
guard,V6_off_vs_on,740017,16,R_cdw,1.0689179361092562,0.7944713852473171,-0.27444655086193914,2.148321652768427,1.9785383800954366,0
guard,V6_off_vs_on,740017,17,S_pi,0.37549193535836123,0.2780963906764656,-0.09739554468189565,2.840757389979939,1.9785383800954366,0
guard,V6_off_vs_on,740017,17,S_pi_dq,-0.01605024889684411,-0.09811337529815088,-0.08206312640130678,2.840757389979939,1.9785383800954366,0
guard,V6_off_vs_on,740017,17,R_cdw,1.0427445901908017,1.352803483207716,0.31005889301691436,2.840757389979939,1.9785383800954366,0
guard,V6_off_vs_on,740017,18,S_pi,0.49615622003913273,0.36289288850249574,-0.133263331536637,1.3095035305387446,1.9785383800954366,0
guard,V6_off_vs_on,740017,18,S_pi_dq,-0.01044136592211416,-0.013117386625504726,-0.0026760207033905657,1.3095035305387446,1.9785383800954366,0
guard,V6_off_vs_on,740017,18,R_cdw,1.021044512797382,1.0361467172300747,0.015102204432692723,1.3095035305387446,1.9785383800954366,0
guard,V6_off_vs_on,740017,19,S_pi,-0.5804688508140835,0.1818643980961375,0.762333248910221,0.6519441692793733,1.8098667720465336,0
guard,V6_off_vs_on,740017,19,S_pi_dq,0.28939017500884406,-0.01387026117690155,-0.3032604361857456,0.6519441692793733,1.8098667720465336,0
guard,V6_off_vs_on,740017,19,R_cdw,1.498545571571991,1.0762670501874119,-0.4222785213845792,0.6519441692793733,1.8098667720465336,0
guard,V6_off_vs_on,740018,0,S_pi,0.15567224596901036,0.15567224596901036,0.0,1.1442733718381495,1.1442733718381495,0
guard,V6_off_vs_on,740018,0,S_pi_dq,-0.0009766874833468618,-0.0009766874833468618,0.0,1.1442733718381495,1.1442733718381495,0
guard,V6_off_vs_on,740018,0,R_cdw,1.0062739987932163,1.0062739987932163,0.0,1.1442733718381495,1.1442733718381495,0
guard,V6_off_vs_on,740018,1,S_pi,0.021938063869235604,0.021938063869235604,0.0,2.840757389979939,2.840757389979939,0
guard,V6_off_vs_on,740018,1,S_pi_dq,0.037696669658420834,0.037696669658420834,0.0,2.840757389979939,2.840757389979939,0
guard,V6_off_vs_on,740018,1,R_cdw,-0.7183225412742091,-0.7183225412742091,0.0,2.840757389979939,2.840757389979939,0
guard,V6_off_vs_on,740018,2,S_pi,0.17145836192128677,0.17145836192128677,0.0,2.6654246812857756,2.6654246812857756,0
guard,V6_off_vs_on,740018,2,S_pi_dq,-0.005339976046819184,-0.005339976046819184,0.0,2.6654246812857756,2.6654246812857756,0
guard,V6_off_vs_on,740018,2,R_cdw,1.0311444480571363,1.0311444480571363,0.0,2.6654246812857756,2.6654246812857756,0
guard,V6_off_vs_on,740018,3,S_pi,0.37532204769834954,0.37532204769834954,0.0,1.6422035742213936,1.6422035742213936,0
guard,V6_off_vs_on,740018,3,S_pi_dq,0.013779607035046656,0.013779607035046656,0.0,1.6422035742213936,1.6422035742213936,0
guard,V6_off_vs_on,740018,3,R_cdw,0.9632859110741038,0.9632859110741038,0.0,1.6422035742213936,1.6422035742213936,0
guard,V6_off_vs_on,740018,4,S_pi,0.13305734700536095,0.13305734700536095,0.0,3.5602453879223304,3.5602453879223304,1
guard,V6_off_vs_on,740018,4,S_pi_dq,0.010391782700205944,0.010391782700205944,0.0,3.5602453879223304,3.5602453879223304,1
guard,V6_off_vs_on,740018,4,R_cdw,0.9218999706961897,0.9218999706961897,0.0,3.5602453879223304,3.5602453879223304,1
guard,V6_off_vs_on,740018,5,S_pi,0.2910005613985694,0.2910005613985694,0.0,4.1228894562922385,4.1228894562922385,1
guard,V6_off_vs_on,740018,5,S_pi_dq,-0.041190103725781246,-0.041190103725781246,0.0,4.1228894562922385,4.1228894562922385,1
guard,V6_off_vs_on,740018,5,R_cdw,1.141546475126435,1.141546475126435,0.0,4.1228894562922385,4.1228894562922385,1
guard,V6_off_vs_on,740018,6,S_pi,-0.26284260359040795,-0.26284260359040795,0.0,1.8098667720465336,1.8098667720465336,0
guard,V6_off_vs_on,740018,6,S_pi_dq,0.04704385208175965,0.04704385208175965,0.0,1.8098667720465336,1.8098667720465336,0
guard,V6_off_vs_on,740018,6,R_cdw,1.178981076275857,1.178981076275857,0.0,1.8098667720465336,1.8098667720465336,0
guard,V6_off_vs_on,740018,7,S_pi,0.3516603439549154,0.3516603439549154,0.0,1.6422035742213936,1.6422035742213936,0
guard,V6_off_vs_on,740018,7,S_pi_dq,-0.03649623519338517,-0.03649623519338517,0.0,1.6422035742213936,1.6422035742213936,0
guard,V6_off_vs_on,740018,7,R_cdw,1.1037826295195348,1.1037826295195348,0.0,1.6422035742213936,1.6422035742213936,0
guard,V6_off_vs_on,740018,8,S_pi,0.14909326762457353,0.14909326762457353,0.0,0.8155848033335169,0.8155848033335169,0
guard,V6_off_vs_on,740018,8,S_pi_dq,-0.02993995171861453,-0.02993995171861453,0.0,0.8155848033335169,0.8155848033335169,0
guard,V6_off_vs_on,740018,8,R_cdw,1.2008135725752906,1.2008135725752906,0.0,0.8155848033335169,0.8155848033335169,0
guard,V6_off_vs_on,740018,9,S_pi,0.25420787936844436,0.25420787936844436,0.0,2.840757389979939,2.840757389979939,0
guard,V6_off_vs_on,740018,9,S_pi_dq,-0.013227266627605015,-0.013227266627605015,0.0,2.840757389979939,2.840757389979939,0
guard,V6_off_vs_on,740018,9,R_cdw,1.0520332676566395,1.0520332676566395,0.0,2.840757389979939,2.840757389979939,0
guard,V6_off_vs_on,740018,10,S_pi,0.12021666166618909,0.12021666166618909,0.0,0.6519441692793733,0.6519441692793733,0
guard,V6_off_vs_on,740018,10,S_pi_dq,0.05337210488103244,0.05337210488103244,0.0,0.6519441692793733,0.6519441692793733,0
guard,V6_off_vs_on,740018,10,R_cdw,0.5560340460190691,0.5560340460190691,0.0,0.6519441692793733,0.6519441692793733,0
guard,V6_off_vs_on,740018,11,S_pi,0.1839854349244113,0.1839854349244113,0.0,1.4754484240216774,1.4754484240216774,0
guard,V6_off_vs_on,740018,11,S_pi_dq,0.04733945014515754,0.04733945014515754,0.0,1.4754484240216774,1.4754484240216774,0
guard,V6_off_vs_on,740018,11,R_cdw,0.7427000122884373,0.7427000122884373,0.0,1.4754484240216774,1.4754484240216774,0
guard,V6_off_vs_on,740018,12,S_pi,0.0406708151383003,0.0406708151383003,0.0,1.4754484240216774,1.4754484240216774,0
guard,V6_off_vs_on,740018,12,S_pi_dq,0.031410902742413226,0.031410902742413226,0.0,1.4754484240216774,1.4754484240216774,0
guard,V6_off_vs_on,740018,12,R_cdw,0.22767953787990058,0.22767953787990058,0.0,1.4754484240216774,1.4754484240216774,0
guard,V6_off_vs_on,740018,13,S_pi,nan,nan,nan,0.0,0.0,0
guard,V6_off_vs_on,740018,13,S_pi_dq,nan,nan,nan,0.0,0.0,0
guard,V6_off_vs_on,740018,13,R_cdw,nan,nan,nan,0.0,0.0,0
guard,V6_off_vs_on,740018,14,S_pi,-0.0750078730226964,-0.0750078730226964,0.0,1.6422035742213936,1.6422035742213936,0
guard,V6_off_vs_on,740018,14,S_pi_dq,0.18109209590185896,0.18109209590185896,0.0,1.6422035742213936,1.6422035742213936,0
guard,V6_off_vs_on,740018,14,R_cdw,3.4143078400191786,3.4143078400191786,0.0,1.6422035742213936,1.6422035742213936,0
guard,V6_off_vs_on,740018,15,S_pi,0.16927217177160261,0.16927217177160261,0.0,3.3773804293554646,3.3773804293554646,1
guard,V6_off_vs_on,740018,15,S_pi_dq,0.026463417573752163,0.026463417573752163,0.0,3.3773804293554646,3.3773804293554646,1
guard,V6_off_vs_on,740018,15,R_cdw,0.8436635077296757,0.8436635077296757,0.0,3.3773804293554646,3.3773804293554646,1
guard,V6_off_vs_on,740018,16,S_pi,-0.7842774804896816,-0.7842774804896816,0.0,0.8155848033335169,0.8155848033335169,0
guard,V6_off_vs_on,740018,16,S_pi_dq,-0.06403547043969561,-0.06403547043969561,0.0,0.8155848033335169,0.8155848033335169,0
guard,V6_off_vs_on,740018,16,R_cdw,0.9183510019952204,0.9183510019952204,0.0,0.8155848033335169,0.8155848033335169,0
guard,V6_off_vs_on,740018,17,S_pi,0.10344110215827158,0.10344110215827158,0.0,2.6654246812857756,2.6654246812857756,0
guard,V6_off_vs_on,740018,17,S_pi_dq,0.049708032922062655,0.049708032922062655,0.0,2.6654246812857756,2.6654246812857756,0
guard,V6_off_vs_on,740018,17,R_cdw,0.5194556913555877,0.5194556913555877,0.0,2.6654246812857756,2.6654246812857756,0
guard,V6_off_vs_on,740018,18,S_pi,-0.0589094958934945,-0.0589094958934945,0.0,1.6422035742213936,1.6422035742213936,0
guard,V6_off_vs_on,740018,18,S_pi_dq,0.06610929438368064,0.06610929438368064,0.0,1.6422035742213936,1.6422035742213936,0
guard,V6_off_vs_on,740018,18,R_cdw,2.1222179613148113,2.1222179613148113,0.0,1.6422035742213936,1.6422035742213936,0
guard,V6_off_vs_on,740018,19,S_pi,0.1934024811068862,0.1934024811068862,0.0,1.3095035305387446,1.3095035305387446,0
guard,V6_off_vs_on,740018,19,S_pi_dq,-0.01109887895197255,-0.01109887895197255,0.0,1.3095035305387446,1.3095035305387446,0
guard,V6_off_vs_on,740018,19,R_cdw,1.0573874693253735,1.0573874693253735,0.0,1.3095035305387446,1.3095035305387446,0
